2025-11-24T22:29:07.262+05:30  WARN 74399 --- [order-service] [springCloudBus.anonymous.8N74X9lwRiehREOImpPZrg-6] [                                                 ] o.s.a.r.listener.BlockingQueueConsumer   : Failed to declare queue: springCloudBus.anonymous.8N74X9lwRiehREOImpPZrg
2025-11-24T22:29:07.270+05:30  WARN 74399 --- [order-service] [springCloudBus.anonymous.8N74X9lwRiehREOImpPZrg-6] [                                                 ] o.s.a.r.listener.BlockingQueueConsumer   : Queue declaration failed; retries left=2

org.springframework.amqp.rabbit.listener.BlockingQueueConsumer$DeclarationException: Failed to declare queue(s):[springCloudBus.anonymous.8N74X9lwRiehREOImpPZrg]
	at org.springframework.amqp.rabbit.listener.BlockingQueueConsumer.attemptPassiveDeclarations(BlockingQueueConsumer.java:772) ~[spring-rabbit-3.2.8.jar:3.2.8]
	at org.springframework.amqp.rabbit.listener.BlockingQueueConsumer.passiveDeclarations(BlockingQueueConsumer.java:649) ~[spring-rabbit-3.2.8.jar:3.2.8]
	at org.springframework.amqp.rabbit.listener.BlockingQueueConsumer.start(BlockingQueueConsumer.java:636) ~[spring-rabbit-3.2.8.jar:3.2.8]
	at org.springframework.amqp.rabbit.listener.SimpleMessageListenerContainer$AsyncMessageProcessingConsumer.initialize(SimpleMessageListenerContainer.java:1490) ~[spring-rabbit-3.2.8.jar:3.2.8]
	at org.springframework.amqp.rabbit.listener.SimpleMessageListenerContainer$AsyncMessageProcessingConsumer.run(SimpleMessageListenerContainer.java:1328) ~[spring-rabbit-3.2.8.jar:3.2.8]
	at java.base/java.lang.Thread.run(Thread.java:1570) ~[na:na]
Caused by: java.io.IOException: null
	at com.rabbitmq.client.impl.AMQChannel.wrap(AMQChannel.java:140) ~[amqp-client-5.25.0.jar:5.25.0]
	at com.rabbitmq.client.impl.AMQChannel.wrap(AMQChannel.java:136) ~[amqp-client-5.25.0.jar:5.25.0]
	at com.rabbitmq.client.impl.AMQChannel.exnWrappingRpc(AMQChannel.java:158) ~[amqp-client-5.25.0.jar:5.25.0]
	at com.rabbitmq.client.impl.ChannelN.queueDeclarePassive(ChannelN.java:1033) ~[amqp-client-5.25.0.jar:5.25.0]
	at com.rabbitmq.client.impl.ChannelN.queueDeclarePassive(ChannelN.java:47) ~[amqp-client-5.25.0.jar:5.25.0]
	at java.base/jdk.internal.reflect.DirectMethodHandleAccessor.invoke(DirectMethodHandleAccessor.java:103) ~[na:na]
	at java.base/java.lang.reflect.Method.invoke(Method.java:580) ~[na:na]
	at org.springframework.amqp.rabbit.connection.CachingConnectionFactory$CachedChannelInvocationHandler.invoke(CachingConnectionFactory.java:1201) ~[spring-rabbit-3.2.8.jar:3.2.8]
	at jdk.proxy2/jdk.proxy2.$Proxy230.queueDeclarePassive(Unknown Source) ~[na:na]
	at org.springframework.amqp.rabbit.listener.BlockingQueueConsumer.attemptPassiveDeclarations(BlockingQueueConsumer.java:750) ~[spring-rabbit-3.2.8.jar:3.2.8]
	... 5 common frames omitted
Caused by: com.rabbitmq.client.ShutdownSignalException: channel error; protocol method: #method<channel.close>(reply-code=405, reply-text=RESOURCE_LOCKED - cannot obtain exclusive access to locked queue 'springCloudBus.anonymous.8N74X9lwRiehREOImpPZrg' in vhost 'dwtkuyzt'. It could be originally declared on another connection or the exclusive property value does not match that of the ori..., class-id=50, method-id=10)
	at com.rabbitmq.utility.ValueOrException.getValue(ValueOrException.java:66) ~[amqp-client-5.25.0.jar:5.25.0]
	at com.rabbitmq.utility.BlockingValueOrException.uninterruptibleGetValue(BlockingValueOrException.java:36) ~[amqp-client-5.25.0.jar:5.25.0]
	at com.rabbitmq.client.impl.AMQChannel$BlockingRpcContinuation.getReply(AMQChannel.java:552) ~[amqp-client-5.25.0.jar:5.25.0]
	at com.rabbitmq.client.impl.AMQChannel.privateRpc(AMQChannel.java:316) ~[amqp-client-5.25.0.jar:5.25.0]
	at com.rabbitmq.client.impl.AMQChannel.exnWrappingRpc(AMQChannel.java:152) ~[amqp-client-5.25.0.jar:5.25.0]
	... 12 common frames omitted
Caused by: com.rabbitmq.client.ShutdownSignalException: channel error; protocol method: #method<channel.close>(reply-code=405, reply-text=RESOURCE_LOCKED - cannot obtain exclusive access to locked queue 'springCloudBus.anonymous.8N74X9lwRiehREOImpPZrg' in vhost 'dwtkuyzt'. It could be originally declared on another connection or the exclusive property value does not match that of the ori..., class-id=50, method-id=10)
	at com.rabbitmq.client.impl.ChannelN.asyncShutdown(ChannelN.java:528) ~[amqp-client-5.25.0.jar:5.25.0]
	at com.rabbitmq.client.impl.ChannelN.processAsync(ChannelN.java:349) ~[amqp-client-5.25.0.jar:5.25.0]
	at com.rabbitmq.client.impl.AMQChannel.handleCompleteInboundCommand(AMQChannel.java:193) ~[amqp-client-5.25.0.jar:5.25.0]
	at com.rabbitmq.client.impl.AMQChannel.handleFrame(AMQChannel.java:125) ~[amqp-client-5.25.0.jar:5.25.0]
	at com.rabbitmq.client.impl.AMQConnection.readFrame(AMQConnection.java:761) ~[amqp-client-5.25.0.jar:5.25.0]
	at com.rabbitmq.client.impl.AMQConnection.access$400(AMQConnection.java:48) ~[amqp-client-5.25.0.jar:5.25.0]
	at com.rabbitmq.client.impl.AMQConnection$MainLoop.run(AMQConnection.java:688) ~[amqp-client-5.25.0.jar:5.25.0]
	... 1 common frames omitted

2025-11-24T22:29:12.543+05:30 ERROR 74399 --- [order-service] [AMQP Connection 35.153.225.39:5672] [                                                 ] o.s.a.r.c.CachingConnectionFactory       : Shutdown Signal: channel error; protocol method: #method<channel.close>(reply-code=405, reply-text=RESOURCE_LOCKED - cannot obtain exclusive access to locked queue 'springCloudBus.anonymous.8N74X9lwRiehREOImpPZrg' in vhost 'dwtkuyzt'. It could be originally declared on another connection or the exclusive property value does not match that of the ori..., class-id=50, method-id=10)
2025-11-24T22:29:12.821+05:30  WARN 74399 --- [order-service] [springCloudBus.anonymous.8N74X9lwRiehREOImpPZrg-6] [                                                 ] o.s.a.r.listener.BlockingQueueConsumer   : Failed to declare queue: springCloudBus.anonymous.8N74X9lwRiehREOImpPZrg
2025-11-24T22:29:12.822+05:30  WARN 74399 --- [order-service] [springCloudBus.anonymous.8N74X9lwRiehREOImpPZrg-6] [                                                 ] o.s.a.r.listener.BlockingQueueConsumer   : Queue declaration failed; retries left=1

org.springframework.amqp.rabbit.listener.BlockingQueueConsumer$DeclarationException: Failed to declare queue(s):[springCloudBus.anonymous.8N74X9lwRiehREOImpPZrg]
	at org.springframework.amqp.rabbit.listener.BlockingQueueConsumer.attemptPassiveDeclarations(BlockingQueueConsumer.java:772) ~[spring-rabbit-3.2.8.jar:3.2.8]
	at org.springframework.amqp.rabbit.listener.BlockingQueueConsumer.passiveDeclarations(BlockingQueueConsumer.java:649) ~[spring-rabbit-3.2.8.jar:3.2.8]
	at org.springframework.amqp.rabbit.listener.BlockingQueueConsumer.start(BlockingQueueConsumer.java:636) ~[spring-rabbit-3.2.8.jar:3.2.8]
	at org.springframework.amqp.rabbit.listener.SimpleMessageListenerContainer$AsyncMessageProcessingConsumer.initialize(SimpleMessageListenerContainer.java:1490) ~[spring-rabbit-3.2.8.jar:3.2.8]
	at org.springframework.amqp.rabbit.listener.SimpleMessageListenerContainer$AsyncMessageProcessingConsumer.run(SimpleMessageListenerContainer.java:1328) ~[spring-rabbit-3.2.8.jar:3.2.8]
	at java.base/java.lang.Thread.run(Thread.java:1570) ~[na:na]
Caused by: java.io.IOException: null
	at com.rabbitmq.client.impl.AMQChannel.wrap(AMQChannel.java:140) ~[amqp-client-5.25.0.jar:5.25.0]
	at com.rabbitmq.client.impl.AMQChannel.wrap(AMQChannel.java:136) ~[amqp-client-5.25.0.jar:5.25.0]
	at com.rabbitmq.client.impl.AMQChannel.exnWrappingRpc(AMQChannel.java:158) ~[amqp-client-5.25.0.jar:5.25.0]
	at com.rabbitmq.client.impl.ChannelN.queueDeclarePassive(ChannelN.java:1033) ~[amqp-client-5.25.0.jar:5.25.0]
	at com.rabbitmq.client.impl.ChannelN.queueDeclarePassive(ChannelN.java:47) ~[amqp-client-5.25.0.jar:5.25.0]
	at java.base/jdk.internal.reflect.DirectMethodHandleAccessor.invoke(DirectMethodHandleAccessor.java:103) ~[na:na]
	at java.base/java.lang.reflect.Method.invoke(Method.java:580) ~[na:na]
	at org.springframework.amqp.rabbit.connection.CachingConnectionFactory$CachedChannelInvocationHandler.invoke(CachingConnectionFactory.java:1201) ~[spring-rabbit-3.2.8.jar:3.2.8]
	at jdk.proxy2/jdk.proxy2.$Proxy230.queueDeclarePassive(Unknown Source) ~[na:na]
	at org.springframework.amqp.rabbit.listener.BlockingQueueConsumer.attemptPassiveDeclarations(BlockingQueueConsumer.java:750) ~[spring-rabbit-3.2.8.jar:3.2.8]
	... 5 common frames omitted
Caused by: com.rabbitmq.client.ShutdownSignalException: channel error; protocol method: #method<channel.close>(reply-code=405, reply-text=RESOURCE_LOCKED - cannot obtain exclusive access to locked queue 'springCloudBus.anonymous.8N74X9lwRiehREOImpPZrg' in vhost 'dwtkuyzt'. It could be originally declared on another connection or the exclusive property value does not match that of the ori..., class-id=50, method-id=10)
	at com.rabbitmq.utility.ValueOrException.getValue(ValueOrException.java:66) ~[amqp-client-5.25.0.jar:5.25.0]
	at com.rabbitmq.utility.BlockingValueOrException.uninterruptibleGetValue(BlockingValueOrException.java:36) ~[amqp-client-5.25.0.jar:5.25.0]
	at com.rabbitmq.client.impl.AMQChannel$BlockingRpcContinuation.getReply(AMQChannel.java:552) ~[amqp-client-5.25.0.jar:5.25.0]
	at com.rabbitmq.client.impl.AMQChannel.privateRpc(AMQChannel.java:316) ~[amqp-client-5.25.0.jar:5.25.0]
	at com.rabbitmq.client.impl.AMQChannel.exnWrappingRpc(AMQChannel.java:152) ~[amqp-client-5.25.0.jar:5.25.0]
	... 12 common frames omitted
Caused by: com.rabbitmq.client.ShutdownSignalException: channel error; protocol method: #method<channel.close>(reply-code=405, reply-text=RESOURCE_LOCKED - cannot obtain exclusive access to locked queue 'springCloudBus.anonymous.8N74X9lwRiehREOImpPZrg' in vhost 'dwtkuyzt'. It could be originally declared on another connection or the exclusive property value does not match that of the ori..., class-id=50, method-id=10)
	at com.rabbitmq.client.impl.ChannelN.asyncShutdown(ChannelN.java:528) ~[amqp-client-5.25.0.jar:5.25.0]
	at com.rabbitmq.client.impl.ChannelN.processAsync(ChannelN.java:349) ~[amqp-client-5.25.0.jar:5.25.0]
	at com.rabbitmq.client.impl.AMQChannel.handleCompleteInboundCommand(AMQChannel.java:193) ~[amqp-client-5.25.0.jar:5.25.0]
	at com.rabbitmq.client.impl.AMQChannel.handleFrame(AMQChannel.java:125) ~[amqp-client-5.25.0.jar:5.25.0]
	at com.rabbitmq.client.impl.AMQConnection.readFrame(AMQConnection.java:761) ~[amqp-client-5.25.0.jar:5.25.0]
	at com.rabbitmq.client.impl.AMQConnection.access$400(AMQConnection.java:48) ~[amqp-client-5.25.0.jar:5.25.0]
	at com.rabbitmq.client.impl.AMQConnection$MainLoop.run(AMQConnection.java:688) ~[amqp-client-5.25.0.jar:5.25.0]
	... 1 common frames omitted

2025-11-24T22:29:18.095+05:30 ERROR 74399 --- [order-service] [AMQP Connection 35.153.225.39:5672] [                                                 ] o.s.a.r.c.CachingConnectionFactory       : Shutdown Signal: channel error; protocol method: #method<channel.close>(reply-code=405, reply-text=RESOURCE_LOCKED - cannot obtain exclusive access to locked queue 'springCloudBus.anonymous.8N74X9lwRiehREOImpPZrg' in vhost 'dwtkuyzt'. It could be originally declared on another connection or the exclusive property value does not match that of the ori..., class-id=50, method-id=10)
2025-11-24T22:29:18.360+05:30  WARN 74399 --- [order-service] [springCloudBus.anonymous.8N74X9lwRiehREOImpPZrg-6] [                                                 ] o.s.a.r.listener.BlockingQueueConsumer   : Failed to declare queue: springCloudBus.anonymous.8N74X9lwRiehREOImpPZrg
2025-11-24T22:29:23.451+05:30 ERROR 74399 --- [order-service] [springCloudBus.anonymous.8N74X9lwRiehREOImpPZrg-6] [                                                 ] o.s.a.r.l.SimpleMessageListenerContainer : Consumer threw missing queues exception, fatal=false

org.springframework.amqp.rabbit.listener.QueuesNotAvailableException: Cannot prepare queue for listener. Either the queue doesn't exist or the broker will not allow us to use it.
	at org.springframework.amqp.rabbit.listener.BlockingQueueConsumer.handleDeclarationException(BlockingQueueConsumer.java:722) ~[spring-rabbit-3.2.8.jar:3.2.8]
	at org.springframework.amqp.rabbit.listener.BlockingQueueConsumer.passiveDeclarations(BlockingQueueConsumer.java:656) ~[spring-rabbit-3.2.8.jar:3.2.8]
	at org.springframework.amqp.rabbit.listener.BlockingQueueConsumer.start(BlockingQueueConsumer.java:636) ~[spring-rabbit-3.2.8.jar:3.2.8]
	at org.springframework.amqp.rabbit.listener.SimpleMessageListenerContainer$AsyncMessageProcessingConsumer.initialize(SimpleMessageListenerContainer.java:1490) ~[spring-rabbit-3.2.8.jar:3.2.8]
	at org.springframework.amqp.rabbit.listener.SimpleMessageListenerContainer$AsyncMessageProcessingConsumer.run(SimpleMessageListenerContainer.java:1328) ~[spring-rabbit-3.2.8.jar:3.2.8]
	at java.base/java.lang.Thread.run(Thread.java:1570) ~[na:na]
Caused by: org.springframework.amqp.rabbit.listener.BlockingQueueConsumer$DeclarationException: Failed to declare queue(s):[springCloudBus.anonymous.8N74X9lwRiehREOImpPZrg]
	at org.springframework.amqp.rabbit.listener.BlockingQueueConsumer.attemptPassiveDeclarations(BlockingQueueConsumer.java:772) ~[spring-rabbit-3.2.8.jar:3.2.8]
	at org.springframework.amqp.rabbit.listener.BlockingQueueConsumer.passiveDeclarations(BlockingQueueConsumer.java:649) ~[spring-rabbit-3.2.8.jar:3.2.8]
	... 4 common frames omitted
Caused by: java.io.IOException: null
	at com.rabbitmq.client.impl.AMQChannel.wrap(AMQChannel.java:140) ~[amqp-client-5.25.0.jar:5.25.0]
	at com.rabbitmq.client.impl.AMQChannel.wrap(AMQChannel.java:136) ~[amqp-client-5.25.0.jar:5.25.0]
	at com.rabbitmq.client.impl.AMQChannel.exnWrappingRpc(AMQChannel.java:158) ~[amqp-client-5.25.0.jar:5.25.0]
	at com.rabbitmq.client.impl.ChannelN.queueDeclarePassive(ChannelN.java:1033) ~[amqp-client-5.25.0.jar:5.25.0]
	at com.rabbitmq.client.impl.ChannelN.queueDeclarePassive(ChannelN.java:47) ~[amqp-client-5.25.0.jar:5.25.0]
	at java.base/jdk.internal.reflect.DirectMethodHandleAccessor.invoke(DirectMethodHandleAccessor.java:103) ~[na:na]
	at java.base/java.lang.reflect.Method.invoke(Method.java:580) ~[na:na]
	at org.springframework.amqp.rabbit.connection.CachingConnectionFactory$CachedChannelInvocationHandler.invoke(CachingConnectionFactory.java:1201) ~[spring-rabbit-3.2.8.jar:3.2.8]
	at jdk.proxy2/jdk.proxy2.$Proxy230.queueDeclarePassive(Unknown Source) ~[na:na]
	at org.springframework.amqp.rabbit.listener.BlockingQueueConsumer.attemptPassiveDeclarations(BlockingQueueConsumer.java:750) ~[spring-rabbit-3.2.8.jar:3.2.8]
	... 5 common frames omitted
Caused by: com.rabbitmq.client.ShutdownSignalException: channel error; protocol method: #method<channel.close>(reply-code=405, reply-text=RESOURCE_LOCKED - cannot obtain exclusive access to locked queue 'springCloudBus.anonymous.8N74X9lwRiehREOImpPZrg' in vhost 'dwtkuyzt'. It could be originally declared on another connection or the exclusive property value does not match that of the ori..., class-id=50, method-id=10)
	at com.rabbitmq.utility.ValueOrException.getValue(ValueOrException.java:66) ~[amqp-client-5.25.0.jar:5.25.0]
	at com.rabbitmq.utility.BlockingValueOrException.uninterruptibleGetValue(BlockingValueOrException.java:36) ~[amqp-client-5.25.0.jar:5.25.0]
	at com.rabbitmq.client.impl.AMQChannel$BlockingRpcContinuation.getReply(AMQChannel.java:552) ~[amqp-client-5.25.0.jar:5.25.0]
	at com.rabbitmq.client.impl.AMQChannel.privateRpc(AMQChannel.java:316) ~[amqp-client-5.25.0.jar:5.25.0]
	at com.rabbitmq.client.impl.AMQChannel.exnWrappingRpc(AMQChannel.java:152) ~[amqp-client-5.25.0.jar:5.25.0]
	... 12 common frames omitted
Caused by: com.rabbitmq.client.ShutdownSignalException: channel error; protocol method: #method<channel.close>(reply-code=405, reply-text=RESOURCE_LOCKED - cannot obtain exclusive access to locked queue 'springCloudBus.anonymous.8N74X9lwRiehREOImpPZrg' in vhost 'dwtkuyzt'. It could be originally declared on another connection or the exclusive property value does not match that of the ori..., class-id=50, method-id=10)
	at com.rabbitmq.client.impl.ChannelN.asyncShutdown(ChannelN.java:528) ~[amqp-client-5.25.0.jar:5.25.0]
	at com.rabbitmq.client.impl.ChannelN.processAsync(ChannelN.java:349) ~[amqp-client-5.25.0.jar:5.25.0]
	at com.rabbitmq.client.impl.AMQChannel.handleCompleteInboundCommand(AMQChannel.java:193) ~[amqp-client-5.25.0.jar:5.25.0]
	at com.rabbitmq.client.impl.AMQChannel.handleFrame(AMQChannel.java:125) ~[amqp-client-5.25.0.jar:5.25.0]
	at com.rabbitmq.client.impl.AMQConnection.readFrame(AMQConnection.java:761) ~[amqp-client-5.25.0.jar:5.25.0]
	at com.rabbitmq.client.impl.AMQConnection.access$400(AMQConnection.java:48) ~[amqp-client-5.25.0.jar:5.25.0]
	at com.rabbitmq.client.impl.AMQConnection$MainLoop.run(AMQConnection.java:688) ~[amqp-client-5.25.0.jar:5.25.0]
	... 1 common frames omitted

2025-11-24T22:29:23.452+05:30  INFO 74399 --- [order-service] [springCloudBus.anonymous.8N74X9lwRiehREOImpPZrg-6] [                                                 ] o.s.a.r.l.SimpleMessageListenerContainer : Restarting Consumer@7247afb6: tags=[[]], channel=Cached Rabbit Channel: AMQChannel(amqp://dwtkuyzt@35.153.225.39:5672/dwtkuyzt,1), conn: Proxy@63e64174 Shared Rabbit Connection: SimpleConnection@718c61c0 [delegate=amqp://dwtkuyzt@35.153.225.39:5672/dwtkuyzt, localPort=61556], acknowledgeMode=AUTO local queue size=0
2025-11-24T22:29:24.320+05:30 ERROR 74399 --- [order-service] [AMQP Connection 35.153.225.39:5672] [                                                 ] o.s.a.r.c.CachingConnectionFactory       : Shutdown Signal: channel error; protocol method: #method<channel.close>(reply-code=405, reply-text=RESOURCE_LOCKED - cannot obtain exclusive access to locked queue 'springCloudBus.anonymous.8N74X9lwRiehREOImpPZrg' in vhost 'dwtkuyzt'. It could be originally declared on another connection or the exclusive property value does not match that of the ori..., class-id=50, method-id=10)
2025-11-24T22:29:24.588+05:30  WARN 74399 --- [order-service] [springCloudBus.anonymous.8N74X9lwRiehREOImpPZrg-7] [                                                 ] o.s.a.r.listener.BlockingQueueConsumer   : Failed to declare queue: springCloudBus.anonymous.8N74X9lwRiehREOImpPZrg
2025-11-24T22:29:24.588+05:30  WARN 74399 --- [order-service] [springCloudBus.anonymous.8N74X9lwRiehREOImpPZrg-7] [                                                 ] o.s.a.r.listener.BlockingQueueConsumer   : Queue declaration failed; retries left=3

org.springframework.amqp.rabbit.listener.BlockingQueueConsumer$DeclarationException: Failed to declare queue(s):[springCloudBus.anonymous.8N74X9lwRiehREOImpPZrg]
	at org.springframework.amqp.rabbit.listener.BlockingQueueConsumer.attemptPassiveDeclarations(BlockingQueueConsumer.java:772) ~[spring-rabbit-3.2.8.jar:3.2.8]
	at org.springframework.amqp.rabbit.listener.BlockingQueueConsumer.passiveDeclarations(BlockingQueueConsumer.java:649) ~[spring-rabbit-3.2.8.jar:3.2.8]
	at org.springframework.amqp.rabbit.listener.BlockingQueueConsumer.start(BlockingQueueConsumer.java:636) ~[spring-rabbit-3.2.8.jar:3.2.8]
	at org.springframework.amqp.rabbit.listener.SimpleMessageListenerContainer$AsyncMessageProcessingConsumer.initialize(SimpleMessageListenerContainer.java:1490) ~[spring-rabbit-3.2.8.jar:3.2.8]
	at org.springframework.amqp.rabbit.listener.SimpleMessageListenerContainer$AsyncMessageProcessingConsumer.run(SimpleMessageListenerContainer.java:1328) ~[spring-rabbit-3.2.8.jar:3.2.8]
	at java.base/java.lang.Thread.run(Thread.java:1570) ~[na:na]
Caused by: java.io.IOException: null
	at com.rabbitmq.client.impl.AMQChannel.wrap(AMQChannel.java:140) ~[amqp-client-5.25.0.jar:5.25.0]
	at com.rabbitmq.client.impl.AMQChannel.wrap(AMQChannel.java:136) ~[amqp-client-5.25.0.jar:5.25.0]
	at com.rabbitmq.client.impl.AMQChannel.exnWrappingRpc(AMQChannel.java:158) ~[amqp-client-5.25.0.jar:5.25.0]
	at com.rabbitmq.client.impl.ChannelN.queueDeclarePassive(ChannelN.java:1033) ~[amqp-client-5.25.0.jar:5.25.0]
	at com.rabbitmq.client.impl.ChannelN.queueDeclarePassive(ChannelN.java:47) ~[amqp-client-5.25.0.jar:5.25.0]
	at java.base/jdk.internal.reflect.DirectMethodHandleAccessor.invoke(DirectMethodHandleAccessor.java:103) ~[na:na]
	at java.base/java.lang.reflect.Method.invoke(Method.java:580) ~[na:na]
	at org.springframework.amqp.rabbit.connection.CachingConnectionFactory$CachedChannelInvocationHandler.invoke(CachingConnectionFactory.java:1201) ~[spring-rabbit-3.2.8.jar:3.2.8]
	at jdk.proxy2/jdk.proxy2.$Proxy230.queueDeclarePassive(Unknown Source) ~[na:na]
	at org.springframework.amqp.rabbit.listener.BlockingQueueConsumer.attemptPassiveDeclarations(BlockingQueueConsumer.java:750) ~[spring-rabbit-3.2.8.jar:3.2.8]
	... 5 common frames omitted
Caused by: com.rabbitmq.client.ShutdownSignalException: channel error; protocol method: #method<channel.close>(reply-code=405, reply-text=RESOURCE_LOCKED - cannot obtain exclusive access to locked queue 'springCloudBus.anonymous.8N74X9lwRiehREOImpPZrg' in vhost 'dwtkuyzt'. It could be originally declared on another connection or the exclusive property value does not match that of the ori..., class-id=50, method-id=10)
	at com.rabbitmq.utility.ValueOrException.getValue(ValueOrException.java:66) ~[amqp-client-5.25.0.jar:5.25.0]
	at com.rabbitmq.utility.BlockingValueOrException.uninterruptibleGetValue(BlockingValueOrException.java:36) ~[amqp-client-5.25.0.jar:5.25.0]
	at com.rabbitmq.client.impl.AMQChannel$BlockingRpcContinuation.getReply(AMQChannel.java:552) ~[amqp-client-5.25.0.jar:5.25.0]
	at com.rabbitmq.client.impl.AMQChannel.privateRpc(AMQChannel.java:316) ~[amqp-client-5.25.0.jar:5.25.0]
	at com.rabbitmq.client.impl.AMQChannel.exnWrappingRpc(AMQChannel.java:152) ~[amqp-client-5.25.0.jar:5.25.0]
	... 12 common frames omitted
Caused by: com.rabbitmq.client.ShutdownSignalException: channel error; protocol method: #method<channel.close>(reply-code=405, reply-text=RESOURCE_LOCKED - cannot obtain exclusive access to locked queue 'springCloudBus.anonymous.8N74X9lwRiehREOImpPZrg' in vhost 'dwtkuyzt'. It could be originally declared on another connection or the exclusive property value does not match that of the ori..., class-id=50, method-id=10)
	at com.rabbitmq.client.impl.ChannelN.asyncShutdown(ChannelN.java:528) ~[amqp-client-5.25.0.jar:5.25.0]
	at com.rabbitmq.client.impl.ChannelN.processAsync(ChannelN.java:349) ~[amqp-client-5.25.0.jar:5.25.0]
	at com.rabbitmq.client.impl.AMQChannel.handleCompleteInboundCommand(AMQChannel.java:193) ~[amqp-client-5.25.0.jar:5.25.0]
	at com.rabbitmq.client.impl.AMQChannel.handleFrame(AMQChannel.java:125) ~[amqp-client-5.25.0.jar:5.25.0]
	at com.rabbitmq.client.impl.AMQConnection.readFrame(AMQConnection.java:761) ~[amqp-client-5.25.0.jar:5.25.0]
	at com.rabbitmq.client.impl.AMQConnection.access$400(AMQConnection.java:48) ~[amqp-client-5.25.0.jar:5.25.0]
	at com.rabbitmq.client.impl.AMQConnection$MainLoop.run(AMQConnection.java:688) ~[amqp-client-5.25.0.jar:5.25.0]
	... 1 common frames omitted

2025-11-24T22:29:30.133+05:30  WARN 74399 --- [order-service] [springCloudBus.anonymous.8N74X9lwRiehREOImpPZrg-7] [                                                 ] o.s.a.r.listener.BlockingQueueConsumer   : Failed to declare queue: springCloudBus.anonymous.8N74X9lwRiehREOImpPZrg
2025-11-24T22:29:30.133+05:30  WARN 74399 --- [order-service] [springCloudBus.anonymous.8N74X9lwRiehREOImpPZrg-7] [                                                 ] o.s.a.r.listener.BlockingQueueConsumer   : Queue declaration failed; retries left=2

org.springframework.amqp.rabbit.listener.BlockingQueueConsumer$DeclarationException: Failed to declare queue(s):[springCloudBus.anonymous.8N74X9lwRiehREOImpPZrg]
	at org.springframework.amqp.rabbit.listener.BlockingQueueConsumer.attemptPassiveDeclarations(BlockingQueueConsumer.java:772) ~[spring-rabbit-3.2.8.jar:3.2.8]
	at org.springframework.amqp.rabbit.listener.BlockingQueueConsumer.passiveDeclarations(BlockingQueueConsumer.java:649) ~[spring-rabbit-3.2.8.jar:3.2.8]
	at org.springframework.amqp.rabbit.listener.BlockingQueueConsumer.start(BlockingQueueConsumer.java:636) ~[spring-rabbit-3.2.8.jar:3.2.8]
	at org.springframework.amqp.rabbit.listener.SimpleMessageListenerContainer$AsyncMessageProcessingConsumer.initialize(SimpleMessageListenerContainer.java:1490) ~[spring-rabbit-3.2.8.jar:3.2.8]
	at org.springframework.amqp.rabbit.listener.SimpleMessageListenerContainer$AsyncMessageProcessingConsumer.run(SimpleMessageListenerContainer.java:1328) ~[spring-rabbit-3.2.8.jar:3.2.8]
	at java.base/java.lang.Thread.run(Thread.java:1570) ~[na:na]
Caused by: java.io.IOException: null
	at com.rabbitmq.client.impl.AMQChannel.wrap(AMQChannel.java:140) ~[amqp-client-5.25.0.jar:5.25.0]
	at com.rabbitmq.client.impl.AMQChannel.wrap(AMQChannel.java:136) ~[amqp-client-5.25.0.jar:5.25.0]
	at com.rabbitmq.client.impl.AMQChannel.exnWrappingRpc(AMQChannel.java:158) ~[amqp-client-5.25.0.jar:5.25.0]
	at com.rabbitmq.client.impl.ChannelN.queueDeclarePassive(ChannelN.java:1033) ~[amqp-client-5.25.0.jar:5.25.0]
	at com.rabbitmq.client.impl.ChannelN.queueDeclarePassive(ChannelN.java:47) ~[amqp-client-5.25.0.jar:5.25.0]
	at java.base/jdk.internal.reflect.DirectMethodHandleAccessor.invoke(DirectMethodHandleAccessor.java:103) ~[na:na]
	at java.base/java.lang.reflect.Method.invoke(Method.java:580) ~[na:na]
	at org.springframework.amqp.rabbit.connection.CachingConnectionFactory$CachedChannelInvocationHandler.invoke(CachingConnectionFactory.java:1201) ~[spring-rabbit-3.2.8.jar:3.2.8]
	at jdk.proxy2/jdk.proxy2.$Proxy230.queueDeclarePassive(Unknown Source) ~[na:na]
	at org.springframework.amqp.rabbit.listener.BlockingQueueConsumer.attemptPassiveDeclarations(BlockingQueueConsumer.java:750) ~[spring-rabbit-3.2.8.jar:3.2.8]
	... 5 common frames omitted
Caused by: com.rabbitmq.client.ShutdownSignalException: channel error; protocol method: #method<channel.close>(reply-code=404, reply-text=NOT_FOUND - no queue 'springCloudBus.anonymous.8N74X9lwRiehREOImpPZrg' in vhost 'dwtkuyzt', class-id=50, method-id=10)
	at com.rabbitmq.utility.ValueOrException.getValue(ValueOrException.java:66) ~[amqp-client-5.25.0.jar:5.25.0]
	at com.rabbitmq.utility.BlockingValueOrException.uninterruptibleGetValue(BlockingValueOrException.java:36) ~[amqp-client-5.25.0.jar:5.25.0]
	at com.rabbitmq.client.impl.AMQChannel$BlockingRpcContinuation.getReply(AMQChannel.java:552) ~[amqp-client-5.25.0.jar:5.25.0]
	at com.rabbitmq.client.impl.AMQChannel.privateRpc(AMQChannel.java:316) ~[amqp-client-5.25.0.jar:5.25.0]
	at com.rabbitmq.client.impl.AMQChannel.exnWrappingRpc(AMQChannel.java:152) ~[amqp-client-5.25.0.jar:5.25.0]
	... 12 common frames omitted
Caused by: com.rabbitmq.client.ShutdownSignalException: channel error; protocol method: #method<channel.close>(reply-code=404, reply-text=NOT_FOUND - no queue 'springCloudBus.anonymous.8N74X9lwRiehREOImpPZrg' in vhost 'dwtkuyzt', class-id=50, method-id=10)
	at com.rabbitmq.client.impl.ChannelN.asyncShutdown(ChannelN.java:528) ~[amqp-client-5.25.0.jar:5.25.0]
	at com.rabbitmq.client.impl.ChannelN.processAsync(ChannelN.java:349) ~[amqp-client-5.25.0.jar:5.25.0]
	at com.rabbitmq.client.impl.AMQChannel.handleCompleteInboundCommand(AMQChannel.java:193) ~[amqp-client-5.25.0.jar:5.25.0]
	at com.rabbitmq.client.impl.AMQChannel.handleFrame(AMQChannel.java:125) ~[amqp-client-5.25.0.jar:5.25.0]
	at com.rabbitmq.client.impl.AMQConnection.readFrame(AMQConnection.java:761) ~[amqp-client-5.25.0.jar:5.25.0]
	at com.rabbitmq.client.impl.AMQConnection.access$400(AMQConnection.java:48) ~[amqp-client-5.25.0.jar:5.25.0]
	at com.rabbitmq.client.impl.AMQConnection$MainLoop.run(AMQConnection.java:688) ~[amqp-client-5.25.0.jar:5.25.0]
	... 1 common frames omitted

2025-11-24T22:29:35.671+05:30  WARN 74399 --- [order-service] [springCloudBus.anonymous.8N74X9lwRiehREOImpPZrg-7] [                                                 ] o.s.a.r.listener.BlockingQueueConsumer   : Failed to declare queue: springCloudBus.anonymous.8N74X9lwRiehREOImpPZrg
2025-11-24T22:29:35.672+05:30  WARN 74399 --- [order-service] [springCloudBus.anonymous.8N74X9lwRiehREOImpPZrg-7] [                                                 ] o.s.a.r.listener.BlockingQueueConsumer   : Queue declaration failed; retries left=1

org.springframework.amqp.rabbit.listener.BlockingQueueConsumer$DeclarationException: Failed to declare queue(s):[springCloudBus.anonymous.8N74X9lwRiehREOImpPZrg]
	at org.springframework.amqp.rabbit.listener.BlockingQueueConsumer.attemptPassiveDeclarations(BlockingQueueConsumer.java:772) ~[spring-rabbit-3.2.8.jar:3.2.8]
	at org.springframework.amqp.rabbit.listener.BlockingQueueConsumer.passiveDeclarations(BlockingQueueConsumer.java:649) ~[spring-rabbit-3.2.8.jar:3.2.8]
	at org.springframework.amqp.rabbit.listener.BlockingQueueConsumer.start(BlockingQueueConsumer.java:636) ~[spring-rabbit-3.2.8.jar:3.2.8]
	at org.springframework.amqp.rabbit.listener.SimpleMessageListenerContainer$AsyncMessageProcessingConsumer.initialize(SimpleMessageListenerContainer.java:1490) ~[spring-rabbit-3.2.8.jar:3.2.8]
	at org.springframework.amqp.rabbit.listener.SimpleMessageListenerContainer$AsyncMessageProcessingConsumer.run(SimpleMessageListenerContainer.java:1328) ~[spring-rabbit-3.2.8.jar:3.2.8]
	at java.base/java.lang.Thread.run(Thread.java:1570) ~[na:na]
Caused by: java.io.IOException: null
	at com.rabbitmq.client.impl.AMQChannel.wrap(AMQChannel.java:140) ~[amqp-client-5.25.0.jar:5.25.0]
	at com.rabbitmq.client.impl.AMQChannel.wrap(AMQChannel.java:136) ~[amqp-client-5.25.0.jar:5.25.0]
	at com.rabbitmq.client.impl.AMQChannel.exnWrappingRpc(AMQChannel.java:158) ~[amqp-client-5.25.0.jar:5.25.0]
	at com.rabbitmq.client.impl.ChannelN.queueDeclarePassive(ChannelN.java:1033) ~[amqp-client-5.25.0.jar:5.25.0]
	at com.rabbitmq.client.impl.ChannelN.queueDeclarePassive(ChannelN.java:47) ~[amqp-client-5.25.0.jar:5.25.0]
	at java.base/jdk.internal.reflect.DirectMethodHandleAccessor.invoke(DirectMethodHandleAccessor.java:103) ~[na:na]
	at java.base/java.lang.reflect.Method.invoke(Method.java:580) ~[na:na]
	at org.springframework.amqp.rabbit.connection.CachingConnectionFactory$CachedChannelInvocationHandler.invoke(CachingConnectionFactory.java:1201) ~[spring-rabbit-3.2.8.jar:3.2.8]
	at jdk.proxy2/jdk.proxy2.$Proxy230.queueDeclarePassive(Unknown Source) ~[na:na]
	at org.springframework.amqp.rabbit.listener.BlockingQueueConsumer.attemptPassiveDeclarations(BlockingQueueConsumer.java:750) ~[spring-rabbit-3.2.8.jar:3.2.8]
	... 5 common frames omitted
Caused by: com.rabbitmq.client.ShutdownSignalException: channel error; protocol method: #method<channel.close>(reply-code=404, reply-text=NOT_FOUND - no queue 'springCloudBus.anonymous.8N74X9lwRiehREOImpPZrg' in vhost 'dwtkuyzt', class-id=50, method-id=10)
	at com.rabbitmq.utility.ValueOrException.getValue(ValueOrException.java:66) ~[amqp-client-5.25.0.jar:5.25.0]
	at com.rabbitmq.utility.BlockingValueOrException.uninterruptibleGetValue(BlockingValueOrException.java:36) ~[amqp-client-5.25.0.jar:5.25.0]
	at com.rabbitmq.client.impl.AMQChannel$BlockingRpcContinuation.getReply(AMQChannel.java:552) ~[amqp-client-5.25.0.jar:5.25.0]
	at com.rabbitmq.client.impl.AMQChannel.privateRpc(AMQChannel.java:316) ~[amqp-client-5.25.0.jar:5.25.0]
	at com.rabbitmq.client.impl.AMQChannel.exnWrappingRpc(AMQChannel.java:152) ~[amqp-client-5.25.0.jar:5.25.0]
	... 12 common frames omitted
Caused by: com.rabbitmq.client.ShutdownSignalException: channel error; protocol method: #method<channel.close>(reply-code=404, reply-text=NOT_FOUND - no queue 'springCloudBus.anonymous.8N74X9lwRiehREOImpPZrg' in vhost 'dwtkuyzt', class-id=50, method-id=10)
	at com.rabbitmq.client.impl.ChannelN.asyncShutdown(ChannelN.java:528) ~[amqp-client-5.25.0.jar:5.25.0]
	at com.rabbitmq.client.impl.ChannelN.processAsync(ChannelN.java:349) ~[amqp-client-5.25.0.jar:5.25.0]
	at com.rabbitmq.client.impl.AMQChannel.handleCompleteInboundCommand(AMQChannel.java:193) ~[amqp-client-5.25.0.jar:5.25.0]
	at com.rabbitmq.client.impl.AMQChannel.handleFrame(AMQChannel.java:125) ~[amqp-client-5.25.0.jar:5.25.0]
	at com.rabbitmq.client.impl.AMQConnection.readFrame(AMQConnection.java:761) ~[amqp-client-5.25.0.jar:5.25.0]
	at com.rabbitmq.client.impl.AMQConnection.access$400(AMQConnection.java:48) ~[amqp-client-5.25.0.jar:5.25.0]
	at com.rabbitmq.client.impl.AMQConnection$MainLoop.run(AMQConnection.java:688) ~[amqp-client-5.25.0.jar:5.25.0]
	... 1 common frames omitted

2025-11-24T22:29:41.214+05:30  WARN 74399 --- [order-service] [springCloudBus.anonymous.8N74X9lwRiehREOImpPZrg-7] [                                                 ] o.s.a.r.listener.BlockingQueueConsumer   : Failed to declare queue: springCloudBus.anonymous.8N74X9lwRiehREOImpPZrg
2025-11-24T22:29:46.307+05:30 ERROR 74399 --- [order-service] [springCloudBus.anonymous.8N74X9lwRiehREOImpPZrg-7] [                                                 ] o.s.a.r.l.SimpleMessageListenerContainer : Consumer threw missing queues exception, fatal=false

org.springframework.amqp.rabbit.listener.QueuesNotAvailableException: Cannot prepare queue for listener. Either the queue doesn't exist or the broker will not allow us to use it.
	at org.springframework.amqp.rabbit.listener.BlockingQueueConsumer.handleDeclarationException(BlockingQueueConsumer.java:722) ~[spring-rabbit-3.2.8.jar:3.2.8]
	at org.springframework.amqp.rabbit.listener.BlockingQueueConsumer.passiveDeclarations(BlockingQueueConsumer.java:656) ~[spring-rabbit-3.2.8.jar:3.2.8]
	at org.springframework.amqp.rabbit.listener.BlockingQueueConsumer.start(BlockingQueueConsumer.java:636) ~[spring-rabbit-3.2.8.jar:3.2.8]
	at org.springframework.amqp.rabbit.listener.SimpleMessageListenerContainer$AsyncMessageProcessingConsumer.initialize(SimpleMessageListenerContainer.java:1490) ~[spring-rabbit-3.2.8.jar:3.2.8]
	at org.springframework.amqp.rabbit.listener.SimpleMessageListenerContainer$AsyncMessageProcessingConsumer.run(SimpleMessageListenerContainer.java:1328) ~[spring-rabbit-3.2.8.jar:3.2.8]
	at java.base/java.lang.Thread.run(Thread.java:1570) ~[na:na]
Caused by: org.springframework.amqp.rabbit.listener.BlockingQueueConsumer$DeclarationException: Failed to declare queue(s):[springCloudBus.anonymous.8N74X9lwRiehREOImpPZrg]
	at org.springframework.amqp.rabbit.listener.BlockingQueueConsumer.attemptPassiveDeclarations(BlockingQueueConsumer.java:772) ~[spring-rabbit-3.2.8.jar:3.2.8]
	at org.springframework.amqp.rabbit.listener.BlockingQueueConsumer.passiveDeclarations(BlockingQueueConsumer.java:649) ~[spring-rabbit-3.2.8.jar:3.2.8]
	... 4 common frames omitted
Caused by: java.io.IOException: null
	at com.rabbitmq.client.impl.AMQChannel.wrap(AMQChannel.java:140) ~[amqp-client-5.25.0.jar:5.25.0]
	at com.rabbitmq.client.impl.AMQChannel.wrap(AMQChannel.java:136) ~[amqp-client-5.25.0.jar:5.25.0]
	at com.rabbitmq.client.impl.AMQChannel.exnWrappingRpc(AMQChannel.java:158) ~[amqp-client-5.25.0.jar:5.25.0]
	at com.rabbitmq.client.impl.ChannelN.queueDeclarePassive(ChannelN.java:1033) ~[amqp-client-5.25.0.jar:5.25.0]
	at com.rabbitmq.client.impl.ChannelN.queueDeclarePassive(ChannelN.java:47) ~[amqp-client-5.25.0.jar:5.25.0]
	at java.base/jdk.internal.reflect.DirectMethodHandleAccessor.invoke(DirectMethodHandleAccessor.java:103) ~[na:na]
	at java.base/java.lang.reflect.Method.invoke(Method.java:580) ~[na:na]
	at org.springframework.amqp.rabbit.connection.CachingConnectionFactory$CachedChannelInvocationHandler.invoke(CachingConnectionFactory.java:1201) ~[spring-rabbit-3.2.8.jar:3.2.8]
	at jdk.proxy2/jdk.proxy2.$Proxy230.queueDeclarePassive(Unknown Source) ~[na:na]
	at org.springframework.amqp.rabbit.listener.BlockingQueueConsumer.attemptPassiveDeclarations(BlockingQueueConsumer.java:750) ~[spring-rabbit-3.2.8.jar:3.2.8]
	... 5 common frames omitted
Caused by: com.rabbitmq.client.ShutdownSignalException: channel error; protocol method: #method<channel.close>(reply-code=404, reply-text=NOT_FOUND - no queue 'springCloudBus.anonymous.8N74X9lwRiehREOImpPZrg' in vhost 'dwtkuyzt', class-id=50, method-id=10)
	at com.rabbitmq.utility.ValueOrException.getValue(ValueOrException.java:66) ~[amqp-client-5.25.0.jar:5.25.0]
	at com.rabbitmq.utility.BlockingValueOrException.uninterruptibleGetValue(BlockingValueOrException.java:36) ~[amqp-client-5.25.0.jar:5.25.0]
	at com.rabbitmq.client.impl.AMQChannel$BlockingRpcContinuation.getReply(AMQChannel.java:552) ~[amqp-client-5.25.0.jar:5.25.0]
	at com.rabbitmq.client.impl.AMQChannel.privateRpc(AMQChannel.java:316) ~[amqp-client-5.25.0.jar:5.25.0]
	at com.rabbitmq.client.impl.AMQChannel.exnWrappingRpc(AMQChannel.java:152) ~[amqp-client-5.25.0.jar:5.25.0]
	... 12 common frames omitted
Caused by: com.rabbitmq.client.ShutdownSignalException: channel error; protocol method: #method<channel.close>(reply-code=404, reply-text=NOT_FOUND - no queue 'springCloudBus.anonymous.8N74X9lwRiehREOImpPZrg' in vhost 'dwtkuyzt', class-id=50, method-id=10)
	at com.rabbitmq.client.impl.ChannelN.asyncShutdown(ChannelN.java:528) ~[amqp-client-5.25.0.jar:5.25.0]
	at com.rabbitmq.client.impl.ChannelN.processAsync(ChannelN.java:349) ~[amqp-client-5.25.0.jar:5.25.0]
	at com.rabbitmq.client.impl.AMQChannel.handleCompleteInboundCommand(AMQChannel.java:193) ~[amqp-client-5.25.0.jar:5.25.0]
	at com.rabbitmq.client.impl.AMQChannel.handleFrame(AMQChannel.java:125) ~[amqp-client-5.25.0.jar:5.25.0]
	at com.rabbitmq.client.impl.AMQConnection.readFrame(AMQConnection.java:761) ~[amqp-client-5.25.0.jar:5.25.0]
	at com.rabbitmq.client.impl.AMQConnection.access$400(AMQConnection.java:48) ~[amqp-client-5.25.0.jar:5.25.0]
	at com.rabbitmq.client.impl.AMQConnection$MainLoop.run(AMQConnection.java:688) ~[amqp-client-5.25.0.jar:5.25.0]
	... 1 common frames omitted

2025-11-24T22:29:46.312+05:30  INFO 74399 --- [order-service] [springCloudBus.anonymous.8N74X9lwRiehREOImpPZrg-7] [                                                 ] o.s.a.r.l.SimpleMessageListenerContainer : Restarting Consumer@6d50c459: tags=[[]], channel=Cached Rabbit Channel: AMQChannel(amqp://dwtkuyzt@35.153.225.39:5672/dwtkuyzt,1), conn: Proxy@63e64174 Shared Rabbit Connection: SimpleConnection@718c61c0 [delegate=amqp://dwtkuyzt@35.153.225.39:5672/dwtkuyzt, localPort=61556], acknowledgeMode=AUTO local queue size=0
2025-11-24T22:29:47.462+05:30  WARN 74399 --- [order-service] [springCloudBus.anonymous.8N74X9lwRiehREOImpPZrg-8] [                                                 ] o.s.a.r.listener.BlockingQueueConsumer   : Failed to declare queue: springCloudBus.anonymous.8N74X9lwRiehREOImpPZrg
2025-11-24T22:29:47.463+05:30  WARN 74399 --- [order-service] [springCloudBus.anonymous.8N74X9lwRiehREOImpPZrg-8] [                                                 ] o.s.a.r.listener.BlockingQueueConsumer   : Queue declaration failed; retries left=3

org.springframework.amqp.rabbit.listener.BlockingQueueConsumer$DeclarationException: Failed to declare queue(s):[springCloudBus.anonymous.8N74X9lwRiehREOImpPZrg]
	at org.springframework.amqp.rabbit.listener.BlockingQueueConsumer.attemptPassiveDeclarations(BlockingQueueConsumer.java:772) ~[spring-rabbit-3.2.8.jar:3.2.8]
	at org.springframework.amqp.rabbit.listener.BlockingQueueConsumer.passiveDeclarations(BlockingQueueConsumer.java:649) ~[spring-rabbit-3.2.8.jar:3.2.8]
	at org.springframework.amqp.rabbit.listener.BlockingQueueConsumer.start(BlockingQueueConsumer.java:636) ~[spring-rabbit-3.2.8.jar:3.2.8]
	at org.springframework.amqp.rabbit.listener.SimpleMessageListenerContainer$AsyncMessageProcessingConsumer.initialize(SimpleMessageListenerContainer.java:1490) ~[spring-rabbit-3.2.8.jar:3.2.8]
	at org.springframework.amqp.rabbit.listener.SimpleMessageListenerContainer$AsyncMessageProcessingConsumer.run(SimpleMessageListenerContainer.java:1328) ~[spring-rabbit-3.2.8.jar:3.2.8]
	at java.base/java.lang.Thread.run(Thread.java:1570) ~[na:na]
Caused by: java.io.IOException: null
	at com.rabbitmq.client.impl.AMQChannel.wrap(AMQChannel.java:140) ~[amqp-client-5.25.0.jar:5.25.0]
	at com.rabbitmq.client.impl.AMQChannel.wrap(AMQChannel.java:136) ~[amqp-client-5.25.0.jar:5.25.0]
	at com.rabbitmq.client.impl.AMQChannel.exnWrappingRpc(AMQChannel.java:158) ~[amqp-client-5.25.0.jar:5.25.0]
	at com.rabbitmq.client.impl.ChannelN.queueDeclarePassive(ChannelN.java:1033) ~[amqp-client-5.25.0.jar:5.25.0]
	at com.rabbitmq.client.impl.ChannelN.queueDeclarePassive(ChannelN.java:47) ~[amqp-client-5.25.0.jar:5.25.0]
	at java.base/jdk.internal.reflect.DirectMethodHandleAccessor.invoke(DirectMethodHandleAccessor.java:103) ~[na:na]
	at java.base/java.lang.reflect.Method.invoke(Method.java:580) ~[na:na]
	at org.springframework.amqp.rabbit.connection.CachingConnectionFactory$CachedChannelInvocationHandler.invoke(CachingConnectionFactory.java:1201) ~[spring-rabbit-3.2.8.jar:3.2.8]
	at jdk.proxy2/jdk.proxy2.$Proxy230.queueDeclarePassive(Unknown Source) ~[na:na]
	at org.springframework.amqp.rabbit.listener.BlockingQueueConsumer.attemptPassiveDeclarations(BlockingQueueConsumer.java:750) ~[spring-rabbit-3.2.8.jar:3.2.8]
	... 5 common frames omitted
Caused by: com.rabbitmq.client.ShutdownSignalException: channel error; protocol method: #method<channel.close>(reply-code=404, reply-text=NOT_FOUND - no queue 'springCloudBus.anonymous.8N74X9lwRiehREOImpPZrg' in vhost 'dwtkuyzt', class-id=50, method-id=10)
	at com.rabbitmq.utility.ValueOrException.getValue(ValueOrException.java:66) ~[amqp-client-5.25.0.jar:5.25.0]
	at com.rabbitmq.utility.BlockingValueOrException.uninterruptibleGetValue(BlockingValueOrException.java:36) ~[amqp-client-5.25.0.jar:5.25.0]
	at com.rabbitmq.client.impl.AMQChannel$BlockingRpcContinuation.getReply(AMQChannel.java:552) ~[amqp-client-5.25.0.jar:5.25.0]
	at com.rabbitmq.client.impl.AMQChannel.privateRpc(AMQChannel.java:316) ~[amqp-client-5.25.0.jar:5.25.0]
	at com.rabbitmq.client.impl.AMQChannel.exnWrappingRpc(AMQChannel.java:152) ~[amqp-client-5.25.0.jar:5.25.0]
	... 12 common frames omitted
Caused by: com.rabbitmq.client.ShutdownSignalException: channel error; protocol method: #method<channel.close>(reply-code=404, reply-text=NOT_FOUND - no queue 'springCloudBus.anonymous.8N74X9lwRiehREOImpPZrg' in vhost 'dwtkuyzt', class-id=50, method-id=10)
	at com.rabbitmq.client.impl.ChannelN.asyncShutdown(ChannelN.java:528) ~[amqp-client-5.25.0.jar:5.25.0]
	at com.rabbitmq.client.impl.ChannelN.processAsync(ChannelN.java:349) ~[amqp-client-5.25.0.jar:5.25.0]
	at com.rabbitmq.client.impl.AMQChannel.handleCompleteInboundCommand(AMQChannel.java:193) ~[amqp-client-5.25.0.jar:5.25.0]
	at com.rabbitmq.client.impl.AMQChannel.handleFrame(AMQChannel.java:125) ~[amqp-client-5.25.0.jar:5.25.0]
	at com.rabbitmq.client.impl.AMQConnection.readFrame(AMQConnection.java:761) ~[amqp-client-5.25.0.jar:5.25.0]
	at com.rabbitmq.client.impl.AMQConnection.access$400(AMQConnection.java:48) ~[amqp-client-5.25.0.jar:5.25.0]
	at com.rabbitmq.client.impl.AMQConnection$MainLoop.run(AMQConnection.java:688) ~[amqp-client-5.25.0.jar:5.25.0]
	... 1 common frames omitted

2025-11-24T22:29:53.033+05:30  WARN 74399 --- [order-service] [springCloudBus.anonymous.8N74X9lwRiehREOImpPZrg-8] [                                                 ] o.s.a.r.listener.BlockingQueueConsumer   : Failed to declare queue: springCloudBus.anonymous.8N74X9lwRiehREOImpPZrg
2025-11-24T22:29:53.035+05:30  WARN 74399 --- [order-service] [springCloudBus.anonymous.8N74X9lwRiehREOImpPZrg-8] [                                                 ] o.s.a.r.listener.BlockingQueueConsumer   : Queue declaration failed; retries left=2

org.springframework.amqp.rabbit.listener.BlockingQueueConsumer$DeclarationException: Failed to declare queue(s):[springCloudBus.anonymous.8N74X9lwRiehREOImpPZrg]
	at org.springframework.amqp.rabbit.listener.BlockingQueueConsumer.attemptPassiveDeclarations(BlockingQueueConsumer.java:772) ~[spring-rabbit-3.2.8.jar:3.2.8]
	at org.springframework.amqp.rabbit.listener.BlockingQueueConsumer.passiveDeclarations(BlockingQueueConsumer.java:649) ~[spring-rabbit-3.2.8.jar:3.2.8]
	at org.springframework.amqp.rabbit.listener.BlockingQueueConsumer.start(BlockingQueueConsumer.java:636) ~[spring-rabbit-3.2.8.jar:3.2.8]
	at org.springframework.amqp.rabbit.listener.SimpleMessageListenerContainer$AsyncMessageProcessingConsumer.initialize(SimpleMessageListenerContainer.java:1490) ~[spring-rabbit-3.2.8.jar:3.2.8]
	at org.springframework.amqp.rabbit.listener.SimpleMessageListenerContainer$AsyncMessageProcessingConsumer.run(SimpleMessageListenerContainer.java:1328) ~[spring-rabbit-3.2.8.jar:3.2.8]
	at java.base/java.lang.Thread.run(Thread.java:1570) ~[na:na]
Caused by: java.io.IOException: null
	at com.rabbitmq.client.impl.AMQChannel.wrap(AMQChannel.java:140) ~[amqp-client-5.25.0.jar:5.25.0]
	at com.rabbitmq.client.impl.AMQChannel.wrap(AMQChannel.java:136) ~[amqp-client-5.25.0.jar:5.25.0]
	at com.rabbitmq.client.impl.AMQChannel.exnWrappingRpc(AMQChannel.java:158) ~[amqp-client-5.25.0.jar:5.25.0]
	at com.rabbitmq.client.impl.ChannelN.queueDeclarePassive(ChannelN.java:1033) ~[amqp-client-5.25.0.jar:5.25.0]
	at com.rabbitmq.client.impl.ChannelN.queueDeclarePassive(ChannelN.java:47) ~[amqp-client-5.25.0.jar:5.25.0]
	at java.base/jdk.internal.reflect.DirectMethodHandleAccessor.invoke(DirectMethodHandleAccessor.java:103) ~[na:na]
	at java.base/java.lang.reflect.Method.invoke(Method.java:580) ~[na:na]
	at org.springframework.amqp.rabbit.connection.CachingConnectionFactory$CachedChannelInvocationHandler.invoke(CachingConnectionFactory.java:1201) ~[spring-rabbit-3.2.8.jar:3.2.8]
	at jdk.proxy2/jdk.proxy2.$Proxy230.queueDeclarePassive(Unknown Source) ~[na:na]
	at org.springframework.amqp.rabbit.listener.BlockingQueueConsumer.attemptPassiveDeclarations(BlockingQueueConsumer.java:750) ~[spring-rabbit-3.2.8.jar:3.2.8]
	... 5 common frames omitted
Caused by: com.rabbitmq.client.ShutdownSignalException: channel error; protocol method: #method<channel.close>(reply-code=404, reply-text=NOT_FOUND - no queue 'springCloudBus.anonymous.8N74X9lwRiehREOImpPZrg' in vhost 'dwtkuyzt', class-id=50, method-id=10)
	at com.rabbitmq.utility.ValueOrException.getValue(ValueOrException.java:66) ~[amqp-client-5.25.0.jar:5.25.0]
	at com.rabbitmq.utility.BlockingValueOrException.uninterruptibleGetValue(BlockingValueOrException.java:36) ~[amqp-client-5.25.0.jar:5.25.0]
	at com.rabbitmq.client.impl.AMQChannel$BlockingRpcContinuation.getReply(AMQChannel.java:552) ~[amqp-client-5.25.0.jar:5.25.0]
	at com.rabbitmq.client.impl.AMQChannel.privateRpc(AMQChannel.java:316) ~[amqp-client-5.25.0.jar:5.25.0]
	at com.rabbitmq.client.impl.AMQChannel.exnWrappingRpc(AMQChannel.java:152) ~[amqp-client-5.25.0.jar:5.25.0]
	... 12 common frames omitted
Caused by: com.rabbitmq.client.ShutdownSignalException: channel error; protocol method: #method<channel.close>(reply-code=404, reply-text=NOT_FOUND - no queue 'springCloudBus.anonymous.8N74X9lwRiehREOImpPZrg' in vhost 'dwtkuyzt', class-id=50, method-id=10)
	at com.rabbitmq.client.impl.ChannelN.asyncShutdown(ChannelN.java:528) ~[amqp-client-5.25.0.jar:5.25.0]
	at com.rabbitmq.client.impl.ChannelN.processAsync(ChannelN.java:349) ~[amqp-client-5.25.0.jar:5.25.0]
	at com.rabbitmq.client.impl.AMQChannel.handleCompleteInboundCommand(AMQChannel.java:193) ~[amqp-client-5.25.0.jar:5.25.0]
	at com.rabbitmq.client.impl.AMQChannel.handleFrame(AMQChannel.java:125) ~[amqp-client-5.25.0.jar:5.25.0]
	at com.rabbitmq.client.impl.AMQConnection.readFrame(AMQConnection.java:761) ~[amqp-client-5.25.0.jar:5.25.0]
	at com.rabbitmq.client.impl.AMQConnection.access$400(AMQConnection.java:48) ~[amqp-client-5.25.0.jar:5.25.0]
	at com.rabbitmq.client.impl.AMQConnection$MainLoop.run(AMQConnection.java:688) ~[amqp-client-5.25.0.jar:5.25.0]
	... 1 common frames omitted

2025-11-24T22:29:58.571+05:30  WARN 74399 --- [order-service] [springCloudBus.anonymous.8N74X9lwRiehREOImpPZrg-8] [                                                 ] o.s.a.r.listener.BlockingQueueConsumer   : Failed to declare queue: springCloudBus.anonymous.8N74X9lwRiehREOImpPZrg
2025-11-24T22:29:58.571+05:30  WARN 74399 --- [order-service] [springCloudBus.anonymous.8N74X9lwRiehREOImpPZrg-8] [                                                 ] o.s.a.r.listener.BlockingQueueConsumer   : Queue declaration failed; retries left=1

org.springframework.amqp.rabbit.listener.BlockingQueueConsumer$DeclarationException: Failed to declare queue(s):[springCloudBus.anonymous.8N74X9lwRiehREOImpPZrg]
	at org.springframework.amqp.rabbit.listener.BlockingQueueConsumer.attemptPassiveDeclarations(BlockingQueueConsumer.java:772) ~[spring-rabbit-3.2.8.jar:3.2.8]
	at org.springframework.amqp.rabbit.listener.BlockingQueueConsumer.passiveDeclarations(BlockingQueueConsumer.java:649) ~[spring-rabbit-3.2.8.jar:3.2.8]
	at org.springframework.amqp.rabbit.listener.BlockingQueueConsumer.start(BlockingQueueConsumer.java:636) ~[spring-rabbit-3.2.8.jar:3.2.8]
	at org.springframework.amqp.rabbit.listener.SimpleMessageListenerContainer$AsyncMessageProcessingConsumer.initialize(SimpleMessageListenerContainer.java:1490) ~[spring-rabbit-3.2.8.jar:3.2.8]
	at org.springframework.amqp.rabbit.listener.SimpleMessageListenerContainer$AsyncMessageProcessingConsumer.run(SimpleMessageListenerContainer.java:1328) ~[spring-rabbit-3.2.8.jar:3.2.8]
	at java.base/java.lang.Thread.run(Thread.java:1570) ~[na:na]
Caused by: java.io.IOException: null
	at com.rabbitmq.client.impl.AMQChannel.wrap(AMQChannel.java:140) ~[amqp-client-5.25.0.jar:5.25.0]
	at com.rabbitmq.client.impl.AMQChannel.wrap(AMQChannel.java:136) ~[amqp-client-5.25.0.jar:5.25.0]
	at com.rabbitmq.client.impl.AMQChannel.exnWrappingRpc(AMQChannel.java:158) ~[amqp-client-5.25.0.jar:5.25.0]
	at com.rabbitmq.client.impl.ChannelN.queueDeclarePassive(ChannelN.java:1033) ~[amqp-client-5.25.0.jar:5.25.0]
	at com.rabbitmq.client.impl.ChannelN.queueDeclarePassive(ChannelN.java:47) ~[amqp-client-5.25.0.jar:5.25.0]
	at java.base/jdk.internal.reflect.DirectMethodHandleAccessor.invoke(DirectMethodHandleAccessor.java:103) ~[na:na]
	at java.base/java.lang.reflect.Method.invoke(Method.java:580) ~[na:na]
	at org.springframework.amqp.rabbit.connection.CachingConnectionFactory$CachedChannelInvocationHandler.invoke(CachingConnectionFactory.java:1201) ~[spring-rabbit-3.2.8.jar:3.2.8]
	at jdk.proxy2/jdk.proxy2.$Proxy230.queueDeclarePassive(Unknown Source) ~[na:na]
	at org.springframework.amqp.rabbit.listener.BlockingQueueConsumer.attemptPassiveDeclarations(BlockingQueueConsumer.java:750) ~[spring-rabbit-3.2.8.jar:3.2.8]
	... 5 common frames omitted
Caused by: com.rabbitmq.client.ShutdownSignalException: channel error; protocol method: #method<channel.close>(reply-code=404, reply-text=NOT_FOUND - no queue 'springCloudBus.anonymous.8N74X9lwRiehREOImpPZrg' in vhost 'dwtkuyzt', class-id=50, method-id=10)
	at com.rabbitmq.utility.ValueOrException.getValue(ValueOrException.java:66) ~[amqp-client-5.25.0.jar:5.25.0]
	at com.rabbitmq.utility.BlockingValueOrException.uninterruptibleGetValue(BlockingValueOrException.java:36) ~[amqp-client-5.25.0.jar:5.25.0]
	at com.rabbitmq.client.impl.AMQChannel$BlockingRpcContinuation.getReply(AMQChannel.java:552) ~[amqp-client-5.25.0.jar:5.25.0]
	at com.rabbitmq.client.impl.AMQChannel.privateRpc(AMQChannel.java:316) ~[amqp-client-5.25.0.jar:5.25.0]
	at com.rabbitmq.client.impl.AMQChannel.exnWrappingRpc(AMQChannel.java:152) ~[amqp-client-5.25.0.jar:5.25.0]
	... 12 common frames omitted
Caused by: com.rabbitmq.client.ShutdownSignalException: channel error; protocol method: #method<channel.close>(reply-code=404, reply-text=NOT_FOUND - no queue 'springCloudBus.anonymous.8N74X9lwRiehREOImpPZrg' in vhost 'dwtkuyzt', class-id=50, method-id=10)
	at com.rabbitmq.client.impl.ChannelN.asyncShutdown(ChannelN.java:528) ~[amqp-client-5.25.0.jar:5.25.0]
	at com.rabbitmq.client.impl.ChannelN.processAsync(ChannelN.java:349) ~[amqp-client-5.25.0.jar:5.25.0]
	at com.rabbitmq.client.impl.AMQChannel.handleCompleteInboundCommand(AMQChannel.java:193) ~[amqp-client-5.25.0.jar:5.25.0]
	at com.rabbitmq.client.impl.AMQChannel.handleFrame(AMQChannel.java:125) ~[amqp-client-5.25.0.jar:5.25.0]
	at com.rabbitmq.client.impl.AMQConnection.readFrame(AMQConnection.java:761) ~[amqp-client-5.25.0.jar:5.25.0]
	at com.rabbitmq.client.impl.AMQConnection.access$400(AMQConnection.java:48) ~[amqp-client-5.25.0.jar:5.25.0]
	at com.rabbitmq.client.impl.AMQConnection$MainLoop.run(AMQConnection.java:688) ~[amqp-client-5.25.0.jar:5.25.0]
	... 1 common frames omitted

2025-11-24T22:30:04.111+05:30  WARN 74399 --- [order-service] [springCloudBus.anonymous.8N74X9lwRiehREOImpPZrg-8] [                                                 ] o.s.a.r.listener.BlockingQueueConsumer   : Failed to declare queue: springCloudBus.anonymous.8N74X9lwRiehREOImpPZrg
2025-11-24T22:30:09.195+05:30 ERROR 74399 --- [order-service] [springCloudBus.anonymous.8N74X9lwRiehREOImpPZrg-8] [                                                 ] o.s.a.r.l.SimpleMessageListenerContainer : Consumer threw missing queues exception, fatal=false

org.springframework.amqp.rabbit.listener.QueuesNotAvailableException: Cannot prepare queue for listener. Either the queue doesn't exist or the broker will not allow us to use it.
	at org.springframework.amqp.rabbit.listener.BlockingQueueConsumer.handleDeclarationException(BlockingQueueConsumer.java:722) ~[spring-rabbit-3.2.8.jar:3.2.8]
	at org.springframework.amqp.rabbit.listener.BlockingQueueConsumer.passiveDeclarations(BlockingQueueConsumer.java:656) ~[spring-rabbit-3.2.8.jar:3.2.8]
	at org.springframework.amqp.rabbit.listener.BlockingQueueConsumer.start(BlockingQueueConsumer.java:636) ~[spring-rabbit-3.2.8.jar:3.2.8]
	at org.springframework.amqp.rabbit.listener.SimpleMessageListenerContainer$AsyncMessageProcessingConsumer.initialize(SimpleMessageListenerContainer.java:1490) ~[spring-rabbit-3.2.8.jar:3.2.8]
	at org.springframework.amqp.rabbit.listener.SimpleMessageListenerContainer$AsyncMessageProcessingConsumer.run(SimpleMessageListenerContainer.java:1328) ~[spring-rabbit-3.2.8.jar:3.2.8]
	at java.base/java.lang.Thread.run(Thread.java:1570) ~[na:na]
Caused by: org.springframework.amqp.rabbit.listener.BlockingQueueConsumer$DeclarationException: Failed to declare queue(s):[springCloudBus.anonymous.8N74X9lwRiehREOImpPZrg]
	at org.springframework.amqp.rabbit.listener.BlockingQueueConsumer.attemptPassiveDeclarations(BlockingQueueConsumer.java:772) ~[spring-rabbit-3.2.8.jar:3.2.8]
	at org.springframework.amqp.rabbit.listener.BlockingQueueConsumer.passiveDeclarations(BlockingQueueConsumer.java:649) ~[spring-rabbit-3.2.8.jar:3.2.8]
	... 4 common frames omitted
Caused by: java.io.IOException: null
	at com.rabbitmq.client.impl.AMQChannel.wrap(AMQChannel.java:140) ~[amqp-client-5.25.0.jar:5.25.0]
	at com.rabbitmq.client.impl.AMQChannel.wrap(AMQChannel.java:136) ~[amqp-client-5.25.0.jar:5.25.0]
	at com.rabbitmq.client.impl.AMQChannel.exnWrappingRpc(AMQChannel.java:158) ~[amqp-client-5.25.0.jar:5.25.0]
	at com.rabbitmq.client.impl.ChannelN.queueDeclarePassive(ChannelN.java:1033) ~[amqp-client-5.25.0.jar:5.25.0]
	at com.rabbitmq.client.impl.ChannelN.queueDeclarePassive(ChannelN.java:47) ~[amqp-client-5.25.0.jar:5.25.0]
	at java.base/jdk.internal.reflect.DirectMethodHandleAccessor.invoke(DirectMethodHandleAccessor.java:103) ~[na:na]
	at java.base/java.lang.reflect.Method.invoke(Method.java:580) ~[na:na]
	at org.springframework.amqp.rabbit.connection.CachingConnectionFactory$CachedChannelInvocationHandler.invoke(CachingConnectionFactory.java:1201) ~[spring-rabbit-3.2.8.jar:3.2.8]
	at jdk.proxy2/jdk.proxy2.$Proxy230.queueDeclarePassive(Unknown Source) ~[na:na]
	at org.springframework.amqp.rabbit.listener.BlockingQueueConsumer.attemptPassiveDeclarations(BlockingQueueConsumer.java:750) ~[spring-rabbit-3.2.8.jar:3.2.8]
	... 5 common frames omitted
Caused by: com.rabbitmq.client.ShutdownSignalException: channel error; protocol method: #method<channel.close>(reply-code=404, reply-text=NOT_FOUND - no queue 'springCloudBus.anonymous.8N74X9lwRiehREOImpPZrg' in vhost 'dwtkuyzt', class-id=50, method-id=10)
	at com.rabbitmq.utility.ValueOrException.getValue(ValueOrException.java:66) ~[amqp-client-5.25.0.jar:5.25.0]
	at com.rabbitmq.utility.BlockingValueOrException.uninterruptibleGetValue(BlockingValueOrException.java:36) ~[amqp-client-5.25.0.jar:5.25.0]
	at com.rabbitmq.client.impl.AMQChannel$BlockingRpcContinuation.getReply(AMQChannel.java:552) ~[amqp-client-5.25.0.jar:5.25.0]
	at com.rabbitmq.client.impl.AMQChannel.privateRpc(AMQChannel.java:316) ~[amqp-client-5.25.0.jar:5.25.0]
	at com.rabbitmq.client.impl.AMQChannel.exnWrappingRpc(AMQChannel.java:152) ~[amqp-client-5.25.0.jar:5.25.0]
	... 12 common frames omitted
Caused by: com.rabbitmq.client.ShutdownSignalException: channel error; protocol method: #method<channel.close>(reply-code=404, reply-text=NOT_FOUND - no queue 'springCloudBus.anonymous.8N74X9lwRiehREOImpPZrg' in vhost 'dwtkuyzt', class-id=50, method-id=10)
	at com.rabbitmq.client.impl.ChannelN.asyncShutdown(ChannelN.java:528) ~[amqp-client-5.25.0.jar:5.25.0]
	at com.rabbitmq.client.impl.ChannelN.processAsync(ChannelN.java:349) ~[amqp-client-5.25.0.jar:5.25.0]
	at com.rabbitmq.client.impl.AMQChannel.handleCompleteInboundCommand(AMQChannel.java:193) ~[amqp-client-5.25.0.jar:5.25.0]
	at com.rabbitmq.client.impl.AMQChannel.handleFrame(AMQChannel.java:125) ~[amqp-client-5.25.0.jar:5.25.0]
	at com.rabbitmq.client.impl.AMQConnection.readFrame(AMQConnection.java:761) ~[amqp-client-5.25.0.jar:5.25.0]
	at com.rabbitmq.client.impl.AMQConnection.access$400(AMQConnection.java:48) ~[amqp-client-5.25.0.jar:5.25.0]
	at com.rabbitmq.client.impl.AMQConnection$MainLoop.run(AMQConnection.java:688) ~[amqp-client-5.25.0.jar:5.25.0]
	... 1 common frames omitted

2025-11-24T22:30:09.197+05:30  INFO 74399 --- [order-service] [springCloudBus.anonymous.8N74X9lwRiehREOImpPZrg-8] [                                                 ] o.s.a.r.l.SimpleMessageListenerContainer : Restarting Consumer@13bcffe7: tags=[[]], channel=Cached Rabbit Channel: AMQChannel(amqp://dwtkuyzt@35.153.225.39:5672/dwtkuyzt,1), conn: Proxy@63e64174 Shared Rabbit Connection: SimpleConnection@718c61c0 [delegate=amqp://dwtkuyzt@35.153.225.39:5672/dwtkuyzt, localPort=61556], acknowledgeMode=AUTO local queue size=0
2025-11-24T22:30:10.266+05:30  WARN 74399 --- [order-service] [springCloudBus.anonymous.8N74X9lwRiehREOImpPZrg-9] [                                                 ] o.s.a.r.listener.BlockingQueueConsumer   : Failed to declare queue: springCloudBus.anonymous.8N74X9lwRiehREOImpPZrg
2025-11-24T22:30:10.267+05:30  WARN 74399 --- [order-service] [springCloudBus.anonymous.8N74X9lwRiehREOImpPZrg-9] [                                                 ] o.s.a.r.listener.BlockingQueueConsumer   : Queue declaration failed; retries left=3

org.springframework.amqp.rabbit.listener.BlockingQueueConsumer$DeclarationException: Failed to declare queue(s):[springCloudBus.anonymous.8N74X9lwRiehREOImpPZrg]
	at org.springframework.amqp.rabbit.listener.BlockingQueueConsumer.attemptPassiveDeclarations(BlockingQueueConsumer.java:772) ~[spring-rabbit-3.2.8.jar:3.2.8]
	at org.springframework.amqp.rabbit.listener.BlockingQueueConsumer.passiveDeclarations(BlockingQueueConsumer.java:649) ~[spring-rabbit-3.2.8.jar:3.2.8]
	at org.springframework.amqp.rabbit.listener.BlockingQueueConsumer.start(BlockingQueueConsumer.java:636) ~[spring-rabbit-3.2.8.jar:3.2.8]
	at org.springframework.amqp.rabbit.listener.SimpleMessageListenerContainer$AsyncMessageProcessingConsumer.initialize(SimpleMessageListenerContainer.java:1490) ~[spring-rabbit-3.2.8.jar:3.2.8]
	at org.springframework.amqp.rabbit.listener.SimpleMessageListenerContainer$AsyncMessageProcessingConsumer.run(SimpleMessageListenerContainer.java:1328) ~[spring-rabbit-3.2.8.jar:3.2.8]
	at java.base/java.lang.Thread.run(Thread.java:1570) ~[na:na]
Caused by: java.io.IOException: null
	at com.rabbitmq.client.impl.AMQChannel.wrap(AMQChannel.java:140) ~[amqp-client-5.25.0.jar:5.25.0]
	at com.rabbitmq.client.impl.AMQChannel.wrap(AMQChannel.java:136) ~[amqp-client-5.25.0.jar:5.25.0]
	at com.rabbitmq.client.impl.AMQChannel.exnWrappingRpc(AMQChannel.java:158) ~[amqp-client-5.25.0.jar:5.25.0]
	at com.rabbitmq.client.impl.ChannelN.queueDeclarePassive(ChannelN.java:1033) ~[amqp-client-5.25.0.jar:5.25.0]
	at com.rabbitmq.client.impl.ChannelN.queueDeclarePassive(ChannelN.java:47) ~[amqp-client-5.25.0.jar:5.25.0]
	at java.base/jdk.internal.reflect.DirectMethodHandleAccessor.invoke(DirectMethodHandleAccessor.java:103) ~[na:na]
	at java.base/java.lang.reflect.Method.invoke(Method.java:580) ~[na:na]
	at org.springframework.amqp.rabbit.connection.CachingConnectionFactory$CachedChannelInvocationHandler.invoke(CachingConnectionFactory.java:1201) ~[spring-rabbit-3.2.8.jar:3.2.8]
	at jdk.proxy2/jdk.proxy2.$Proxy230.queueDeclarePassive(Unknown Source) ~[na:na]
	at org.springframework.amqp.rabbit.listener.BlockingQueueConsumer.attemptPassiveDeclarations(BlockingQueueConsumer.java:750) ~[spring-rabbit-3.2.8.jar:3.2.8]
	... 5 common frames omitted
Caused by: com.rabbitmq.client.ShutdownSignalException: channel error; protocol method: #method<channel.close>(reply-code=404, reply-text=NOT_FOUND - no queue 'springCloudBus.anonymous.8N74X9lwRiehREOImpPZrg' in vhost 'dwtkuyzt', class-id=50, method-id=10)
	at com.rabbitmq.utility.ValueOrException.getValue(ValueOrException.java:66) ~[amqp-client-5.25.0.jar:5.25.0]
	at com.rabbitmq.utility.BlockingValueOrException.uninterruptibleGetValue(BlockingValueOrException.java:36) ~[amqp-client-5.25.0.jar:5.25.0]
	at com.rabbitmq.client.impl.AMQChannel$BlockingRpcContinuation.getReply(AMQChannel.java:552) ~[amqp-client-5.25.0.jar:5.25.0]
	at com.rabbitmq.client.impl.AMQChannel.privateRpc(AMQChannel.java:316) ~[amqp-client-5.25.0.jar:5.25.0]
	at com.rabbitmq.client.impl.AMQChannel.exnWrappingRpc(AMQChannel.java:152) ~[amqp-client-5.25.0.jar:5.25.0]
	... 12 common frames omitted
Caused by: com.rabbitmq.client.ShutdownSignalException: channel error; protocol method: #method<channel.close>(reply-code=404, reply-text=NOT_FOUND - no queue 'springCloudBus.anonymous.8N74X9lwRiehREOImpPZrg' in vhost 'dwtkuyzt', class-id=50, method-id=10)
	at com.rabbitmq.client.impl.ChannelN.asyncShutdown(ChannelN.java:528) ~[amqp-client-5.25.0.jar:5.25.0]
	at com.rabbitmq.client.impl.ChannelN.processAsync(ChannelN.java:349) ~[amqp-client-5.25.0.jar:5.25.0]
	at com.rabbitmq.client.impl.AMQChannel.handleCompleteInboundCommand(AMQChannel.java:193) ~[amqp-client-5.25.0.jar:5.25.0]
	at com.rabbitmq.client.impl.AMQChannel.handleFrame(AMQChannel.java:125) ~[amqp-client-5.25.0.jar:5.25.0]
	at com.rabbitmq.client.impl.AMQConnection.readFrame(AMQConnection.java:761) ~[amqp-client-5.25.0.jar:5.25.0]
	at com.rabbitmq.client.impl.AMQConnection.access$400(AMQConnection.java:48) ~[amqp-client-5.25.0.jar:5.25.0]
	at com.rabbitmq.client.impl.AMQConnection$MainLoop.run(AMQConnection.java:688) ~[amqp-client-5.25.0.jar:5.25.0]
	... 1 common frames omitted

2025-11-24T22:30:15.805+05:30  WARN 74399 --- [order-service] [springCloudBus.anonymous.8N74X9lwRiehREOImpPZrg-9] [                                                 ] o.s.a.r.listener.BlockingQueueConsumer   : Failed to declare queue: springCloudBus.anonymous.8N74X9lwRiehREOImpPZrg
2025-11-24T22:30:15.806+05:30  WARN 74399 --- [order-service] [springCloudBus.anonymous.8N74X9lwRiehREOImpPZrg-9] [                                                 ] o.s.a.r.listener.BlockingQueueConsumer   : Queue declaration failed; retries left=2

org.springframework.amqp.rabbit.listener.BlockingQueueConsumer$DeclarationException: Failed to declare queue(s):[springCloudBus.anonymous.8N74X9lwRiehREOImpPZrg]
	at org.springframework.amqp.rabbit.listener.BlockingQueueConsumer.attemptPassiveDeclarations(BlockingQueueConsumer.java:772) ~[spring-rabbit-3.2.8.jar:3.2.8]
	at org.springframework.amqp.rabbit.listener.BlockingQueueConsumer.passiveDeclarations(BlockingQueueConsumer.java:649) ~[spring-rabbit-3.2.8.jar:3.2.8]
	at org.springframework.amqp.rabbit.listener.BlockingQueueConsumer.start(BlockingQueueConsumer.java:636) ~[spring-rabbit-3.2.8.jar:3.2.8]
	at org.springframework.amqp.rabbit.listener.SimpleMessageListenerContainer$AsyncMessageProcessingConsumer.initialize(SimpleMessageListenerContainer.java:1490) ~[spring-rabbit-3.2.8.jar:3.2.8]
	at org.springframework.amqp.rabbit.listener.SimpleMessageListenerContainer$AsyncMessageProcessingConsumer.run(SimpleMessageListenerContainer.java:1328) ~[spring-rabbit-3.2.8.jar:3.2.8]
	at java.base/java.lang.Thread.run(Thread.java:1570) ~[na:na]
Caused by: java.io.IOException: null
	at com.rabbitmq.client.impl.AMQChannel.wrap(AMQChannel.java:140) ~[amqp-client-5.25.0.jar:5.25.0]
	at com.rabbitmq.client.impl.AMQChannel.wrap(AMQChannel.java:136) ~[amqp-client-5.25.0.jar:5.25.0]
	at com.rabbitmq.client.impl.AMQChannel.exnWrappingRpc(AMQChannel.java:158) ~[amqp-client-5.25.0.jar:5.25.0]
	at com.rabbitmq.client.impl.ChannelN.queueDeclarePassive(ChannelN.java:1033) ~[amqp-client-5.25.0.jar:5.25.0]
	at com.rabbitmq.client.impl.ChannelN.queueDeclarePassive(ChannelN.java:47) ~[amqp-client-5.25.0.jar:5.25.0]
	at java.base/jdk.internal.reflect.DirectMethodHandleAccessor.invoke(DirectMethodHandleAccessor.java:103) ~[na:na]
	at java.base/java.lang.reflect.Method.invoke(Method.java:580) ~[na:na]
	at org.springframework.amqp.rabbit.connection.CachingConnectionFactory$CachedChannelInvocationHandler.invoke(CachingConnectionFactory.java:1201) ~[spring-rabbit-3.2.8.jar:3.2.8]
	at jdk.proxy2/jdk.proxy2.$Proxy230.queueDeclarePassive(Unknown Source) ~[na:na]
	at org.springframework.amqp.rabbit.listener.BlockingQueueConsumer.attemptPassiveDeclarations(BlockingQueueConsumer.java:750) ~[spring-rabbit-3.2.8.jar:3.2.8]
	... 5 common frames omitted
Caused by: com.rabbitmq.client.ShutdownSignalException: channel error; protocol method: #method<channel.close>(reply-code=404, reply-text=NOT_FOUND - no queue 'springCloudBus.anonymous.8N74X9lwRiehREOImpPZrg' in vhost 'dwtkuyzt', class-id=50, method-id=10)
	at com.rabbitmq.utility.ValueOrException.getValue(ValueOrException.java:66) ~[amqp-client-5.25.0.jar:5.25.0]
	at com.rabbitmq.utility.BlockingValueOrException.uninterruptibleGetValue(BlockingValueOrException.java:36) ~[amqp-client-5.25.0.jar:5.25.0]
	at com.rabbitmq.client.impl.AMQChannel$BlockingRpcContinuation.getReply(AMQChannel.java:552) ~[amqp-client-5.25.0.jar:5.25.0]
	at com.rabbitmq.client.impl.AMQChannel.privateRpc(AMQChannel.java:316) ~[amqp-client-5.25.0.jar:5.25.0]
	at com.rabbitmq.client.impl.AMQChannel.exnWrappingRpc(AMQChannel.java:152) ~[amqp-client-5.25.0.jar:5.25.0]
	... 12 common frames omitted
Caused by: com.rabbitmq.client.ShutdownSignalException: channel error; protocol method: #method<channel.close>(reply-code=404, reply-text=NOT_FOUND - no queue 'springCloudBus.anonymous.8N74X9lwRiehREOImpPZrg' in vhost 'dwtkuyzt', class-id=50, method-id=10)
	at com.rabbitmq.client.impl.ChannelN.asyncShutdown(ChannelN.java:528) ~[amqp-client-5.25.0.jar:5.25.0]
	at com.rabbitmq.client.impl.ChannelN.processAsync(ChannelN.java:349) ~[amqp-client-5.25.0.jar:5.25.0]
	at com.rabbitmq.client.impl.AMQChannel.handleCompleteInboundCommand(AMQChannel.java:193) ~[amqp-client-5.25.0.jar:5.25.0]
	at com.rabbitmq.client.impl.AMQChannel.handleFrame(AMQChannel.java:125) ~[amqp-client-5.25.0.jar:5.25.0]
	at com.rabbitmq.client.impl.AMQConnection.readFrame(AMQConnection.java:761) ~[amqp-client-5.25.0.jar:5.25.0]
	at com.rabbitmq.client.impl.AMQConnection.access$400(AMQConnection.java:48) ~[amqp-client-5.25.0.jar:5.25.0]
	at com.rabbitmq.client.impl.AMQConnection$MainLoop.run(AMQConnection.java:688) ~[amqp-client-5.25.0.jar:5.25.0]
	... 1 common frames omitted

2025-11-24T22:30:21.344+05:30  WARN 74399 --- [order-service] [springCloudBus.anonymous.8N74X9lwRiehREOImpPZrg-9] [                                                 ] o.s.a.r.listener.BlockingQueueConsumer   : Failed to declare queue: springCloudBus.anonymous.8N74X9lwRiehREOImpPZrg
2025-11-24T22:30:21.345+05:30  WARN 74399 --- [order-service] [springCloudBus.anonymous.8N74X9lwRiehREOImpPZrg-9] [                                                 ] o.s.a.r.listener.BlockingQueueConsumer   : Queue declaration failed; retries left=1

org.springframework.amqp.rabbit.listener.BlockingQueueConsumer$DeclarationException: Failed to declare queue(s):[springCloudBus.anonymous.8N74X9lwRiehREOImpPZrg]
	at org.springframework.amqp.rabbit.listener.BlockingQueueConsumer.attemptPassiveDeclarations(BlockingQueueConsumer.java:772) ~[spring-rabbit-3.2.8.jar:3.2.8]
	at org.springframework.amqp.rabbit.listener.BlockingQueueConsumer.passiveDeclarations(BlockingQueueConsumer.java:649) ~[spring-rabbit-3.2.8.jar:3.2.8]
	at org.springframework.amqp.rabbit.listener.BlockingQueueConsumer.start(BlockingQueueConsumer.java:636) ~[spring-rabbit-3.2.8.jar:3.2.8]
	at org.springframework.amqp.rabbit.listener.SimpleMessageListenerContainer$AsyncMessageProcessingConsumer.initialize(SimpleMessageListenerContainer.java:1490) ~[spring-rabbit-3.2.8.jar:3.2.8]
	at org.springframework.amqp.rabbit.listener.SimpleMessageListenerContainer$AsyncMessageProcessingConsumer.run(SimpleMessageListenerContainer.java:1328) ~[spring-rabbit-3.2.8.jar:3.2.8]
	at java.base/java.lang.Thread.run(Thread.java:1570) ~[na:na]
Caused by: java.io.IOException: null
	at com.rabbitmq.client.impl.AMQChannel.wrap(AMQChannel.java:140) ~[amqp-client-5.25.0.jar:5.25.0]
	at com.rabbitmq.client.impl.AMQChannel.wrap(AMQChannel.java:136) ~[amqp-client-5.25.0.jar:5.25.0]
	at com.rabbitmq.client.impl.AMQChannel.exnWrappingRpc(AMQChannel.java:158) ~[amqp-client-5.25.0.jar:5.25.0]
	at com.rabbitmq.client.impl.ChannelN.queueDeclarePassive(ChannelN.java:1033) ~[amqp-client-5.25.0.jar:5.25.0]
	at com.rabbitmq.client.impl.ChannelN.queueDeclarePassive(ChannelN.java:47) ~[amqp-client-5.25.0.jar:5.25.0]
	at java.base/jdk.internal.reflect.DirectMethodHandleAccessor.invoke(DirectMethodHandleAccessor.java:103) ~[na:na]
	at java.base/java.lang.reflect.Method.invoke(Method.java:580) ~[na:na]
	at org.springframework.amqp.rabbit.connection.CachingConnectionFactory$CachedChannelInvocationHandler.invoke(CachingConnectionFactory.java:1201) ~[spring-rabbit-3.2.8.jar:3.2.8]
	at jdk.proxy2/jdk.proxy2.$Proxy230.queueDeclarePassive(Unknown Source) ~[na:na]
	at org.springframework.amqp.rabbit.listener.BlockingQueueConsumer.attemptPassiveDeclarations(BlockingQueueConsumer.java:750) ~[spring-rabbit-3.2.8.jar:3.2.8]
	... 5 common frames omitted
Caused by: com.rabbitmq.client.ShutdownSignalException: channel error; protocol method: #method<channel.close>(reply-code=404, reply-text=NOT_FOUND - no queue 'springCloudBus.anonymous.8N74X9lwRiehREOImpPZrg' in vhost 'dwtkuyzt', class-id=50, method-id=10)
	at com.rabbitmq.utility.ValueOrException.getValue(ValueOrException.java:66) ~[amqp-client-5.25.0.jar:5.25.0]
	at com.rabbitmq.utility.BlockingValueOrException.uninterruptibleGetValue(BlockingValueOrException.java:36) ~[amqp-client-5.25.0.jar:5.25.0]
	at com.rabbitmq.client.impl.AMQChannel$BlockingRpcContinuation.getReply(AMQChannel.java:552) ~[amqp-client-5.25.0.jar:5.25.0]
	at com.rabbitmq.client.impl.AMQChannel.privateRpc(AMQChannel.java:316) ~[amqp-client-5.25.0.jar:5.25.0]
	at com.rabbitmq.client.impl.AMQChannel.exnWrappingRpc(AMQChannel.java:152) ~[amqp-client-5.25.0.jar:5.25.0]
	... 12 common frames omitted
Caused by: com.rabbitmq.client.ShutdownSignalException: channel error; protocol method: #method<channel.close>(reply-code=404, reply-text=NOT_FOUND - no queue 'springCloudBus.anonymous.8N74X9lwRiehREOImpPZrg' in vhost 'dwtkuyzt', class-id=50, method-id=10)
	at com.rabbitmq.client.impl.ChannelN.asyncShutdown(ChannelN.java:528) ~[amqp-client-5.25.0.jar:5.25.0]
	at com.rabbitmq.client.impl.ChannelN.processAsync(ChannelN.java:349) ~[amqp-client-5.25.0.jar:5.25.0]
	at com.rabbitmq.client.impl.AMQChannel.handleCompleteInboundCommand(AMQChannel.java:193) ~[amqp-client-5.25.0.jar:5.25.0]
	at com.rabbitmq.client.impl.AMQChannel.handleFrame(AMQChannel.java:125) ~[amqp-client-5.25.0.jar:5.25.0]
	at com.rabbitmq.client.impl.AMQConnection.readFrame(AMQConnection.java:761) ~[amqp-client-5.25.0.jar:5.25.0]
	at com.rabbitmq.client.impl.AMQConnection.access$400(AMQConnection.java:48) ~[amqp-client-5.25.0.jar:5.25.0]
	at com.rabbitmq.client.impl.AMQConnection$MainLoop.run(AMQConnection.java:688) ~[amqp-client-5.25.0.jar:5.25.0]
	... 1 common frames omitted

2025-11-24T22:30:26.882+05:30  WARN 74399 --- [order-service] [springCloudBus.anonymous.8N74X9lwRiehREOImpPZrg-9] [                                                 ] o.s.a.r.listener.BlockingQueueConsumer   : Failed to declare queue: springCloudBus.anonymous.8N74X9lwRiehREOImpPZrg
2025-11-24T22:30:27.099+05:30  INFO 74399 --- [order-service] [AsyncResolver-bootstrap-executor-%d] [                                                 ] c.n.d.s.r.aws.ConfigClusterResolver      : Resolving eureka endpoints via configuration
2025-11-24T22:30:31.956+05:30 ERROR 74399 --- [order-service] [springCloudBus.anonymous.8N74X9lwRiehREOImpPZrg-9] [                                                 ] o.s.a.r.l.SimpleMessageListenerContainer : Consumer threw missing queues exception, fatal=false

org.springframework.amqp.rabbit.listener.QueuesNotAvailableException: Cannot prepare queue for listener. Either the queue doesn't exist or the broker will not allow us to use it.
	at org.springframework.amqp.rabbit.listener.BlockingQueueConsumer.handleDeclarationException(BlockingQueueConsumer.java:722) ~[spring-rabbit-3.2.8.jar:3.2.8]
	at org.springframework.amqp.rabbit.listener.BlockingQueueConsumer.passiveDeclarations(BlockingQueueConsumer.java:656) ~[spring-rabbit-3.2.8.jar:3.2.8]
	at org.springframework.amqp.rabbit.listener.BlockingQueueConsumer.start(BlockingQueueConsumer.java:636) ~[spring-rabbit-3.2.8.jar:3.2.8]
	at org.springframework.amqp.rabbit.listener.SimpleMessageListenerContainer$AsyncMessageProcessingConsumer.initialize(SimpleMessageListenerContainer.java:1490) ~[spring-rabbit-3.2.8.jar:3.2.8]
	at org.springframework.amqp.rabbit.listener.SimpleMessageListenerContainer$AsyncMessageProcessingConsumer.run(SimpleMessageListenerContainer.java:1328) ~[spring-rabbit-3.2.8.jar:3.2.8]
	at java.base/java.lang.Thread.run(Thread.java:1570) ~[na:na]
Caused by: org.springframework.amqp.rabbit.listener.BlockingQueueConsumer$DeclarationException: Failed to declare queue(s):[springCloudBus.anonymous.8N74X9lwRiehREOImpPZrg]
	at org.springframework.amqp.rabbit.listener.BlockingQueueConsumer.attemptPassiveDeclarations(BlockingQueueConsumer.java:772) ~[spring-rabbit-3.2.8.jar:3.2.8]
	at org.springframework.amqp.rabbit.listener.BlockingQueueConsumer.passiveDeclarations(BlockingQueueConsumer.java:649) ~[spring-rabbit-3.2.8.jar:3.2.8]
	... 4 common frames omitted
Caused by: java.io.IOException: null
	at com.rabbitmq.client.impl.AMQChannel.wrap(AMQChannel.java:140) ~[amqp-client-5.25.0.jar:5.25.0]
	at com.rabbitmq.client.impl.AMQChannel.wrap(AMQChannel.java:136) ~[amqp-client-5.25.0.jar:5.25.0]
	at com.rabbitmq.client.impl.AMQChannel.exnWrappingRpc(AMQChannel.java:158) ~[amqp-client-5.25.0.jar:5.25.0]
	at com.rabbitmq.client.impl.ChannelN.queueDeclarePassive(ChannelN.java:1033) ~[amqp-client-5.25.0.jar:5.25.0]
	at com.rabbitmq.client.impl.ChannelN.queueDeclarePassive(ChannelN.java:47) ~[amqp-client-5.25.0.jar:5.25.0]
	at java.base/jdk.internal.reflect.DirectMethodHandleAccessor.invoke(DirectMethodHandleAccessor.java:103) ~[na:na]
	at java.base/java.lang.reflect.Method.invoke(Method.java:580) ~[na:na]
	at org.springframework.amqp.rabbit.connection.CachingConnectionFactory$CachedChannelInvocationHandler.invoke(CachingConnectionFactory.java:1201) ~[spring-rabbit-3.2.8.jar:3.2.8]
	at jdk.proxy2/jdk.proxy2.$Proxy230.queueDeclarePassive(Unknown Source) ~[na:na]
	at org.springframework.amqp.rabbit.listener.BlockingQueueConsumer.attemptPassiveDeclarations(BlockingQueueConsumer.java:750) ~[spring-rabbit-3.2.8.jar:3.2.8]
	... 5 common frames omitted
Caused by: com.rabbitmq.client.ShutdownSignalException: channel error; protocol method: #method<channel.close>(reply-code=404, reply-text=NOT_FOUND - no queue 'springCloudBus.anonymous.8N74X9lwRiehREOImpPZrg' in vhost 'dwtkuyzt', class-id=50, method-id=10)
	at com.rabbitmq.utility.ValueOrException.getValue(ValueOrException.java:66) ~[amqp-client-5.25.0.jar:5.25.0]
	at com.rabbitmq.utility.BlockingValueOrException.uninterruptibleGetValue(BlockingValueOrException.java:36) ~[amqp-client-5.25.0.jar:5.25.0]
	at com.rabbitmq.client.impl.AMQChannel$BlockingRpcContinuation.getReply(AMQChannel.java:552) ~[amqp-client-5.25.0.jar:5.25.0]
	at com.rabbitmq.client.impl.AMQChannel.privateRpc(AMQChannel.java:316) ~[amqp-client-5.25.0.jar:5.25.0]
	at com.rabbitmq.client.impl.AMQChannel.exnWrappingRpc(AMQChannel.java:152) ~[amqp-client-5.25.0.jar:5.25.0]
	... 12 common frames omitted
Caused by: com.rabbitmq.client.ShutdownSignalException: channel error; protocol method: #method<channel.close>(reply-code=404, reply-text=NOT_FOUND - no queue 'springCloudBus.anonymous.8N74X9lwRiehREOImpPZrg' in vhost 'dwtkuyzt', class-id=50, method-id=10)
	at com.rabbitmq.client.impl.ChannelN.asyncShutdown(ChannelN.java:528) ~[amqp-client-5.25.0.jar:5.25.0]
	at com.rabbitmq.client.impl.ChannelN.processAsync(ChannelN.java:349) ~[amqp-client-5.25.0.jar:5.25.0]
	at com.rabbitmq.client.impl.AMQChannel.handleCompleteInboundCommand(AMQChannel.java:193) ~[amqp-client-5.25.0.jar:5.25.0]
	at com.rabbitmq.client.impl.AMQChannel.handleFrame(AMQChannel.java:125) ~[amqp-client-5.25.0.jar:5.25.0]
	at com.rabbitmq.client.impl.AMQConnection.readFrame(AMQConnection.java:761) ~[amqp-client-5.25.0.jar:5.25.0]
	at com.rabbitmq.client.impl.AMQConnection.access$400(AMQConnection.java:48) ~[amqp-client-5.25.0.jar:5.25.0]
	at com.rabbitmq.client.impl.AMQConnection$MainLoop.run(AMQConnection.java:688) ~[amqp-client-5.25.0.jar:5.25.0]
	... 1 common frames omitted

2025-11-24T22:30:31.960+05:30  INFO 74399 --- [order-service] [springCloudBus.anonymous.8N74X9lwRiehREOImpPZrg-9] [                                                 ] o.s.a.r.l.SimpleMessageListenerContainer : Restarting Consumer@faa5cd5: tags=[[]], channel=Cached Rabbit Channel: AMQChannel(amqp://dwtkuyzt@35.153.225.39:5672/dwtkuyzt,1), conn: Proxy@63e64174 Shared Rabbit Connection: SimpleConnection@718c61c0 [delegate=amqp://dwtkuyzt@35.153.225.39:5672/dwtkuyzt, localPort=61556], acknowledgeMode=AUTO local queue size=0
2025-11-24T22:30:33.031+05:30  WARN 74399 --- [order-service] [springCloudBus.anonymous.8N74X9lwRiehREOImpPZrg-10] [                                                 ] o.s.a.r.listener.BlockingQueueConsumer   : Failed to declare queue: springCloudBus.anonymous.8N74X9lwRiehREOImpPZrg
2025-11-24T22:30:33.031+05:30  WARN 74399 --- [order-service] [springCloudBus.anonymous.8N74X9lwRiehREOImpPZrg-10] [                                                 ] o.s.a.r.listener.BlockingQueueConsumer   : Queue declaration failed; retries left=3

org.springframework.amqp.rabbit.listener.BlockingQueueConsumer$DeclarationException: Failed to declare queue(s):[springCloudBus.anonymous.8N74X9lwRiehREOImpPZrg]
	at org.springframework.amqp.rabbit.listener.BlockingQueueConsumer.attemptPassiveDeclarations(BlockingQueueConsumer.java:772) ~[spring-rabbit-3.2.8.jar:3.2.8]
	at org.springframework.amqp.rabbit.listener.BlockingQueueConsumer.passiveDeclarations(BlockingQueueConsumer.java:649) ~[spring-rabbit-3.2.8.jar:3.2.8]
	at org.springframework.amqp.rabbit.listener.BlockingQueueConsumer.start(BlockingQueueConsumer.java:636) ~[spring-rabbit-3.2.8.jar:3.2.8]
	at org.springframework.amqp.rabbit.listener.SimpleMessageListenerContainer$AsyncMessageProcessingConsumer.initialize(SimpleMessageListenerContainer.java:1490) ~[spring-rabbit-3.2.8.jar:3.2.8]
	at org.springframework.amqp.rabbit.listener.SimpleMessageListenerContainer$AsyncMessageProcessingConsumer.run(SimpleMessageListenerContainer.java:1328) ~[spring-rabbit-3.2.8.jar:3.2.8]
	at java.base/java.lang.Thread.run(Thread.java:1570) ~[na:na]
Caused by: java.io.IOException: null
	at com.rabbitmq.client.impl.AMQChannel.wrap(AMQChannel.java:140) ~[amqp-client-5.25.0.jar:5.25.0]
	at com.rabbitmq.client.impl.AMQChannel.wrap(AMQChannel.java:136) ~[amqp-client-5.25.0.jar:5.25.0]
	at com.rabbitmq.client.impl.AMQChannel.exnWrappingRpc(AMQChannel.java:158) ~[amqp-client-5.25.0.jar:5.25.0]
	at com.rabbitmq.client.impl.ChannelN.queueDeclarePassive(ChannelN.java:1033) ~[amqp-client-5.25.0.jar:5.25.0]
	at com.rabbitmq.client.impl.ChannelN.queueDeclarePassive(ChannelN.java:47) ~[amqp-client-5.25.0.jar:5.25.0]
	at java.base/jdk.internal.reflect.DirectMethodHandleAccessor.invoke(DirectMethodHandleAccessor.java:103) ~[na:na]
	at java.base/java.lang.reflect.Method.invoke(Method.java:580) ~[na:na]
	at org.springframework.amqp.rabbit.connection.CachingConnectionFactory$CachedChannelInvocationHandler.invoke(CachingConnectionFactory.java:1201) ~[spring-rabbit-3.2.8.jar:3.2.8]
	at jdk.proxy2/jdk.proxy2.$Proxy230.queueDeclarePassive(Unknown Source) ~[na:na]
	at org.springframework.amqp.rabbit.listener.BlockingQueueConsumer.attemptPassiveDeclarations(BlockingQueueConsumer.java:750) ~[spring-rabbit-3.2.8.jar:3.2.8]
	... 5 common frames omitted
Caused by: com.rabbitmq.client.ShutdownSignalException: channel error; protocol method: #method<channel.close>(reply-code=404, reply-text=NOT_FOUND - no queue 'springCloudBus.anonymous.8N74X9lwRiehREOImpPZrg' in vhost 'dwtkuyzt', class-id=50, method-id=10)
	at com.rabbitmq.utility.ValueOrException.getValue(ValueOrException.java:66) ~[amqp-client-5.25.0.jar:5.25.0]
	at com.rabbitmq.utility.BlockingValueOrException.uninterruptibleGetValue(BlockingValueOrException.java:36) ~[amqp-client-5.25.0.jar:5.25.0]
	at com.rabbitmq.client.impl.AMQChannel$BlockingRpcContinuation.getReply(AMQChannel.java:552) ~[amqp-client-5.25.0.jar:5.25.0]
	at com.rabbitmq.client.impl.AMQChannel.privateRpc(AMQChannel.java:316) ~[amqp-client-5.25.0.jar:5.25.0]
	at com.rabbitmq.client.impl.AMQChannel.exnWrappingRpc(AMQChannel.java:152) ~[amqp-client-5.25.0.jar:5.25.0]
	... 12 common frames omitted
Caused by: com.rabbitmq.client.ShutdownSignalException: channel error; protocol method: #method<channel.close>(reply-code=404, reply-text=NOT_FOUND - no queue 'springCloudBus.anonymous.8N74X9lwRiehREOImpPZrg' in vhost 'dwtkuyzt', class-id=50, method-id=10)
	at com.rabbitmq.client.impl.ChannelN.asyncShutdown(ChannelN.java:528) ~[amqp-client-5.25.0.jar:5.25.0]
	at com.rabbitmq.client.impl.ChannelN.processAsync(ChannelN.java:349) ~[amqp-client-5.25.0.jar:5.25.0]
	at com.rabbitmq.client.impl.AMQChannel.handleCompleteInboundCommand(AMQChannel.java:193) ~[amqp-client-5.25.0.jar:5.25.0]
	at com.rabbitmq.client.impl.AMQChannel.handleFrame(AMQChannel.java:125) ~[amqp-client-5.25.0.jar:5.25.0]
	at com.rabbitmq.client.impl.AMQConnection.readFrame(AMQConnection.java:761) ~[amqp-client-5.25.0.jar:5.25.0]
	at com.rabbitmq.client.impl.AMQConnection.access$400(AMQConnection.java:48) ~[amqp-client-5.25.0.jar:5.25.0]
	at com.rabbitmq.client.impl.AMQConnection$MainLoop.run(AMQConnection.java:688) ~[amqp-client-5.25.0.jar:5.25.0]
	... 1 common frames omitted

2025-11-24T22:30:38.567+05:30  WARN 74399 --- [order-service] [springCloudBus.anonymous.8N74X9lwRiehREOImpPZrg-10] [                                                 ] o.s.a.r.listener.BlockingQueueConsumer   : Failed to declare queue: springCloudBus.anonymous.8N74X9lwRiehREOImpPZrg
2025-11-24T22:30:38.567+05:30  WARN 74399 --- [order-service] [springCloudBus.anonymous.8N74X9lwRiehREOImpPZrg-10] [                                                 ] o.s.a.r.listener.BlockingQueueConsumer   : Queue declaration failed; retries left=2

org.springframework.amqp.rabbit.listener.BlockingQueueConsumer$DeclarationException: Failed to declare queue(s):[springCloudBus.anonymous.8N74X9lwRiehREOImpPZrg]
	at org.springframework.amqp.rabbit.listener.BlockingQueueConsumer.attemptPassiveDeclarations(BlockingQueueConsumer.java:772) ~[spring-rabbit-3.2.8.jar:3.2.8]
	at org.springframework.amqp.rabbit.listener.BlockingQueueConsumer.passiveDeclarations(BlockingQueueConsumer.java:649) ~[spring-rabbit-3.2.8.jar:3.2.8]
	at org.springframework.amqp.rabbit.listener.BlockingQueueConsumer.start(BlockingQueueConsumer.java:636) ~[spring-rabbit-3.2.8.jar:3.2.8]
	at org.springframework.amqp.rabbit.listener.SimpleMessageListenerContainer$AsyncMessageProcessingConsumer.initialize(SimpleMessageListenerContainer.java:1490) ~[spring-rabbit-3.2.8.jar:3.2.8]
	at org.springframework.amqp.rabbit.listener.SimpleMessageListenerContainer$AsyncMessageProcessingConsumer.run(SimpleMessageListenerContainer.java:1328) ~[spring-rabbit-3.2.8.jar:3.2.8]
	at java.base/java.lang.Thread.run(Thread.java:1570) ~[na:na]
Caused by: java.io.IOException: null
	at com.rabbitmq.client.impl.AMQChannel.wrap(AMQChannel.java:140) ~[amqp-client-5.25.0.jar:5.25.0]
	at com.rabbitmq.client.impl.AMQChannel.wrap(AMQChannel.java:136) ~[amqp-client-5.25.0.jar:5.25.0]
	at com.rabbitmq.client.impl.AMQChannel.exnWrappingRpc(AMQChannel.java:158) ~[amqp-client-5.25.0.jar:5.25.0]
	at com.rabbitmq.client.impl.ChannelN.queueDeclarePassive(ChannelN.java:1033) ~[amqp-client-5.25.0.jar:5.25.0]
	at com.rabbitmq.client.impl.ChannelN.queueDeclarePassive(ChannelN.java:47) ~[amqp-client-5.25.0.jar:5.25.0]
	at java.base/jdk.internal.reflect.DirectMethodHandleAccessor.invoke(DirectMethodHandleAccessor.java:103) ~[na:na]
	at java.base/java.lang.reflect.Method.invoke(Method.java:580) ~[na:na]
	at org.springframework.amqp.rabbit.connection.CachingConnectionFactory$CachedChannelInvocationHandler.invoke(CachingConnectionFactory.java:1201) ~[spring-rabbit-3.2.8.jar:3.2.8]
	at jdk.proxy2/jdk.proxy2.$Proxy230.queueDeclarePassive(Unknown Source) ~[na:na]
	at org.springframework.amqp.rabbit.listener.BlockingQueueConsumer.attemptPassiveDeclarations(BlockingQueueConsumer.java:750) ~[spring-rabbit-3.2.8.jar:3.2.8]
	... 5 common frames omitted
Caused by: com.rabbitmq.client.ShutdownSignalException: channel error; protocol method: #method<channel.close>(reply-code=404, reply-text=NOT_FOUND - no queue 'springCloudBus.anonymous.8N74X9lwRiehREOImpPZrg' in vhost 'dwtkuyzt', class-id=50, method-id=10)
	at com.rabbitmq.utility.ValueOrException.getValue(ValueOrException.java:66) ~[amqp-client-5.25.0.jar:5.25.0]
	at com.rabbitmq.utility.BlockingValueOrException.uninterruptibleGetValue(BlockingValueOrException.java:36) ~[amqp-client-5.25.0.jar:5.25.0]
	at com.rabbitmq.client.impl.AMQChannel$BlockingRpcContinuation.getReply(AMQChannel.java:552) ~[amqp-client-5.25.0.jar:5.25.0]
	at com.rabbitmq.client.impl.AMQChannel.privateRpc(AMQChannel.java:316) ~[amqp-client-5.25.0.jar:5.25.0]
	at com.rabbitmq.client.impl.AMQChannel.exnWrappingRpc(AMQChannel.java:152) ~[amqp-client-5.25.0.jar:5.25.0]
	... 12 common frames omitted
Caused by: com.rabbitmq.client.ShutdownSignalException: channel error; protocol method: #method<channel.close>(reply-code=404, reply-text=NOT_FOUND - no queue 'springCloudBus.anonymous.8N74X9lwRiehREOImpPZrg' in vhost 'dwtkuyzt', class-id=50, method-id=10)
	at com.rabbitmq.client.impl.ChannelN.asyncShutdown(ChannelN.java:528) ~[amqp-client-5.25.0.jar:5.25.0]
	at com.rabbitmq.client.impl.ChannelN.processAsync(ChannelN.java:349) ~[amqp-client-5.25.0.jar:5.25.0]
	at com.rabbitmq.client.impl.AMQChannel.handleCompleteInboundCommand(AMQChannel.java:193) ~[amqp-client-5.25.0.jar:5.25.0]
	at com.rabbitmq.client.impl.AMQChannel.handleFrame(AMQChannel.java:125) ~[amqp-client-5.25.0.jar:5.25.0]
	at com.rabbitmq.client.impl.AMQConnection.readFrame(AMQConnection.java:761) ~[amqp-client-5.25.0.jar:5.25.0]
	at com.rabbitmq.client.impl.AMQConnection.access$400(AMQConnection.java:48) ~[amqp-client-5.25.0.jar:5.25.0]
	at com.rabbitmq.client.impl.AMQConnection$MainLoop.run(AMQConnection.java:688) ~[amqp-client-5.25.0.jar:5.25.0]
	... 1 common frames omitted

2025-11-24T22:30:44.104+05:30  WARN 74399 --- [order-service] [springCloudBus.anonymous.8N74X9lwRiehREOImpPZrg-10] [                                                 ] o.s.a.r.listener.BlockingQueueConsumer   : Failed to declare queue: springCloudBus.anonymous.8N74X9lwRiehREOImpPZrg
2025-11-24T22:30:44.105+05:30  WARN 74399 --- [order-service] [springCloudBus.anonymous.8N74X9lwRiehREOImpPZrg-10] [                                                 ] o.s.a.r.listener.BlockingQueueConsumer   : Queue declaration failed; retries left=1

org.springframework.amqp.rabbit.listener.BlockingQueueConsumer$DeclarationException: Failed to declare queue(s):[springCloudBus.anonymous.8N74X9lwRiehREOImpPZrg]
	at org.springframework.amqp.rabbit.listener.BlockingQueueConsumer.attemptPassiveDeclarations(BlockingQueueConsumer.java:772) ~[spring-rabbit-3.2.8.jar:3.2.8]
	at org.springframework.amqp.rabbit.listener.BlockingQueueConsumer.passiveDeclarations(BlockingQueueConsumer.java:649) ~[spring-rabbit-3.2.8.jar:3.2.8]
	at org.springframework.amqp.rabbit.listener.BlockingQueueConsumer.start(BlockingQueueConsumer.java:636) ~[spring-rabbit-3.2.8.jar:3.2.8]
	at org.springframework.amqp.rabbit.listener.SimpleMessageListenerContainer$AsyncMessageProcessingConsumer.initialize(SimpleMessageListenerContainer.java:1490) ~[spring-rabbit-3.2.8.jar:3.2.8]
	at org.springframework.amqp.rabbit.listener.SimpleMessageListenerContainer$AsyncMessageProcessingConsumer.run(SimpleMessageListenerContainer.java:1328) ~[spring-rabbit-3.2.8.jar:3.2.8]
	at java.base/java.lang.Thread.run(Thread.java:1570) ~[na:na]
Caused by: java.io.IOException: null
	at com.rabbitmq.client.impl.AMQChannel.wrap(AMQChannel.java:140) ~[amqp-client-5.25.0.jar:5.25.0]
	at com.rabbitmq.client.impl.AMQChannel.wrap(AMQChannel.java:136) ~[amqp-client-5.25.0.jar:5.25.0]
	at com.rabbitmq.client.impl.AMQChannel.exnWrappingRpc(AMQChannel.java:158) ~[amqp-client-5.25.0.jar:5.25.0]
	at com.rabbitmq.client.impl.ChannelN.queueDeclarePassive(ChannelN.java:1033) ~[amqp-client-5.25.0.jar:5.25.0]
	at com.rabbitmq.client.impl.ChannelN.queueDeclarePassive(ChannelN.java:47) ~[amqp-client-5.25.0.jar:5.25.0]
	at java.base/jdk.internal.reflect.DirectMethodHandleAccessor.invoke(DirectMethodHandleAccessor.java:103) ~[na:na]
	at java.base/java.lang.reflect.Method.invoke(Method.java:580) ~[na:na]
	at org.springframework.amqp.rabbit.connection.CachingConnectionFactory$CachedChannelInvocationHandler.invoke(CachingConnectionFactory.java:1201) ~[spring-rabbit-3.2.8.jar:3.2.8]
	at jdk.proxy2/jdk.proxy2.$Proxy230.queueDeclarePassive(Unknown Source) ~[na:na]
	at org.springframework.amqp.rabbit.listener.BlockingQueueConsumer.attemptPassiveDeclarations(BlockingQueueConsumer.java:750) ~[spring-rabbit-3.2.8.jar:3.2.8]
	... 5 common frames omitted
Caused by: com.rabbitmq.client.ShutdownSignalException: channel error; protocol method: #method<channel.close>(reply-code=404, reply-text=NOT_FOUND - no queue 'springCloudBus.anonymous.8N74X9lwRiehREOImpPZrg' in vhost 'dwtkuyzt', class-id=50, method-id=10)
	at com.rabbitmq.utility.ValueOrException.getValue(ValueOrException.java:66) ~[amqp-client-5.25.0.jar:5.25.0]
	at com.rabbitmq.utility.BlockingValueOrException.uninterruptibleGetValue(BlockingValueOrException.java:36) ~[amqp-client-5.25.0.jar:5.25.0]
	at com.rabbitmq.client.impl.AMQChannel$BlockingRpcContinuation.getReply(AMQChannel.java:552) ~[amqp-client-5.25.0.jar:5.25.0]
	at com.rabbitmq.client.impl.AMQChannel.privateRpc(AMQChannel.java:316) ~[amqp-client-5.25.0.jar:5.25.0]
	at com.rabbitmq.client.impl.AMQChannel.exnWrappingRpc(AMQChannel.java:152) ~[amqp-client-5.25.0.jar:5.25.0]
	... 12 common frames omitted
Caused by: com.rabbitmq.client.ShutdownSignalException: channel error; protocol method: #method<channel.close>(reply-code=404, reply-text=NOT_FOUND - no queue 'springCloudBus.anonymous.8N74X9lwRiehREOImpPZrg' in vhost 'dwtkuyzt', class-id=50, method-id=10)
	at com.rabbitmq.client.impl.ChannelN.asyncShutdown(ChannelN.java:528) ~[amqp-client-5.25.0.jar:5.25.0]
	at com.rabbitmq.client.impl.ChannelN.processAsync(ChannelN.java:349) ~[amqp-client-5.25.0.jar:5.25.0]
	at com.rabbitmq.client.impl.AMQChannel.handleCompleteInboundCommand(AMQChannel.java:193) ~[amqp-client-5.25.0.jar:5.25.0]
	at com.rabbitmq.client.impl.AMQChannel.handleFrame(AMQChannel.java:125) ~[amqp-client-5.25.0.jar:5.25.0]
	at com.rabbitmq.client.impl.AMQConnection.readFrame(AMQConnection.java:761) ~[amqp-client-5.25.0.jar:5.25.0]
	at com.rabbitmq.client.impl.AMQConnection.access$400(AMQConnection.java:48) ~[amqp-client-5.25.0.jar:5.25.0]
	at com.rabbitmq.client.impl.AMQConnection$MainLoop.run(AMQConnection.java:688) ~[amqp-client-5.25.0.jar:5.25.0]
	... 1 common frames omitted

2025-11-24T22:30:49.640+05:30  WARN 74399 --- [order-service] [springCloudBus.anonymous.8N74X9lwRiehREOImpPZrg-10] [                                                 ] o.s.a.r.listener.BlockingQueueConsumer   : Failed to declare queue: springCloudBus.anonymous.8N74X9lwRiehREOImpPZrg
2025-11-24T22:30:54.716+05:30 ERROR 74399 --- [order-service] [springCloudBus.anonymous.8N74X9lwRiehREOImpPZrg-10] [                                                 ] o.s.a.r.l.SimpleMessageListenerContainer : Consumer threw missing queues exception, fatal=false

org.springframework.amqp.rabbit.listener.QueuesNotAvailableException: Cannot prepare queue for listener. Either the queue doesn't exist or the broker will not allow us to use it.
	at org.springframework.amqp.rabbit.listener.BlockingQueueConsumer.handleDeclarationException(BlockingQueueConsumer.java:722) ~[spring-rabbit-3.2.8.jar:3.2.8]
	at org.springframework.amqp.rabbit.listener.BlockingQueueConsumer.passiveDeclarations(BlockingQueueConsumer.java:656) ~[spring-rabbit-3.2.8.jar:3.2.8]
	at org.springframework.amqp.rabbit.listener.BlockingQueueConsumer.start(BlockingQueueConsumer.java:636) ~[spring-rabbit-3.2.8.jar:3.2.8]
	at org.springframework.amqp.rabbit.listener.SimpleMessageListenerContainer$AsyncMessageProcessingConsumer.initialize(SimpleMessageListenerContainer.java:1490) ~[spring-rabbit-3.2.8.jar:3.2.8]
	at org.springframework.amqp.rabbit.listener.SimpleMessageListenerContainer$AsyncMessageProcessingConsumer.run(SimpleMessageListenerContainer.java:1328) ~[spring-rabbit-3.2.8.jar:3.2.8]
	at java.base/java.lang.Thread.run(Thread.java:1570) ~[na:na]
Caused by: org.springframework.amqp.rabbit.listener.BlockingQueueConsumer$DeclarationException: Failed to declare queue(s):[springCloudBus.anonymous.8N74X9lwRiehREOImpPZrg]
	at org.springframework.amqp.rabbit.listener.BlockingQueueConsumer.attemptPassiveDeclarations(BlockingQueueConsumer.java:772) ~[spring-rabbit-3.2.8.jar:3.2.8]
	at org.springframework.amqp.rabbit.listener.BlockingQueueConsumer.passiveDeclarations(BlockingQueueConsumer.java:649) ~[spring-rabbit-3.2.8.jar:3.2.8]
	... 4 common frames omitted
Caused by: java.io.IOException: null
	at com.rabbitmq.client.impl.AMQChannel.wrap(AMQChannel.java:140) ~[amqp-client-5.25.0.jar:5.25.0]
	at com.rabbitmq.client.impl.AMQChannel.wrap(AMQChannel.java:136) ~[amqp-client-5.25.0.jar:5.25.0]
	at com.rabbitmq.client.impl.AMQChannel.exnWrappingRpc(AMQChannel.java:158) ~[amqp-client-5.25.0.jar:5.25.0]
	at com.rabbitmq.client.impl.ChannelN.queueDeclarePassive(ChannelN.java:1033) ~[amqp-client-5.25.0.jar:5.25.0]
	at com.rabbitmq.client.impl.ChannelN.queueDeclarePassive(ChannelN.java:47) ~[amqp-client-5.25.0.jar:5.25.0]
	at java.base/jdk.internal.reflect.DirectMethodHandleAccessor.invoke(DirectMethodHandleAccessor.java:103) ~[na:na]
	at java.base/java.lang.reflect.Method.invoke(Method.java:580) ~[na:na]
	at org.springframework.amqp.rabbit.connection.CachingConnectionFactory$CachedChannelInvocationHandler.invoke(CachingConnectionFactory.java:1201) ~[spring-rabbit-3.2.8.jar:3.2.8]
	at jdk.proxy2/jdk.proxy2.$Proxy230.queueDeclarePassive(Unknown Source) ~[na:na]
	at org.springframework.amqp.rabbit.listener.BlockingQueueConsumer.attemptPassiveDeclarations(BlockingQueueConsumer.java:750) ~[spring-rabbit-3.2.8.jar:3.2.8]
	... 5 common frames omitted
Caused by: com.rabbitmq.client.ShutdownSignalException: channel error; protocol method: #method<channel.close>(reply-code=404, reply-text=NOT_FOUND - no queue 'springCloudBus.anonymous.8N74X9lwRiehREOImpPZrg' in vhost 'dwtkuyzt', class-id=50, method-id=10)
	at com.rabbitmq.utility.ValueOrException.getValue(ValueOrException.java:66) ~[amqp-client-5.25.0.jar:5.25.0]
	at com.rabbitmq.utility.BlockingValueOrException.uninterruptibleGetValue(BlockingValueOrException.java:36) ~[amqp-client-5.25.0.jar:5.25.0]
	at com.rabbitmq.client.impl.AMQChannel$BlockingRpcContinuation.getReply(AMQChannel.java:552) ~[amqp-client-5.25.0.jar:5.25.0]
	at com.rabbitmq.client.impl.AMQChannel.privateRpc(AMQChannel.java:316) ~[amqp-client-5.25.0.jar:5.25.0]
	at com.rabbitmq.client.impl.AMQChannel.exnWrappingRpc(AMQChannel.java:152) ~[amqp-client-5.25.0.jar:5.25.0]
	... 12 common frames omitted
Caused by: com.rabbitmq.client.ShutdownSignalException: channel error; protocol method: #method<channel.close>(reply-code=404, reply-text=NOT_FOUND - no queue 'springCloudBus.anonymous.8N74X9lwRiehREOImpPZrg' in vhost 'dwtkuyzt', class-id=50, method-id=10)
	at com.rabbitmq.client.impl.ChannelN.asyncShutdown(ChannelN.java:528) ~[amqp-client-5.25.0.jar:5.25.0]
	at com.rabbitmq.client.impl.ChannelN.processAsync(ChannelN.java:349) ~[amqp-client-5.25.0.jar:5.25.0]
	at com.rabbitmq.client.impl.AMQChannel.handleCompleteInboundCommand(AMQChannel.java:193) ~[amqp-client-5.25.0.jar:5.25.0]
	at com.rabbitmq.client.impl.AMQChannel.handleFrame(AMQChannel.java:125) ~[amqp-client-5.25.0.jar:5.25.0]
	at com.rabbitmq.client.impl.AMQConnection.readFrame(AMQConnection.java:761) ~[amqp-client-5.25.0.jar:5.25.0]
	at com.rabbitmq.client.impl.AMQConnection.access$400(AMQConnection.java:48) ~[amqp-client-5.25.0.jar:5.25.0]
	at com.rabbitmq.client.impl.AMQConnection$MainLoop.run(AMQConnection.java:688) ~[amqp-client-5.25.0.jar:5.25.0]
	... 1 common frames omitted

2025-11-24T22:30:54.721+05:30  INFO 74399 --- [order-service] [springCloudBus.anonymous.8N74X9lwRiehREOImpPZrg-10] [                                                 ] o.s.a.r.l.SimpleMessageListenerContainer : Restarting Consumer@248403f9: tags=[[]], channel=Cached Rabbit Channel: AMQChannel(amqp://dwtkuyzt@35.153.225.39:5672/dwtkuyzt,1), conn: Proxy@63e64174 Shared Rabbit Connection: SimpleConnection@718c61c0 [delegate=amqp://dwtkuyzt@35.153.225.39:5672/dwtkuyzt, localPort=61556], acknowledgeMode=AUTO local queue size=0
2025-11-24T22:30:55.800+05:30  WARN 74399 --- [order-service] [springCloudBus.anonymous.8N74X9lwRiehREOImpPZrg-11] [                                                 ] o.s.a.r.listener.BlockingQueueConsumer   : Failed to declare queue: springCloudBus.anonymous.8N74X9lwRiehREOImpPZrg
2025-11-24T22:30:55.801+05:30  WARN 74399 --- [order-service] [springCloudBus.anonymous.8N74X9lwRiehREOImpPZrg-11] [                                                 ] o.s.a.r.listener.BlockingQueueConsumer   : Queue declaration failed; retries left=3

org.springframework.amqp.rabbit.listener.BlockingQueueConsumer$DeclarationException: Failed to declare queue(s):[springCloudBus.anonymous.8N74X9lwRiehREOImpPZrg]
	at org.springframework.amqp.rabbit.listener.BlockingQueueConsumer.attemptPassiveDeclarations(BlockingQueueConsumer.java:772) ~[spring-rabbit-3.2.8.jar:3.2.8]
	at org.springframework.amqp.rabbit.listener.BlockingQueueConsumer.passiveDeclarations(BlockingQueueConsumer.java:649) ~[spring-rabbit-3.2.8.jar:3.2.8]
	at org.springframework.amqp.rabbit.listener.BlockingQueueConsumer.start(BlockingQueueConsumer.java:636) ~[spring-rabbit-3.2.8.jar:3.2.8]
	at org.springframework.amqp.rabbit.listener.SimpleMessageListenerContainer$AsyncMessageProcessingConsumer.initialize(SimpleMessageListenerContainer.java:1490) ~[spring-rabbit-3.2.8.jar:3.2.8]
	at org.springframework.amqp.rabbit.listener.SimpleMessageListenerContainer$AsyncMessageProcessingConsumer.run(SimpleMessageListenerContainer.java:1328) ~[spring-rabbit-3.2.8.jar:3.2.8]
	at java.base/java.lang.Thread.run(Thread.java:1570) ~[na:na]
Caused by: java.io.IOException: null
	at com.rabbitmq.client.impl.AMQChannel.wrap(AMQChannel.java:140) ~[amqp-client-5.25.0.jar:5.25.0]
	at com.rabbitmq.client.impl.AMQChannel.wrap(AMQChannel.java:136) ~[amqp-client-5.25.0.jar:5.25.0]
	at com.rabbitmq.client.impl.AMQChannel.exnWrappingRpc(AMQChannel.java:158) ~[amqp-client-5.25.0.jar:5.25.0]
	at com.rabbitmq.client.impl.ChannelN.queueDeclarePassive(ChannelN.java:1033) ~[amqp-client-5.25.0.jar:5.25.0]
	at com.rabbitmq.client.impl.ChannelN.queueDeclarePassive(ChannelN.java:47) ~[amqp-client-5.25.0.jar:5.25.0]
	at java.base/jdk.internal.reflect.DirectMethodHandleAccessor.invoke(DirectMethodHandleAccessor.java:103) ~[na:na]
	at java.base/java.lang.reflect.Method.invoke(Method.java:580) ~[na:na]
	at org.springframework.amqp.rabbit.connection.CachingConnectionFactory$CachedChannelInvocationHandler.invoke(CachingConnectionFactory.java:1201) ~[spring-rabbit-3.2.8.jar:3.2.8]
	at jdk.proxy2/jdk.proxy2.$Proxy230.queueDeclarePassive(Unknown Source) ~[na:na]
	at org.springframework.amqp.rabbit.listener.BlockingQueueConsumer.attemptPassiveDeclarations(BlockingQueueConsumer.java:750) ~[spring-rabbit-3.2.8.jar:3.2.8]
	... 5 common frames omitted
Caused by: com.rabbitmq.client.ShutdownSignalException: channel error; protocol method: #method<channel.close>(reply-code=404, reply-text=NOT_FOUND - no queue 'springCloudBus.anonymous.8N74X9lwRiehREOImpPZrg' in vhost 'dwtkuyzt', class-id=50, method-id=10)
	at com.rabbitmq.utility.ValueOrException.getValue(ValueOrException.java:66) ~[amqp-client-5.25.0.jar:5.25.0]
	at com.rabbitmq.utility.BlockingValueOrException.uninterruptibleGetValue(BlockingValueOrException.java:36) ~[amqp-client-5.25.0.jar:5.25.0]
	at com.rabbitmq.client.impl.AMQChannel$BlockingRpcContinuation.getReply(AMQChannel.java:552) ~[amqp-client-5.25.0.jar:5.25.0]
	at com.rabbitmq.client.impl.AMQChannel.privateRpc(AMQChannel.java:316) ~[amqp-client-5.25.0.jar:5.25.0]
	at com.rabbitmq.client.impl.AMQChannel.exnWrappingRpc(AMQChannel.java:152) ~[amqp-client-5.25.0.jar:5.25.0]
	... 12 common frames omitted
Caused by: com.rabbitmq.client.ShutdownSignalException: channel error; protocol method: #method<channel.close>(reply-code=404, reply-text=NOT_FOUND - no queue 'springCloudBus.anonymous.8N74X9lwRiehREOImpPZrg' in vhost 'dwtkuyzt', class-id=50, method-id=10)
	at com.rabbitmq.client.impl.ChannelN.asyncShutdown(ChannelN.java:528) ~[amqp-client-5.25.0.jar:5.25.0]
	at com.rabbitmq.client.impl.ChannelN.processAsync(ChannelN.java:349) ~[amqp-client-5.25.0.jar:5.25.0]
	at com.rabbitmq.client.impl.AMQChannel.handleCompleteInboundCommand(AMQChannel.java:193) ~[amqp-client-5.25.0.jar:5.25.0]
	at com.rabbitmq.client.impl.AMQChannel.handleFrame(AMQChannel.java:125) ~[amqp-client-5.25.0.jar:5.25.0]
	at com.rabbitmq.client.impl.AMQConnection.readFrame(AMQConnection.java:761) ~[amqp-client-5.25.0.jar:5.25.0]
	at com.rabbitmq.client.impl.AMQConnection.access$400(AMQConnection.java:48) ~[amqp-client-5.25.0.jar:5.25.0]
	at com.rabbitmq.client.impl.AMQConnection$MainLoop.run(AMQConnection.java:688) ~[amqp-client-5.25.0.jar:5.25.0]
	... 1 common frames omitted

2025-11-24T22:31:01.339+05:30  WARN 74399 --- [order-service] [springCloudBus.anonymous.8N74X9lwRiehREOImpPZrg-11] [                                                 ] o.s.a.r.listener.BlockingQueueConsumer   : Failed to declare queue: springCloudBus.anonymous.8N74X9lwRiehREOImpPZrg
2025-11-24T22:31:01.340+05:30  WARN 74399 --- [order-service] [springCloudBus.anonymous.8N74X9lwRiehREOImpPZrg-11] [                                                 ] o.s.a.r.listener.BlockingQueueConsumer   : Queue declaration failed; retries left=2

org.springframework.amqp.rabbit.listener.BlockingQueueConsumer$DeclarationException: Failed to declare queue(s):[springCloudBus.anonymous.8N74X9lwRiehREOImpPZrg]
	at org.springframework.amqp.rabbit.listener.BlockingQueueConsumer.attemptPassiveDeclarations(BlockingQueueConsumer.java:772) ~[spring-rabbit-3.2.8.jar:3.2.8]
	at org.springframework.amqp.rabbit.listener.BlockingQueueConsumer.passiveDeclarations(BlockingQueueConsumer.java:649) ~[spring-rabbit-3.2.8.jar:3.2.8]
	at org.springframework.amqp.rabbit.listener.BlockingQueueConsumer.start(BlockingQueueConsumer.java:636) ~[spring-rabbit-3.2.8.jar:3.2.8]
	at org.springframework.amqp.rabbit.listener.SimpleMessageListenerContainer$AsyncMessageProcessingConsumer.initialize(SimpleMessageListenerContainer.java:1490) ~[spring-rabbit-3.2.8.jar:3.2.8]
	at org.springframework.amqp.rabbit.listener.SimpleMessageListenerContainer$AsyncMessageProcessingConsumer.run(SimpleMessageListenerContainer.java:1328) ~[spring-rabbit-3.2.8.jar:3.2.8]
	at java.base/java.lang.Thread.run(Thread.java:1570) ~[na:na]
Caused by: java.io.IOException: null
	at com.rabbitmq.client.impl.AMQChannel.wrap(AMQChannel.java:140) ~[amqp-client-5.25.0.jar:5.25.0]
	at com.rabbitmq.client.impl.AMQChannel.wrap(AMQChannel.java:136) ~[amqp-client-5.25.0.jar:5.25.0]
	at com.rabbitmq.client.impl.AMQChannel.exnWrappingRpc(AMQChannel.java:158) ~[amqp-client-5.25.0.jar:5.25.0]
	at com.rabbitmq.client.impl.ChannelN.queueDeclarePassive(ChannelN.java:1033) ~[amqp-client-5.25.0.jar:5.25.0]
	at com.rabbitmq.client.impl.ChannelN.queueDeclarePassive(ChannelN.java:47) ~[amqp-client-5.25.0.jar:5.25.0]
	at java.base/jdk.internal.reflect.DirectMethodHandleAccessor.invoke(DirectMethodHandleAccessor.java:103) ~[na:na]
	at java.base/java.lang.reflect.Method.invoke(Method.java:580) ~[na:na]
	at org.springframework.amqp.rabbit.connection.CachingConnectionFactory$CachedChannelInvocationHandler.invoke(CachingConnectionFactory.java:1201) ~[spring-rabbit-3.2.8.jar:3.2.8]
	at jdk.proxy2/jdk.proxy2.$Proxy230.queueDeclarePassive(Unknown Source) ~[na:na]
	at org.springframework.amqp.rabbit.listener.BlockingQueueConsumer.attemptPassiveDeclarations(BlockingQueueConsumer.java:750) ~[spring-rabbit-3.2.8.jar:3.2.8]
	... 5 common frames omitted
Caused by: com.rabbitmq.client.ShutdownSignalException: channel error; protocol method: #method<channel.close>(reply-code=404, reply-text=NOT_FOUND - no queue 'springCloudBus.anonymous.8N74X9lwRiehREOImpPZrg' in vhost 'dwtkuyzt', class-id=50, method-id=10)
	at com.rabbitmq.utility.ValueOrException.getValue(ValueOrException.java:66) ~[amqp-client-5.25.0.jar:5.25.0]
	at com.rabbitmq.utility.BlockingValueOrException.uninterruptibleGetValue(BlockingValueOrException.java:36) ~[amqp-client-5.25.0.jar:5.25.0]
	at com.rabbitmq.client.impl.AMQChannel$BlockingRpcContinuation.getReply(AMQChannel.java:552) ~[amqp-client-5.25.0.jar:5.25.0]
	at com.rabbitmq.client.impl.AMQChannel.privateRpc(AMQChannel.java:316) ~[amqp-client-5.25.0.jar:5.25.0]
	at com.rabbitmq.client.impl.AMQChannel.exnWrappingRpc(AMQChannel.java:152) ~[amqp-client-5.25.0.jar:5.25.0]
	... 12 common frames omitted
Caused by: com.rabbitmq.client.ShutdownSignalException: channel error; protocol method: #method<channel.close>(reply-code=404, reply-text=NOT_FOUND - no queue 'springCloudBus.anonymous.8N74X9lwRiehREOImpPZrg' in vhost 'dwtkuyzt', class-id=50, method-id=10)
	at com.rabbitmq.client.impl.ChannelN.asyncShutdown(ChannelN.java:528) ~[amqp-client-5.25.0.jar:5.25.0]
	at com.rabbitmq.client.impl.ChannelN.processAsync(ChannelN.java:349) ~[amqp-client-5.25.0.jar:5.25.0]
	at com.rabbitmq.client.impl.AMQChannel.handleCompleteInboundCommand(AMQChannel.java:193) ~[amqp-client-5.25.0.jar:5.25.0]
	at com.rabbitmq.client.impl.AMQChannel.handleFrame(AMQChannel.java:125) ~[amqp-client-5.25.0.jar:5.25.0]
	at com.rabbitmq.client.impl.AMQConnection.readFrame(AMQConnection.java:761) ~[amqp-client-5.25.0.jar:5.25.0]
	at com.rabbitmq.client.impl.AMQConnection.access$400(AMQConnection.java:48) ~[amqp-client-5.25.0.jar:5.25.0]
	at com.rabbitmq.client.impl.AMQConnection$MainLoop.run(AMQConnection.java:688) ~[amqp-client-5.25.0.jar:5.25.0]
	... 1 common frames omitted

2025-11-24T22:31:06.874+05:30  WARN 74399 --- [order-service] [springCloudBus.anonymous.8N74X9lwRiehREOImpPZrg-11] [                                                 ] o.s.a.r.listener.BlockingQueueConsumer   : Failed to declare queue: springCloudBus.anonymous.8N74X9lwRiehREOImpPZrg
2025-11-24T22:31:06.875+05:30  WARN 74399 --- [order-service] [springCloudBus.anonymous.8N74X9lwRiehREOImpPZrg-11] [                                                 ] o.s.a.r.listener.BlockingQueueConsumer   : Queue declaration failed; retries left=1

org.springframework.amqp.rabbit.listener.BlockingQueueConsumer$DeclarationException: Failed to declare queue(s):[springCloudBus.anonymous.8N74X9lwRiehREOImpPZrg]
	at org.springframework.amqp.rabbit.listener.BlockingQueueConsumer.attemptPassiveDeclarations(BlockingQueueConsumer.java:772) ~[spring-rabbit-3.2.8.jar:3.2.8]
	at org.springframework.amqp.rabbit.listener.BlockingQueueConsumer.passiveDeclarations(BlockingQueueConsumer.java:649) ~[spring-rabbit-3.2.8.jar:3.2.8]
	at org.springframework.amqp.rabbit.listener.BlockingQueueConsumer.start(BlockingQueueConsumer.java:636) ~[spring-rabbit-3.2.8.jar:3.2.8]
	at org.springframework.amqp.rabbit.listener.SimpleMessageListenerContainer$AsyncMessageProcessingConsumer.initialize(SimpleMessageListenerContainer.java:1490) ~[spring-rabbit-3.2.8.jar:3.2.8]
	at org.springframework.amqp.rabbit.listener.SimpleMessageListenerContainer$AsyncMessageProcessingConsumer.run(SimpleMessageListenerContainer.java:1328) ~[spring-rabbit-3.2.8.jar:3.2.8]
	at java.base/java.lang.Thread.run(Thread.java:1570) ~[na:na]
Caused by: java.io.IOException: null
	at com.rabbitmq.client.impl.AMQChannel.wrap(AMQChannel.java:140) ~[amqp-client-5.25.0.jar:5.25.0]
	at com.rabbitmq.client.impl.AMQChannel.wrap(AMQChannel.java:136) ~[amqp-client-5.25.0.jar:5.25.0]
	at com.rabbitmq.client.impl.AMQChannel.exnWrappingRpc(AMQChannel.java:158) ~[amqp-client-5.25.0.jar:5.25.0]
	at com.rabbitmq.client.impl.ChannelN.queueDeclarePassive(ChannelN.java:1033) ~[amqp-client-5.25.0.jar:5.25.0]
	at com.rabbitmq.client.impl.ChannelN.queueDeclarePassive(ChannelN.java:47) ~[amqp-client-5.25.0.jar:5.25.0]
	at java.base/jdk.internal.reflect.DirectMethodHandleAccessor.invoke(DirectMethodHandleAccessor.java:103) ~[na:na]
	at java.base/java.lang.reflect.Method.invoke(Method.java:580) ~[na:na]
	at org.springframework.amqp.rabbit.connection.CachingConnectionFactory$CachedChannelInvocationHandler.invoke(CachingConnectionFactory.java:1201) ~[spring-rabbit-3.2.8.jar:3.2.8]
	at jdk.proxy2/jdk.proxy2.$Proxy230.queueDeclarePassive(Unknown Source) ~[na:na]
	at org.springframework.amqp.rabbit.listener.BlockingQueueConsumer.attemptPassiveDeclarations(BlockingQueueConsumer.java:750) ~[spring-rabbit-3.2.8.jar:3.2.8]
	... 5 common frames omitted
Caused by: com.rabbitmq.client.ShutdownSignalException: channel error; protocol method: #method<channel.close>(reply-code=404, reply-text=NOT_FOUND - no queue 'springCloudBus.anonymous.8N74X9lwRiehREOImpPZrg' in vhost 'dwtkuyzt', class-id=50, method-id=10)
	at com.rabbitmq.utility.ValueOrException.getValue(ValueOrException.java:66) ~[amqp-client-5.25.0.jar:5.25.0]
	at com.rabbitmq.utility.BlockingValueOrException.uninterruptibleGetValue(BlockingValueOrException.java:36) ~[amqp-client-5.25.0.jar:5.25.0]
	at com.rabbitmq.client.impl.AMQChannel$BlockingRpcContinuation.getReply(AMQChannel.java:552) ~[amqp-client-5.25.0.jar:5.25.0]
	at com.rabbitmq.client.impl.AMQChannel.privateRpc(AMQChannel.java:316) ~[amqp-client-5.25.0.jar:5.25.0]
	at com.rabbitmq.client.impl.AMQChannel.exnWrappingRpc(AMQChannel.java:152) ~[amqp-client-5.25.0.jar:5.25.0]
	... 12 common frames omitted
Caused by: com.rabbitmq.client.ShutdownSignalException: channel error; protocol method: #method<channel.close>(reply-code=404, reply-text=NOT_FOUND - no queue 'springCloudBus.anonymous.8N74X9lwRiehREOImpPZrg' in vhost 'dwtkuyzt', class-id=50, method-id=10)
	at com.rabbitmq.client.impl.ChannelN.asyncShutdown(ChannelN.java:528) ~[amqp-client-5.25.0.jar:5.25.0]
	at com.rabbitmq.client.impl.ChannelN.processAsync(ChannelN.java:349) ~[amqp-client-5.25.0.jar:5.25.0]
	at com.rabbitmq.client.impl.AMQChannel.handleCompleteInboundCommand(AMQChannel.java:193) ~[amqp-client-5.25.0.jar:5.25.0]
	at com.rabbitmq.client.impl.AMQChannel.handleFrame(AMQChannel.java:125) ~[amqp-client-5.25.0.jar:5.25.0]
	at com.rabbitmq.client.impl.AMQConnection.readFrame(AMQConnection.java:761) ~[amqp-client-5.25.0.jar:5.25.0]
	at com.rabbitmq.client.impl.AMQConnection.access$400(AMQConnection.java:48) ~[amqp-client-5.25.0.jar:5.25.0]
	at com.rabbitmq.client.impl.AMQConnection$MainLoop.run(AMQConnection.java:688) ~[amqp-client-5.25.0.jar:5.25.0]
	... 1 common frames omitted

2025-11-24T22:31:12.414+05:30  WARN 74399 --- [order-service] [springCloudBus.anonymous.8N74X9lwRiehREOImpPZrg-11] [                                                 ] o.s.a.r.listener.BlockingQueueConsumer   : Failed to declare queue: springCloudBus.anonymous.8N74X9lwRiehREOImpPZrg
2025-11-24T22:31:17.493+05:30 ERROR 74399 --- [order-service] [springCloudBus.anonymous.8N74X9lwRiehREOImpPZrg-11] [                                                 ] o.s.a.r.l.SimpleMessageListenerContainer : Consumer threw missing queues exception, fatal=false

org.springframework.amqp.rabbit.listener.QueuesNotAvailableException: Cannot prepare queue for listener. Either the queue doesn't exist or the broker will not allow us to use it.
	at org.springframework.amqp.rabbit.listener.BlockingQueueConsumer.handleDeclarationException(BlockingQueueConsumer.java:722) ~[spring-rabbit-3.2.8.jar:3.2.8]
	at org.springframework.amqp.rabbit.listener.BlockingQueueConsumer.passiveDeclarations(BlockingQueueConsumer.java:656) ~[spring-rabbit-3.2.8.jar:3.2.8]
	at org.springframework.amqp.rabbit.listener.BlockingQueueConsumer.start(BlockingQueueConsumer.java:636) ~[spring-rabbit-3.2.8.jar:3.2.8]
	at org.springframework.amqp.rabbit.listener.SimpleMessageListenerContainer$AsyncMessageProcessingConsumer.initialize(SimpleMessageListenerContainer.java:1490) ~[spring-rabbit-3.2.8.jar:3.2.8]
	at org.springframework.amqp.rabbit.listener.SimpleMessageListenerContainer$AsyncMessageProcessingConsumer.run(SimpleMessageListenerContainer.java:1328) ~[spring-rabbit-3.2.8.jar:3.2.8]
	at java.base/java.lang.Thread.run(Thread.java:1570) ~[na:na]
Caused by: org.springframework.amqp.rabbit.listener.BlockingQueueConsumer$DeclarationException: Failed to declare queue(s):[springCloudBus.anonymous.8N74X9lwRiehREOImpPZrg]
	at org.springframework.amqp.rabbit.listener.BlockingQueueConsumer.attemptPassiveDeclarations(BlockingQueueConsumer.java:772) ~[spring-rabbit-3.2.8.jar:3.2.8]
	at org.springframework.amqp.rabbit.listener.BlockingQueueConsumer.passiveDeclarations(BlockingQueueConsumer.java:649) ~[spring-rabbit-3.2.8.jar:3.2.8]
	... 4 common frames omitted
Caused by: java.io.IOException: null
	at com.rabbitmq.client.impl.AMQChannel.wrap(AMQChannel.java:140) ~[amqp-client-5.25.0.jar:5.25.0]
	at com.rabbitmq.client.impl.AMQChannel.wrap(AMQChannel.java:136) ~[amqp-client-5.25.0.jar:5.25.0]
	at com.rabbitmq.client.impl.AMQChannel.exnWrappingRpc(AMQChannel.java:158) ~[amqp-client-5.25.0.jar:5.25.0]
	at com.rabbitmq.client.impl.ChannelN.queueDeclarePassive(ChannelN.java:1033) ~[amqp-client-5.25.0.jar:5.25.0]
	at com.rabbitmq.client.impl.ChannelN.queueDeclarePassive(ChannelN.java:47) ~[amqp-client-5.25.0.jar:5.25.0]
	at java.base/jdk.internal.reflect.DirectMethodHandleAccessor.invoke(DirectMethodHandleAccessor.java:103) ~[na:na]
	at java.base/java.lang.reflect.Method.invoke(Method.java:580) ~[na:na]
	at org.springframework.amqp.rabbit.connection.CachingConnectionFactory$CachedChannelInvocationHandler.invoke(CachingConnectionFactory.java:1201) ~[spring-rabbit-3.2.8.jar:3.2.8]
	at jdk.proxy2/jdk.proxy2.$Proxy230.queueDeclarePassive(Unknown Source) ~[na:na]
	at org.springframework.amqp.rabbit.listener.BlockingQueueConsumer.attemptPassiveDeclarations(BlockingQueueConsumer.java:750) ~[spring-rabbit-3.2.8.jar:3.2.8]
	... 5 common frames omitted
Caused by: com.rabbitmq.client.ShutdownSignalException: channel error; protocol method: #method<channel.close>(reply-code=404, reply-text=NOT_FOUND - no queue 'springCloudBus.anonymous.8N74X9lwRiehREOImpPZrg' in vhost 'dwtkuyzt', class-id=50, method-id=10)
	at com.rabbitmq.utility.ValueOrException.getValue(ValueOrException.java:66) ~[amqp-client-5.25.0.jar:5.25.0]
	at com.rabbitmq.utility.BlockingValueOrException.uninterruptibleGetValue(BlockingValueOrException.java:36) ~[amqp-client-5.25.0.jar:5.25.0]
	at com.rabbitmq.client.impl.AMQChannel$BlockingRpcContinuation.getReply(AMQChannel.java:552) ~[amqp-client-5.25.0.jar:5.25.0]
	at com.rabbitmq.client.impl.AMQChannel.privateRpc(AMQChannel.java:316) ~[amqp-client-5.25.0.jar:5.25.0]
	at com.rabbitmq.client.impl.AMQChannel.exnWrappingRpc(AMQChannel.java:152) ~[amqp-client-5.25.0.jar:5.25.0]
	... 12 common frames omitted
Caused by: com.rabbitmq.client.ShutdownSignalException: channel error; protocol method: #method<channel.close>(reply-code=404, reply-text=NOT_FOUND - no queue 'springCloudBus.anonymous.8N74X9lwRiehREOImpPZrg' in vhost 'dwtkuyzt', class-id=50, method-id=10)
	at com.rabbitmq.client.impl.ChannelN.asyncShutdown(ChannelN.java:528) ~[amqp-client-5.25.0.jar:5.25.0]
	at com.rabbitmq.client.impl.ChannelN.processAsync(ChannelN.java:349) ~[amqp-client-5.25.0.jar:5.25.0]
	at com.rabbitmq.client.impl.AMQChannel.handleCompleteInboundCommand(AMQChannel.java:193) ~[amqp-client-5.25.0.jar:5.25.0]
	at com.rabbitmq.client.impl.AMQChannel.handleFrame(AMQChannel.java:125) ~[amqp-client-5.25.0.jar:5.25.0]
	at com.rabbitmq.client.impl.AMQConnection.readFrame(AMQConnection.java:761) ~[amqp-client-5.25.0.jar:5.25.0]
	at com.rabbitmq.client.impl.AMQConnection.access$400(AMQConnection.java:48) ~[amqp-client-5.25.0.jar:5.25.0]
	at com.rabbitmq.client.impl.AMQConnection$MainLoop.run(AMQConnection.java:688) ~[amqp-client-5.25.0.jar:5.25.0]
	... 1 common frames omitted

2025-11-24T22:31:17.498+05:30  INFO 74399 --- [order-service] [springCloudBus.anonymous.8N74X9lwRiehREOImpPZrg-11] [                                                 ] o.s.a.r.l.SimpleMessageListenerContainer : Restarting Consumer@587c782c: tags=[[]], channel=Cached Rabbit Channel: AMQChannel(amqp://dwtkuyzt@35.153.225.39:5672/dwtkuyzt,1), conn: Proxy@63e64174 Shared Rabbit Connection: SimpleConnection@718c61c0 [delegate=amqp://dwtkuyzt@35.153.225.39:5672/dwtkuyzt, localPort=61556], acknowledgeMode=AUTO local queue size=0
2025-11-24T22:31:18.560+05:30  WARN 74399 --- [order-service] [springCloudBus.anonymous.8N74X9lwRiehREOImpPZrg-12] [                                                 ] o.s.a.r.listener.BlockingQueueConsumer   : Failed to declare queue: springCloudBus.anonymous.8N74X9lwRiehREOImpPZrg
2025-11-24T22:31:18.561+05:30  WARN 74399 --- [order-service] [springCloudBus.anonymous.8N74X9lwRiehREOImpPZrg-12] [                                                 ] o.s.a.r.listener.BlockingQueueConsumer   : Queue declaration failed; retries left=3

org.springframework.amqp.rabbit.listener.BlockingQueueConsumer$DeclarationException: Failed to declare queue(s):[springCloudBus.anonymous.8N74X9lwRiehREOImpPZrg]
	at org.springframework.amqp.rabbit.listener.BlockingQueueConsumer.attemptPassiveDeclarations(BlockingQueueConsumer.java:772) ~[spring-rabbit-3.2.8.jar:3.2.8]
	at org.springframework.amqp.rabbit.listener.BlockingQueueConsumer.passiveDeclarations(BlockingQueueConsumer.java:649) ~[spring-rabbit-3.2.8.jar:3.2.8]
	at org.springframework.amqp.rabbit.listener.BlockingQueueConsumer.start(BlockingQueueConsumer.java:636) ~[spring-rabbit-3.2.8.jar:3.2.8]
	at org.springframework.amqp.rabbit.listener.SimpleMessageListenerContainer$AsyncMessageProcessingConsumer.initialize(SimpleMessageListenerContainer.java:1490) ~[spring-rabbit-3.2.8.jar:3.2.8]
	at org.springframework.amqp.rabbit.listener.SimpleMessageListenerContainer$AsyncMessageProcessingConsumer.run(SimpleMessageListenerContainer.java:1328) ~[spring-rabbit-3.2.8.jar:3.2.8]
	at java.base/java.lang.Thread.run(Thread.java:1570) ~[na:na]
Caused by: java.io.IOException: null
	at com.rabbitmq.client.impl.AMQChannel.wrap(AMQChannel.java:140) ~[amqp-client-5.25.0.jar:5.25.0]
	at com.rabbitmq.client.impl.AMQChannel.wrap(AMQChannel.java:136) ~[amqp-client-5.25.0.jar:5.25.0]
	at com.rabbitmq.client.impl.AMQChannel.exnWrappingRpc(AMQChannel.java:158) ~[amqp-client-5.25.0.jar:5.25.0]
	at com.rabbitmq.client.impl.ChannelN.queueDeclarePassive(ChannelN.java:1033) ~[amqp-client-5.25.0.jar:5.25.0]
	at com.rabbitmq.client.impl.ChannelN.queueDeclarePassive(ChannelN.java:47) ~[amqp-client-5.25.0.jar:5.25.0]
	at java.base/jdk.internal.reflect.DirectMethodHandleAccessor.invoke(DirectMethodHandleAccessor.java:103) ~[na:na]
	at java.base/java.lang.reflect.Method.invoke(Method.java:580) ~[na:na]
	at org.springframework.amqp.rabbit.connection.CachingConnectionFactory$CachedChannelInvocationHandler.invoke(CachingConnectionFactory.java:1201) ~[spring-rabbit-3.2.8.jar:3.2.8]
	at jdk.proxy2/jdk.proxy2.$Proxy230.queueDeclarePassive(Unknown Source) ~[na:na]
	at org.springframework.amqp.rabbit.listener.BlockingQueueConsumer.attemptPassiveDeclarations(BlockingQueueConsumer.java:750) ~[spring-rabbit-3.2.8.jar:3.2.8]
	... 5 common frames omitted
Caused by: com.rabbitmq.client.ShutdownSignalException: channel error; protocol method: #method<channel.close>(reply-code=404, reply-text=NOT_FOUND - no queue 'springCloudBus.anonymous.8N74X9lwRiehREOImpPZrg' in vhost 'dwtkuyzt', class-id=50, method-id=10)
	at com.rabbitmq.utility.ValueOrException.getValue(ValueOrException.java:66) ~[amqp-client-5.25.0.jar:5.25.0]
	at com.rabbitmq.utility.BlockingValueOrException.uninterruptibleGetValue(BlockingValueOrException.java:36) ~[amqp-client-5.25.0.jar:5.25.0]
	at com.rabbitmq.client.impl.AMQChannel$BlockingRpcContinuation.getReply(AMQChannel.java:552) ~[amqp-client-5.25.0.jar:5.25.0]
	at com.rabbitmq.client.impl.AMQChannel.privateRpc(AMQChannel.java:316) ~[amqp-client-5.25.0.jar:5.25.0]
	at com.rabbitmq.client.impl.AMQChannel.exnWrappingRpc(AMQChannel.java:152) ~[amqp-client-5.25.0.jar:5.25.0]
	... 12 common frames omitted
Caused by: com.rabbitmq.client.ShutdownSignalException: channel error; protocol method: #method<channel.close>(reply-code=404, reply-text=NOT_FOUND - no queue 'springCloudBus.anonymous.8N74X9lwRiehREOImpPZrg' in vhost 'dwtkuyzt', class-id=50, method-id=10)
	at com.rabbitmq.client.impl.ChannelN.asyncShutdown(ChannelN.java:528) ~[amqp-client-5.25.0.jar:5.25.0]
	at com.rabbitmq.client.impl.ChannelN.processAsync(ChannelN.java:349) ~[amqp-client-5.25.0.jar:5.25.0]
	at com.rabbitmq.client.impl.AMQChannel.handleCompleteInboundCommand(AMQChannel.java:193) ~[amqp-client-5.25.0.jar:5.25.0]
	at com.rabbitmq.client.impl.AMQChannel.handleFrame(AMQChannel.java:125) ~[amqp-client-5.25.0.jar:5.25.0]
	at com.rabbitmq.client.impl.AMQConnection.readFrame(AMQConnection.java:761) ~[amqp-client-5.25.0.jar:5.25.0]
	at com.rabbitmq.client.impl.AMQConnection.access$400(AMQConnection.java:48) ~[amqp-client-5.25.0.jar:5.25.0]
	at com.rabbitmq.client.impl.AMQConnection$MainLoop.run(AMQConnection.java:688) ~[amqp-client-5.25.0.jar:5.25.0]
	... 1 common frames omitted

2025-11-24T22:31:24.101+05:30  WARN 74399 --- [order-service] [springCloudBus.anonymous.8N74X9lwRiehREOImpPZrg-12] [                                                 ] o.s.a.r.listener.BlockingQueueConsumer   : Failed to declare queue: springCloudBus.anonymous.8N74X9lwRiehREOImpPZrg
2025-11-24T22:31:24.102+05:30  WARN 74399 --- [order-service] [springCloudBus.anonymous.8N74X9lwRiehREOImpPZrg-12] [                                                 ] o.s.a.r.listener.BlockingQueueConsumer   : Queue declaration failed; retries left=2

org.springframework.amqp.rabbit.listener.BlockingQueueConsumer$DeclarationException: Failed to declare queue(s):[springCloudBus.anonymous.8N74X9lwRiehREOImpPZrg]
	at org.springframework.amqp.rabbit.listener.BlockingQueueConsumer.attemptPassiveDeclarations(BlockingQueueConsumer.java:772) ~[spring-rabbit-3.2.8.jar:3.2.8]
	at org.springframework.amqp.rabbit.listener.BlockingQueueConsumer.passiveDeclarations(BlockingQueueConsumer.java:649) ~[spring-rabbit-3.2.8.jar:3.2.8]
	at org.springframework.amqp.rabbit.listener.BlockingQueueConsumer.start(BlockingQueueConsumer.java:636) ~[spring-rabbit-3.2.8.jar:3.2.8]
	at org.springframework.amqp.rabbit.listener.SimpleMessageListenerContainer$AsyncMessageProcessingConsumer.initialize(SimpleMessageListenerContainer.java:1490) ~[spring-rabbit-3.2.8.jar:3.2.8]
	at org.springframework.amqp.rabbit.listener.SimpleMessageListenerContainer$AsyncMessageProcessingConsumer.run(SimpleMessageListenerContainer.java:1328) ~[spring-rabbit-3.2.8.jar:3.2.8]
	at java.base/java.lang.Thread.run(Thread.java:1570) ~[na:na]
Caused by: java.io.IOException: null
	at com.rabbitmq.client.impl.AMQChannel.wrap(AMQChannel.java:140) ~[amqp-client-5.25.0.jar:5.25.0]
	at com.rabbitmq.client.impl.AMQChannel.wrap(AMQChannel.java:136) ~[amqp-client-5.25.0.jar:5.25.0]
	at com.rabbitmq.client.impl.AMQChannel.exnWrappingRpc(AMQChannel.java:158) ~[amqp-client-5.25.0.jar:5.25.0]
	at com.rabbitmq.client.impl.ChannelN.queueDeclarePassive(ChannelN.java:1033) ~[amqp-client-5.25.0.jar:5.25.0]
	at com.rabbitmq.client.impl.ChannelN.queueDeclarePassive(ChannelN.java:47) ~[amqp-client-5.25.0.jar:5.25.0]
	at java.base/jdk.internal.reflect.DirectMethodHandleAccessor.invoke(DirectMethodHandleAccessor.java:103) ~[na:na]
	at java.base/java.lang.reflect.Method.invoke(Method.java:580) ~[na:na]
	at org.springframework.amqp.rabbit.connection.CachingConnectionFactory$CachedChannelInvocationHandler.invoke(CachingConnectionFactory.java:1201) ~[spring-rabbit-3.2.8.jar:3.2.8]
	at jdk.proxy2/jdk.proxy2.$Proxy230.queueDeclarePassive(Unknown Source) ~[na:na]
	at org.springframework.amqp.rabbit.listener.BlockingQueueConsumer.attemptPassiveDeclarations(BlockingQueueConsumer.java:750) ~[spring-rabbit-3.2.8.jar:3.2.8]
	... 5 common frames omitted
Caused by: com.rabbitmq.client.ShutdownSignalException: channel error; protocol method: #method<channel.close>(reply-code=404, reply-text=NOT_FOUND - no queue 'springCloudBus.anonymous.8N74X9lwRiehREOImpPZrg' in vhost 'dwtkuyzt', class-id=50, method-id=10)
	at com.rabbitmq.utility.ValueOrException.getValue(ValueOrException.java:66) ~[amqp-client-5.25.0.jar:5.25.0]
	at com.rabbitmq.utility.BlockingValueOrException.uninterruptibleGetValue(BlockingValueOrException.java:36) ~[amqp-client-5.25.0.jar:5.25.0]
	at com.rabbitmq.client.impl.AMQChannel$BlockingRpcContinuation.getReply(AMQChannel.java:552) ~[amqp-client-5.25.0.jar:5.25.0]
	at com.rabbitmq.client.impl.AMQChannel.privateRpc(AMQChannel.java:316) ~[amqp-client-5.25.0.jar:5.25.0]
	at com.rabbitmq.client.impl.AMQChannel.exnWrappingRpc(AMQChannel.java:152) ~[amqp-client-5.25.0.jar:5.25.0]
	... 12 common frames omitted
Caused by: com.rabbitmq.client.ShutdownSignalException: channel error; protocol method: #method<channel.close>(reply-code=404, reply-text=NOT_FOUND - no queue 'springCloudBus.anonymous.8N74X9lwRiehREOImpPZrg' in vhost 'dwtkuyzt', class-id=50, method-id=10)
	at com.rabbitmq.client.impl.ChannelN.asyncShutdown(ChannelN.java:528) ~[amqp-client-5.25.0.jar:5.25.0]
	at com.rabbitmq.client.impl.ChannelN.processAsync(ChannelN.java:349) ~[amqp-client-5.25.0.jar:5.25.0]
	at com.rabbitmq.client.impl.AMQChannel.handleCompleteInboundCommand(AMQChannel.java:193) ~[amqp-client-5.25.0.jar:5.25.0]
	at com.rabbitmq.client.impl.AMQChannel.handleFrame(AMQChannel.java:125) ~[amqp-client-5.25.0.jar:5.25.0]
	at com.rabbitmq.client.impl.AMQConnection.readFrame(AMQConnection.java:761) ~[amqp-client-5.25.0.jar:5.25.0]
	at com.rabbitmq.client.impl.AMQConnection.access$400(AMQConnection.java:48) ~[amqp-client-5.25.0.jar:5.25.0]
	at com.rabbitmq.client.impl.AMQConnection$MainLoop.run(AMQConnection.java:688) ~[amqp-client-5.25.0.jar:5.25.0]
	... 1 common frames omitted

2025-11-24T22:31:29.644+05:30  WARN 74399 --- [order-service] [springCloudBus.anonymous.8N74X9lwRiehREOImpPZrg-12] [                                                 ] o.s.a.r.listener.BlockingQueueConsumer   : Failed to declare queue: springCloudBus.anonymous.8N74X9lwRiehREOImpPZrg
2025-11-24T22:31:29.646+05:30  WARN 74399 --- [order-service] [springCloudBus.anonymous.8N74X9lwRiehREOImpPZrg-12] [                                                 ] o.s.a.r.listener.BlockingQueueConsumer   : Queue declaration failed; retries left=1

org.springframework.amqp.rabbit.listener.BlockingQueueConsumer$DeclarationException: Failed to declare queue(s):[springCloudBus.anonymous.8N74X9lwRiehREOImpPZrg]
	at org.springframework.amqp.rabbit.listener.BlockingQueueConsumer.attemptPassiveDeclarations(BlockingQueueConsumer.java:772) ~[spring-rabbit-3.2.8.jar:3.2.8]
	at org.springframework.amqp.rabbit.listener.BlockingQueueConsumer.passiveDeclarations(BlockingQueueConsumer.java:649) ~[spring-rabbit-3.2.8.jar:3.2.8]
	at org.springframework.amqp.rabbit.listener.BlockingQueueConsumer.start(BlockingQueueConsumer.java:636) ~[spring-rabbit-3.2.8.jar:3.2.8]
	at org.springframework.amqp.rabbit.listener.SimpleMessageListenerContainer$AsyncMessageProcessingConsumer.initialize(SimpleMessageListenerContainer.java:1490) ~[spring-rabbit-3.2.8.jar:3.2.8]
	at org.springframework.amqp.rabbit.listener.SimpleMessageListenerContainer$AsyncMessageProcessingConsumer.run(SimpleMessageListenerContainer.java:1328) ~[spring-rabbit-3.2.8.jar:3.2.8]
	at java.base/java.lang.Thread.run(Thread.java:1570) ~[na:na]
Caused by: java.io.IOException: null
	at com.rabbitmq.client.impl.AMQChannel.wrap(AMQChannel.java:140) ~[amqp-client-5.25.0.jar:5.25.0]
	at com.rabbitmq.client.impl.AMQChannel.wrap(AMQChannel.java:136) ~[amqp-client-5.25.0.jar:5.25.0]
	at com.rabbitmq.client.impl.AMQChannel.exnWrappingRpc(AMQChannel.java:158) ~[amqp-client-5.25.0.jar:5.25.0]
	at com.rabbitmq.client.impl.ChannelN.queueDeclarePassive(ChannelN.java:1033) ~[amqp-client-5.25.0.jar:5.25.0]
	at com.rabbitmq.client.impl.ChannelN.queueDeclarePassive(ChannelN.java:47) ~[amqp-client-5.25.0.jar:5.25.0]
	at java.base/jdk.internal.reflect.DirectMethodHandleAccessor.invoke(DirectMethodHandleAccessor.java:103) ~[na:na]
	at java.base/java.lang.reflect.Method.invoke(Method.java:580) ~[na:na]
	at org.springframework.amqp.rabbit.connection.CachingConnectionFactory$CachedChannelInvocationHandler.invoke(CachingConnectionFactory.java:1201) ~[spring-rabbit-3.2.8.jar:3.2.8]
	at jdk.proxy2/jdk.proxy2.$Proxy230.queueDeclarePassive(Unknown Source) ~[na:na]
	at org.springframework.amqp.rabbit.listener.BlockingQueueConsumer.attemptPassiveDeclarations(BlockingQueueConsumer.java:750) ~[spring-rabbit-3.2.8.jar:3.2.8]
	... 5 common frames omitted
Caused by: com.rabbitmq.client.ShutdownSignalException: channel error; protocol method: #method<channel.close>(reply-code=404, reply-text=NOT_FOUND - no queue 'springCloudBus.anonymous.8N74X9lwRiehREOImpPZrg' in vhost 'dwtkuyzt', class-id=50, method-id=10)
	at com.rabbitmq.utility.ValueOrException.getValue(ValueOrException.java:66) ~[amqp-client-5.25.0.jar:5.25.0]
	at com.rabbitmq.utility.BlockingValueOrException.uninterruptibleGetValue(BlockingValueOrException.java:36) ~[amqp-client-5.25.0.jar:5.25.0]
	at com.rabbitmq.client.impl.AMQChannel$BlockingRpcContinuation.getReply(AMQChannel.java:552) ~[amqp-client-5.25.0.jar:5.25.0]
	at com.rabbitmq.client.impl.AMQChannel.privateRpc(AMQChannel.java:316) ~[amqp-client-5.25.0.jar:5.25.0]
	at com.rabbitmq.client.impl.AMQChannel.exnWrappingRpc(AMQChannel.java:152) ~[amqp-client-5.25.0.jar:5.25.0]
	... 12 common frames omitted
Caused by: com.rabbitmq.client.ShutdownSignalException: channel error; protocol method: #method<channel.close>(reply-code=404, reply-text=NOT_FOUND - no queue 'springCloudBus.anonymous.8N74X9lwRiehREOImpPZrg' in vhost 'dwtkuyzt', class-id=50, method-id=10)
	at com.rabbitmq.client.impl.ChannelN.asyncShutdown(ChannelN.java:528) ~[amqp-client-5.25.0.jar:5.25.0]
	at com.rabbitmq.client.impl.ChannelN.processAsync(ChannelN.java:349) ~[amqp-client-5.25.0.jar:5.25.0]
	at com.rabbitmq.client.impl.AMQChannel.handleCompleteInboundCommand(AMQChannel.java:193) ~[amqp-client-5.25.0.jar:5.25.0]
	at com.rabbitmq.client.impl.AMQChannel.handleFrame(AMQChannel.java:125) ~[amqp-client-5.25.0.jar:5.25.0]
	at com.rabbitmq.client.impl.AMQConnection.readFrame(AMQConnection.java:761) ~[amqp-client-5.25.0.jar:5.25.0]
	at com.rabbitmq.client.impl.AMQConnection.access$400(AMQConnection.java:48) ~[amqp-client-5.25.0.jar:5.25.0]
	at com.rabbitmq.client.impl.AMQConnection$MainLoop.run(AMQConnection.java:688) ~[amqp-client-5.25.0.jar:5.25.0]
	... 1 common frames omitted

2025-11-24T22:31:35.183+05:30  WARN 74399 --- [order-service] [springCloudBus.anonymous.8N74X9lwRiehREOImpPZrg-12] [                                                 ] o.s.a.r.listener.BlockingQueueConsumer   : Failed to declare queue: springCloudBus.anonymous.8N74X9lwRiehREOImpPZrg
2025-11-24T22:31:40.266+05:30 ERROR 74399 --- [order-service] [springCloudBus.anonymous.8N74X9lwRiehREOImpPZrg-12] [                                                 ] o.s.a.r.l.SimpleMessageListenerContainer : Consumer threw missing queues exception, fatal=false

org.springframework.amqp.rabbit.listener.QueuesNotAvailableException: Cannot prepare queue for listener. Either the queue doesn't exist or the broker will not allow us to use it.
	at org.springframework.amqp.rabbit.listener.BlockingQueueConsumer.handleDeclarationException(BlockingQueueConsumer.java:722) ~[spring-rabbit-3.2.8.jar:3.2.8]
	at org.springframework.amqp.rabbit.listener.BlockingQueueConsumer.passiveDeclarations(BlockingQueueConsumer.java:656) ~[spring-rabbit-3.2.8.jar:3.2.8]
	at org.springframework.amqp.rabbit.listener.BlockingQueueConsumer.start(BlockingQueueConsumer.java:636) ~[spring-rabbit-3.2.8.jar:3.2.8]
	at org.springframework.amqp.rabbit.listener.SimpleMessageListenerContainer$AsyncMessageProcessingConsumer.initialize(SimpleMessageListenerContainer.java:1490) ~[spring-rabbit-3.2.8.jar:3.2.8]
	at org.springframework.amqp.rabbit.listener.SimpleMessageListenerContainer$AsyncMessageProcessingConsumer.run(SimpleMessageListenerContainer.java:1328) ~[spring-rabbit-3.2.8.jar:3.2.8]
	at java.base/java.lang.Thread.run(Thread.java:1570) ~[na:na]
Caused by: org.springframework.amqp.rabbit.listener.BlockingQueueConsumer$DeclarationException: Failed to declare queue(s):[springCloudBus.anonymous.8N74X9lwRiehREOImpPZrg]
	at org.springframework.amqp.rabbit.listener.BlockingQueueConsumer.attemptPassiveDeclarations(BlockingQueueConsumer.java:772) ~[spring-rabbit-3.2.8.jar:3.2.8]
	at org.springframework.amqp.rabbit.listener.BlockingQueueConsumer.passiveDeclarations(BlockingQueueConsumer.java:649) ~[spring-rabbit-3.2.8.jar:3.2.8]
	... 4 common frames omitted
Caused by: java.io.IOException: null
	at com.rabbitmq.client.impl.AMQChannel.wrap(AMQChannel.java:140) ~[amqp-client-5.25.0.jar:5.25.0]
	at com.rabbitmq.client.impl.AMQChannel.wrap(AMQChannel.java:136) ~[amqp-client-5.25.0.jar:5.25.0]
	at com.rabbitmq.client.impl.AMQChannel.exnWrappingRpc(AMQChannel.java:158) ~[amqp-client-5.25.0.jar:5.25.0]
	at com.rabbitmq.client.impl.ChannelN.queueDeclarePassive(ChannelN.java:1033) ~[amqp-client-5.25.0.jar:5.25.0]
	at com.rabbitmq.client.impl.ChannelN.queueDeclarePassive(ChannelN.java:47) ~[amqp-client-5.25.0.jar:5.25.0]
	at java.base/jdk.internal.reflect.DirectMethodHandleAccessor.invoke(DirectMethodHandleAccessor.java:103) ~[na:na]
	at java.base/java.lang.reflect.Method.invoke(Method.java:580) ~[na:na]
	at org.springframework.amqp.rabbit.connection.CachingConnectionFactory$CachedChannelInvocationHandler.invoke(CachingConnectionFactory.java:1201) ~[spring-rabbit-3.2.8.jar:3.2.8]
	at jdk.proxy2/jdk.proxy2.$Proxy230.queueDeclarePassive(Unknown Source) ~[na:na]
	at org.springframework.amqp.rabbit.listener.BlockingQueueConsumer.attemptPassiveDeclarations(BlockingQueueConsumer.java:750) ~[spring-rabbit-3.2.8.jar:3.2.8]
	... 5 common frames omitted
Caused by: com.rabbitmq.client.ShutdownSignalException: channel error; protocol method: #method<channel.close>(reply-code=404, reply-text=NOT_FOUND - no queue 'springCloudBus.anonymous.8N74X9lwRiehREOImpPZrg' in vhost 'dwtkuyzt', class-id=50, method-id=10)
	at com.rabbitmq.utility.ValueOrException.getValue(ValueOrException.java:66) ~[amqp-client-5.25.0.jar:5.25.0]
	at com.rabbitmq.utility.BlockingValueOrException.uninterruptibleGetValue(BlockingValueOrException.java:36) ~[amqp-client-5.25.0.jar:5.25.0]
	at com.rabbitmq.client.impl.AMQChannel$BlockingRpcContinuation.getReply(AMQChannel.java:552) ~[amqp-client-5.25.0.jar:5.25.0]
	at com.rabbitmq.client.impl.AMQChannel.privateRpc(AMQChannel.java:316) ~[amqp-client-5.25.0.jar:5.25.0]
	at com.rabbitmq.client.impl.AMQChannel.exnWrappingRpc(AMQChannel.java:152) ~[amqp-client-5.25.0.jar:5.25.0]
	... 12 common frames omitted
Caused by: com.rabbitmq.client.ShutdownSignalException: channel error; protocol method: #method<channel.close>(reply-code=404, reply-text=NOT_FOUND - no queue 'springCloudBus.anonymous.8N74X9lwRiehREOImpPZrg' in vhost 'dwtkuyzt', class-id=50, method-id=10)
	at com.rabbitmq.client.impl.ChannelN.asyncShutdown(ChannelN.java:528) ~[amqp-client-5.25.0.jar:5.25.0]
	at com.rabbitmq.client.impl.ChannelN.processAsync(ChannelN.java:349) ~[amqp-client-5.25.0.jar:5.25.0]
	at com.rabbitmq.client.impl.AMQChannel.handleCompleteInboundCommand(AMQChannel.java:193) ~[amqp-client-5.25.0.jar:5.25.0]
	at com.rabbitmq.client.impl.AMQChannel.handleFrame(AMQChannel.java:125) ~[amqp-client-5.25.0.jar:5.25.0]
	at com.rabbitmq.client.impl.AMQConnection.readFrame(AMQConnection.java:761) ~[amqp-client-5.25.0.jar:5.25.0]
	at com.rabbitmq.client.impl.AMQConnection.access$400(AMQConnection.java:48) ~[amqp-client-5.25.0.jar:5.25.0]
	at com.rabbitmq.client.impl.AMQConnection$MainLoop.run(AMQConnection.java:688) ~[amqp-client-5.25.0.jar:5.25.0]
	... 1 common frames omitted

2025-11-24T22:31:40.268+05:30  INFO 74399 --- [order-service] [springCloudBus.anonymous.8N74X9lwRiehREOImpPZrg-12] [                                                 ] o.s.a.r.l.SimpleMessageListenerContainer : Restarting Consumer@5c8212e8: tags=[[]], channel=Cached Rabbit Channel: AMQChannel(amqp://dwtkuyzt@35.153.225.39:5672/dwtkuyzt,1), conn: Proxy@63e64174 Shared Rabbit Connection: SimpleConnection@718c61c0 [delegate=amqp://dwtkuyzt@35.153.225.39:5672/dwtkuyzt, localPort=61556], acknowledgeMode=AUTO local queue size=0
2025-11-24T22:31:41.350+05:30  WARN 74399 --- [order-service] [springCloudBus.anonymous.8N74X9lwRiehREOImpPZrg-13] [                                                 ] o.s.a.r.listener.BlockingQueueConsumer   : Failed to declare queue: springCloudBus.anonymous.8N74X9lwRiehREOImpPZrg
2025-11-24T22:31:41.351+05:30  WARN 74399 --- [order-service] [springCloudBus.anonymous.8N74X9lwRiehREOImpPZrg-13] [                                                 ] o.s.a.r.listener.BlockingQueueConsumer   : Queue declaration failed; retries left=3

org.springframework.amqp.rabbit.listener.BlockingQueueConsumer$DeclarationException: Failed to declare queue(s):[springCloudBus.anonymous.8N74X9lwRiehREOImpPZrg]
	at org.springframework.amqp.rabbit.listener.BlockingQueueConsumer.attemptPassiveDeclarations(BlockingQueueConsumer.java:772) ~[spring-rabbit-3.2.8.jar:3.2.8]
	at org.springframework.amqp.rabbit.listener.BlockingQueueConsumer.passiveDeclarations(BlockingQueueConsumer.java:649) ~[spring-rabbit-3.2.8.jar:3.2.8]
	at org.springframework.amqp.rabbit.listener.BlockingQueueConsumer.start(BlockingQueueConsumer.java:636) ~[spring-rabbit-3.2.8.jar:3.2.8]
	at org.springframework.amqp.rabbit.listener.SimpleMessageListenerContainer$AsyncMessageProcessingConsumer.initialize(SimpleMessageListenerContainer.java:1490) ~[spring-rabbit-3.2.8.jar:3.2.8]
	at org.springframework.amqp.rabbit.listener.SimpleMessageListenerContainer$AsyncMessageProcessingConsumer.run(SimpleMessageListenerContainer.java:1328) ~[spring-rabbit-3.2.8.jar:3.2.8]
	at java.base/java.lang.Thread.run(Thread.java:1570) ~[na:na]
Caused by: java.io.IOException: null
	at com.rabbitmq.client.impl.AMQChannel.wrap(AMQChannel.java:140) ~[amqp-client-5.25.0.jar:5.25.0]
	at com.rabbitmq.client.impl.AMQChannel.wrap(AMQChannel.java:136) ~[amqp-client-5.25.0.jar:5.25.0]
	at com.rabbitmq.client.impl.AMQChannel.exnWrappingRpc(AMQChannel.java:158) ~[amqp-client-5.25.0.jar:5.25.0]
	at com.rabbitmq.client.impl.ChannelN.queueDeclarePassive(ChannelN.java:1033) ~[amqp-client-5.25.0.jar:5.25.0]
	at com.rabbitmq.client.impl.ChannelN.queueDeclarePassive(ChannelN.java:47) ~[amqp-client-5.25.0.jar:5.25.0]
	at java.base/jdk.internal.reflect.DirectMethodHandleAccessor.invoke(DirectMethodHandleAccessor.java:103) ~[na:na]
	at java.base/java.lang.reflect.Method.invoke(Method.java:580) ~[na:na]
	at org.springframework.amqp.rabbit.connection.CachingConnectionFactory$CachedChannelInvocationHandler.invoke(CachingConnectionFactory.java:1201) ~[spring-rabbit-3.2.8.jar:3.2.8]
	at jdk.proxy2/jdk.proxy2.$Proxy230.queueDeclarePassive(Unknown Source) ~[na:na]
	at org.springframework.amqp.rabbit.listener.BlockingQueueConsumer.attemptPassiveDeclarations(BlockingQueueConsumer.java:750) ~[spring-rabbit-3.2.8.jar:3.2.8]
	... 5 common frames omitted
Caused by: com.rabbitmq.client.ShutdownSignalException: channel error; protocol method: #method<channel.close>(reply-code=404, reply-text=NOT_FOUND - no queue 'springCloudBus.anonymous.8N74X9lwRiehREOImpPZrg' in vhost 'dwtkuyzt', class-id=50, method-id=10)
	at com.rabbitmq.utility.ValueOrException.getValue(ValueOrException.java:66) ~[amqp-client-5.25.0.jar:5.25.0]
	at com.rabbitmq.utility.BlockingValueOrException.uninterruptibleGetValue(BlockingValueOrException.java:36) ~[amqp-client-5.25.0.jar:5.25.0]
	at com.rabbitmq.client.impl.AMQChannel$BlockingRpcContinuation.getReply(AMQChannel.java:552) ~[amqp-client-5.25.0.jar:5.25.0]
	at com.rabbitmq.client.impl.AMQChannel.privateRpc(AMQChannel.java:316) ~[amqp-client-5.25.0.jar:5.25.0]
	at com.rabbitmq.client.impl.AMQChannel.exnWrappingRpc(AMQChannel.java:152) ~[amqp-client-5.25.0.jar:5.25.0]
	... 12 common frames omitted
Caused by: com.rabbitmq.client.ShutdownSignalException: channel error; protocol method: #method<channel.close>(reply-code=404, reply-text=NOT_FOUND - no queue 'springCloudBus.anonymous.8N74X9lwRiehREOImpPZrg' in vhost 'dwtkuyzt', class-id=50, method-id=10)
	at com.rabbitmq.client.impl.ChannelN.asyncShutdown(ChannelN.java:528) ~[amqp-client-5.25.0.jar:5.25.0]
	at com.rabbitmq.client.impl.ChannelN.processAsync(ChannelN.java:349) ~[amqp-client-5.25.0.jar:5.25.0]
	at com.rabbitmq.client.impl.AMQChannel.handleCompleteInboundCommand(AMQChannel.java:193) ~[amqp-client-5.25.0.jar:5.25.0]
	at com.rabbitmq.client.impl.AMQChannel.handleFrame(AMQChannel.java:125) ~[amqp-client-5.25.0.jar:5.25.0]
	at com.rabbitmq.client.impl.AMQConnection.readFrame(AMQConnection.java:761) ~[amqp-client-5.25.0.jar:5.25.0]
	at com.rabbitmq.client.impl.AMQConnection.access$400(AMQConnection.java:48) ~[amqp-client-5.25.0.jar:5.25.0]
	at com.rabbitmq.client.impl.AMQConnection$MainLoop.run(AMQConnection.java:688) ~[amqp-client-5.25.0.jar:5.25.0]
	... 1 common frames omitted

2025-11-24T22:31:46.905+05:30  WARN 74399 --- [order-service] [springCloudBus.anonymous.8N74X9lwRiehREOImpPZrg-13] [                                                 ] o.s.a.r.listener.BlockingQueueConsumer   : Failed to declare queue: springCloudBus.anonymous.8N74X9lwRiehREOImpPZrg
2025-11-24T22:31:46.907+05:30  WARN 74399 --- [order-service] [springCloudBus.anonymous.8N74X9lwRiehREOImpPZrg-13] [                                                 ] o.s.a.r.listener.BlockingQueueConsumer   : Queue declaration failed; retries left=2

org.springframework.amqp.rabbit.listener.BlockingQueueConsumer$DeclarationException: Failed to declare queue(s):[springCloudBus.anonymous.8N74X9lwRiehREOImpPZrg]
	at org.springframework.amqp.rabbit.listener.BlockingQueueConsumer.attemptPassiveDeclarations(BlockingQueueConsumer.java:772) ~[spring-rabbit-3.2.8.jar:3.2.8]
	at org.springframework.amqp.rabbit.listener.BlockingQueueConsumer.passiveDeclarations(BlockingQueueConsumer.java:649) ~[spring-rabbit-3.2.8.jar:3.2.8]
	at org.springframework.amqp.rabbit.listener.BlockingQueueConsumer.start(BlockingQueueConsumer.java:636) ~[spring-rabbit-3.2.8.jar:3.2.8]
	at org.springframework.amqp.rabbit.listener.SimpleMessageListenerContainer$AsyncMessageProcessingConsumer.initialize(SimpleMessageListenerContainer.java:1490) ~[spring-rabbit-3.2.8.jar:3.2.8]
	at org.springframework.amqp.rabbit.listener.SimpleMessageListenerContainer$AsyncMessageProcessingConsumer.run(SimpleMessageListenerContainer.java:1328) ~[spring-rabbit-3.2.8.jar:3.2.8]
	at java.base/java.lang.Thread.run(Thread.java:1570) ~[na:na]
Caused by: java.io.IOException: null
	at com.rabbitmq.client.impl.AMQChannel.wrap(AMQChannel.java:140) ~[amqp-client-5.25.0.jar:5.25.0]
	at com.rabbitmq.client.impl.AMQChannel.wrap(AMQChannel.java:136) ~[amqp-client-5.25.0.jar:5.25.0]
	at com.rabbitmq.client.impl.AMQChannel.exnWrappingRpc(AMQChannel.java:158) ~[amqp-client-5.25.0.jar:5.25.0]
	at com.rabbitmq.client.impl.ChannelN.queueDeclarePassive(ChannelN.java:1033) ~[amqp-client-5.25.0.jar:5.25.0]
	at com.rabbitmq.client.impl.ChannelN.queueDeclarePassive(ChannelN.java:47) ~[amqp-client-5.25.0.jar:5.25.0]
	at java.base/jdk.internal.reflect.DirectMethodHandleAccessor.invoke(DirectMethodHandleAccessor.java:103) ~[na:na]
	at java.base/java.lang.reflect.Method.invoke(Method.java:580) ~[na:na]
	at org.springframework.amqp.rabbit.connection.CachingConnectionFactory$CachedChannelInvocationHandler.invoke(CachingConnectionFactory.java:1201) ~[spring-rabbit-3.2.8.jar:3.2.8]
	at jdk.proxy2/jdk.proxy2.$Proxy230.queueDeclarePassive(Unknown Source) ~[na:na]
	at org.springframework.amqp.rabbit.listener.BlockingQueueConsumer.attemptPassiveDeclarations(BlockingQueueConsumer.java:750) ~[spring-rabbit-3.2.8.jar:3.2.8]
	... 5 common frames omitted
Caused by: com.rabbitmq.client.ShutdownSignalException: channel error; protocol method: #method<channel.close>(reply-code=404, reply-text=NOT_FOUND - no queue 'springCloudBus.anonymous.8N74X9lwRiehREOImpPZrg' in vhost 'dwtkuyzt', class-id=50, method-id=10)
	at com.rabbitmq.utility.ValueOrException.getValue(ValueOrException.java:66) ~[amqp-client-5.25.0.jar:5.25.0]
	at com.rabbitmq.utility.BlockingValueOrException.uninterruptibleGetValue(BlockingValueOrException.java:36) ~[amqp-client-5.25.0.jar:5.25.0]
	at com.rabbitmq.client.impl.AMQChannel$BlockingRpcContinuation.getReply(AMQChannel.java:552) ~[amqp-client-5.25.0.jar:5.25.0]
	at com.rabbitmq.client.impl.AMQChannel.privateRpc(AMQChannel.java:316) ~[amqp-client-5.25.0.jar:5.25.0]
	at com.rabbitmq.client.impl.AMQChannel.exnWrappingRpc(AMQChannel.java:152) ~[amqp-client-5.25.0.jar:5.25.0]
	... 12 common frames omitted
Caused by: com.rabbitmq.client.ShutdownSignalException: channel error; protocol method: #method<channel.close>(reply-code=404, reply-text=NOT_FOUND - no queue 'springCloudBus.anonymous.8N74X9lwRiehREOImpPZrg' in vhost 'dwtkuyzt', class-id=50, method-id=10)
	at com.rabbitmq.client.impl.ChannelN.asyncShutdown(ChannelN.java:528) ~[amqp-client-5.25.0.jar:5.25.0]
	at com.rabbitmq.client.impl.ChannelN.processAsync(ChannelN.java:349) ~[amqp-client-5.25.0.jar:5.25.0]
	at com.rabbitmq.client.impl.AMQChannel.handleCompleteInboundCommand(AMQChannel.java:193) ~[amqp-client-5.25.0.jar:5.25.0]
	at com.rabbitmq.client.impl.AMQChannel.handleFrame(AMQChannel.java:125) ~[amqp-client-5.25.0.jar:5.25.0]
	at com.rabbitmq.client.impl.AMQConnection.readFrame(AMQConnection.java:761) ~[amqp-client-5.25.0.jar:5.25.0]
	at com.rabbitmq.client.impl.AMQConnection.access$400(AMQConnection.java:48) ~[amqp-client-5.25.0.jar:5.25.0]
	at com.rabbitmq.client.impl.AMQConnection$MainLoop.run(AMQConnection.java:688) ~[amqp-client-5.25.0.jar:5.25.0]
	... 1 common frames omitted

2025-11-24T22:31:52.442+05:30  WARN 74399 --- [order-service] [springCloudBus.anonymous.8N74X9lwRiehREOImpPZrg-13] [                                                 ] o.s.a.r.listener.BlockingQueueConsumer   : Failed to declare queue: springCloudBus.anonymous.8N74X9lwRiehREOImpPZrg
2025-11-24T22:31:52.443+05:30  WARN 74399 --- [order-service] [springCloudBus.anonymous.8N74X9lwRiehREOImpPZrg-13] [                                                 ] o.s.a.r.listener.BlockingQueueConsumer   : Queue declaration failed; retries left=1

org.springframework.amqp.rabbit.listener.BlockingQueueConsumer$DeclarationException: Failed to declare queue(s):[springCloudBus.anonymous.8N74X9lwRiehREOImpPZrg]
	at org.springframework.amqp.rabbit.listener.BlockingQueueConsumer.attemptPassiveDeclarations(BlockingQueueConsumer.java:772) ~[spring-rabbit-3.2.8.jar:3.2.8]
	at org.springframework.amqp.rabbit.listener.BlockingQueueConsumer.passiveDeclarations(BlockingQueueConsumer.java:649) ~[spring-rabbit-3.2.8.jar:3.2.8]
	at org.springframework.amqp.rabbit.listener.BlockingQueueConsumer.start(BlockingQueueConsumer.java:636) ~[spring-rabbit-3.2.8.jar:3.2.8]
	at org.springframework.amqp.rabbit.listener.SimpleMessageListenerContainer$AsyncMessageProcessingConsumer.initialize(SimpleMessageListenerContainer.java:1490) ~[spring-rabbit-3.2.8.jar:3.2.8]
	at org.springframework.amqp.rabbit.listener.SimpleMessageListenerContainer$AsyncMessageProcessingConsumer.run(SimpleMessageListenerContainer.java:1328) ~[spring-rabbit-3.2.8.jar:3.2.8]
	at java.base/java.lang.Thread.run(Thread.java:1570) ~[na:na]
Caused by: java.io.IOException: null
	at com.rabbitmq.client.impl.AMQChannel.wrap(AMQChannel.java:140) ~[amqp-client-5.25.0.jar:5.25.0]
	at com.rabbitmq.client.impl.AMQChannel.wrap(AMQChannel.java:136) ~[amqp-client-5.25.0.jar:5.25.0]
	at com.rabbitmq.client.impl.AMQChannel.exnWrappingRpc(AMQChannel.java:158) ~[amqp-client-5.25.0.jar:5.25.0]
	at com.rabbitmq.client.impl.ChannelN.queueDeclarePassive(ChannelN.java:1033) ~[amqp-client-5.25.0.jar:5.25.0]
	at com.rabbitmq.client.impl.ChannelN.queueDeclarePassive(ChannelN.java:47) ~[amqp-client-5.25.0.jar:5.25.0]
	at java.base/jdk.internal.reflect.DirectMethodHandleAccessor.invoke(DirectMethodHandleAccessor.java:103) ~[na:na]
	at java.base/java.lang.reflect.Method.invoke(Method.java:580) ~[na:na]
	at org.springframework.amqp.rabbit.connection.CachingConnectionFactory$CachedChannelInvocationHandler.invoke(CachingConnectionFactory.java:1201) ~[spring-rabbit-3.2.8.jar:3.2.8]
	at jdk.proxy2/jdk.proxy2.$Proxy230.queueDeclarePassive(Unknown Source) ~[na:na]
	at org.springframework.amqp.rabbit.listener.BlockingQueueConsumer.attemptPassiveDeclarations(BlockingQueueConsumer.java:750) ~[spring-rabbit-3.2.8.jar:3.2.8]
	... 5 common frames omitted
Caused by: com.rabbitmq.client.ShutdownSignalException: channel error; protocol method: #method<channel.close>(reply-code=404, reply-text=NOT_FOUND - no queue 'springCloudBus.anonymous.8N74X9lwRiehREOImpPZrg' in vhost 'dwtkuyzt', class-id=50, method-id=10)
	at com.rabbitmq.utility.ValueOrException.getValue(ValueOrException.java:66) ~[amqp-client-5.25.0.jar:5.25.0]
	at com.rabbitmq.utility.BlockingValueOrException.uninterruptibleGetValue(BlockingValueOrException.java:36) ~[amqp-client-5.25.0.jar:5.25.0]
	at com.rabbitmq.client.impl.AMQChannel$BlockingRpcContinuation.getReply(AMQChannel.java:552) ~[amqp-client-5.25.0.jar:5.25.0]
	at com.rabbitmq.client.impl.AMQChannel.privateRpc(AMQChannel.java:316) ~[amqp-client-5.25.0.jar:5.25.0]
	at com.rabbitmq.client.impl.AMQChannel.exnWrappingRpc(AMQChannel.java:152) ~[amqp-client-5.25.0.jar:5.25.0]
	... 12 common frames omitted
Caused by: com.rabbitmq.client.ShutdownSignalException: channel error; protocol method: #method<channel.close>(reply-code=404, reply-text=NOT_FOUND - no queue 'springCloudBus.anonymous.8N74X9lwRiehREOImpPZrg' in vhost 'dwtkuyzt', class-id=50, method-id=10)
	at com.rabbitmq.client.impl.ChannelN.asyncShutdown(ChannelN.java:528) ~[amqp-client-5.25.0.jar:5.25.0]
	at com.rabbitmq.client.impl.ChannelN.processAsync(ChannelN.java:349) ~[amqp-client-5.25.0.jar:5.25.0]
	at com.rabbitmq.client.impl.AMQChannel.handleCompleteInboundCommand(AMQChannel.java:193) ~[amqp-client-5.25.0.jar:5.25.0]
	at com.rabbitmq.client.impl.AMQChannel.handleFrame(AMQChannel.java:125) ~[amqp-client-5.25.0.jar:5.25.0]
	at com.rabbitmq.client.impl.AMQConnection.readFrame(AMQConnection.java:761) ~[amqp-client-5.25.0.jar:5.25.0]
	at com.rabbitmq.client.impl.AMQConnection.access$400(AMQConnection.java:48) ~[amqp-client-5.25.0.jar:5.25.0]
	at com.rabbitmq.client.impl.AMQConnection$MainLoop.run(AMQConnection.java:688) ~[amqp-client-5.25.0.jar:5.25.0]
	... 1 common frames omitted

2025-11-24T22:31:57.983+05:30  WARN 74399 --- [order-service] [springCloudBus.anonymous.8N74X9lwRiehREOImpPZrg-13] [                                                 ] o.s.a.r.listener.BlockingQueueConsumer   : Failed to declare queue: springCloudBus.anonymous.8N74X9lwRiehREOImpPZrg
2025-11-24T22:32:03.069+05:30 ERROR 74399 --- [order-service] [springCloudBus.anonymous.8N74X9lwRiehREOImpPZrg-13] [                                                 ] o.s.a.r.l.SimpleMessageListenerContainer : Consumer threw missing queues exception, fatal=false

org.springframework.amqp.rabbit.listener.QueuesNotAvailableException: Cannot prepare queue for listener. Either the queue doesn't exist or the broker will not allow us to use it.
	at org.springframework.amqp.rabbit.listener.BlockingQueueConsumer.handleDeclarationException(BlockingQueueConsumer.java:722) ~[spring-rabbit-3.2.8.jar:3.2.8]
	at org.springframework.amqp.rabbit.listener.BlockingQueueConsumer.passiveDeclarations(BlockingQueueConsumer.java:656) ~[spring-rabbit-3.2.8.jar:3.2.8]
	at org.springframework.amqp.rabbit.listener.BlockingQueueConsumer.start(BlockingQueueConsumer.java:636) ~[spring-rabbit-3.2.8.jar:3.2.8]
	at org.springframework.amqp.rabbit.listener.SimpleMessageListenerContainer$AsyncMessageProcessingConsumer.initialize(SimpleMessageListenerContainer.java:1490) ~[spring-rabbit-3.2.8.jar:3.2.8]
	at org.springframework.amqp.rabbit.listener.SimpleMessageListenerContainer$AsyncMessageProcessingConsumer.run(SimpleMessageListenerContainer.java:1328) ~[spring-rabbit-3.2.8.jar:3.2.8]
	at java.base/java.lang.Thread.run(Thread.java:1570) ~[na:na]
Caused by: org.springframework.amqp.rabbit.listener.BlockingQueueConsumer$DeclarationException: Failed to declare queue(s):[springCloudBus.anonymous.8N74X9lwRiehREOImpPZrg]
	at org.springframework.amqp.rabbit.listener.BlockingQueueConsumer.attemptPassiveDeclarations(BlockingQueueConsumer.java:772) ~[spring-rabbit-3.2.8.jar:3.2.8]
	at org.springframework.amqp.rabbit.listener.BlockingQueueConsumer.passiveDeclarations(BlockingQueueConsumer.java:649) ~[spring-rabbit-3.2.8.jar:3.2.8]
	... 4 common frames omitted
Caused by: java.io.IOException: null
	at com.rabbitmq.client.impl.AMQChannel.wrap(AMQChannel.java:140) ~[amqp-client-5.25.0.jar:5.25.0]
	at com.rabbitmq.client.impl.AMQChannel.wrap(AMQChannel.java:136) ~[amqp-client-5.25.0.jar:5.25.0]
	at com.rabbitmq.client.impl.AMQChannel.exnWrappingRpc(AMQChannel.java:158) ~[amqp-client-5.25.0.jar:5.25.0]
	at com.rabbitmq.client.impl.ChannelN.queueDeclarePassive(ChannelN.java:1033) ~[amqp-client-5.25.0.jar:5.25.0]
	at com.rabbitmq.client.impl.ChannelN.queueDeclarePassive(ChannelN.java:47) ~[amqp-client-5.25.0.jar:5.25.0]
	at java.base/jdk.internal.reflect.DirectMethodHandleAccessor.invoke(DirectMethodHandleAccessor.java:103) ~[na:na]
	at java.base/java.lang.reflect.Method.invoke(Method.java:580) ~[na:na]
	at org.springframework.amqp.rabbit.connection.CachingConnectionFactory$CachedChannelInvocationHandler.invoke(CachingConnectionFactory.java:1201) ~[spring-rabbit-3.2.8.jar:3.2.8]
	at jdk.proxy2/jdk.proxy2.$Proxy230.queueDeclarePassive(Unknown Source) ~[na:na]
	at org.springframework.amqp.rabbit.listener.BlockingQueueConsumer.attemptPassiveDeclarations(BlockingQueueConsumer.java:750) ~[spring-rabbit-3.2.8.jar:3.2.8]
	... 5 common frames omitted
Caused by: com.rabbitmq.client.ShutdownSignalException: channel error; protocol method: #method<channel.close>(reply-code=404, reply-text=NOT_FOUND - no queue 'springCloudBus.anonymous.8N74X9lwRiehREOImpPZrg' in vhost 'dwtkuyzt', class-id=50, method-id=10)
	at com.rabbitmq.utility.ValueOrException.getValue(ValueOrException.java:66) ~[amqp-client-5.25.0.jar:5.25.0]
	at com.rabbitmq.utility.BlockingValueOrException.uninterruptibleGetValue(BlockingValueOrException.java:36) ~[amqp-client-5.25.0.jar:5.25.0]
	at com.rabbitmq.client.impl.AMQChannel$BlockingRpcContinuation.getReply(AMQChannel.java:552) ~[amqp-client-5.25.0.jar:5.25.0]
	at com.rabbitmq.client.impl.AMQChannel.privateRpc(AMQChannel.java:316) ~[amqp-client-5.25.0.jar:5.25.0]
	at com.rabbitmq.client.impl.AMQChannel.exnWrappingRpc(AMQChannel.java:152) ~[amqp-client-5.25.0.jar:5.25.0]
	... 12 common frames omitted
Caused by: com.rabbitmq.client.ShutdownSignalException: channel error; protocol method: #method<channel.close>(reply-code=404, reply-text=NOT_FOUND - no queue 'springCloudBus.anonymous.8N74X9lwRiehREOImpPZrg' in vhost 'dwtkuyzt', class-id=50, method-id=10)
	at com.rabbitmq.client.impl.ChannelN.asyncShutdown(ChannelN.java:528) ~[amqp-client-5.25.0.jar:5.25.0]
	at com.rabbitmq.client.impl.ChannelN.processAsync(ChannelN.java:349) ~[amqp-client-5.25.0.jar:5.25.0]
	at com.rabbitmq.client.impl.AMQChannel.handleCompleteInboundCommand(AMQChannel.java:193) ~[amqp-client-5.25.0.jar:5.25.0]
	at com.rabbitmq.client.impl.AMQChannel.handleFrame(AMQChannel.java:125) ~[amqp-client-5.25.0.jar:5.25.0]
	at com.rabbitmq.client.impl.AMQConnection.readFrame(AMQConnection.java:761) ~[amqp-client-5.25.0.jar:5.25.0]
	at com.rabbitmq.client.impl.AMQConnection.access$400(AMQConnection.java:48) ~[amqp-client-5.25.0.jar:5.25.0]
	at com.rabbitmq.client.impl.AMQConnection$MainLoop.run(AMQConnection.java:688) ~[amqp-client-5.25.0.jar:5.25.0]
	... 1 common frames omitted

2025-11-24T22:32:03.073+05:30  INFO 74399 --- [order-service] [springCloudBus.anonymous.8N74X9lwRiehREOImpPZrg-13] [                                                 ] o.s.a.r.l.SimpleMessageListenerContainer : Restarting Consumer@102181dc: tags=[[]], channel=Cached Rabbit Channel: AMQChannel(amqp://dwtkuyzt@35.153.225.39:5672/dwtkuyzt,1), conn: Proxy@63e64174 Shared Rabbit Connection: SimpleConnection@718c61c0 [delegate=amqp://dwtkuyzt@35.153.225.39:5672/dwtkuyzt, localPort=61556], acknowledgeMode=AUTO local queue size=0
2025-11-24T22:32:04.147+05:30  WARN 74399 --- [order-service] [springCloudBus.anonymous.8N74X9lwRiehREOImpPZrg-14] [                                                 ] o.s.a.r.listener.BlockingQueueConsumer   : Failed to declare queue: springCloudBus.anonymous.8N74X9lwRiehREOImpPZrg
2025-11-24T22:32:04.147+05:30  WARN 74399 --- [order-service] [springCloudBus.anonymous.8N74X9lwRiehREOImpPZrg-14] [                                                 ] o.s.a.r.listener.BlockingQueueConsumer   : Queue declaration failed; retries left=3

org.springframework.amqp.rabbit.listener.BlockingQueueConsumer$DeclarationException: Failed to declare queue(s):[springCloudBus.anonymous.8N74X9lwRiehREOImpPZrg]
	at org.springframework.amqp.rabbit.listener.BlockingQueueConsumer.attemptPassiveDeclarations(BlockingQueueConsumer.java:772) ~[spring-rabbit-3.2.8.jar:3.2.8]
	at org.springframework.amqp.rabbit.listener.BlockingQueueConsumer.passiveDeclarations(BlockingQueueConsumer.java:649) ~[spring-rabbit-3.2.8.jar:3.2.8]
	at org.springframework.amqp.rabbit.listener.BlockingQueueConsumer.start(BlockingQueueConsumer.java:636) ~[spring-rabbit-3.2.8.jar:3.2.8]
	at org.springframework.amqp.rabbit.listener.SimpleMessageListenerContainer$AsyncMessageProcessingConsumer.initialize(SimpleMessageListenerContainer.java:1490) ~[spring-rabbit-3.2.8.jar:3.2.8]
	at org.springframework.amqp.rabbit.listener.SimpleMessageListenerContainer$AsyncMessageProcessingConsumer.run(SimpleMessageListenerContainer.java:1328) ~[spring-rabbit-3.2.8.jar:3.2.8]
	at java.base/java.lang.Thread.run(Thread.java:1570) ~[na:na]
Caused by: java.io.IOException: null
	at com.rabbitmq.client.impl.AMQChannel.wrap(AMQChannel.java:140) ~[amqp-client-5.25.0.jar:5.25.0]
	at com.rabbitmq.client.impl.AMQChannel.wrap(AMQChannel.java:136) ~[amqp-client-5.25.0.jar:5.25.0]
	at com.rabbitmq.client.impl.AMQChannel.exnWrappingRpc(AMQChannel.java:158) ~[amqp-client-5.25.0.jar:5.25.0]
	at com.rabbitmq.client.impl.ChannelN.queueDeclarePassive(ChannelN.java:1033) ~[amqp-client-5.25.0.jar:5.25.0]
	at com.rabbitmq.client.impl.ChannelN.queueDeclarePassive(ChannelN.java:47) ~[amqp-client-5.25.0.jar:5.25.0]
	at java.base/jdk.internal.reflect.DirectMethodHandleAccessor.invoke(DirectMethodHandleAccessor.java:103) ~[na:na]
	at java.base/java.lang.reflect.Method.invoke(Method.java:580) ~[na:na]
	at org.springframework.amqp.rabbit.connection.CachingConnectionFactory$CachedChannelInvocationHandler.invoke(CachingConnectionFactory.java:1201) ~[spring-rabbit-3.2.8.jar:3.2.8]
	at jdk.proxy2/jdk.proxy2.$Proxy230.queueDeclarePassive(Unknown Source) ~[na:na]
	at org.springframework.amqp.rabbit.listener.BlockingQueueConsumer.attemptPassiveDeclarations(BlockingQueueConsumer.java:750) ~[spring-rabbit-3.2.8.jar:3.2.8]
	... 5 common frames omitted
Caused by: com.rabbitmq.client.ShutdownSignalException: channel error; protocol method: #method<channel.close>(reply-code=404, reply-text=NOT_FOUND - no queue 'springCloudBus.anonymous.8N74X9lwRiehREOImpPZrg' in vhost 'dwtkuyzt', class-id=50, method-id=10)
	at com.rabbitmq.utility.ValueOrException.getValue(ValueOrException.java:66) ~[amqp-client-5.25.0.jar:5.25.0]
	at com.rabbitmq.utility.BlockingValueOrException.uninterruptibleGetValue(BlockingValueOrException.java:36) ~[amqp-client-5.25.0.jar:5.25.0]
	at com.rabbitmq.client.impl.AMQChannel$BlockingRpcContinuation.getReply(AMQChannel.java:552) ~[amqp-client-5.25.0.jar:5.25.0]
	at com.rabbitmq.client.impl.AMQChannel.privateRpc(AMQChannel.java:316) ~[amqp-client-5.25.0.jar:5.25.0]
	at com.rabbitmq.client.impl.AMQChannel.exnWrappingRpc(AMQChannel.java:152) ~[amqp-client-5.25.0.jar:5.25.0]
	... 12 common frames omitted
Caused by: com.rabbitmq.client.ShutdownSignalException: channel error; protocol method: #method<channel.close>(reply-code=404, reply-text=NOT_FOUND - no queue 'springCloudBus.anonymous.8N74X9lwRiehREOImpPZrg' in vhost 'dwtkuyzt', class-id=50, method-id=10)
	at com.rabbitmq.client.impl.ChannelN.asyncShutdown(ChannelN.java:528) ~[amqp-client-5.25.0.jar:5.25.0]
	at com.rabbitmq.client.impl.ChannelN.processAsync(ChannelN.java:349) ~[amqp-client-5.25.0.jar:5.25.0]
	at com.rabbitmq.client.impl.AMQChannel.handleCompleteInboundCommand(AMQChannel.java:193) ~[amqp-client-5.25.0.jar:5.25.0]
	at com.rabbitmq.client.impl.AMQChannel.handleFrame(AMQChannel.java:125) ~[amqp-client-5.25.0.jar:5.25.0]
	at com.rabbitmq.client.impl.AMQConnection.readFrame(AMQConnection.java:761) ~[amqp-client-5.25.0.jar:5.25.0]
	at com.rabbitmq.client.impl.AMQConnection.access$400(AMQConnection.java:48) ~[amqp-client-5.25.0.jar:5.25.0]
	at com.rabbitmq.client.impl.AMQConnection$MainLoop.run(AMQConnection.java:688) ~[amqp-client-5.25.0.jar:5.25.0]
	... 1 common frames omitted

2025-11-24T22:32:09.681+05:30  WARN 74399 --- [order-service] [springCloudBus.anonymous.8N74X9lwRiehREOImpPZrg-14] [                                                 ] o.s.a.r.listener.BlockingQueueConsumer   : Failed to declare queue: springCloudBus.anonymous.8N74X9lwRiehREOImpPZrg
2025-11-24T22:32:09.681+05:30  WARN 74399 --- [order-service] [springCloudBus.anonymous.8N74X9lwRiehREOImpPZrg-14] [                                                 ] o.s.a.r.listener.BlockingQueueConsumer   : Queue declaration failed; retries left=2

org.springframework.amqp.rabbit.listener.BlockingQueueConsumer$DeclarationException: Failed to declare queue(s):[springCloudBus.anonymous.8N74X9lwRiehREOImpPZrg]
	at org.springframework.amqp.rabbit.listener.BlockingQueueConsumer.attemptPassiveDeclarations(BlockingQueueConsumer.java:772) ~[spring-rabbit-3.2.8.jar:3.2.8]
	at org.springframework.amqp.rabbit.listener.BlockingQueueConsumer.passiveDeclarations(BlockingQueueConsumer.java:649) ~[spring-rabbit-3.2.8.jar:3.2.8]
	at org.springframework.amqp.rabbit.listener.BlockingQueueConsumer.start(BlockingQueueConsumer.java:636) ~[spring-rabbit-3.2.8.jar:3.2.8]
	at org.springframework.amqp.rabbit.listener.SimpleMessageListenerContainer$AsyncMessageProcessingConsumer.initialize(SimpleMessageListenerContainer.java:1490) ~[spring-rabbit-3.2.8.jar:3.2.8]
	at org.springframework.amqp.rabbit.listener.SimpleMessageListenerContainer$AsyncMessageProcessingConsumer.run(SimpleMessageListenerContainer.java:1328) ~[spring-rabbit-3.2.8.jar:3.2.8]
	at java.base/java.lang.Thread.run(Thread.java:1570) ~[na:na]
Caused by: java.io.IOException: null
	at com.rabbitmq.client.impl.AMQChannel.wrap(AMQChannel.java:140) ~[amqp-client-5.25.0.jar:5.25.0]
	at com.rabbitmq.client.impl.AMQChannel.wrap(AMQChannel.java:136) ~[amqp-client-5.25.0.jar:5.25.0]
	at com.rabbitmq.client.impl.AMQChannel.exnWrappingRpc(AMQChannel.java:158) ~[amqp-client-5.25.0.jar:5.25.0]
	at com.rabbitmq.client.impl.ChannelN.queueDeclarePassive(ChannelN.java:1033) ~[amqp-client-5.25.0.jar:5.25.0]
	at com.rabbitmq.client.impl.ChannelN.queueDeclarePassive(ChannelN.java:47) ~[amqp-client-5.25.0.jar:5.25.0]
	at java.base/jdk.internal.reflect.DirectMethodHandleAccessor.invoke(DirectMethodHandleAccessor.java:103) ~[na:na]
	at java.base/java.lang.reflect.Method.invoke(Method.java:580) ~[na:na]
	at org.springframework.amqp.rabbit.connection.CachingConnectionFactory$CachedChannelInvocationHandler.invoke(CachingConnectionFactory.java:1201) ~[spring-rabbit-3.2.8.jar:3.2.8]
	at jdk.proxy2/jdk.proxy2.$Proxy230.queueDeclarePassive(Unknown Source) ~[na:na]
	at org.springframework.amqp.rabbit.listener.BlockingQueueConsumer.attemptPassiveDeclarations(BlockingQueueConsumer.java:750) ~[spring-rabbit-3.2.8.jar:3.2.8]
	... 5 common frames omitted
Caused by: com.rabbitmq.client.ShutdownSignalException: channel error; protocol method: #method<channel.close>(reply-code=404, reply-text=NOT_FOUND - no queue 'springCloudBus.anonymous.8N74X9lwRiehREOImpPZrg' in vhost 'dwtkuyzt', class-id=50, method-id=10)
	at com.rabbitmq.utility.ValueOrException.getValue(ValueOrException.java:66) ~[amqp-client-5.25.0.jar:5.25.0]
	at com.rabbitmq.utility.BlockingValueOrException.uninterruptibleGetValue(BlockingValueOrException.java:36) ~[amqp-client-5.25.0.jar:5.25.0]
	at com.rabbitmq.client.impl.AMQChannel$BlockingRpcContinuation.getReply(AMQChannel.java:552) ~[amqp-client-5.25.0.jar:5.25.0]
	at com.rabbitmq.client.impl.AMQChannel.privateRpc(AMQChannel.java:316) ~[amqp-client-5.25.0.jar:5.25.0]
	at com.rabbitmq.client.impl.AMQChannel.exnWrappingRpc(AMQChannel.java:152) ~[amqp-client-5.25.0.jar:5.25.0]
	... 12 common frames omitted
Caused by: com.rabbitmq.client.ShutdownSignalException: channel error; protocol method: #method<channel.close>(reply-code=404, reply-text=NOT_FOUND - no queue 'springCloudBus.anonymous.8N74X9lwRiehREOImpPZrg' in vhost 'dwtkuyzt', class-id=50, method-id=10)
	at com.rabbitmq.client.impl.ChannelN.asyncShutdown(ChannelN.java:528) ~[amqp-client-5.25.0.jar:5.25.0]
	at com.rabbitmq.client.impl.ChannelN.processAsync(ChannelN.java:349) ~[amqp-client-5.25.0.jar:5.25.0]
	at com.rabbitmq.client.impl.AMQChannel.handleCompleteInboundCommand(AMQChannel.java:193) ~[amqp-client-5.25.0.jar:5.25.0]
	at com.rabbitmq.client.impl.AMQChannel.handleFrame(AMQChannel.java:125) ~[amqp-client-5.25.0.jar:5.25.0]
	at com.rabbitmq.client.impl.AMQConnection.readFrame(AMQConnection.java:761) ~[amqp-client-5.25.0.jar:5.25.0]
	at com.rabbitmq.client.impl.AMQConnection.access$400(AMQConnection.java:48) ~[amqp-client-5.25.0.jar:5.25.0]
	at com.rabbitmq.client.impl.AMQConnection$MainLoop.run(AMQConnection.java:688) ~[amqp-client-5.25.0.jar:5.25.0]
	... 1 common frames omitted

2025-11-24T22:32:15.224+05:30  WARN 74399 --- [order-service] [springCloudBus.anonymous.8N74X9lwRiehREOImpPZrg-14] [                                                 ] o.s.a.r.listener.BlockingQueueConsumer   : Failed to declare queue: springCloudBus.anonymous.8N74X9lwRiehREOImpPZrg
2025-11-24T22:32:15.225+05:30  WARN 74399 --- [order-service] [springCloudBus.anonymous.8N74X9lwRiehREOImpPZrg-14] [                                                 ] o.s.a.r.listener.BlockingQueueConsumer   : Queue declaration failed; retries left=1

org.springframework.amqp.rabbit.listener.BlockingQueueConsumer$DeclarationException: Failed to declare queue(s):[springCloudBus.anonymous.8N74X9lwRiehREOImpPZrg]
	at org.springframework.amqp.rabbit.listener.BlockingQueueConsumer.attemptPassiveDeclarations(BlockingQueueConsumer.java:772) ~[spring-rabbit-3.2.8.jar:3.2.8]
	at org.springframework.amqp.rabbit.listener.BlockingQueueConsumer.passiveDeclarations(BlockingQueueConsumer.java:649) ~[spring-rabbit-3.2.8.jar:3.2.8]
	at org.springframework.amqp.rabbit.listener.BlockingQueueConsumer.start(BlockingQueueConsumer.java:636) ~[spring-rabbit-3.2.8.jar:3.2.8]
	at org.springframework.amqp.rabbit.listener.SimpleMessageListenerContainer$AsyncMessageProcessingConsumer.initialize(SimpleMessageListenerContainer.java:1490) ~[spring-rabbit-3.2.8.jar:3.2.8]
	at org.springframework.amqp.rabbit.listener.SimpleMessageListenerContainer$AsyncMessageProcessingConsumer.run(SimpleMessageListenerContainer.java:1328) ~[spring-rabbit-3.2.8.jar:3.2.8]
	at java.base/java.lang.Thread.run(Thread.java:1570) ~[na:na]
Caused by: java.io.IOException: null
	at com.rabbitmq.client.impl.AMQChannel.wrap(AMQChannel.java:140) ~[amqp-client-5.25.0.jar:5.25.0]
	at com.rabbitmq.client.impl.AMQChannel.wrap(AMQChannel.java:136) ~[amqp-client-5.25.0.jar:5.25.0]
	at com.rabbitmq.client.impl.AMQChannel.exnWrappingRpc(AMQChannel.java:158) ~[amqp-client-5.25.0.jar:5.25.0]
	at com.rabbitmq.client.impl.ChannelN.queueDeclarePassive(ChannelN.java:1033) ~[amqp-client-5.25.0.jar:5.25.0]
	at com.rabbitmq.client.impl.ChannelN.queueDeclarePassive(ChannelN.java:47) ~[amqp-client-5.25.0.jar:5.25.0]
	at java.base/jdk.internal.reflect.DirectMethodHandleAccessor.invoke(DirectMethodHandleAccessor.java:103) ~[na:na]
	at java.base/java.lang.reflect.Method.invoke(Method.java:580) ~[na:na]
	at org.springframework.amqp.rabbit.connection.CachingConnectionFactory$CachedChannelInvocationHandler.invoke(CachingConnectionFactory.java:1201) ~[spring-rabbit-3.2.8.jar:3.2.8]
	at jdk.proxy2/jdk.proxy2.$Proxy230.queueDeclarePassive(Unknown Source) ~[na:na]
	at org.springframework.amqp.rabbit.listener.BlockingQueueConsumer.attemptPassiveDeclarations(BlockingQueueConsumer.java:750) ~[spring-rabbit-3.2.8.jar:3.2.8]
	... 5 common frames omitted
Caused by: com.rabbitmq.client.ShutdownSignalException: channel error; protocol method: #method<channel.close>(reply-code=404, reply-text=NOT_FOUND - no queue 'springCloudBus.anonymous.8N74X9lwRiehREOImpPZrg' in vhost 'dwtkuyzt', class-id=50, method-id=10)
	at com.rabbitmq.utility.ValueOrException.getValue(ValueOrException.java:66) ~[amqp-client-5.25.0.jar:5.25.0]
	at com.rabbitmq.utility.BlockingValueOrException.uninterruptibleGetValue(BlockingValueOrException.java:36) ~[amqp-client-5.25.0.jar:5.25.0]
	at com.rabbitmq.client.impl.AMQChannel$BlockingRpcContinuation.getReply(AMQChannel.java:552) ~[amqp-client-5.25.0.jar:5.25.0]
	at com.rabbitmq.client.impl.AMQChannel.privateRpc(AMQChannel.java:316) ~[amqp-client-5.25.0.jar:5.25.0]
	at com.rabbitmq.client.impl.AMQChannel.exnWrappingRpc(AMQChannel.java:152) ~[amqp-client-5.25.0.jar:5.25.0]
	... 12 common frames omitted
Caused by: com.rabbitmq.client.ShutdownSignalException: channel error; protocol method: #method<channel.close>(reply-code=404, reply-text=NOT_FOUND - no queue 'springCloudBus.anonymous.8N74X9lwRiehREOImpPZrg' in vhost 'dwtkuyzt', class-id=50, method-id=10)
	at com.rabbitmq.client.impl.ChannelN.asyncShutdown(ChannelN.java:528) ~[amqp-client-5.25.0.jar:5.25.0]
	at com.rabbitmq.client.impl.ChannelN.processAsync(ChannelN.java:349) ~[amqp-client-5.25.0.jar:5.25.0]
	at com.rabbitmq.client.impl.AMQChannel.handleCompleteInboundCommand(AMQChannel.java:193) ~[amqp-client-5.25.0.jar:5.25.0]
	at com.rabbitmq.client.impl.AMQChannel.handleFrame(AMQChannel.java:125) ~[amqp-client-5.25.0.jar:5.25.0]
	at com.rabbitmq.client.impl.AMQConnection.readFrame(AMQConnection.java:761) ~[amqp-client-5.25.0.jar:5.25.0]
	at com.rabbitmq.client.impl.AMQConnection.access$400(AMQConnection.java:48) ~[amqp-client-5.25.0.jar:5.25.0]
	at com.rabbitmq.client.impl.AMQConnection$MainLoop.run(AMQConnection.java:688) ~[amqp-client-5.25.0.jar:5.25.0]
	... 1 common frames omitted

2025-11-24T22:32:20.767+05:30  WARN 74399 --- [order-service] [springCloudBus.anonymous.8N74X9lwRiehREOImpPZrg-14] [                                                 ] o.s.a.r.listener.BlockingQueueConsumer   : Failed to declare queue: springCloudBus.anonymous.8N74X9lwRiehREOImpPZrg
2025-11-24T22:32:25.837+05:30 ERROR 74399 --- [order-service] [springCloudBus.anonymous.8N74X9lwRiehREOImpPZrg-14] [                                                 ] o.s.a.r.l.SimpleMessageListenerContainer : Consumer threw missing queues exception, fatal=false

org.springframework.amqp.rabbit.listener.QueuesNotAvailableException: Cannot prepare queue for listener. Either the queue doesn't exist or the broker will not allow us to use it.
	at org.springframework.amqp.rabbit.listener.BlockingQueueConsumer.handleDeclarationException(BlockingQueueConsumer.java:722) ~[spring-rabbit-3.2.8.jar:3.2.8]
	at org.springframework.amqp.rabbit.listener.BlockingQueueConsumer.passiveDeclarations(BlockingQueueConsumer.java:656) ~[spring-rabbit-3.2.8.jar:3.2.8]
	at org.springframework.amqp.rabbit.listener.BlockingQueueConsumer.start(BlockingQueueConsumer.java:636) ~[spring-rabbit-3.2.8.jar:3.2.8]
	at org.springframework.amqp.rabbit.listener.SimpleMessageListenerContainer$AsyncMessageProcessingConsumer.initialize(SimpleMessageListenerContainer.java:1490) ~[spring-rabbit-3.2.8.jar:3.2.8]
	at org.springframework.amqp.rabbit.listener.SimpleMessageListenerContainer$AsyncMessageProcessingConsumer.run(SimpleMessageListenerContainer.java:1328) ~[spring-rabbit-3.2.8.jar:3.2.8]
	at java.base/java.lang.Thread.run(Thread.java:1570) ~[na:na]
Caused by: org.springframework.amqp.rabbit.listener.BlockingQueueConsumer$DeclarationException: Failed to declare queue(s):[springCloudBus.anonymous.8N74X9lwRiehREOImpPZrg]
	at org.springframework.amqp.rabbit.listener.BlockingQueueConsumer.attemptPassiveDeclarations(BlockingQueueConsumer.java:772) ~[spring-rabbit-3.2.8.jar:3.2.8]
	at org.springframework.amqp.rabbit.listener.BlockingQueueConsumer.passiveDeclarations(BlockingQueueConsumer.java:649) ~[spring-rabbit-3.2.8.jar:3.2.8]
	... 4 common frames omitted
Caused by: java.io.IOException: null
	at com.rabbitmq.client.impl.AMQChannel.wrap(AMQChannel.java:140) ~[amqp-client-5.25.0.jar:5.25.0]
	at com.rabbitmq.client.impl.AMQChannel.wrap(AMQChannel.java:136) ~[amqp-client-5.25.0.jar:5.25.0]
	at com.rabbitmq.client.impl.AMQChannel.exnWrappingRpc(AMQChannel.java:158) ~[amqp-client-5.25.0.jar:5.25.0]
	at com.rabbitmq.client.impl.ChannelN.queueDeclarePassive(ChannelN.java:1033) ~[amqp-client-5.25.0.jar:5.25.0]
	at com.rabbitmq.client.impl.ChannelN.queueDeclarePassive(ChannelN.java:47) ~[amqp-client-5.25.0.jar:5.25.0]
	at java.base/jdk.internal.reflect.DirectMethodHandleAccessor.invoke(DirectMethodHandleAccessor.java:103) ~[na:na]
	at java.base/java.lang.reflect.Method.invoke(Method.java:580) ~[na:na]
	at org.springframework.amqp.rabbit.connection.CachingConnectionFactory$CachedChannelInvocationHandler.invoke(CachingConnectionFactory.java:1201) ~[spring-rabbit-3.2.8.jar:3.2.8]
	at jdk.proxy2/jdk.proxy2.$Proxy230.queueDeclarePassive(Unknown Source) ~[na:na]
	at org.springframework.amqp.rabbit.listener.BlockingQueueConsumer.attemptPassiveDeclarations(BlockingQueueConsumer.java:750) ~[spring-rabbit-3.2.8.jar:3.2.8]
	... 5 common frames omitted
Caused by: com.rabbitmq.client.ShutdownSignalException: channel error; protocol method: #method<channel.close>(reply-code=404, reply-text=NOT_FOUND - no queue 'springCloudBus.anonymous.8N74X9lwRiehREOImpPZrg' in vhost 'dwtkuyzt', class-id=50, method-id=10)
	at com.rabbitmq.utility.ValueOrException.getValue(ValueOrException.java:66) ~[amqp-client-5.25.0.jar:5.25.0]
	at com.rabbitmq.utility.BlockingValueOrException.uninterruptibleGetValue(BlockingValueOrException.java:36) ~[amqp-client-5.25.0.jar:5.25.0]
	at com.rabbitmq.client.impl.AMQChannel$BlockingRpcContinuation.getReply(AMQChannel.java:552) ~[amqp-client-5.25.0.jar:5.25.0]
	at com.rabbitmq.client.impl.AMQChannel.privateRpc(AMQChannel.java:316) ~[amqp-client-5.25.0.jar:5.25.0]
	at com.rabbitmq.client.impl.AMQChannel.exnWrappingRpc(AMQChannel.java:152) ~[amqp-client-5.25.0.jar:5.25.0]
	... 12 common frames omitted
Caused by: com.rabbitmq.client.ShutdownSignalException: channel error; protocol method: #method<channel.close>(reply-code=404, reply-text=NOT_FOUND - no queue 'springCloudBus.anonymous.8N74X9lwRiehREOImpPZrg' in vhost 'dwtkuyzt', class-id=50, method-id=10)
	at com.rabbitmq.client.impl.ChannelN.asyncShutdown(ChannelN.java:528) ~[amqp-client-5.25.0.jar:5.25.0]
	at com.rabbitmq.client.impl.ChannelN.processAsync(ChannelN.java:349) ~[amqp-client-5.25.0.jar:5.25.0]
	at com.rabbitmq.client.impl.AMQChannel.handleCompleteInboundCommand(AMQChannel.java:193) ~[amqp-client-5.25.0.jar:5.25.0]
	at com.rabbitmq.client.impl.AMQChannel.handleFrame(AMQChannel.java:125) ~[amqp-client-5.25.0.jar:5.25.0]
	at com.rabbitmq.client.impl.AMQConnection.readFrame(AMQConnection.java:761) ~[amqp-client-5.25.0.jar:5.25.0]
	at com.rabbitmq.client.impl.AMQConnection.access$400(AMQConnection.java:48) ~[amqp-client-5.25.0.jar:5.25.0]
	at com.rabbitmq.client.impl.AMQConnection$MainLoop.run(AMQConnection.java:688) ~[amqp-client-5.25.0.jar:5.25.0]
	... 1 common frames omitted

2025-11-24T22:32:25.839+05:30  INFO 74399 --- [order-service] [springCloudBus.anonymous.8N74X9lwRiehREOImpPZrg-14] [                                                 ] o.s.a.r.l.SimpleMessageListenerContainer : Restarting Consumer@51e4238c: tags=[[]], channel=Cached Rabbit Channel: AMQChannel(amqp://dwtkuyzt@35.153.225.39:5672/dwtkuyzt,1), conn: Proxy@63e64174 Shared Rabbit Connection: SimpleConnection@718c61c0 [delegate=amqp://dwtkuyzt@35.153.225.39:5672/dwtkuyzt, localPort=61556], acknowledgeMode=AUTO local queue size=0
2025-11-24T22:32:26.912+05:30  WARN 74399 --- [order-service] [springCloudBus.anonymous.8N74X9lwRiehREOImpPZrg-15] [                                                 ] o.s.a.r.listener.BlockingQueueConsumer   : Failed to declare queue: springCloudBus.anonymous.8N74X9lwRiehREOImpPZrg
2025-11-24T22:32:26.912+05:30  WARN 74399 --- [order-service] [springCloudBus.anonymous.8N74X9lwRiehREOImpPZrg-15] [                                                 ] o.s.a.r.listener.BlockingQueueConsumer   : Queue declaration failed; retries left=3

org.springframework.amqp.rabbit.listener.BlockingQueueConsumer$DeclarationException: Failed to declare queue(s):[springCloudBus.anonymous.8N74X9lwRiehREOImpPZrg]
	at org.springframework.amqp.rabbit.listener.BlockingQueueConsumer.attemptPassiveDeclarations(BlockingQueueConsumer.java:772) ~[spring-rabbit-3.2.8.jar:3.2.8]
	at org.springframework.amqp.rabbit.listener.BlockingQueueConsumer.passiveDeclarations(BlockingQueueConsumer.java:649) ~[spring-rabbit-3.2.8.jar:3.2.8]
	at org.springframework.amqp.rabbit.listener.BlockingQueueConsumer.start(BlockingQueueConsumer.java:636) ~[spring-rabbit-3.2.8.jar:3.2.8]
	at org.springframework.amqp.rabbit.listener.SimpleMessageListenerContainer$AsyncMessageProcessingConsumer.initialize(SimpleMessageListenerContainer.java:1490) ~[spring-rabbit-3.2.8.jar:3.2.8]
	at org.springframework.amqp.rabbit.listener.SimpleMessageListenerContainer$AsyncMessageProcessingConsumer.run(SimpleMessageListenerContainer.java:1328) ~[spring-rabbit-3.2.8.jar:3.2.8]
	at java.base/java.lang.Thread.run(Thread.java:1570) ~[na:na]
Caused by: java.io.IOException: null
	at com.rabbitmq.client.impl.AMQChannel.wrap(AMQChannel.java:140) ~[amqp-client-5.25.0.jar:5.25.0]
	at com.rabbitmq.client.impl.AMQChannel.wrap(AMQChannel.java:136) ~[amqp-client-5.25.0.jar:5.25.0]
	at com.rabbitmq.client.impl.AMQChannel.exnWrappingRpc(AMQChannel.java:158) ~[amqp-client-5.25.0.jar:5.25.0]
	at com.rabbitmq.client.impl.ChannelN.queueDeclarePassive(ChannelN.java:1033) ~[amqp-client-5.25.0.jar:5.25.0]
	at com.rabbitmq.client.impl.ChannelN.queueDeclarePassive(ChannelN.java:47) ~[amqp-client-5.25.0.jar:5.25.0]
	at java.base/jdk.internal.reflect.DirectMethodHandleAccessor.invoke(DirectMethodHandleAccessor.java:103) ~[na:na]
	at java.base/java.lang.reflect.Method.invoke(Method.java:580) ~[na:na]
	at org.springframework.amqp.rabbit.connection.CachingConnectionFactory$CachedChannelInvocationHandler.invoke(CachingConnectionFactory.java:1201) ~[spring-rabbit-3.2.8.jar:3.2.8]
	at jdk.proxy2/jdk.proxy2.$Proxy230.queueDeclarePassive(Unknown Source) ~[na:na]
	at org.springframework.amqp.rabbit.listener.BlockingQueueConsumer.attemptPassiveDeclarations(BlockingQueueConsumer.java:750) ~[spring-rabbit-3.2.8.jar:3.2.8]
	... 5 common frames omitted
Caused by: com.rabbitmq.client.ShutdownSignalException: channel error; protocol method: #method<channel.close>(reply-code=404, reply-text=NOT_FOUND - no queue 'springCloudBus.anonymous.8N74X9lwRiehREOImpPZrg' in vhost 'dwtkuyzt', class-id=50, method-id=10)
	at com.rabbitmq.utility.ValueOrException.getValue(ValueOrException.java:66) ~[amqp-client-5.25.0.jar:5.25.0]
	at com.rabbitmq.utility.BlockingValueOrException.uninterruptibleGetValue(BlockingValueOrException.java:36) ~[amqp-client-5.25.0.jar:5.25.0]
	at com.rabbitmq.client.impl.AMQChannel$BlockingRpcContinuation.getReply(AMQChannel.java:552) ~[amqp-client-5.25.0.jar:5.25.0]
	at com.rabbitmq.client.impl.AMQChannel.privateRpc(AMQChannel.java:316) ~[amqp-client-5.25.0.jar:5.25.0]
	at com.rabbitmq.client.impl.AMQChannel.exnWrappingRpc(AMQChannel.java:152) ~[amqp-client-5.25.0.jar:5.25.0]
	... 12 common frames omitted
Caused by: com.rabbitmq.client.ShutdownSignalException: channel error; protocol method: #method<channel.close>(reply-code=404, reply-text=NOT_FOUND - no queue 'springCloudBus.anonymous.8N74X9lwRiehREOImpPZrg' in vhost 'dwtkuyzt', class-id=50, method-id=10)
	at com.rabbitmq.client.impl.ChannelN.asyncShutdown(ChannelN.java:528) ~[amqp-client-5.25.0.jar:5.25.0]
	at com.rabbitmq.client.impl.ChannelN.processAsync(ChannelN.java:349) ~[amqp-client-5.25.0.jar:5.25.0]
	at com.rabbitmq.client.impl.AMQChannel.handleCompleteInboundCommand(AMQChannel.java:193) ~[amqp-client-5.25.0.jar:5.25.0]
	at com.rabbitmq.client.impl.AMQChannel.handleFrame(AMQChannel.java:125) ~[amqp-client-5.25.0.jar:5.25.0]
	at com.rabbitmq.client.impl.AMQConnection.readFrame(AMQConnection.java:761) ~[amqp-client-5.25.0.jar:5.25.0]
	at com.rabbitmq.client.impl.AMQConnection.access$400(AMQConnection.java:48) ~[amqp-client-5.25.0.jar:5.25.0]
	at com.rabbitmq.client.impl.AMQConnection$MainLoop.run(AMQConnection.java:688) ~[amqp-client-5.25.0.jar:5.25.0]
	... 1 common frames omitted

2025-11-24T22:32:32.450+05:30  WARN 74399 --- [order-service] [springCloudBus.anonymous.8N74X9lwRiehREOImpPZrg-15] [                                                 ] o.s.a.r.listener.BlockingQueueConsumer   : Failed to declare queue: springCloudBus.anonymous.8N74X9lwRiehREOImpPZrg
2025-11-24T22:32:32.450+05:30  WARN 74399 --- [order-service] [springCloudBus.anonymous.8N74X9lwRiehREOImpPZrg-15] [                                                 ] o.s.a.r.listener.BlockingQueueConsumer   : Queue declaration failed; retries left=2

org.springframework.amqp.rabbit.listener.BlockingQueueConsumer$DeclarationException: Failed to declare queue(s):[springCloudBus.anonymous.8N74X9lwRiehREOImpPZrg]
	at org.springframework.amqp.rabbit.listener.BlockingQueueConsumer.attemptPassiveDeclarations(BlockingQueueConsumer.java:772) ~[spring-rabbit-3.2.8.jar:3.2.8]
	at org.springframework.amqp.rabbit.listener.BlockingQueueConsumer.passiveDeclarations(BlockingQueueConsumer.java:649) ~[spring-rabbit-3.2.8.jar:3.2.8]
	at org.springframework.amqp.rabbit.listener.BlockingQueueConsumer.start(BlockingQueueConsumer.java:636) ~[spring-rabbit-3.2.8.jar:3.2.8]
	at org.springframework.amqp.rabbit.listener.SimpleMessageListenerContainer$AsyncMessageProcessingConsumer.initialize(SimpleMessageListenerContainer.java:1490) ~[spring-rabbit-3.2.8.jar:3.2.8]
	at org.springframework.amqp.rabbit.listener.SimpleMessageListenerContainer$AsyncMessageProcessingConsumer.run(SimpleMessageListenerContainer.java:1328) ~[spring-rabbit-3.2.8.jar:3.2.8]
	at java.base/java.lang.Thread.run(Thread.java:1570) ~[na:na]
Caused by: java.io.IOException: null
	at com.rabbitmq.client.impl.AMQChannel.wrap(AMQChannel.java:140) ~[amqp-client-5.25.0.jar:5.25.0]
	at com.rabbitmq.client.impl.AMQChannel.wrap(AMQChannel.java:136) ~[amqp-client-5.25.0.jar:5.25.0]
	at com.rabbitmq.client.impl.AMQChannel.exnWrappingRpc(AMQChannel.java:158) ~[amqp-client-5.25.0.jar:5.25.0]
	at com.rabbitmq.client.impl.ChannelN.queueDeclarePassive(ChannelN.java:1033) ~[amqp-client-5.25.0.jar:5.25.0]
	at com.rabbitmq.client.impl.ChannelN.queueDeclarePassive(ChannelN.java:47) ~[amqp-client-5.25.0.jar:5.25.0]
	at java.base/jdk.internal.reflect.DirectMethodHandleAccessor.invoke(DirectMethodHandleAccessor.java:103) ~[na:na]
	at java.base/java.lang.reflect.Method.invoke(Method.java:580) ~[na:na]
	at org.springframework.amqp.rabbit.connection.CachingConnectionFactory$CachedChannelInvocationHandler.invoke(CachingConnectionFactory.java:1201) ~[spring-rabbit-3.2.8.jar:3.2.8]
	at jdk.proxy2/jdk.proxy2.$Proxy230.queueDeclarePassive(Unknown Source) ~[na:na]
	at org.springframework.amqp.rabbit.listener.BlockingQueueConsumer.attemptPassiveDeclarations(BlockingQueueConsumer.java:750) ~[spring-rabbit-3.2.8.jar:3.2.8]
	... 5 common frames omitted
Caused by: com.rabbitmq.client.ShutdownSignalException: channel error; protocol method: #method<channel.close>(reply-code=404, reply-text=NOT_FOUND - no queue 'springCloudBus.anonymous.8N74X9lwRiehREOImpPZrg' in vhost 'dwtkuyzt', class-id=50, method-id=10)
	at com.rabbitmq.utility.ValueOrException.getValue(ValueOrException.java:66) ~[amqp-client-5.25.0.jar:5.25.0]
	at com.rabbitmq.utility.BlockingValueOrException.uninterruptibleGetValue(BlockingValueOrException.java:36) ~[amqp-client-5.25.0.jar:5.25.0]
	at com.rabbitmq.client.impl.AMQChannel$BlockingRpcContinuation.getReply(AMQChannel.java:552) ~[amqp-client-5.25.0.jar:5.25.0]
	at com.rabbitmq.client.impl.AMQChannel.privateRpc(AMQChannel.java:316) ~[amqp-client-5.25.0.jar:5.25.0]
	at com.rabbitmq.client.impl.AMQChannel.exnWrappingRpc(AMQChannel.java:152) ~[amqp-client-5.25.0.jar:5.25.0]
	... 12 common frames omitted
Caused by: com.rabbitmq.client.ShutdownSignalException: channel error; protocol method: #method<channel.close>(reply-code=404, reply-text=NOT_FOUND - no queue 'springCloudBus.anonymous.8N74X9lwRiehREOImpPZrg' in vhost 'dwtkuyzt', class-id=50, method-id=10)
	at com.rabbitmq.client.impl.ChannelN.asyncShutdown(ChannelN.java:528) ~[amqp-client-5.25.0.jar:5.25.0]
	at com.rabbitmq.client.impl.ChannelN.processAsync(ChannelN.java:349) ~[amqp-client-5.25.0.jar:5.25.0]
	at com.rabbitmq.client.impl.AMQChannel.handleCompleteInboundCommand(AMQChannel.java:193) ~[amqp-client-5.25.0.jar:5.25.0]
	at com.rabbitmq.client.impl.AMQChannel.handleFrame(AMQChannel.java:125) ~[amqp-client-5.25.0.jar:5.25.0]
	at com.rabbitmq.client.impl.AMQConnection.readFrame(AMQConnection.java:761) ~[amqp-client-5.25.0.jar:5.25.0]
	at com.rabbitmq.client.impl.AMQConnection.access$400(AMQConnection.java:48) ~[amqp-client-5.25.0.jar:5.25.0]
	at com.rabbitmq.client.impl.AMQConnection$MainLoop.run(AMQConnection.java:688) ~[amqp-client-5.25.0.jar:5.25.0]
	... 1 common frames omitted

2025-11-24T22:32:37.988+05:30  WARN 74399 --- [order-service] [springCloudBus.anonymous.8N74X9lwRiehREOImpPZrg-15] [                                                 ] o.s.a.r.listener.BlockingQueueConsumer   : Failed to declare queue: springCloudBus.anonymous.8N74X9lwRiehREOImpPZrg
2025-11-24T22:32:37.989+05:30  WARN 74399 --- [order-service] [springCloudBus.anonymous.8N74X9lwRiehREOImpPZrg-15] [                                                 ] o.s.a.r.listener.BlockingQueueConsumer   : Queue declaration failed; retries left=1

org.springframework.amqp.rabbit.listener.BlockingQueueConsumer$DeclarationException: Failed to declare queue(s):[springCloudBus.anonymous.8N74X9lwRiehREOImpPZrg]
	at org.springframework.amqp.rabbit.listener.BlockingQueueConsumer.attemptPassiveDeclarations(BlockingQueueConsumer.java:772) ~[spring-rabbit-3.2.8.jar:3.2.8]
	at org.springframework.amqp.rabbit.listener.BlockingQueueConsumer.passiveDeclarations(BlockingQueueConsumer.java:649) ~[spring-rabbit-3.2.8.jar:3.2.8]
	at org.springframework.amqp.rabbit.listener.BlockingQueueConsumer.start(BlockingQueueConsumer.java:636) ~[spring-rabbit-3.2.8.jar:3.2.8]
	at org.springframework.amqp.rabbit.listener.SimpleMessageListenerContainer$AsyncMessageProcessingConsumer.initialize(SimpleMessageListenerContainer.java:1490) ~[spring-rabbit-3.2.8.jar:3.2.8]
	at org.springframework.amqp.rabbit.listener.SimpleMessageListenerContainer$AsyncMessageProcessingConsumer.run(SimpleMessageListenerContainer.java:1328) ~[spring-rabbit-3.2.8.jar:3.2.8]
	at java.base/java.lang.Thread.run(Thread.java:1570) ~[na:na]
Caused by: java.io.IOException: null
	at com.rabbitmq.client.impl.AMQChannel.wrap(AMQChannel.java:140) ~[amqp-client-5.25.0.jar:5.25.0]
	at com.rabbitmq.client.impl.AMQChannel.wrap(AMQChannel.java:136) ~[amqp-client-5.25.0.jar:5.25.0]
	at com.rabbitmq.client.impl.AMQChannel.exnWrappingRpc(AMQChannel.java:158) ~[amqp-client-5.25.0.jar:5.25.0]
	at com.rabbitmq.client.impl.ChannelN.queueDeclarePassive(ChannelN.java:1033) ~[amqp-client-5.25.0.jar:5.25.0]
	at com.rabbitmq.client.impl.ChannelN.queueDeclarePassive(ChannelN.java:47) ~[amqp-client-5.25.0.jar:5.25.0]
	at java.base/jdk.internal.reflect.DirectMethodHandleAccessor.invoke(DirectMethodHandleAccessor.java:103) ~[na:na]
	at java.base/java.lang.reflect.Method.invoke(Method.java:580) ~[na:na]
	at org.springframework.amqp.rabbit.connection.CachingConnectionFactory$CachedChannelInvocationHandler.invoke(CachingConnectionFactory.java:1201) ~[spring-rabbit-3.2.8.jar:3.2.8]
	at jdk.proxy2/jdk.proxy2.$Proxy230.queueDeclarePassive(Unknown Source) ~[na:na]
	at org.springframework.amqp.rabbit.listener.BlockingQueueConsumer.attemptPassiveDeclarations(BlockingQueueConsumer.java:750) ~[spring-rabbit-3.2.8.jar:3.2.8]
	... 5 common frames omitted
Caused by: com.rabbitmq.client.ShutdownSignalException: channel error; protocol method: #method<channel.close>(reply-code=404, reply-text=NOT_FOUND - no queue 'springCloudBus.anonymous.8N74X9lwRiehREOImpPZrg' in vhost 'dwtkuyzt', class-id=50, method-id=10)
	at com.rabbitmq.utility.ValueOrException.getValue(ValueOrException.java:66) ~[amqp-client-5.25.0.jar:5.25.0]
	at com.rabbitmq.utility.BlockingValueOrException.uninterruptibleGetValue(BlockingValueOrException.java:36) ~[amqp-client-5.25.0.jar:5.25.0]
	at com.rabbitmq.client.impl.AMQChannel$BlockingRpcContinuation.getReply(AMQChannel.java:552) ~[amqp-client-5.25.0.jar:5.25.0]
	at com.rabbitmq.client.impl.AMQChannel.privateRpc(AMQChannel.java:316) ~[amqp-client-5.25.0.jar:5.25.0]
	at com.rabbitmq.client.impl.AMQChannel.exnWrappingRpc(AMQChannel.java:152) ~[amqp-client-5.25.0.jar:5.25.0]
	... 12 common frames omitted
Caused by: com.rabbitmq.client.ShutdownSignalException: channel error; protocol method: #method<channel.close>(reply-code=404, reply-text=NOT_FOUND - no queue 'springCloudBus.anonymous.8N74X9lwRiehREOImpPZrg' in vhost 'dwtkuyzt', class-id=50, method-id=10)
	at com.rabbitmq.client.impl.ChannelN.asyncShutdown(ChannelN.java:528) ~[amqp-client-5.25.0.jar:5.25.0]
	at com.rabbitmq.client.impl.ChannelN.processAsync(ChannelN.java:349) ~[amqp-client-5.25.0.jar:5.25.0]
	at com.rabbitmq.client.impl.AMQChannel.handleCompleteInboundCommand(AMQChannel.java:193) ~[amqp-client-5.25.0.jar:5.25.0]
	at com.rabbitmq.client.impl.AMQChannel.handleFrame(AMQChannel.java:125) ~[amqp-client-5.25.0.jar:5.25.0]
	at com.rabbitmq.client.impl.AMQConnection.readFrame(AMQConnection.java:761) ~[amqp-client-5.25.0.jar:5.25.0]
	at com.rabbitmq.client.impl.AMQConnection.access$400(AMQConnection.java:48) ~[amqp-client-5.25.0.jar:5.25.0]
	at com.rabbitmq.client.impl.AMQConnection$MainLoop.run(AMQConnection.java:688) ~[amqp-client-5.25.0.jar:5.25.0]
	... 1 common frames omitted

2025-11-24T22:32:43.527+05:30  WARN 74399 --- [order-service] [springCloudBus.anonymous.8N74X9lwRiehREOImpPZrg-15] [                                                 ] o.s.a.r.listener.BlockingQueueConsumer   : Failed to declare queue: springCloudBus.anonymous.8N74X9lwRiehREOImpPZrg
2025-11-24T22:32:48.633+05:30 ERROR 74399 --- [order-service] [springCloudBus.anonymous.8N74X9lwRiehREOImpPZrg-15] [                                                 ] o.s.a.r.l.SimpleMessageListenerContainer : Consumer threw missing queues exception, fatal=false

org.springframework.amqp.rabbit.listener.QueuesNotAvailableException: Cannot prepare queue for listener. Either the queue doesn't exist or the broker will not allow us to use it.
	at org.springframework.amqp.rabbit.listener.BlockingQueueConsumer.handleDeclarationException(BlockingQueueConsumer.java:722) ~[spring-rabbit-3.2.8.jar:3.2.8]
	at org.springframework.amqp.rabbit.listener.BlockingQueueConsumer.passiveDeclarations(BlockingQueueConsumer.java:656) ~[spring-rabbit-3.2.8.jar:3.2.8]
	at org.springframework.amqp.rabbit.listener.BlockingQueueConsumer.start(BlockingQueueConsumer.java:636) ~[spring-rabbit-3.2.8.jar:3.2.8]
	at org.springframework.amqp.rabbit.listener.SimpleMessageListenerContainer$AsyncMessageProcessingConsumer.initialize(SimpleMessageListenerContainer.java:1490) ~[spring-rabbit-3.2.8.jar:3.2.8]
	at org.springframework.amqp.rabbit.listener.SimpleMessageListenerContainer$AsyncMessageProcessingConsumer.run(SimpleMessageListenerContainer.java:1328) ~[spring-rabbit-3.2.8.jar:3.2.8]
	at java.base/java.lang.Thread.run(Thread.java:1570) ~[na:na]
Caused by: org.springframework.amqp.rabbit.listener.BlockingQueueConsumer$DeclarationException: Failed to declare queue(s):[springCloudBus.anonymous.8N74X9lwRiehREOImpPZrg]
	at org.springframework.amqp.rabbit.listener.BlockingQueueConsumer.attemptPassiveDeclarations(BlockingQueueConsumer.java:772) ~[spring-rabbit-3.2.8.jar:3.2.8]
	at org.springframework.amqp.rabbit.listener.BlockingQueueConsumer.passiveDeclarations(BlockingQueueConsumer.java:649) ~[spring-rabbit-3.2.8.jar:3.2.8]
	... 4 common frames omitted
Caused by: java.io.IOException: null
	at com.rabbitmq.client.impl.AMQChannel.wrap(AMQChannel.java:140) ~[amqp-client-5.25.0.jar:5.25.0]
	at com.rabbitmq.client.impl.AMQChannel.wrap(AMQChannel.java:136) ~[amqp-client-5.25.0.jar:5.25.0]
	at com.rabbitmq.client.impl.AMQChannel.exnWrappingRpc(AMQChannel.java:158) ~[amqp-client-5.25.0.jar:5.25.0]
	at com.rabbitmq.client.impl.ChannelN.queueDeclarePassive(ChannelN.java:1033) ~[amqp-client-5.25.0.jar:5.25.0]
	at com.rabbitmq.client.impl.ChannelN.queueDeclarePassive(ChannelN.java:47) ~[amqp-client-5.25.0.jar:5.25.0]
	at java.base/jdk.internal.reflect.DirectMethodHandleAccessor.invoke(DirectMethodHandleAccessor.java:103) ~[na:na]
	at java.base/java.lang.reflect.Method.invoke(Method.java:580) ~[na:na]
	at org.springframework.amqp.rabbit.connection.CachingConnectionFactory$CachedChannelInvocationHandler.invoke(CachingConnectionFactory.java:1201) ~[spring-rabbit-3.2.8.jar:3.2.8]
	at jdk.proxy2/jdk.proxy2.$Proxy230.queueDeclarePassive(Unknown Source) ~[na:na]
	at org.springframework.amqp.rabbit.listener.BlockingQueueConsumer.attemptPassiveDeclarations(BlockingQueueConsumer.java:750) ~[spring-rabbit-3.2.8.jar:3.2.8]
	... 5 common frames omitted
Caused by: com.rabbitmq.client.ShutdownSignalException: channel error; protocol method: #method<channel.close>(reply-code=404, reply-text=NOT_FOUND - no queue 'springCloudBus.anonymous.8N74X9lwRiehREOImpPZrg' in vhost 'dwtkuyzt', class-id=50, method-id=10)
	at com.rabbitmq.utility.ValueOrException.getValue(ValueOrException.java:66) ~[amqp-client-5.25.0.jar:5.25.0]
	at com.rabbitmq.utility.BlockingValueOrException.uninterruptibleGetValue(BlockingValueOrException.java:36) ~[amqp-client-5.25.0.jar:5.25.0]
	at com.rabbitmq.client.impl.AMQChannel$BlockingRpcContinuation.getReply(AMQChannel.java:552) ~[amqp-client-5.25.0.jar:5.25.0]
	at com.rabbitmq.client.impl.AMQChannel.privateRpc(AMQChannel.java:316) ~[amqp-client-5.25.0.jar:5.25.0]
	at com.rabbitmq.client.impl.AMQChannel.exnWrappingRpc(AMQChannel.java:152) ~[amqp-client-5.25.0.jar:5.25.0]
	... 12 common frames omitted
Caused by: com.rabbitmq.client.ShutdownSignalException: channel error; protocol method: #method<channel.close>(reply-code=404, reply-text=NOT_FOUND - no queue 'springCloudBus.anonymous.8N74X9lwRiehREOImpPZrg' in vhost 'dwtkuyzt', class-id=50, method-id=10)
	at com.rabbitmq.client.impl.ChannelN.asyncShutdown(ChannelN.java:528) ~[amqp-client-5.25.0.jar:5.25.0]
	at com.rabbitmq.client.impl.ChannelN.processAsync(ChannelN.java:349) ~[amqp-client-5.25.0.jar:5.25.0]
	at com.rabbitmq.client.impl.AMQChannel.handleCompleteInboundCommand(AMQChannel.java:193) ~[amqp-client-5.25.0.jar:5.25.0]
	at com.rabbitmq.client.impl.AMQChannel.handleFrame(AMQChannel.java:125) ~[amqp-client-5.25.0.jar:5.25.0]
	at com.rabbitmq.client.impl.AMQConnection.readFrame(AMQConnection.java:761) ~[amqp-client-5.25.0.jar:5.25.0]
	at com.rabbitmq.client.impl.AMQConnection.access$400(AMQConnection.java:48) ~[amqp-client-5.25.0.jar:5.25.0]
	at com.rabbitmq.client.impl.AMQConnection$MainLoop.run(AMQConnection.java:688) ~[amqp-client-5.25.0.jar:5.25.0]
	... 1 common frames omitted

2025-11-24T22:32:48.635+05:30  INFO 74399 --- [order-service] [springCloudBus.anonymous.8N74X9lwRiehREOImpPZrg-15] [                                                 ] o.s.a.r.l.SimpleMessageListenerContainer : Restarting Consumer@463a9d1f: tags=[[]], channel=Cached Rabbit Channel: AMQChannel(amqp://dwtkuyzt@35.153.225.39:5672/dwtkuyzt,1), conn: Proxy@63e64174 Shared Rabbit Connection: SimpleConnection@718c61c0 [delegate=amqp://dwtkuyzt@35.153.225.39:5672/dwtkuyzt, localPort=61556], acknowledgeMode=AUTO local queue size=0
2025-11-24T22:32:49.700+05:30  WARN 74399 --- [order-service] [springCloudBus.anonymous.8N74X9lwRiehREOImpPZrg-16] [                                                 ] o.s.a.r.listener.BlockingQueueConsumer   : Failed to declare queue: springCloudBus.anonymous.8N74X9lwRiehREOImpPZrg
2025-11-24T22:32:49.700+05:30  WARN 74399 --- [order-service] [springCloudBus.anonymous.8N74X9lwRiehREOImpPZrg-16] [                                                 ] o.s.a.r.listener.BlockingQueueConsumer   : Queue declaration failed; retries left=3

org.springframework.amqp.rabbit.listener.BlockingQueueConsumer$DeclarationException: Failed to declare queue(s):[springCloudBus.anonymous.8N74X9lwRiehREOImpPZrg]
	at org.springframework.amqp.rabbit.listener.BlockingQueueConsumer.attemptPassiveDeclarations(BlockingQueueConsumer.java:772) ~[spring-rabbit-3.2.8.jar:3.2.8]
	at org.springframework.amqp.rabbit.listener.BlockingQueueConsumer.passiveDeclarations(BlockingQueueConsumer.java:649) ~[spring-rabbit-3.2.8.jar:3.2.8]
	at org.springframework.amqp.rabbit.listener.BlockingQueueConsumer.start(BlockingQueueConsumer.java:636) ~[spring-rabbit-3.2.8.jar:3.2.8]
	at org.springframework.amqp.rabbit.listener.SimpleMessageListenerContainer$AsyncMessageProcessingConsumer.initialize(SimpleMessageListenerContainer.java:1490) ~[spring-rabbit-3.2.8.jar:3.2.8]
	at org.springframework.amqp.rabbit.listener.SimpleMessageListenerContainer$AsyncMessageProcessingConsumer.run(SimpleMessageListenerContainer.java:1328) ~[spring-rabbit-3.2.8.jar:3.2.8]
	at java.base/java.lang.Thread.run(Thread.java:1570) ~[na:na]
Caused by: java.io.IOException: null
	at com.rabbitmq.client.impl.AMQChannel.wrap(AMQChannel.java:140) ~[amqp-client-5.25.0.jar:5.25.0]
	at com.rabbitmq.client.impl.AMQChannel.wrap(AMQChannel.java:136) ~[amqp-client-5.25.0.jar:5.25.0]
	at com.rabbitmq.client.impl.AMQChannel.exnWrappingRpc(AMQChannel.java:158) ~[amqp-client-5.25.0.jar:5.25.0]
	at com.rabbitmq.client.impl.ChannelN.queueDeclarePassive(ChannelN.java:1033) ~[amqp-client-5.25.0.jar:5.25.0]
	at com.rabbitmq.client.impl.ChannelN.queueDeclarePassive(ChannelN.java:47) ~[amqp-client-5.25.0.jar:5.25.0]
	at java.base/jdk.internal.reflect.DirectMethodHandleAccessor.invoke(DirectMethodHandleAccessor.java:103) ~[na:na]
	at java.base/java.lang.reflect.Method.invoke(Method.java:580) ~[na:na]
	at org.springframework.amqp.rabbit.connection.CachingConnectionFactory$CachedChannelInvocationHandler.invoke(CachingConnectionFactory.java:1201) ~[spring-rabbit-3.2.8.jar:3.2.8]
	at jdk.proxy2/jdk.proxy2.$Proxy230.queueDeclarePassive(Unknown Source) ~[na:na]
	at org.springframework.amqp.rabbit.listener.BlockingQueueConsumer.attemptPassiveDeclarations(BlockingQueueConsumer.java:750) ~[spring-rabbit-3.2.8.jar:3.2.8]
	... 5 common frames omitted
Caused by: com.rabbitmq.client.ShutdownSignalException: channel error; protocol method: #method<channel.close>(reply-code=404, reply-text=NOT_FOUND - no queue 'springCloudBus.anonymous.8N74X9lwRiehREOImpPZrg' in vhost 'dwtkuyzt', class-id=50, method-id=10)
	at com.rabbitmq.utility.ValueOrException.getValue(ValueOrException.java:66) ~[amqp-client-5.25.0.jar:5.25.0]
	at com.rabbitmq.utility.BlockingValueOrException.uninterruptibleGetValue(BlockingValueOrException.java:36) ~[amqp-client-5.25.0.jar:5.25.0]
	at com.rabbitmq.client.impl.AMQChannel$BlockingRpcContinuation.getReply(AMQChannel.java:552) ~[amqp-client-5.25.0.jar:5.25.0]
	at com.rabbitmq.client.impl.AMQChannel.privateRpc(AMQChannel.java:316) ~[amqp-client-5.25.0.jar:5.25.0]
	at com.rabbitmq.client.impl.AMQChannel.exnWrappingRpc(AMQChannel.java:152) ~[amqp-client-5.25.0.jar:5.25.0]
	... 12 common frames omitted
Caused by: com.rabbitmq.client.ShutdownSignalException: channel error; protocol method: #method<channel.close>(reply-code=404, reply-text=NOT_FOUND - no queue 'springCloudBus.anonymous.8N74X9lwRiehREOImpPZrg' in vhost 'dwtkuyzt', class-id=50, method-id=10)
	at com.rabbitmq.client.impl.ChannelN.asyncShutdown(ChannelN.java:528) ~[amqp-client-5.25.0.jar:5.25.0]
	at com.rabbitmq.client.impl.ChannelN.processAsync(ChannelN.java:349) ~[amqp-client-5.25.0.jar:5.25.0]
	at com.rabbitmq.client.impl.AMQChannel.handleCompleteInboundCommand(AMQChannel.java:193) ~[amqp-client-5.25.0.jar:5.25.0]
	at com.rabbitmq.client.impl.AMQChannel.handleFrame(AMQChannel.java:125) ~[amqp-client-5.25.0.jar:5.25.0]
	at com.rabbitmq.client.impl.AMQConnection.readFrame(AMQConnection.java:761) ~[amqp-client-5.25.0.jar:5.25.0]
	at com.rabbitmq.client.impl.AMQConnection.access$400(AMQConnection.java:48) ~[amqp-client-5.25.0.jar:5.25.0]
	at com.rabbitmq.client.impl.AMQConnection$MainLoop.run(AMQConnection.java:688) ~[amqp-client-5.25.0.jar:5.25.0]
	... 1 common frames omitted

2025-11-24T22:32:55.246+05:30  WARN 74399 --- [order-service] [springCloudBus.anonymous.8N74X9lwRiehREOImpPZrg-16] [                                                 ] o.s.a.r.listener.BlockingQueueConsumer   : Failed to declare queue: springCloudBus.anonymous.8N74X9lwRiehREOImpPZrg
2025-11-24T22:32:55.246+05:30  WARN 74399 --- [order-service] [springCloudBus.anonymous.8N74X9lwRiehREOImpPZrg-16] [                                                 ] o.s.a.r.listener.BlockingQueueConsumer   : Queue declaration failed; retries left=2

org.springframework.amqp.rabbit.listener.BlockingQueueConsumer$DeclarationException: Failed to declare queue(s):[springCloudBus.anonymous.8N74X9lwRiehREOImpPZrg]
	at org.springframework.amqp.rabbit.listener.BlockingQueueConsumer.attemptPassiveDeclarations(BlockingQueueConsumer.java:772) ~[spring-rabbit-3.2.8.jar:3.2.8]
	at org.springframework.amqp.rabbit.listener.BlockingQueueConsumer.passiveDeclarations(BlockingQueueConsumer.java:649) ~[spring-rabbit-3.2.8.jar:3.2.8]
	at org.springframework.amqp.rabbit.listener.BlockingQueueConsumer.start(BlockingQueueConsumer.java:636) ~[spring-rabbit-3.2.8.jar:3.2.8]
	at org.springframework.amqp.rabbit.listener.SimpleMessageListenerContainer$AsyncMessageProcessingConsumer.initialize(SimpleMessageListenerContainer.java:1490) ~[spring-rabbit-3.2.8.jar:3.2.8]
	at org.springframework.amqp.rabbit.listener.SimpleMessageListenerContainer$AsyncMessageProcessingConsumer.run(SimpleMessageListenerContainer.java:1328) ~[spring-rabbit-3.2.8.jar:3.2.8]
	at java.base/java.lang.Thread.run(Thread.java:1570) ~[na:na]
Caused by: java.io.IOException: null
	at com.rabbitmq.client.impl.AMQChannel.wrap(AMQChannel.java:140) ~[amqp-client-5.25.0.jar:5.25.0]
	at com.rabbitmq.client.impl.AMQChannel.wrap(AMQChannel.java:136) ~[amqp-client-5.25.0.jar:5.25.0]
	at com.rabbitmq.client.impl.AMQChannel.exnWrappingRpc(AMQChannel.java:158) ~[amqp-client-5.25.0.jar:5.25.0]
	at com.rabbitmq.client.impl.ChannelN.queueDeclarePassive(ChannelN.java:1033) ~[amqp-client-5.25.0.jar:5.25.0]
	at com.rabbitmq.client.impl.ChannelN.queueDeclarePassive(ChannelN.java:47) ~[amqp-client-5.25.0.jar:5.25.0]
	at java.base/jdk.internal.reflect.DirectMethodHandleAccessor.invoke(DirectMethodHandleAccessor.java:103) ~[na:na]
	at java.base/java.lang.reflect.Method.invoke(Method.java:580) ~[na:na]
	at org.springframework.amqp.rabbit.connection.CachingConnectionFactory$CachedChannelInvocationHandler.invoke(CachingConnectionFactory.java:1201) ~[spring-rabbit-3.2.8.jar:3.2.8]
	at jdk.proxy2/jdk.proxy2.$Proxy230.queueDeclarePassive(Unknown Source) ~[na:na]
	at org.springframework.amqp.rabbit.listener.BlockingQueueConsumer.attemptPassiveDeclarations(BlockingQueueConsumer.java:750) ~[spring-rabbit-3.2.8.jar:3.2.8]
	... 5 common frames omitted
Caused by: com.rabbitmq.client.ShutdownSignalException: channel error; protocol method: #method<channel.close>(reply-code=404, reply-text=NOT_FOUND - no queue 'springCloudBus.anonymous.8N74X9lwRiehREOImpPZrg' in vhost 'dwtkuyzt', class-id=50, method-id=10)
	at com.rabbitmq.utility.ValueOrException.getValue(ValueOrException.java:66) ~[amqp-client-5.25.0.jar:5.25.0]
	at com.rabbitmq.utility.BlockingValueOrException.uninterruptibleGetValue(BlockingValueOrException.java:36) ~[amqp-client-5.25.0.jar:5.25.0]
	at com.rabbitmq.client.impl.AMQChannel$BlockingRpcContinuation.getReply(AMQChannel.java:552) ~[amqp-client-5.25.0.jar:5.25.0]
	at com.rabbitmq.client.impl.AMQChannel.privateRpc(AMQChannel.java:316) ~[amqp-client-5.25.0.jar:5.25.0]
	at com.rabbitmq.client.impl.AMQChannel.exnWrappingRpc(AMQChannel.java:152) ~[amqp-client-5.25.0.jar:5.25.0]
	... 12 common frames omitted
Caused by: com.rabbitmq.client.ShutdownSignalException: channel error; protocol method: #method<channel.close>(reply-code=404, reply-text=NOT_FOUND - no queue 'springCloudBus.anonymous.8N74X9lwRiehREOImpPZrg' in vhost 'dwtkuyzt', class-id=50, method-id=10)
	at com.rabbitmq.client.impl.ChannelN.asyncShutdown(ChannelN.java:528) ~[amqp-client-5.25.0.jar:5.25.0]
	at com.rabbitmq.client.impl.ChannelN.processAsync(ChannelN.java:349) ~[amqp-client-5.25.0.jar:5.25.0]
	at com.rabbitmq.client.impl.AMQChannel.handleCompleteInboundCommand(AMQChannel.java:193) ~[amqp-client-5.25.0.jar:5.25.0]
	at com.rabbitmq.client.impl.AMQChannel.handleFrame(AMQChannel.java:125) ~[amqp-client-5.25.0.jar:5.25.0]
	at com.rabbitmq.client.impl.AMQConnection.readFrame(AMQConnection.java:761) ~[amqp-client-5.25.0.jar:5.25.0]
	at com.rabbitmq.client.impl.AMQConnection.access$400(AMQConnection.java:48) ~[amqp-client-5.25.0.jar:5.25.0]
	at com.rabbitmq.client.impl.AMQConnection$MainLoop.run(AMQConnection.java:688) ~[amqp-client-5.25.0.jar:5.25.0]
	... 1 common frames omitted

2025-11-24T22:33:00.783+05:30  WARN 74399 --- [order-service] [springCloudBus.anonymous.8N74X9lwRiehREOImpPZrg-16] [                                                 ] o.s.a.r.listener.BlockingQueueConsumer   : Failed to declare queue: springCloudBus.anonymous.8N74X9lwRiehREOImpPZrg
2025-11-24T22:33:00.783+05:30  WARN 74399 --- [order-service] [springCloudBus.anonymous.8N74X9lwRiehREOImpPZrg-16] [                                                 ] o.s.a.r.listener.BlockingQueueConsumer   : Queue declaration failed; retries left=1

org.springframework.amqp.rabbit.listener.BlockingQueueConsumer$DeclarationException: Failed to declare queue(s):[springCloudBus.anonymous.8N74X9lwRiehREOImpPZrg]
	at org.springframework.amqp.rabbit.listener.BlockingQueueConsumer.attemptPassiveDeclarations(BlockingQueueConsumer.java:772) ~[spring-rabbit-3.2.8.jar:3.2.8]
	at org.springframework.amqp.rabbit.listener.BlockingQueueConsumer.passiveDeclarations(BlockingQueueConsumer.java:649) ~[spring-rabbit-3.2.8.jar:3.2.8]
	at org.springframework.amqp.rabbit.listener.BlockingQueueConsumer.start(BlockingQueueConsumer.java:636) ~[spring-rabbit-3.2.8.jar:3.2.8]
	at org.springframework.amqp.rabbit.listener.SimpleMessageListenerContainer$AsyncMessageProcessingConsumer.initialize(SimpleMessageListenerContainer.java:1490) ~[spring-rabbit-3.2.8.jar:3.2.8]
	at org.springframework.amqp.rabbit.listener.SimpleMessageListenerContainer$AsyncMessageProcessingConsumer.run(SimpleMessageListenerContainer.java:1328) ~[spring-rabbit-3.2.8.jar:3.2.8]
	at java.base/java.lang.Thread.run(Thread.java:1570) ~[na:na]
Caused by: java.io.IOException: null
	at com.rabbitmq.client.impl.AMQChannel.wrap(AMQChannel.java:140) ~[amqp-client-5.25.0.jar:5.25.0]
	at com.rabbitmq.client.impl.AMQChannel.wrap(AMQChannel.java:136) ~[amqp-client-5.25.0.jar:5.25.0]
	at com.rabbitmq.client.impl.AMQChannel.exnWrappingRpc(AMQChannel.java:158) ~[amqp-client-5.25.0.jar:5.25.0]
	at com.rabbitmq.client.impl.ChannelN.queueDeclarePassive(ChannelN.java:1033) ~[amqp-client-5.25.0.jar:5.25.0]
	at com.rabbitmq.client.impl.ChannelN.queueDeclarePassive(ChannelN.java:47) ~[amqp-client-5.25.0.jar:5.25.0]
	at java.base/jdk.internal.reflect.DirectMethodHandleAccessor.invoke(DirectMethodHandleAccessor.java:103) ~[na:na]
	at java.base/java.lang.reflect.Method.invoke(Method.java:580) ~[na:na]
	at org.springframework.amqp.rabbit.connection.CachingConnectionFactory$CachedChannelInvocationHandler.invoke(CachingConnectionFactory.java:1201) ~[spring-rabbit-3.2.8.jar:3.2.8]
	at jdk.proxy2/jdk.proxy2.$Proxy230.queueDeclarePassive(Unknown Source) ~[na:na]
	at org.springframework.amqp.rabbit.listener.BlockingQueueConsumer.attemptPassiveDeclarations(BlockingQueueConsumer.java:750) ~[spring-rabbit-3.2.8.jar:3.2.8]
	... 5 common frames omitted
Caused by: com.rabbitmq.client.ShutdownSignalException: channel error; protocol method: #method<channel.close>(reply-code=404, reply-text=NOT_FOUND - no queue 'springCloudBus.anonymous.8N74X9lwRiehREOImpPZrg' in vhost 'dwtkuyzt', class-id=50, method-id=10)
	at com.rabbitmq.utility.ValueOrException.getValue(ValueOrException.java:66) ~[amqp-client-5.25.0.jar:5.25.0]
	at com.rabbitmq.utility.BlockingValueOrException.uninterruptibleGetValue(BlockingValueOrException.java:36) ~[amqp-client-5.25.0.jar:5.25.0]
	at com.rabbitmq.client.impl.AMQChannel$BlockingRpcContinuation.getReply(AMQChannel.java:552) ~[amqp-client-5.25.0.jar:5.25.0]
	at com.rabbitmq.client.impl.AMQChannel.privateRpc(AMQChannel.java:316) ~[amqp-client-5.25.0.jar:5.25.0]
	at com.rabbitmq.client.impl.AMQChannel.exnWrappingRpc(AMQChannel.java:152) ~[amqp-client-5.25.0.jar:5.25.0]
	... 12 common frames omitted
Caused by: com.rabbitmq.client.ShutdownSignalException: channel error; protocol method: #method<channel.close>(reply-code=404, reply-text=NOT_FOUND - no queue 'springCloudBus.anonymous.8N74X9lwRiehREOImpPZrg' in vhost 'dwtkuyzt', class-id=50, method-id=10)
	at com.rabbitmq.client.impl.ChannelN.asyncShutdown(ChannelN.java:528) ~[amqp-client-5.25.0.jar:5.25.0]
	at com.rabbitmq.client.impl.ChannelN.processAsync(ChannelN.java:349) ~[amqp-client-5.25.0.jar:5.25.0]
	at com.rabbitmq.client.impl.AMQChannel.handleCompleteInboundCommand(AMQChannel.java:193) ~[amqp-client-5.25.0.jar:5.25.0]
	at com.rabbitmq.client.impl.AMQChannel.handleFrame(AMQChannel.java:125) ~[amqp-client-5.25.0.jar:5.25.0]
	at com.rabbitmq.client.impl.AMQConnection.readFrame(AMQConnection.java:761) ~[amqp-client-5.25.0.jar:5.25.0]
	at com.rabbitmq.client.impl.AMQConnection.access$400(AMQConnection.java:48) ~[amqp-client-5.25.0.jar:5.25.0]
	at com.rabbitmq.client.impl.AMQConnection$MainLoop.run(AMQConnection.java:688) ~[amqp-client-5.25.0.jar:5.25.0]
	... 1 common frames omitted

2025-11-24T22:33:06.321+05:30  WARN 74399 --- [order-service] [springCloudBus.anonymous.8N74X9lwRiehREOImpPZrg-16] [                                                 ] o.s.a.r.listener.BlockingQueueConsumer   : Failed to declare queue: springCloudBus.anonymous.8N74X9lwRiehREOImpPZrg
2025-11-24T22:33:11.403+05:30 ERROR 74399 --- [order-service] [springCloudBus.anonymous.8N74X9lwRiehREOImpPZrg-16] [                                                 ] o.s.a.r.l.SimpleMessageListenerContainer : Consumer threw missing queues exception, fatal=false

org.springframework.amqp.rabbit.listener.QueuesNotAvailableException: Cannot prepare queue for listener. Either the queue doesn't exist or the broker will not allow us to use it.
	at org.springframework.amqp.rabbit.listener.BlockingQueueConsumer.handleDeclarationException(BlockingQueueConsumer.java:722) ~[spring-rabbit-3.2.8.jar:3.2.8]
	at org.springframework.amqp.rabbit.listener.BlockingQueueConsumer.passiveDeclarations(BlockingQueueConsumer.java:656) ~[spring-rabbit-3.2.8.jar:3.2.8]
	at org.springframework.amqp.rabbit.listener.BlockingQueueConsumer.start(BlockingQueueConsumer.java:636) ~[spring-rabbit-3.2.8.jar:3.2.8]
	at org.springframework.amqp.rabbit.listener.SimpleMessageListenerContainer$AsyncMessageProcessingConsumer.initialize(SimpleMessageListenerContainer.java:1490) ~[spring-rabbit-3.2.8.jar:3.2.8]
	at org.springframework.amqp.rabbit.listener.SimpleMessageListenerContainer$AsyncMessageProcessingConsumer.run(SimpleMessageListenerContainer.java:1328) ~[spring-rabbit-3.2.8.jar:3.2.8]
	at java.base/java.lang.Thread.run(Thread.java:1570) ~[na:na]
Caused by: org.springframework.amqp.rabbit.listener.BlockingQueueConsumer$DeclarationException: Failed to declare queue(s):[springCloudBus.anonymous.8N74X9lwRiehREOImpPZrg]
	at org.springframework.amqp.rabbit.listener.BlockingQueueConsumer.attemptPassiveDeclarations(BlockingQueueConsumer.java:772) ~[spring-rabbit-3.2.8.jar:3.2.8]
	at org.springframework.amqp.rabbit.listener.BlockingQueueConsumer.passiveDeclarations(BlockingQueueConsumer.java:649) ~[spring-rabbit-3.2.8.jar:3.2.8]
	... 4 common frames omitted
Caused by: java.io.IOException: null
	at com.rabbitmq.client.impl.AMQChannel.wrap(AMQChannel.java:140) ~[amqp-client-5.25.0.jar:5.25.0]
	at com.rabbitmq.client.impl.AMQChannel.wrap(AMQChannel.java:136) ~[amqp-client-5.25.0.jar:5.25.0]
	at com.rabbitmq.client.impl.AMQChannel.exnWrappingRpc(AMQChannel.java:158) ~[amqp-client-5.25.0.jar:5.25.0]
	at com.rabbitmq.client.impl.ChannelN.queueDeclarePassive(ChannelN.java:1033) ~[amqp-client-5.25.0.jar:5.25.0]
	at com.rabbitmq.client.impl.ChannelN.queueDeclarePassive(ChannelN.java:47) ~[amqp-client-5.25.0.jar:5.25.0]
	at java.base/jdk.internal.reflect.DirectMethodHandleAccessor.invoke(DirectMethodHandleAccessor.java:103) ~[na:na]
	at java.base/java.lang.reflect.Method.invoke(Method.java:580) ~[na:na]
	at org.springframework.amqp.rabbit.connection.CachingConnectionFactory$CachedChannelInvocationHandler.invoke(CachingConnectionFactory.java:1201) ~[spring-rabbit-3.2.8.jar:3.2.8]
	at jdk.proxy2/jdk.proxy2.$Proxy230.queueDeclarePassive(Unknown Source) ~[na:na]
	at org.springframework.amqp.rabbit.listener.BlockingQueueConsumer.attemptPassiveDeclarations(BlockingQueueConsumer.java:750) ~[spring-rabbit-3.2.8.jar:3.2.8]
	... 5 common frames omitted
Caused by: com.rabbitmq.client.ShutdownSignalException: channel error; protocol method: #method<channel.close>(reply-code=404, reply-text=NOT_FOUND - no queue 'springCloudBus.anonymous.8N74X9lwRiehREOImpPZrg' in vhost 'dwtkuyzt', class-id=50, method-id=10)
	at com.rabbitmq.utility.ValueOrException.getValue(ValueOrException.java:66) ~[amqp-client-5.25.0.jar:5.25.0]
	at com.rabbitmq.utility.BlockingValueOrException.uninterruptibleGetValue(BlockingValueOrException.java:36) ~[amqp-client-5.25.0.jar:5.25.0]
	at com.rabbitmq.client.impl.AMQChannel$BlockingRpcContinuation.getReply(AMQChannel.java:552) ~[amqp-client-5.25.0.jar:5.25.0]
	at com.rabbitmq.client.impl.AMQChannel.privateRpc(AMQChannel.java:316) ~[amqp-client-5.25.0.jar:5.25.0]
	at com.rabbitmq.client.impl.AMQChannel.exnWrappingRpc(AMQChannel.java:152) ~[amqp-client-5.25.0.jar:5.25.0]
	... 12 common frames omitted
Caused by: com.rabbitmq.client.ShutdownSignalException: channel error; protocol method: #method<channel.close>(reply-code=404, reply-text=NOT_FOUND - no queue 'springCloudBus.anonymous.8N74X9lwRiehREOImpPZrg' in vhost 'dwtkuyzt', class-id=50, method-id=10)
	at com.rabbitmq.client.impl.ChannelN.asyncShutdown(ChannelN.java:528) ~[amqp-client-5.25.0.jar:5.25.0]
	at com.rabbitmq.client.impl.ChannelN.processAsync(ChannelN.java:349) ~[amqp-client-5.25.0.jar:5.25.0]
	at com.rabbitmq.client.impl.AMQChannel.handleCompleteInboundCommand(AMQChannel.java:193) ~[amqp-client-5.25.0.jar:5.25.0]
	at com.rabbitmq.client.impl.AMQChannel.handleFrame(AMQChannel.java:125) ~[amqp-client-5.25.0.jar:5.25.0]
	at com.rabbitmq.client.impl.AMQConnection.readFrame(AMQConnection.java:761) ~[amqp-client-5.25.0.jar:5.25.0]
	at com.rabbitmq.client.impl.AMQConnection.access$400(AMQConnection.java:48) ~[amqp-client-5.25.0.jar:5.25.0]
	at com.rabbitmq.client.impl.AMQConnection$MainLoop.run(AMQConnection.java:688) ~[amqp-client-5.25.0.jar:5.25.0]
	... 1 common frames omitted

2025-11-24T22:33:11.414+05:30  INFO 74399 --- [order-service] [springCloudBus.anonymous.8N74X9lwRiehREOImpPZrg-16] [                                                 ] o.s.a.r.l.SimpleMessageListenerContainer : Restarting Consumer@217e5ad2: tags=[[]], channel=Cached Rabbit Channel: AMQChannel(amqp://dwtkuyzt@35.153.225.39:5672/dwtkuyzt,1), conn: Proxy@63e64174 Shared Rabbit Connection: SimpleConnection@718c61c0 [delegate=amqp://dwtkuyzt@35.153.225.39:5672/dwtkuyzt, localPort=61556], acknowledgeMode=AUTO local queue size=0
2025-11-24T22:33:12.520+05:30  WARN 74399 --- [order-service] [springCloudBus.anonymous.8N74X9lwRiehREOImpPZrg-17] [                                                 ] o.s.a.r.listener.BlockingQueueConsumer   : Failed to declare queue: springCloudBus.anonymous.8N74X9lwRiehREOImpPZrg
2025-11-24T22:33:12.522+05:30  WARN 74399 --- [order-service] [springCloudBus.anonymous.8N74X9lwRiehREOImpPZrg-17] [                                                 ] o.s.a.r.listener.BlockingQueueConsumer   : Queue declaration failed; retries left=3

org.springframework.amqp.rabbit.listener.BlockingQueueConsumer$DeclarationException: Failed to declare queue(s):[springCloudBus.anonymous.8N74X9lwRiehREOImpPZrg]
	at org.springframework.amqp.rabbit.listener.BlockingQueueConsumer.attemptPassiveDeclarations(BlockingQueueConsumer.java:772) ~[spring-rabbit-3.2.8.jar:3.2.8]
	at org.springframework.amqp.rabbit.listener.BlockingQueueConsumer.passiveDeclarations(BlockingQueueConsumer.java:649) ~[spring-rabbit-3.2.8.jar:3.2.8]
	at org.springframework.amqp.rabbit.listener.BlockingQueueConsumer.start(BlockingQueueConsumer.java:636) ~[spring-rabbit-3.2.8.jar:3.2.8]
	at org.springframework.amqp.rabbit.listener.SimpleMessageListenerContainer$AsyncMessageProcessingConsumer.initialize(SimpleMessageListenerContainer.java:1490) ~[spring-rabbit-3.2.8.jar:3.2.8]
	at org.springframework.amqp.rabbit.listener.SimpleMessageListenerContainer$AsyncMessageProcessingConsumer.run(SimpleMessageListenerContainer.java:1328) ~[spring-rabbit-3.2.8.jar:3.2.8]
	at java.base/java.lang.Thread.run(Thread.java:1570) ~[na:na]
Caused by: java.io.IOException: null
	at com.rabbitmq.client.impl.AMQChannel.wrap(AMQChannel.java:140) ~[amqp-client-5.25.0.jar:5.25.0]
	at com.rabbitmq.client.impl.AMQChannel.wrap(AMQChannel.java:136) ~[amqp-client-5.25.0.jar:5.25.0]
	at com.rabbitmq.client.impl.AMQChannel.exnWrappingRpc(AMQChannel.java:158) ~[amqp-client-5.25.0.jar:5.25.0]
	at com.rabbitmq.client.impl.ChannelN.queueDeclarePassive(ChannelN.java:1033) ~[amqp-client-5.25.0.jar:5.25.0]
	at com.rabbitmq.client.impl.ChannelN.queueDeclarePassive(ChannelN.java:47) ~[amqp-client-5.25.0.jar:5.25.0]
	at java.base/jdk.internal.reflect.DirectMethodHandleAccessor.invoke(DirectMethodHandleAccessor.java:103) ~[na:na]
	at java.base/java.lang.reflect.Method.invoke(Method.java:580) ~[na:na]
	at org.springframework.amqp.rabbit.connection.CachingConnectionFactory$CachedChannelInvocationHandler.invoke(CachingConnectionFactory.java:1201) ~[spring-rabbit-3.2.8.jar:3.2.8]
	at jdk.proxy2/jdk.proxy2.$Proxy230.queueDeclarePassive(Unknown Source) ~[na:na]
	at org.springframework.amqp.rabbit.listener.BlockingQueueConsumer.attemptPassiveDeclarations(BlockingQueueConsumer.java:750) ~[spring-rabbit-3.2.8.jar:3.2.8]
	... 5 common frames omitted
Caused by: com.rabbitmq.client.ShutdownSignalException: channel error; protocol method: #method<channel.close>(reply-code=404, reply-text=NOT_FOUND - no queue 'springCloudBus.anonymous.8N74X9lwRiehREOImpPZrg' in vhost 'dwtkuyzt', class-id=50, method-id=10)
	at com.rabbitmq.utility.ValueOrException.getValue(ValueOrException.java:66) ~[amqp-client-5.25.0.jar:5.25.0]
	at com.rabbitmq.utility.BlockingValueOrException.uninterruptibleGetValue(BlockingValueOrException.java:36) ~[amqp-client-5.25.0.jar:5.25.0]
	at com.rabbitmq.client.impl.AMQChannel$BlockingRpcContinuation.getReply(AMQChannel.java:552) ~[amqp-client-5.25.0.jar:5.25.0]
	at com.rabbitmq.client.impl.AMQChannel.privateRpc(AMQChannel.java:316) ~[amqp-client-5.25.0.jar:5.25.0]
	at com.rabbitmq.client.impl.AMQChannel.exnWrappingRpc(AMQChannel.java:152) ~[amqp-client-5.25.0.jar:5.25.0]
	... 12 common frames omitted
Caused by: com.rabbitmq.client.ShutdownSignalException: channel error; protocol method: #method<channel.close>(reply-code=404, reply-text=NOT_FOUND - no queue 'springCloudBus.anonymous.8N74X9lwRiehREOImpPZrg' in vhost 'dwtkuyzt', class-id=50, method-id=10)
	at com.rabbitmq.client.impl.ChannelN.asyncShutdown(ChannelN.java:528) ~[amqp-client-5.25.0.jar:5.25.0]
	at com.rabbitmq.client.impl.ChannelN.processAsync(ChannelN.java:349) ~[amqp-client-5.25.0.jar:5.25.0]
	at com.rabbitmq.client.impl.AMQChannel.handleCompleteInboundCommand(AMQChannel.java:193) ~[amqp-client-5.25.0.jar:5.25.0]
	at com.rabbitmq.client.impl.AMQChannel.handleFrame(AMQChannel.java:125) ~[amqp-client-5.25.0.jar:5.25.0]
	at com.rabbitmq.client.impl.AMQConnection.readFrame(AMQConnection.java:761) ~[amqp-client-5.25.0.jar:5.25.0]
	at com.rabbitmq.client.impl.AMQConnection.access$400(AMQConnection.java:48) ~[amqp-client-5.25.0.jar:5.25.0]
	at com.rabbitmq.client.impl.AMQConnection$MainLoop.run(AMQConnection.java:688) ~[amqp-client-5.25.0.jar:5.25.0]
	... 1 common frames omitted

2025-11-24T22:33:18.070+05:30  WARN 74399 --- [order-service] [springCloudBus.anonymous.8N74X9lwRiehREOImpPZrg-17] [                                                 ] o.s.a.r.listener.BlockingQueueConsumer   : Failed to declare queue: springCloudBus.anonymous.8N74X9lwRiehREOImpPZrg
2025-11-24T22:33:18.072+05:30  WARN 74399 --- [order-service] [springCloudBus.anonymous.8N74X9lwRiehREOImpPZrg-17] [                                                 ] o.s.a.r.listener.BlockingQueueConsumer   : Queue declaration failed; retries left=2

org.springframework.amqp.rabbit.listener.BlockingQueueConsumer$DeclarationException: Failed to declare queue(s):[springCloudBus.anonymous.8N74X9lwRiehREOImpPZrg]
	at org.springframework.amqp.rabbit.listener.BlockingQueueConsumer.attemptPassiveDeclarations(BlockingQueueConsumer.java:772) ~[spring-rabbit-3.2.8.jar:3.2.8]
	at org.springframework.amqp.rabbit.listener.BlockingQueueConsumer.passiveDeclarations(BlockingQueueConsumer.java:649) ~[spring-rabbit-3.2.8.jar:3.2.8]
	at org.springframework.amqp.rabbit.listener.BlockingQueueConsumer.start(BlockingQueueConsumer.java:636) ~[spring-rabbit-3.2.8.jar:3.2.8]
	at org.springframework.amqp.rabbit.listener.SimpleMessageListenerContainer$AsyncMessageProcessingConsumer.initialize(SimpleMessageListenerContainer.java:1490) ~[spring-rabbit-3.2.8.jar:3.2.8]
	at org.springframework.amqp.rabbit.listener.SimpleMessageListenerContainer$AsyncMessageProcessingConsumer.run(SimpleMessageListenerContainer.java:1328) ~[spring-rabbit-3.2.8.jar:3.2.8]
	at java.base/java.lang.Thread.run(Thread.java:1570) ~[na:na]
Caused by: java.io.IOException: null
	at com.rabbitmq.client.impl.AMQChannel.wrap(AMQChannel.java:140) ~[amqp-client-5.25.0.jar:5.25.0]
	at com.rabbitmq.client.impl.AMQChannel.wrap(AMQChannel.java:136) ~[amqp-client-5.25.0.jar:5.25.0]
	at com.rabbitmq.client.impl.AMQChannel.exnWrappingRpc(AMQChannel.java:158) ~[amqp-client-5.25.0.jar:5.25.0]
	at com.rabbitmq.client.impl.ChannelN.queueDeclarePassive(ChannelN.java:1033) ~[amqp-client-5.25.0.jar:5.25.0]
	at com.rabbitmq.client.impl.ChannelN.queueDeclarePassive(ChannelN.java:47) ~[amqp-client-5.25.0.jar:5.25.0]
	at java.base/jdk.internal.reflect.DirectMethodHandleAccessor.invoke(DirectMethodHandleAccessor.java:103) ~[na:na]
	at java.base/java.lang.reflect.Method.invoke(Method.java:580) ~[na:na]
	at org.springframework.amqp.rabbit.connection.CachingConnectionFactory$CachedChannelInvocationHandler.invoke(CachingConnectionFactory.java:1201) ~[spring-rabbit-3.2.8.jar:3.2.8]
	at jdk.proxy2/jdk.proxy2.$Proxy230.queueDeclarePassive(Unknown Source) ~[na:na]
	at org.springframework.amqp.rabbit.listener.BlockingQueueConsumer.attemptPassiveDeclarations(BlockingQueueConsumer.java:750) ~[spring-rabbit-3.2.8.jar:3.2.8]
	... 5 common frames omitted
Caused by: com.rabbitmq.client.ShutdownSignalException: channel error; protocol method: #method<channel.close>(reply-code=404, reply-text=NOT_FOUND - no queue 'springCloudBus.anonymous.8N74X9lwRiehREOImpPZrg' in vhost 'dwtkuyzt', class-id=50, method-id=10)
	at com.rabbitmq.utility.ValueOrException.getValue(ValueOrException.java:66) ~[amqp-client-5.25.0.jar:5.25.0]
	at com.rabbitmq.utility.BlockingValueOrException.uninterruptibleGetValue(BlockingValueOrException.java:36) ~[amqp-client-5.25.0.jar:5.25.0]
	at com.rabbitmq.client.impl.AMQChannel$BlockingRpcContinuation.getReply(AMQChannel.java:552) ~[amqp-client-5.25.0.jar:5.25.0]
	at com.rabbitmq.client.impl.AMQChannel.privateRpc(AMQChannel.java:316) ~[amqp-client-5.25.0.jar:5.25.0]
	at com.rabbitmq.client.impl.AMQChannel.exnWrappingRpc(AMQChannel.java:152) ~[amqp-client-5.25.0.jar:5.25.0]
	... 12 common frames omitted
Caused by: com.rabbitmq.client.ShutdownSignalException: channel error; protocol method: #method<channel.close>(reply-code=404, reply-text=NOT_FOUND - no queue 'springCloudBus.anonymous.8N74X9lwRiehREOImpPZrg' in vhost 'dwtkuyzt', class-id=50, method-id=10)
	at com.rabbitmq.client.impl.ChannelN.asyncShutdown(ChannelN.java:528) ~[amqp-client-5.25.0.jar:5.25.0]
	at com.rabbitmq.client.impl.ChannelN.processAsync(ChannelN.java:349) ~[amqp-client-5.25.0.jar:5.25.0]
	at com.rabbitmq.client.impl.AMQChannel.handleCompleteInboundCommand(AMQChannel.java:193) ~[amqp-client-5.25.0.jar:5.25.0]
	at com.rabbitmq.client.impl.AMQChannel.handleFrame(AMQChannel.java:125) ~[amqp-client-5.25.0.jar:5.25.0]
	at com.rabbitmq.client.impl.AMQConnection.readFrame(AMQConnection.java:761) ~[amqp-client-5.25.0.jar:5.25.0]
	at com.rabbitmq.client.impl.AMQConnection.access$400(AMQConnection.java:48) ~[amqp-client-5.25.0.jar:5.25.0]
	at com.rabbitmq.client.impl.AMQConnection$MainLoop.run(AMQConnection.java:688) ~[amqp-client-5.25.0.jar:5.25.0]
	... 1 common frames omitted

2025-11-24T22:33:23.613+05:30  WARN 74399 --- [order-service] [springCloudBus.anonymous.8N74X9lwRiehREOImpPZrg-17] [                                                 ] o.s.a.r.listener.BlockingQueueConsumer   : Failed to declare queue: springCloudBus.anonymous.8N74X9lwRiehREOImpPZrg
2025-11-24T22:33:23.615+05:30  WARN 74399 --- [order-service] [springCloudBus.anonymous.8N74X9lwRiehREOImpPZrg-17] [                                                 ] o.s.a.r.listener.BlockingQueueConsumer   : Queue declaration failed; retries left=1

org.springframework.amqp.rabbit.listener.BlockingQueueConsumer$DeclarationException: Failed to declare queue(s):[springCloudBus.anonymous.8N74X9lwRiehREOImpPZrg]
	at org.springframework.amqp.rabbit.listener.BlockingQueueConsumer.attemptPassiveDeclarations(BlockingQueueConsumer.java:772) ~[spring-rabbit-3.2.8.jar:3.2.8]
	at org.springframework.amqp.rabbit.listener.BlockingQueueConsumer.passiveDeclarations(BlockingQueueConsumer.java:649) ~[spring-rabbit-3.2.8.jar:3.2.8]
	at org.springframework.amqp.rabbit.listener.BlockingQueueConsumer.start(BlockingQueueConsumer.java:636) ~[spring-rabbit-3.2.8.jar:3.2.8]
	at org.springframework.amqp.rabbit.listener.SimpleMessageListenerContainer$AsyncMessageProcessingConsumer.initialize(SimpleMessageListenerContainer.java:1490) ~[spring-rabbit-3.2.8.jar:3.2.8]
	at org.springframework.amqp.rabbit.listener.SimpleMessageListenerContainer$AsyncMessageProcessingConsumer.run(SimpleMessageListenerContainer.java:1328) ~[spring-rabbit-3.2.8.jar:3.2.8]
	at java.base/java.lang.Thread.run(Thread.java:1570) ~[na:na]
Caused by: java.io.IOException: null
	at com.rabbitmq.client.impl.AMQChannel.wrap(AMQChannel.java:140) ~[amqp-client-5.25.0.jar:5.25.0]
	at com.rabbitmq.client.impl.AMQChannel.wrap(AMQChannel.java:136) ~[amqp-client-5.25.0.jar:5.25.0]
	at com.rabbitmq.client.impl.AMQChannel.exnWrappingRpc(AMQChannel.java:158) ~[amqp-client-5.25.0.jar:5.25.0]
	at com.rabbitmq.client.impl.ChannelN.queueDeclarePassive(ChannelN.java:1033) ~[amqp-client-5.25.0.jar:5.25.0]
	at com.rabbitmq.client.impl.ChannelN.queueDeclarePassive(ChannelN.java:47) ~[amqp-client-5.25.0.jar:5.25.0]
	at java.base/jdk.internal.reflect.DirectMethodHandleAccessor.invoke(DirectMethodHandleAccessor.java:103) ~[na:na]
	at java.base/java.lang.reflect.Method.invoke(Method.java:580) ~[na:na]
	at org.springframework.amqp.rabbit.connection.CachingConnectionFactory$CachedChannelInvocationHandler.invoke(CachingConnectionFactory.java:1201) ~[spring-rabbit-3.2.8.jar:3.2.8]
	at jdk.proxy2/jdk.proxy2.$Proxy230.queueDeclarePassive(Unknown Source) ~[na:na]
	at org.springframework.amqp.rabbit.listener.BlockingQueueConsumer.attemptPassiveDeclarations(BlockingQueueConsumer.java:750) ~[spring-rabbit-3.2.8.jar:3.2.8]
	... 5 common frames omitted
Caused by: com.rabbitmq.client.ShutdownSignalException: channel error; protocol method: #method<channel.close>(reply-code=404, reply-text=NOT_FOUND - no queue 'springCloudBus.anonymous.8N74X9lwRiehREOImpPZrg' in vhost 'dwtkuyzt', class-id=50, method-id=10)
	at com.rabbitmq.utility.ValueOrException.getValue(ValueOrException.java:66) ~[amqp-client-5.25.0.jar:5.25.0]
	at com.rabbitmq.utility.BlockingValueOrException.uninterruptibleGetValue(BlockingValueOrException.java:36) ~[amqp-client-5.25.0.jar:5.25.0]
	at com.rabbitmq.client.impl.AMQChannel$BlockingRpcContinuation.getReply(AMQChannel.java:552) ~[amqp-client-5.25.0.jar:5.25.0]
	at com.rabbitmq.client.impl.AMQChannel.privateRpc(AMQChannel.java:316) ~[amqp-client-5.25.0.jar:5.25.0]
	at com.rabbitmq.client.impl.AMQChannel.exnWrappingRpc(AMQChannel.java:152) ~[amqp-client-5.25.0.jar:5.25.0]
	... 12 common frames omitted
Caused by: com.rabbitmq.client.ShutdownSignalException: channel error; protocol method: #method<channel.close>(reply-code=404, reply-text=NOT_FOUND - no queue 'springCloudBus.anonymous.8N74X9lwRiehREOImpPZrg' in vhost 'dwtkuyzt', class-id=50, method-id=10)
	at com.rabbitmq.client.impl.ChannelN.asyncShutdown(ChannelN.java:528) ~[amqp-client-5.25.0.jar:5.25.0]
	at com.rabbitmq.client.impl.ChannelN.processAsync(ChannelN.java:349) ~[amqp-client-5.25.0.jar:5.25.0]
	at com.rabbitmq.client.impl.AMQChannel.handleCompleteInboundCommand(AMQChannel.java:193) ~[amqp-client-5.25.0.jar:5.25.0]
	at com.rabbitmq.client.impl.AMQChannel.handleFrame(AMQChannel.java:125) ~[amqp-client-5.25.0.jar:5.25.0]
	at com.rabbitmq.client.impl.AMQConnection.readFrame(AMQConnection.java:761) ~[amqp-client-5.25.0.jar:5.25.0]
	at com.rabbitmq.client.impl.AMQConnection.access$400(AMQConnection.java:48) ~[amqp-client-5.25.0.jar:5.25.0]
	at com.rabbitmq.client.impl.AMQConnection$MainLoop.run(AMQConnection.java:688) ~[amqp-client-5.25.0.jar:5.25.0]
	... 1 common frames omitted

2025-11-24T22:33:29.154+05:30  WARN 74399 --- [order-service] [springCloudBus.anonymous.8N74X9lwRiehREOImpPZrg-17] [                                                 ] o.s.a.r.listener.BlockingQueueConsumer   : Failed to declare queue: springCloudBus.anonymous.8N74X9lwRiehREOImpPZrg
2025-11-24T22:33:34.229+05:30 ERROR 74399 --- [order-service] [springCloudBus.anonymous.8N74X9lwRiehREOImpPZrg-17] [                                                 ] o.s.a.r.l.SimpleMessageListenerContainer : Consumer threw missing queues exception, fatal=false

org.springframework.amqp.rabbit.listener.QueuesNotAvailableException: Cannot prepare queue for listener. Either the queue doesn't exist or the broker will not allow us to use it.
	at org.springframework.amqp.rabbit.listener.BlockingQueueConsumer.handleDeclarationException(BlockingQueueConsumer.java:722) ~[spring-rabbit-3.2.8.jar:3.2.8]
	at org.springframework.amqp.rabbit.listener.BlockingQueueConsumer.passiveDeclarations(BlockingQueueConsumer.java:656) ~[spring-rabbit-3.2.8.jar:3.2.8]
	at org.springframework.amqp.rabbit.listener.BlockingQueueConsumer.start(BlockingQueueConsumer.java:636) ~[spring-rabbit-3.2.8.jar:3.2.8]
	at org.springframework.amqp.rabbit.listener.SimpleMessageListenerContainer$AsyncMessageProcessingConsumer.initialize(SimpleMessageListenerContainer.java:1490) ~[spring-rabbit-3.2.8.jar:3.2.8]
	at org.springframework.amqp.rabbit.listener.SimpleMessageListenerContainer$AsyncMessageProcessingConsumer.run(SimpleMessageListenerContainer.java:1328) ~[spring-rabbit-3.2.8.jar:3.2.8]
	at java.base/java.lang.Thread.run(Thread.java:1570) ~[na:na]
Caused by: org.springframework.amqp.rabbit.listener.BlockingQueueConsumer$DeclarationException: Failed to declare queue(s):[springCloudBus.anonymous.8N74X9lwRiehREOImpPZrg]
	at org.springframework.amqp.rabbit.listener.BlockingQueueConsumer.attemptPassiveDeclarations(BlockingQueueConsumer.java:772) ~[spring-rabbit-3.2.8.jar:3.2.8]
	at org.springframework.amqp.rabbit.listener.BlockingQueueConsumer.passiveDeclarations(BlockingQueueConsumer.java:649) ~[spring-rabbit-3.2.8.jar:3.2.8]
	... 4 common frames omitted
Caused by: java.io.IOException: null
	at com.rabbitmq.client.impl.AMQChannel.wrap(AMQChannel.java:140) ~[amqp-client-5.25.0.jar:5.25.0]
	at com.rabbitmq.client.impl.AMQChannel.wrap(AMQChannel.java:136) ~[amqp-client-5.25.0.jar:5.25.0]
	at com.rabbitmq.client.impl.AMQChannel.exnWrappingRpc(AMQChannel.java:158) ~[amqp-client-5.25.0.jar:5.25.0]
	at com.rabbitmq.client.impl.ChannelN.queueDeclarePassive(ChannelN.java:1033) ~[amqp-client-5.25.0.jar:5.25.0]
	at com.rabbitmq.client.impl.ChannelN.queueDeclarePassive(ChannelN.java:47) ~[amqp-client-5.25.0.jar:5.25.0]
	at java.base/jdk.internal.reflect.DirectMethodHandleAccessor.invoke(DirectMethodHandleAccessor.java:103) ~[na:na]
	at java.base/java.lang.reflect.Method.invoke(Method.java:580) ~[na:na]
	at org.springframework.amqp.rabbit.connection.CachingConnectionFactory$CachedChannelInvocationHandler.invoke(CachingConnectionFactory.java:1201) ~[spring-rabbit-3.2.8.jar:3.2.8]
	at jdk.proxy2/jdk.proxy2.$Proxy230.queueDeclarePassive(Unknown Source) ~[na:na]
	at org.springframework.amqp.rabbit.listener.BlockingQueueConsumer.attemptPassiveDeclarations(BlockingQueueConsumer.java:750) ~[spring-rabbit-3.2.8.jar:3.2.8]
	... 5 common frames omitted
Caused by: com.rabbitmq.client.ShutdownSignalException: channel error; protocol method: #method<channel.close>(reply-code=404, reply-text=NOT_FOUND - no queue 'springCloudBus.anonymous.8N74X9lwRiehREOImpPZrg' in vhost 'dwtkuyzt', class-id=50, method-id=10)
	at com.rabbitmq.utility.ValueOrException.getValue(ValueOrException.java:66) ~[amqp-client-5.25.0.jar:5.25.0]
	at com.rabbitmq.utility.BlockingValueOrException.uninterruptibleGetValue(BlockingValueOrException.java:36) ~[amqp-client-5.25.0.jar:5.25.0]
	at com.rabbitmq.client.impl.AMQChannel$BlockingRpcContinuation.getReply(AMQChannel.java:552) ~[amqp-client-5.25.0.jar:5.25.0]
	at com.rabbitmq.client.impl.AMQChannel.privateRpc(AMQChannel.java:316) ~[amqp-client-5.25.0.jar:5.25.0]
	at com.rabbitmq.client.impl.AMQChannel.exnWrappingRpc(AMQChannel.java:152) ~[amqp-client-5.25.0.jar:5.25.0]
	... 12 common frames omitted
Caused by: com.rabbitmq.client.ShutdownSignalException: channel error; protocol method: #method<channel.close>(reply-code=404, reply-text=NOT_FOUND - no queue 'springCloudBus.anonymous.8N74X9lwRiehREOImpPZrg' in vhost 'dwtkuyzt', class-id=50, method-id=10)
	at com.rabbitmq.client.impl.ChannelN.asyncShutdown(ChannelN.java:528) ~[amqp-client-5.25.0.jar:5.25.0]
	at com.rabbitmq.client.impl.ChannelN.processAsync(ChannelN.java:349) ~[amqp-client-5.25.0.jar:5.25.0]
	at com.rabbitmq.client.impl.AMQChannel.handleCompleteInboundCommand(AMQChannel.java:193) ~[amqp-client-5.25.0.jar:5.25.0]
	at com.rabbitmq.client.impl.AMQChannel.handleFrame(AMQChannel.java:125) ~[amqp-client-5.25.0.jar:5.25.0]
	at com.rabbitmq.client.impl.AMQConnection.readFrame(AMQConnection.java:761) ~[amqp-client-5.25.0.jar:5.25.0]
	at com.rabbitmq.client.impl.AMQConnection.access$400(AMQConnection.java:48) ~[amqp-client-5.25.0.jar:5.25.0]
	at com.rabbitmq.client.impl.AMQConnection$MainLoop.run(AMQConnection.java:688) ~[amqp-client-5.25.0.jar:5.25.0]
	... 1 common frames omitted

2025-11-24T22:33:34.237+05:30  INFO 74399 --- [order-service] [springCloudBus.anonymous.8N74X9lwRiehREOImpPZrg-17] [                                                 ] o.s.a.r.l.SimpleMessageListenerContainer : Restarting Consumer@1269c49: tags=[[]], channel=Cached Rabbit Channel: AMQChannel(amqp://dwtkuyzt@35.153.225.39:5672/dwtkuyzt,1), conn: Proxy@63e64174 Shared Rabbit Connection: SimpleConnection@718c61c0 [delegate=amqp://dwtkuyzt@35.153.225.39:5672/dwtkuyzt, localPort=61556], acknowledgeMode=AUTO local queue size=0
2025-11-24T22:33:35.306+05:30  WARN 74399 --- [order-service] [springCloudBus.anonymous.8N74X9lwRiehREOImpPZrg-18] [                                                 ] o.s.a.r.listener.BlockingQueueConsumer   : Failed to declare queue: springCloudBus.anonymous.8N74X9lwRiehREOImpPZrg
2025-11-24T22:33:35.307+05:30  WARN 74399 --- [order-service] [springCloudBus.anonymous.8N74X9lwRiehREOImpPZrg-18] [                                                 ] o.s.a.r.listener.BlockingQueueConsumer   : Queue declaration failed; retries left=3

org.springframework.amqp.rabbit.listener.BlockingQueueConsumer$DeclarationException: Failed to declare queue(s):[springCloudBus.anonymous.8N74X9lwRiehREOImpPZrg]
	at org.springframework.amqp.rabbit.listener.BlockingQueueConsumer.attemptPassiveDeclarations(BlockingQueueConsumer.java:772) ~[spring-rabbit-3.2.8.jar:3.2.8]
	at org.springframework.amqp.rabbit.listener.BlockingQueueConsumer.passiveDeclarations(BlockingQueueConsumer.java:649) ~[spring-rabbit-3.2.8.jar:3.2.8]
	at org.springframework.amqp.rabbit.listener.BlockingQueueConsumer.start(BlockingQueueConsumer.java:636) ~[spring-rabbit-3.2.8.jar:3.2.8]
	at org.springframework.amqp.rabbit.listener.SimpleMessageListenerContainer$AsyncMessageProcessingConsumer.initialize(SimpleMessageListenerContainer.java:1490) ~[spring-rabbit-3.2.8.jar:3.2.8]
	at org.springframework.amqp.rabbit.listener.SimpleMessageListenerContainer$AsyncMessageProcessingConsumer.run(SimpleMessageListenerContainer.java:1328) ~[spring-rabbit-3.2.8.jar:3.2.8]
	at java.base/java.lang.Thread.run(Thread.java:1570) ~[na:na]
Caused by: java.io.IOException: null
	at com.rabbitmq.client.impl.AMQChannel.wrap(AMQChannel.java:140) ~[amqp-client-5.25.0.jar:5.25.0]
	at com.rabbitmq.client.impl.AMQChannel.wrap(AMQChannel.java:136) ~[amqp-client-5.25.0.jar:5.25.0]
	at com.rabbitmq.client.impl.AMQChannel.exnWrappingRpc(AMQChannel.java:158) ~[amqp-client-5.25.0.jar:5.25.0]
	at com.rabbitmq.client.impl.ChannelN.queueDeclarePassive(ChannelN.java:1033) ~[amqp-client-5.25.0.jar:5.25.0]
	at com.rabbitmq.client.impl.ChannelN.queueDeclarePassive(ChannelN.java:47) ~[amqp-client-5.25.0.jar:5.25.0]
	at java.base/jdk.internal.reflect.DirectMethodHandleAccessor.invoke(DirectMethodHandleAccessor.java:103) ~[na:na]
	at java.base/java.lang.reflect.Method.invoke(Method.java:580) ~[na:na]
	at org.springframework.amqp.rabbit.connection.CachingConnectionFactory$CachedChannelInvocationHandler.invoke(CachingConnectionFactory.java:1201) ~[spring-rabbit-3.2.8.jar:3.2.8]
	at jdk.proxy2/jdk.proxy2.$Proxy230.queueDeclarePassive(Unknown Source) ~[na:na]
	at org.springframework.amqp.rabbit.listener.BlockingQueueConsumer.attemptPassiveDeclarations(BlockingQueueConsumer.java:750) ~[spring-rabbit-3.2.8.jar:3.2.8]
	... 5 common frames omitted
Caused by: com.rabbitmq.client.ShutdownSignalException: channel error; protocol method: #method<channel.close>(reply-code=404, reply-text=NOT_FOUND - no queue 'springCloudBus.anonymous.8N74X9lwRiehREOImpPZrg' in vhost 'dwtkuyzt', class-id=50, method-id=10)
	at com.rabbitmq.utility.ValueOrException.getValue(ValueOrException.java:66) ~[amqp-client-5.25.0.jar:5.25.0]
	at com.rabbitmq.utility.BlockingValueOrException.uninterruptibleGetValue(BlockingValueOrException.java:36) ~[amqp-client-5.25.0.jar:5.25.0]
	at com.rabbitmq.client.impl.AMQChannel$BlockingRpcContinuation.getReply(AMQChannel.java:552) ~[amqp-client-5.25.0.jar:5.25.0]
	at com.rabbitmq.client.impl.AMQChannel.privateRpc(AMQChannel.java:316) ~[amqp-client-5.25.0.jar:5.25.0]
	at com.rabbitmq.client.impl.AMQChannel.exnWrappingRpc(AMQChannel.java:152) ~[amqp-client-5.25.0.jar:5.25.0]
	... 12 common frames omitted
Caused by: com.rabbitmq.client.ShutdownSignalException: channel error; protocol method: #method<channel.close>(reply-code=404, reply-text=NOT_FOUND - no queue 'springCloudBus.anonymous.8N74X9lwRiehREOImpPZrg' in vhost 'dwtkuyzt', class-id=50, method-id=10)
	at com.rabbitmq.client.impl.ChannelN.asyncShutdown(ChannelN.java:528) ~[amqp-client-5.25.0.jar:5.25.0]
	at com.rabbitmq.client.impl.ChannelN.processAsync(ChannelN.java:349) ~[amqp-client-5.25.0.jar:5.25.0]
	at com.rabbitmq.client.impl.AMQChannel.handleCompleteInboundCommand(AMQChannel.java:193) ~[amqp-client-5.25.0.jar:5.25.0]
	at com.rabbitmq.client.impl.AMQChannel.handleFrame(AMQChannel.java:125) ~[amqp-client-5.25.0.jar:5.25.0]
	at com.rabbitmq.client.impl.AMQConnection.readFrame(AMQConnection.java:761) ~[amqp-client-5.25.0.jar:5.25.0]
	at com.rabbitmq.client.impl.AMQConnection.access$400(AMQConnection.java:48) ~[amqp-client-5.25.0.jar:5.25.0]
	at com.rabbitmq.client.impl.AMQConnection$MainLoop.run(AMQConnection.java:688) ~[amqp-client-5.25.0.jar:5.25.0]
	... 1 common frames omitted

2025-11-24T22:33:40.840+05:30  WARN 74399 --- [order-service] [springCloudBus.anonymous.8N74X9lwRiehREOImpPZrg-18] [                                                 ] o.s.a.r.listener.BlockingQueueConsumer   : Failed to declare queue: springCloudBus.anonymous.8N74X9lwRiehREOImpPZrg
2025-11-24T22:33:40.841+05:30  WARN 74399 --- [order-service] [springCloudBus.anonymous.8N74X9lwRiehREOImpPZrg-18] [                                                 ] o.s.a.r.listener.BlockingQueueConsumer   : Queue declaration failed; retries left=2

org.springframework.amqp.rabbit.listener.BlockingQueueConsumer$DeclarationException: Failed to declare queue(s):[springCloudBus.anonymous.8N74X9lwRiehREOImpPZrg]
	at org.springframework.amqp.rabbit.listener.BlockingQueueConsumer.attemptPassiveDeclarations(BlockingQueueConsumer.java:772) ~[spring-rabbit-3.2.8.jar:3.2.8]
	at org.springframework.amqp.rabbit.listener.BlockingQueueConsumer.passiveDeclarations(BlockingQueueConsumer.java:649) ~[spring-rabbit-3.2.8.jar:3.2.8]
	at org.springframework.amqp.rabbit.listener.BlockingQueueConsumer.start(BlockingQueueConsumer.java:636) ~[spring-rabbit-3.2.8.jar:3.2.8]
	at org.springframework.amqp.rabbit.listener.SimpleMessageListenerContainer$AsyncMessageProcessingConsumer.initialize(SimpleMessageListenerContainer.java:1490) ~[spring-rabbit-3.2.8.jar:3.2.8]
	at org.springframework.amqp.rabbit.listener.SimpleMessageListenerContainer$AsyncMessageProcessingConsumer.run(SimpleMessageListenerContainer.java:1328) ~[spring-rabbit-3.2.8.jar:3.2.8]
	at java.base/java.lang.Thread.run(Thread.java:1570) ~[na:na]
Caused by: java.io.IOException: null
	at com.rabbitmq.client.impl.AMQChannel.wrap(AMQChannel.java:140) ~[amqp-client-5.25.0.jar:5.25.0]
	at com.rabbitmq.client.impl.AMQChannel.wrap(AMQChannel.java:136) ~[amqp-client-5.25.0.jar:5.25.0]
	at com.rabbitmq.client.impl.AMQChannel.exnWrappingRpc(AMQChannel.java:158) ~[amqp-client-5.25.0.jar:5.25.0]
	at com.rabbitmq.client.impl.ChannelN.queueDeclarePassive(ChannelN.java:1033) ~[amqp-client-5.25.0.jar:5.25.0]
	at com.rabbitmq.client.impl.ChannelN.queueDeclarePassive(ChannelN.java:47) ~[amqp-client-5.25.0.jar:5.25.0]
	at java.base/jdk.internal.reflect.DirectMethodHandleAccessor.invoke(DirectMethodHandleAccessor.java:103) ~[na:na]
	at java.base/java.lang.reflect.Method.invoke(Method.java:580) ~[na:na]
	at org.springframework.amqp.rabbit.connection.CachingConnectionFactory$CachedChannelInvocationHandler.invoke(CachingConnectionFactory.java:1201) ~[spring-rabbit-3.2.8.jar:3.2.8]
	at jdk.proxy2/jdk.proxy2.$Proxy230.queueDeclarePassive(Unknown Source) ~[na:na]
	at org.springframework.amqp.rabbit.listener.BlockingQueueConsumer.attemptPassiveDeclarations(BlockingQueueConsumer.java:750) ~[spring-rabbit-3.2.8.jar:3.2.8]
	... 5 common frames omitted
Caused by: com.rabbitmq.client.ShutdownSignalException: channel error; protocol method: #method<channel.close>(reply-code=404, reply-text=NOT_FOUND - no queue 'springCloudBus.anonymous.8N74X9lwRiehREOImpPZrg' in vhost 'dwtkuyzt', class-id=50, method-id=10)
	at com.rabbitmq.utility.ValueOrException.getValue(ValueOrException.java:66) ~[amqp-client-5.25.0.jar:5.25.0]
	at com.rabbitmq.utility.BlockingValueOrException.uninterruptibleGetValue(BlockingValueOrException.java:36) ~[amqp-client-5.25.0.jar:5.25.0]
	at com.rabbitmq.client.impl.AMQChannel$BlockingRpcContinuation.getReply(AMQChannel.java:552) ~[amqp-client-5.25.0.jar:5.25.0]
	at com.rabbitmq.client.impl.AMQChannel.privateRpc(AMQChannel.java:316) ~[amqp-client-5.25.0.jar:5.25.0]
	at com.rabbitmq.client.impl.AMQChannel.exnWrappingRpc(AMQChannel.java:152) ~[amqp-client-5.25.0.jar:5.25.0]
	... 12 common frames omitted
Caused by: com.rabbitmq.client.ShutdownSignalException: channel error; protocol method: #method<channel.close>(reply-code=404, reply-text=NOT_FOUND - no queue 'springCloudBus.anonymous.8N74X9lwRiehREOImpPZrg' in vhost 'dwtkuyzt', class-id=50, method-id=10)
	at com.rabbitmq.client.impl.ChannelN.asyncShutdown(ChannelN.java:528) ~[amqp-client-5.25.0.jar:5.25.0]
	at com.rabbitmq.client.impl.ChannelN.processAsync(ChannelN.java:349) ~[amqp-client-5.25.0.jar:5.25.0]
	at com.rabbitmq.client.impl.AMQChannel.handleCompleteInboundCommand(AMQChannel.java:193) ~[amqp-client-5.25.0.jar:5.25.0]
	at com.rabbitmq.client.impl.AMQChannel.handleFrame(AMQChannel.java:125) ~[amqp-client-5.25.0.jar:5.25.0]
	at com.rabbitmq.client.impl.AMQConnection.readFrame(AMQConnection.java:761) ~[amqp-client-5.25.0.jar:5.25.0]
	at com.rabbitmq.client.impl.AMQConnection.access$400(AMQConnection.java:48) ~[amqp-client-5.25.0.jar:5.25.0]
	at com.rabbitmq.client.impl.AMQConnection$MainLoop.run(AMQConnection.java:688) ~[amqp-client-5.25.0.jar:5.25.0]
	... 1 common frames omitted

2025-11-24T22:33:46.380+05:30  WARN 74399 --- [order-service] [springCloudBus.anonymous.8N74X9lwRiehREOImpPZrg-18] [                                                 ] o.s.a.r.listener.BlockingQueueConsumer   : Failed to declare queue: springCloudBus.anonymous.8N74X9lwRiehREOImpPZrg
2025-11-24T22:33:46.382+05:30  WARN 74399 --- [order-service] [springCloudBus.anonymous.8N74X9lwRiehREOImpPZrg-18] [                                                 ] o.s.a.r.listener.BlockingQueueConsumer   : Queue declaration failed; retries left=1

org.springframework.amqp.rabbit.listener.BlockingQueueConsumer$DeclarationException: Failed to declare queue(s):[springCloudBus.anonymous.8N74X9lwRiehREOImpPZrg]
	at org.springframework.amqp.rabbit.listener.BlockingQueueConsumer.attemptPassiveDeclarations(BlockingQueueConsumer.java:772) ~[spring-rabbit-3.2.8.jar:3.2.8]
	at org.springframework.amqp.rabbit.listener.BlockingQueueConsumer.passiveDeclarations(BlockingQueueConsumer.java:649) ~[spring-rabbit-3.2.8.jar:3.2.8]
	at org.springframework.amqp.rabbit.listener.BlockingQueueConsumer.start(BlockingQueueConsumer.java:636) ~[spring-rabbit-3.2.8.jar:3.2.8]
	at org.springframework.amqp.rabbit.listener.SimpleMessageListenerContainer$AsyncMessageProcessingConsumer.initialize(SimpleMessageListenerContainer.java:1490) ~[spring-rabbit-3.2.8.jar:3.2.8]
	at org.springframework.amqp.rabbit.listener.SimpleMessageListenerContainer$AsyncMessageProcessingConsumer.run(SimpleMessageListenerContainer.java:1328) ~[spring-rabbit-3.2.8.jar:3.2.8]
	at java.base/java.lang.Thread.run(Thread.java:1570) ~[na:na]
Caused by: java.io.IOException: null
	at com.rabbitmq.client.impl.AMQChannel.wrap(AMQChannel.java:140) ~[amqp-client-5.25.0.jar:5.25.0]
	at com.rabbitmq.client.impl.AMQChannel.wrap(AMQChannel.java:136) ~[amqp-client-5.25.0.jar:5.25.0]
	at com.rabbitmq.client.impl.AMQChannel.exnWrappingRpc(AMQChannel.java:158) ~[amqp-client-5.25.0.jar:5.25.0]
	at com.rabbitmq.client.impl.ChannelN.queueDeclarePassive(ChannelN.java:1033) ~[amqp-client-5.25.0.jar:5.25.0]
	at com.rabbitmq.client.impl.ChannelN.queueDeclarePassive(ChannelN.java:47) ~[amqp-client-5.25.0.jar:5.25.0]
	at java.base/jdk.internal.reflect.DirectMethodHandleAccessor.invoke(DirectMethodHandleAccessor.java:103) ~[na:na]
	at java.base/java.lang.reflect.Method.invoke(Method.java:580) ~[na:na]
	at org.springframework.amqp.rabbit.connection.CachingConnectionFactory$CachedChannelInvocationHandler.invoke(CachingConnectionFactory.java:1201) ~[spring-rabbit-3.2.8.jar:3.2.8]
	at jdk.proxy2/jdk.proxy2.$Proxy230.queueDeclarePassive(Unknown Source) ~[na:na]
	at org.springframework.amqp.rabbit.listener.BlockingQueueConsumer.attemptPassiveDeclarations(BlockingQueueConsumer.java:750) ~[spring-rabbit-3.2.8.jar:3.2.8]
	... 5 common frames omitted
Caused by: com.rabbitmq.client.ShutdownSignalException: channel error; protocol method: #method<channel.close>(reply-code=404, reply-text=NOT_FOUND - no queue 'springCloudBus.anonymous.8N74X9lwRiehREOImpPZrg' in vhost 'dwtkuyzt', class-id=50, method-id=10)
	at com.rabbitmq.utility.ValueOrException.getValue(ValueOrException.java:66) ~[amqp-client-5.25.0.jar:5.25.0]
	at com.rabbitmq.utility.BlockingValueOrException.uninterruptibleGetValue(BlockingValueOrException.java:36) ~[amqp-client-5.25.0.jar:5.25.0]
	at com.rabbitmq.client.impl.AMQChannel$BlockingRpcContinuation.getReply(AMQChannel.java:552) ~[amqp-client-5.25.0.jar:5.25.0]
	at com.rabbitmq.client.impl.AMQChannel.privateRpc(AMQChannel.java:316) ~[amqp-client-5.25.0.jar:5.25.0]
	at com.rabbitmq.client.impl.AMQChannel.exnWrappingRpc(AMQChannel.java:152) ~[amqp-client-5.25.0.jar:5.25.0]
	... 12 common frames omitted
Caused by: com.rabbitmq.client.ShutdownSignalException: channel error; protocol method: #method<channel.close>(reply-code=404, reply-text=NOT_FOUND - no queue 'springCloudBus.anonymous.8N74X9lwRiehREOImpPZrg' in vhost 'dwtkuyzt', class-id=50, method-id=10)
	at com.rabbitmq.client.impl.ChannelN.asyncShutdown(ChannelN.java:528) ~[amqp-client-5.25.0.jar:5.25.0]
	at com.rabbitmq.client.impl.ChannelN.processAsync(ChannelN.java:349) ~[amqp-client-5.25.0.jar:5.25.0]
	at com.rabbitmq.client.impl.AMQChannel.handleCompleteInboundCommand(AMQChannel.java:193) ~[amqp-client-5.25.0.jar:5.25.0]
	at com.rabbitmq.client.impl.AMQChannel.handleFrame(AMQChannel.java:125) ~[amqp-client-5.25.0.jar:5.25.0]
	at com.rabbitmq.client.impl.AMQConnection.readFrame(AMQConnection.java:761) ~[amqp-client-5.25.0.jar:5.25.0]
	at com.rabbitmq.client.impl.AMQConnection.access$400(AMQConnection.java:48) ~[amqp-client-5.25.0.jar:5.25.0]
	at com.rabbitmq.client.impl.AMQConnection$MainLoop.run(AMQConnection.java:688) ~[amqp-client-5.25.0.jar:5.25.0]
	... 1 common frames omitted

2025-11-24T22:33:51.924+05:30  WARN 74399 --- [order-service] [springCloudBus.anonymous.8N74X9lwRiehREOImpPZrg-18] [                                                 ] o.s.a.r.listener.BlockingQueueConsumer   : Failed to declare queue: springCloudBus.anonymous.8N74X9lwRiehREOImpPZrg
2025-11-24T22:33:57.024+05:30 ERROR 74399 --- [order-service] [springCloudBus.anonymous.8N74X9lwRiehREOImpPZrg-18] [                                                 ] o.s.a.r.l.SimpleMessageListenerContainer : Consumer threw missing queues exception, fatal=false

org.springframework.amqp.rabbit.listener.QueuesNotAvailableException: Cannot prepare queue for listener. Either the queue doesn't exist or the broker will not allow us to use it.
	at org.springframework.amqp.rabbit.listener.BlockingQueueConsumer.handleDeclarationException(BlockingQueueConsumer.java:722) ~[spring-rabbit-3.2.8.jar:3.2.8]
	at org.springframework.amqp.rabbit.listener.BlockingQueueConsumer.passiveDeclarations(BlockingQueueConsumer.java:656) ~[spring-rabbit-3.2.8.jar:3.2.8]
	at org.springframework.amqp.rabbit.listener.BlockingQueueConsumer.start(BlockingQueueConsumer.java:636) ~[spring-rabbit-3.2.8.jar:3.2.8]
	at org.springframework.amqp.rabbit.listener.SimpleMessageListenerContainer$AsyncMessageProcessingConsumer.initialize(SimpleMessageListenerContainer.java:1490) ~[spring-rabbit-3.2.8.jar:3.2.8]
	at org.springframework.amqp.rabbit.listener.SimpleMessageListenerContainer$AsyncMessageProcessingConsumer.run(SimpleMessageListenerContainer.java:1328) ~[spring-rabbit-3.2.8.jar:3.2.8]
	at java.base/java.lang.Thread.run(Thread.java:1570) ~[na:na]
Caused by: org.springframework.amqp.rabbit.listener.BlockingQueueConsumer$DeclarationException: Failed to declare queue(s):[springCloudBus.anonymous.8N74X9lwRiehREOImpPZrg]
	at org.springframework.amqp.rabbit.listener.BlockingQueueConsumer.attemptPassiveDeclarations(BlockingQueueConsumer.java:772) ~[spring-rabbit-3.2.8.jar:3.2.8]
	at org.springframework.amqp.rabbit.listener.BlockingQueueConsumer.passiveDeclarations(BlockingQueueConsumer.java:649) ~[spring-rabbit-3.2.8.jar:3.2.8]
	... 4 common frames omitted
Caused by: java.io.IOException: null
	at com.rabbitmq.client.impl.AMQChannel.wrap(AMQChannel.java:140) ~[amqp-client-5.25.0.jar:5.25.0]
	at com.rabbitmq.client.impl.AMQChannel.wrap(AMQChannel.java:136) ~[amqp-client-5.25.0.jar:5.25.0]
	at com.rabbitmq.client.impl.AMQChannel.exnWrappingRpc(AMQChannel.java:158) ~[amqp-client-5.25.0.jar:5.25.0]
	at com.rabbitmq.client.impl.ChannelN.queueDeclarePassive(ChannelN.java:1033) ~[amqp-client-5.25.0.jar:5.25.0]
	at com.rabbitmq.client.impl.ChannelN.queueDeclarePassive(ChannelN.java:47) ~[amqp-client-5.25.0.jar:5.25.0]
	at java.base/jdk.internal.reflect.DirectMethodHandleAccessor.invoke(DirectMethodHandleAccessor.java:103) ~[na:na]
	at java.base/java.lang.reflect.Method.invoke(Method.java:580) ~[na:na]
	at org.springframework.amqp.rabbit.connection.CachingConnectionFactory$CachedChannelInvocationHandler.invoke(CachingConnectionFactory.java:1201) ~[spring-rabbit-3.2.8.jar:3.2.8]
	at jdk.proxy2/jdk.proxy2.$Proxy230.queueDeclarePassive(Unknown Source) ~[na:na]
	at org.springframework.amqp.rabbit.listener.BlockingQueueConsumer.attemptPassiveDeclarations(BlockingQueueConsumer.java:750) ~[spring-rabbit-3.2.8.jar:3.2.8]
	... 5 common frames omitted
Caused by: com.rabbitmq.client.ShutdownSignalException: channel error; protocol method: #method<channel.close>(reply-code=404, reply-text=NOT_FOUND - no queue 'springCloudBus.anonymous.8N74X9lwRiehREOImpPZrg' in vhost 'dwtkuyzt', class-id=50, method-id=10)
	at com.rabbitmq.utility.ValueOrException.getValue(ValueOrException.java:66) ~[amqp-client-5.25.0.jar:5.25.0]
	at com.rabbitmq.utility.BlockingValueOrException.uninterruptibleGetValue(BlockingValueOrException.java:36) ~[amqp-client-5.25.0.jar:5.25.0]
	at com.rabbitmq.client.impl.AMQChannel$BlockingRpcContinuation.getReply(AMQChannel.java:552) ~[amqp-client-5.25.0.jar:5.25.0]
	at com.rabbitmq.client.impl.AMQChannel.privateRpc(AMQChannel.java:316) ~[amqp-client-5.25.0.jar:5.25.0]
	at com.rabbitmq.client.impl.AMQChannel.exnWrappingRpc(AMQChannel.java:152) ~[amqp-client-5.25.0.jar:5.25.0]
	... 12 common frames omitted
Caused by: com.rabbitmq.client.ShutdownSignalException: channel error; protocol method: #method<channel.close>(reply-code=404, reply-text=NOT_FOUND - no queue 'springCloudBus.anonymous.8N74X9lwRiehREOImpPZrg' in vhost 'dwtkuyzt', class-id=50, method-id=10)
	at com.rabbitmq.client.impl.ChannelN.asyncShutdown(ChannelN.java:528) ~[amqp-client-5.25.0.jar:5.25.0]
	at com.rabbitmq.client.impl.ChannelN.processAsync(ChannelN.java:349) ~[amqp-client-5.25.0.jar:5.25.0]
	at com.rabbitmq.client.impl.AMQChannel.handleCompleteInboundCommand(AMQChannel.java:193) ~[amqp-client-5.25.0.jar:5.25.0]
	at com.rabbitmq.client.impl.AMQChannel.handleFrame(AMQChannel.java:125) ~[amqp-client-5.25.0.jar:5.25.0]
	at com.rabbitmq.client.impl.AMQConnection.readFrame(AMQConnection.java:761) ~[amqp-client-5.25.0.jar:5.25.0]
	at com.rabbitmq.client.impl.AMQConnection.access$400(AMQConnection.java:48) ~[amqp-client-5.25.0.jar:5.25.0]
	at com.rabbitmq.client.impl.AMQConnection$MainLoop.run(AMQConnection.java:688) ~[amqp-client-5.25.0.jar:5.25.0]
	... 1 common frames omitted

2025-11-24T22:33:57.028+05:30  INFO 74399 --- [order-service] [springCloudBus.anonymous.8N74X9lwRiehREOImpPZrg-18] [                                                 ] o.s.a.r.l.SimpleMessageListenerContainer : Restarting Consumer@6a6de2a3: tags=[[]], channel=Cached Rabbit Channel: AMQChannel(amqp://dwtkuyzt@35.153.225.39:5672/dwtkuyzt,1), conn: Proxy@63e64174 Shared Rabbit Connection: SimpleConnection@718c61c0 [delegate=amqp://dwtkuyzt@35.153.225.39:5672/dwtkuyzt, localPort=61556], acknowledgeMode=AUTO local queue size=0
2025-11-24T22:33:58.118+05:30  WARN 74399 --- [order-service] [springCloudBus.anonymous.8N74X9lwRiehREOImpPZrg-19] [                                                 ] o.s.a.r.listener.BlockingQueueConsumer   : Failed to declare queue: springCloudBus.anonymous.8N74X9lwRiehREOImpPZrg
2025-11-24T22:33:58.119+05:30  WARN 74399 --- [order-service] [springCloudBus.anonymous.8N74X9lwRiehREOImpPZrg-19] [                                                 ] o.s.a.r.listener.BlockingQueueConsumer   : Queue declaration failed; retries left=3

org.springframework.amqp.rabbit.listener.BlockingQueueConsumer$DeclarationException: Failed to declare queue(s):[springCloudBus.anonymous.8N74X9lwRiehREOImpPZrg]
	at org.springframework.amqp.rabbit.listener.BlockingQueueConsumer.attemptPassiveDeclarations(BlockingQueueConsumer.java:772) ~[spring-rabbit-3.2.8.jar:3.2.8]
	at org.springframework.amqp.rabbit.listener.BlockingQueueConsumer.passiveDeclarations(BlockingQueueConsumer.java:649) ~[spring-rabbit-3.2.8.jar:3.2.8]
	at org.springframework.amqp.rabbit.listener.BlockingQueueConsumer.start(BlockingQueueConsumer.java:636) ~[spring-rabbit-3.2.8.jar:3.2.8]
	at org.springframework.amqp.rabbit.listener.SimpleMessageListenerContainer$AsyncMessageProcessingConsumer.initialize(SimpleMessageListenerContainer.java:1490) ~[spring-rabbit-3.2.8.jar:3.2.8]
	at org.springframework.amqp.rabbit.listener.SimpleMessageListenerContainer$AsyncMessageProcessingConsumer.run(SimpleMessageListenerContainer.java:1328) ~[spring-rabbit-3.2.8.jar:3.2.8]
	at java.base/java.lang.Thread.run(Thread.java:1570) ~[na:na]
Caused by: java.io.IOException: null
	at com.rabbitmq.client.impl.AMQChannel.wrap(AMQChannel.java:140) ~[amqp-client-5.25.0.jar:5.25.0]
	at com.rabbitmq.client.impl.AMQChannel.wrap(AMQChannel.java:136) ~[amqp-client-5.25.0.jar:5.25.0]
	at com.rabbitmq.client.impl.AMQChannel.exnWrappingRpc(AMQChannel.java:158) ~[amqp-client-5.25.0.jar:5.25.0]
	at com.rabbitmq.client.impl.ChannelN.queueDeclarePassive(ChannelN.java:1033) ~[amqp-client-5.25.0.jar:5.25.0]
	at com.rabbitmq.client.impl.ChannelN.queueDeclarePassive(ChannelN.java:47) ~[amqp-client-5.25.0.jar:5.25.0]
	at java.base/jdk.internal.reflect.DirectMethodHandleAccessor.invoke(DirectMethodHandleAccessor.java:103) ~[na:na]
	at java.base/java.lang.reflect.Method.invoke(Method.java:580) ~[na:na]
	at org.springframework.amqp.rabbit.connection.CachingConnectionFactory$CachedChannelInvocationHandler.invoke(CachingConnectionFactory.java:1201) ~[spring-rabbit-3.2.8.jar:3.2.8]
	at jdk.proxy2/jdk.proxy2.$Proxy230.queueDeclarePassive(Unknown Source) ~[na:na]
	at org.springframework.amqp.rabbit.listener.BlockingQueueConsumer.attemptPassiveDeclarations(BlockingQueueConsumer.java:750) ~[spring-rabbit-3.2.8.jar:3.2.8]
	... 5 common frames omitted
Caused by: com.rabbitmq.client.ShutdownSignalException: channel error; protocol method: #method<channel.close>(reply-code=404, reply-text=NOT_FOUND - no queue 'springCloudBus.anonymous.8N74X9lwRiehREOImpPZrg' in vhost 'dwtkuyzt', class-id=50, method-id=10)
	at com.rabbitmq.utility.ValueOrException.getValue(ValueOrException.java:66) ~[amqp-client-5.25.0.jar:5.25.0]
	at com.rabbitmq.utility.BlockingValueOrException.uninterruptibleGetValue(BlockingValueOrException.java:36) ~[amqp-client-5.25.0.jar:5.25.0]
	at com.rabbitmq.client.impl.AMQChannel$BlockingRpcContinuation.getReply(AMQChannel.java:552) ~[amqp-client-5.25.0.jar:5.25.0]
	at com.rabbitmq.client.impl.AMQChannel.privateRpc(AMQChannel.java:316) ~[amqp-client-5.25.0.jar:5.25.0]
	at com.rabbitmq.client.impl.AMQChannel.exnWrappingRpc(AMQChannel.java:152) ~[amqp-client-5.25.0.jar:5.25.0]
	... 12 common frames omitted
Caused by: com.rabbitmq.client.ShutdownSignalException: channel error; protocol method: #method<channel.close>(reply-code=404, reply-text=NOT_FOUND - no queue 'springCloudBus.anonymous.8N74X9lwRiehREOImpPZrg' in vhost 'dwtkuyzt', class-id=50, method-id=10)
	at com.rabbitmq.client.impl.ChannelN.asyncShutdown(ChannelN.java:528) ~[amqp-client-5.25.0.jar:5.25.0]
	at com.rabbitmq.client.impl.ChannelN.processAsync(ChannelN.java:349) ~[amqp-client-5.25.0.jar:5.25.0]
	at com.rabbitmq.client.impl.AMQChannel.handleCompleteInboundCommand(AMQChannel.java:193) ~[amqp-client-5.25.0.jar:5.25.0]
	at com.rabbitmq.client.impl.AMQChannel.handleFrame(AMQChannel.java:125) ~[amqp-client-5.25.0.jar:5.25.0]
	at com.rabbitmq.client.impl.AMQConnection.readFrame(AMQConnection.java:761) ~[amqp-client-5.25.0.jar:5.25.0]
	at com.rabbitmq.client.impl.AMQConnection.access$400(AMQConnection.java:48) ~[amqp-client-5.25.0.jar:5.25.0]
	at com.rabbitmq.client.impl.AMQConnection$MainLoop.run(AMQConnection.java:688) ~[amqp-client-5.25.0.jar:5.25.0]
	... 1 common frames omitted

2025-11-24T22:34:03.657+05:30  WARN 74399 --- [order-service] [springCloudBus.anonymous.8N74X9lwRiehREOImpPZrg-19] [                                                 ] o.s.a.r.listener.BlockingQueueConsumer   : Failed to declare queue: springCloudBus.anonymous.8N74X9lwRiehREOImpPZrg
2025-11-24T22:34:03.658+05:30  WARN 74399 --- [order-service] [springCloudBus.anonymous.8N74X9lwRiehREOImpPZrg-19] [                                                 ] o.s.a.r.listener.BlockingQueueConsumer   : Queue declaration failed; retries left=2

org.springframework.amqp.rabbit.listener.BlockingQueueConsumer$DeclarationException: Failed to declare queue(s):[springCloudBus.anonymous.8N74X9lwRiehREOImpPZrg]
	at org.springframework.amqp.rabbit.listener.BlockingQueueConsumer.attemptPassiveDeclarations(BlockingQueueConsumer.java:772) ~[spring-rabbit-3.2.8.jar:3.2.8]
	at org.springframework.amqp.rabbit.listener.BlockingQueueConsumer.passiveDeclarations(BlockingQueueConsumer.java:649) ~[spring-rabbit-3.2.8.jar:3.2.8]
	at org.springframework.amqp.rabbit.listener.BlockingQueueConsumer.start(BlockingQueueConsumer.java:636) ~[spring-rabbit-3.2.8.jar:3.2.8]
	at org.springframework.amqp.rabbit.listener.SimpleMessageListenerContainer$AsyncMessageProcessingConsumer.initialize(SimpleMessageListenerContainer.java:1490) ~[spring-rabbit-3.2.8.jar:3.2.8]
	at org.springframework.amqp.rabbit.listener.SimpleMessageListenerContainer$AsyncMessageProcessingConsumer.run(SimpleMessageListenerContainer.java:1328) ~[spring-rabbit-3.2.8.jar:3.2.8]
	at java.base/java.lang.Thread.run(Thread.java:1570) ~[na:na]
Caused by: java.io.IOException: null
	at com.rabbitmq.client.impl.AMQChannel.wrap(AMQChannel.java:140) ~[amqp-client-5.25.0.jar:5.25.0]
	at com.rabbitmq.client.impl.AMQChannel.wrap(AMQChannel.java:136) ~[amqp-client-5.25.0.jar:5.25.0]
	at com.rabbitmq.client.impl.AMQChannel.exnWrappingRpc(AMQChannel.java:158) ~[amqp-client-5.25.0.jar:5.25.0]
	at com.rabbitmq.client.impl.ChannelN.queueDeclarePassive(ChannelN.java:1033) ~[amqp-client-5.25.0.jar:5.25.0]
	at com.rabbitmq.client.impl.ChannelN.queueDeclarePassive(ChannelN.java:47) ~[amqp-client-5.25.0.jar:5.25.0]
	at java.base/jdk.internal.reflect.DirectMethodHandleAccessor.invoke(DirectMethodHandleAccessor.java:103) ~[na:na]
	at java.base/java.lang.reflect.Method.invoke(Method.java:580) ~[na:na]
	at org.springframework.amqp.rabbit.connection.CachingConnectionFactory$CachedChannelInvocationHandler.invoke(CachingConnectionFactory.java:1201) ~[spring-rabbit-3.2.8.jar:3.2.8]
	at jdk.proxy2/jdk.proxy2.$Proxy230.queueDeclarePassive(Unknown Source) ~[na:na]
	at org.springframework.amqp.rabbit.listener.BlockingQueueConsumer.attemptPassiveDeclarations(BlockingQueueConsumer.java:750) ~[spring-rabbit-3.2.8.jar:3.2.8]
	... 5 common frames omitted
Caused by: com.rabbitmq.client.ShutdownSignalException: channel error; protocol method: #method<channel.close>(reply-code=404, reply-text=NOT_FOUND - no queue 'springCloudBus.anonymous.8N74X9lwRiehREOImpPZrg' in vhost 'dwtkuyzt', class-id=50, method-id=10)
	at com.rabbitmq.utility.ValueOrException.getValue(ValueOrException.java:66) ~[amqp-client-5.25.0.jar:5.25.0]
	at com.rabbitmq.utility.BlockingValueOrException.uninterruptibleGetValue(BlockingValueOrException.java:36) ~[amqp-client-5.25.0.jar:5.25.0]
	at com.rabbitmq.client.impl.AMQChannel$BlockingRpcContinuation.getReply(AMQChannel.java:552) ~[amqp-client-5.25.0.jar:5.25.0]
	at com.rabbitmq.client.impl.AMQChannel.privateRpc(AMQChannel.java:316) ~[amqp-client-5.25.0.jar:5.25.0]
	at com.rabbitmq.client.impl.AMQChannel.exnWrappingRpc(AMQChannel.java:152) ~[amqp-client-5.25.0.jar:5.25.0]
	... 12 common frames omitted
Caused by: com.rabbitmq.client.ShutdownSignalException: channel error; protocol method: #method<channel.close>(reply-code=404, reply-text=NOT_FOUND - no queue 'springCloudBus.anonymous.8N74X9lwRiehREOImpPZrg' in vhost 'dwtkuyzt', class-id=50, method-id=10)
	at com.rabbitmq.client.impl.ChannelN.asyncShutdown(ChannelN.java:528) ~[amqp-client-5.25.0.jar:5.25.0]
	at com.rabbitmq.client.impl.ChannelN.processAsync(ChannelN.java:349) ~[amqp-client-5.25.0.jar:5.25.0]
	at com.rabbitmq.client.impl.AMQChannel.handleCompleteInboundCommand(AMQChannel.java:193) ~[amqp-client-5.25.0.jar:5.25.0]
	at com.rabbitmq.client.impl.AMQChannel.handleFrame(AMQChannel.java:125) ~[amqp-client-5.25.0.jar:5.25.0]
	at com.rabbitmq.client.impl.AMQConnection.readFrame(AMQConnection.java:761) ~[amqp-client-5.25.0.jar:5.25.0]
	at com.rabbitmq.client.impl.AMQConnection.access$400(AMQConnection.java:48) ~[amqp-client-5.25.0.jar:5.25.0]
	at com.rabbitmq.client.impl.AMQConnection$MainLoop.run(AMQConnection.java:688) ~[amqp-client-5.25.0.jar:5.25.0]
	... 1 common frames omitted

2025-11-24T22:34:09.198+05:30  WARN 74399 --- [order-service] [springCloudBus.anonymous.8N74X9lwRiehREOImpPZrg-19] [                                                 ] o.s.a.r.listener.BlockingQueueConsumer   : Failed to declare queue: springCloudBus.anonymous.8N74X9lwRiehREOImpPZrg
2025-11-24T22:34:09.198+05:30  WARN 74399 --- [order-service] [springCloudBus.anonymous.8N74X9lwRiehREOImpPZrg-19] [                                                 ] o.s.a.r.listener.BlockingQueueConsumer   : Queue declaration failed; retries left=1

org.springframework.amqp.rabbit.listener.BlockingQueueConsumer$DeclarationException: Failed to declare queue(s):[springCloudBus.anonymous.8N74X9lwRiehREOImpPZrg]
	at org.springframework.amqp.rabbit.listener.BlockingQueueConsumer.attemptPassiveDeclarations(BlockingQueueConsumer.java:772) ~[spring-rabbit-3.2.8.jar:3.2.8]
	at org.springframework.amqp.rabbit.listener.BlockingQueueConsumer.passiveDeclarations(BlockingQueueConsumer.java:649) ~[spring-rabbit-3.2.8.jar:3.2.8]
	at org.springframework.amqp.rabbit.listener.BlockingQueueConsumer.start(BlockingQueueConsumer.java:636) ~[spring-rabbit-3.2.8.jar:3.2.8]
	at org.springframework.amqp.rabbit.listener.SimpleMessageListenerContainer$AsyncMessageProcessingConsumer.initialize(SimpleMessageListenerContainer.java:1490) ~[spring-rabbit-3.2.8.jar:3.2.8]
	at org.springframework.amqp.rabbit.listener.SimpleMessageListenerContainer$AsyncMessageProcessingConsumer.run(SimpleMessageListenerContainer.java:1328) ~[spring-rabbit-3.2.8.jar:3.2.8]
	at java.base/java.lang.Thread.run(Thread.java:1570) ~[na:na]
Caused by: java.io.IOException: null
	at com.rabbitmq.client.impl.AMQChannel.wrap(AMQChannel.java:140) ~[amqp-client-5.25.0.jar:5.25.0]
	at com.rabbitmq.client.impl.AMQChannel.wrap(AMQChannel.java:136) ~[amqp-client-5.25.0.jar:5.25.0]
	at com.rabbitmq.client.impl.AMQChannel.exnWrappingRpc(AMQChannel.java:158) ~[amqp-client-5.25.0.jar:5.25.0]
	at com.rabbitmq.client.impl.ChannelN.queueDeclarePassive(ChannelN.java:1033) ~[amqp-client-5.25.0.jar:5.25.0]
	at com.rabbitmq.client.impl.ChannelN.queueDeclarePassive(ChannelN.java:47) ~[amqp-client-5.25.0.jar:5.25.0]
	at java.base/jdk.internal.reflect.DirectMethodHandleAccessor.invoke(DirectMethodHandleAccessor.java:103) ~[na:na]
	at java.base/java.lang.reflect.Method.invoke(Method.java:580) ~[na:na]
	at org.springframework.amqp.rabbit.connection.CachingConnectionFactory$CachedChannelInvocationHandler.invoke(CachingConnectionFactory.java:1201) ~[spring-rabbit-3.2.8.jar:3.2.8]
	at jdk.proxy2/jdk.proxy2.$Proxy230.queueDeclarePassive(Unknown Source) ~[na:na]
	at org.springframework.amqp.rabbit.listener.BlockingQueueConsumer.attemptPassiveDeclarations(BlockingQueueConsumer.java:750) ~[spring-rabbit-3.2.8.jar:3.2.8]
	... 5 common frames omitted
Caused by: com.rabbitmq.client.ShutdownSignalException: channel error; protocol method: #method<channel.close>(reply-code=404, reply-text=NOT_FOUND - no queue 'springCloudBus.anonymous.8N74X9lwRiehREOImpPZrg' in vhost 'dwtkuyzt', class-id=50, method-id=10)
	at com.rabbitmq.utility.ValueOrException.getValue(ValueOrException.java:66) ~[amqp-client-5.25.0.jar:5.25.0]
	at com.rabbitmq.utility.BlockingValueOrException.uninterruptibleGetValue(BlockingValueOrException.java:36) ~[amqp-client-5.25.0.jar:5.25.0]
	at com.rabbitmq.client.impl.AMQChannel$BlockingRpcContinuation.getReply(AMQChannel.java:552) ~[amqp-client-5.25.0.jar:5.25.0]
	at com.rabbitmq.client.impl.AMQChannel.privateRpc(AMQChannel.java:316) ~[amqp-client-5.25.0.jar:5.25.0]
	at com.rabbitmq.client.impl.AMQChannel.exnWrappingRpc(AMQChannel.java:152) ~[amqp-client-5.25.0.jar:5.25.0]
	... 12 common frames omitted
Caused by: com.rabbitmq.client.ShutdownSignalException: channel error; protocol method: #method<channel.close>(reply-code=404, reply-text=NOT_FOUND - no queue 'springCloudBus.anonymous.8N74X9lwRiehREOImpPZrg' in vhost 'dwtkuyzt', class-id=50, method-id=10)
	at com.rabbitmq.client.impl.ChannelN.asyncShutdown(ChannelN.java:528) ~[amqp-client-5.25.0.jar:5.25.0]
	at com.rabbitmq.client.impl.ChannelN.processAsync(ChannelN.java:349) ~[amqp-client-5.25.0.jar:5.25.0]
	at com.rabbitmq.client.impl.AMQChannel.handleCompleteInboundCommand(AMQChannel.java:193) ~[amqp-client-5.25.0.jar:5.25.0]
	at com.rabbitmq.client.impl.AMQChannel.handleFrame(AMQChannel.java:125) ~[amqp-client-5.25.0.jar:5.25.0]
	at com.rabbitmq.client.impl.AMQConnection.readFrame(AMQConnection.java:761) ~[amqp-client-5.25.0.jar:5.25.0]
	at com.rabbitmq.client.impl.AMQConnection.access$400(AMQConnection.java:48) ~[amqp-client-5.25.0.jar:5.25.0]
	at com.rabbitmq.client.impl.AMQConnection$MainLoop.run(AMQConnection.java:688) ~[amqp-client-5.25.0.jar:5.25.0]
	... 1 common frames omitted

2025-11-24T22:34:14.748+05:30  WARN 74399 --- [order-service] [springCloudBus.anonymous.8N74X9lwRiehREOImpPZrg-19] [                                                 ] o.s.a.r.listener.BlockingQueueConsumer   : Failed to declare queue: springCloudBus.anonymous.8N74X9lwRiehREOImpPZrg
2025-11-24T22:34:19.848+05:30 ERROR 74399 --- [order-service] [springCloudBus.anonymous.8N74X9lwRiehREOImpPZrg-19] [                                                 ] o.s.a.r.l.SimpleMessageListenerContainer : Consumer threw missing queues exception, fatal=false

org.springframework.amqp.rabbit.listener.QueuesNotAvailableException: Cannot prepare queue for listener. Either the queue doesn't exist or the broker will not allow us to use it.
	at org.springframework.amqp.rabbit.listener.BlockingQueueConsumer.handleDeclarationException(BlockingQueueConsumer.java:722) ~[spring-rabbit-3.2.8.jar:3.2.8]
	at org.springframework.amqp.rabbit.listener.BlockingQueueConsumer.passiveDeclarations(BlockingQueueConsumer.java:656) ~[spring-rabbit-3.2.8.jar:3.2.8]
	at org.springframework.amqp.rabbit.listener.BlockingQueueConsumer.start(BlockingQueueConsumer.java:636) ~[spring-rabbit-3.2.8.jar:3.2.8]
	at org.springframework.amqp.rabbit.listener.SimpleMessageListenerContainer$AsyncMessageProcessingConsumer.initialize(SimpleMessageListenerContainer.java:1490) ~[spring-rabbit-3.2.8.jar:3.2.8]
	at org.springframework.amqp.rabbit.listener.SimpleMessageListenerContainer$AsyncMessageProcessingConsumer.run(SimpleMessageListenerContainer.java:1328) ~[spring-rabbit-3.2.8.jar:3.2.8]
	at java.base/java.lang.Thread.run(Thread.java:1570) ~[na:na]
Caused by: org.springframework.amqp.rabbit.listener.BlockingQueueConsumer$DeclarationException: Failed to declare queue(s):[springCloudBus.anonymous.8N74X9lwRiehREOImpPZrg]
	at org.springframework.amqp.rabbit.listener.BlockingQueueConsumer.attemptPassiveDeclarations(BlockingQueueConsumer.java:772) ~[spring-rabbit-3.2.8.jar:3.2.8]
	at org.springframework.amqp.rabbit.listener.BlockingQueueConsumer.passiveDeclarations(BlockingQueueConsumer.java:649) ~[spring-rabbit-3.2.8.jar:3.2.8]
	... 4 common frames omitted
Caused by: java.io.IOException: null
	at com.rabbitmq.client.impl.AMQChannel.wrap(AMQChannel.java:140) ~[amqp-client-5.25.0.jar:5.25.0]
	at com.rabbitmq.client.impl.AMQChannel.wrap(AMQChannel.java:136) ~[amqp-client-5.25.0.jar:5.25.0]
	at com.rabbitmq.client.impl.AMQChannel.exnWrappingRpc(AMQChannel.java:158) ~[amqp-client-5.25.0.jar:5.25.0]
	at com.rabbitmq.client.impl.ChannelN.queueDeclarePassive(ChannelN.java:1033) ~[amqp-client-5.25.0.jar:5.25.0]
	at com.rabbitmq.client.impl.ChannelN.queueDeclarePassive(ChannelN.java:47) ~[amqp-client-5.25.0.jar:5.25.0]
	at java.base/jdk.internal.reflect.DirectMethodHandleAccessor.invoke(DirectMethodHandleAccessor.java:103) ~[na:na]
	at java.base/java.lang.reflect.Method.invoke(Method.java:580) ~[na:na]
	at org.springframework.amqp.rabbit.connection.CachingConnectionFactory$CachedChannelInvocationHandler.invoke(CachingConnectionFactory.java:1201) ~[spring-rabbit-3.2.8.jar:3.2.8]
	at jdk.proxy2/jdk.proxy2.$Proxy230.queueDeclarePassive(Unknown Source) ~[na:na]
	at org.springframework.amqp.rabbit.listener.BlockingQueueConsumer.attemptPassiveDeclarations(BlockingQueueConsumer.java:750) ~[spring-rabbit-3.2.8.jar:3.2.8]
	... 5 common frames omitted
Caused by: com.rabbitmq.client.ShutdownSignalException: channel error; protocol method: #method<channel.close>(reply-code=404, reply-text=NOT_FOUND - no queue 'springCloudBus.anonymous.8N74X9lwRiehREOImpPZrg' in vhost 'dwtkuyzt', class-id=50, method-id=10)
	at com.rabbitmq.utility.ValueOrException.getValue(ValueOrException.java:66) ~[amqp-client-5.25.0.jar:5.25.0]
	at com.rabbitmq.utility.BlockingValueOrException.uninterruptibleGetValue(BlockingValueOrException.java:36) ~[amqp-client-5.25.0.jar:5.25.0]
	at com.rabbitmq.client.impl.AMQChannel$BlockingRpcContinuation.getReply(AMQChannel.java:552) ~[amqp-client-5.25.0.jar:5.25.0]
	at com.rabbitmq.client.impl.AMQChannel.privateRpc(AMQChannel.java:316) ~[amqp-client-5.25.0.jar:5.25.0]
	at com.rabbitmq.client.impl.AMQChannel.exnWrappingRpc(AMQChannel.java:152) ~[amqp-client-5.25.0.jar:5.25.0]
	... 12 common frames omitted
Caused by: com.rabbitmq.client.ShutdownSignalException: channel error; protocol method: #method<channel.close>(reply-code=404, reply-text=NOT_FOUND - no queue 'springCloudBus.anonymous.8N74X9lwRiehREOImpPZrg' in vhost 'dwtkuyzt', class-id=50, method-id=10)
	at com.rabbitmq.client.impl.ChannelN.asyncShutdown(ChannelN.java:528) ~[amqp-client-5.25.0.jar:5.25.0]
	at com.rabbitmq.client.impl.ChannelN.processAsync(ChannelN.java:349) ~[amqp-client-5.25.0.jar:5.25.0]
	at com.rabbitmq.client.impl.AMQChannel.handleCompleteInboundCommand(AMQChannel.java:193) ~[amqp-client-5.25.0.jar:5.25.0]
	at com.rabbitmq.client.impl.AMQChannel.handleFrame(AMQChannel.java:125) ~[amqp-client-5.25.0.jar:5.25.0]
	at com.rabbitmq.client.impl.AMQConnection.readFrame(AMQConnection.java:761) ~[amqp-client-5.25.0.jar:5.25.0]
	at com.rabbitmq.client.impl.AMQConnection.access$400(AMQConnection.java:48) ~[amqp-client-5.25.0.jar:5.25.0]
	at com.rabbitmq.client.impl.AMQConnection$MainLoop.run(AMQConnection.java:688) ~[amqp-client-5.25.0.jar:5.25.0]
	... 1 common frames omitted

2025-11-24T22:34:19.853+05:30  INFO 74399 --- [order-service] [springCloudBus.anonymous.8N74X9lwRiehREOImpPZrg-19] [                                                 ] o.s.a.r.l.SimpleMessageListenerContainer : Restarting Consumer@14718558: tags=[[]], channel=Cached Rabbit Channel: AMQChannel(amqp://dwtkuyzt@35.153.225.39:5672/dwtkuyzt,1), conn: Proxy@63e64174 Shared Rabbit Connection: SimpleConnection@718c61c0 [delegate=amqp://dwtkuyzt@35.153.225.39:5672/dwtkuyzt, localPort=61556], acknowledgeMode=AUTO local queue size=0
2025-11-24T22:34:20.925+05:30  WARN 74399 --- [order-service] [springCloudBus.anonymous.8N74X9lwRiehREOImpPZrg-20] [                                                 ] o.s.a.r.listener.BlockingQueueConsumer   : Failed to declare queue: springCloudBus.anonymous.8N74X9lwRiehREOImpPZrg
2025-11-24T22:34:20.926+05:30  WARN 74399 --- [order-service] [springCloudBus.anonymous.8N74X9lwRiehREOImpPZrg-20] [                                                 ] o.s.a.r.listener.BlockingQueueConsumer   : Queue declaration failed; retries left=3

org.springframework.amqp.rabbit.listener.BlockingQueueConsumer$DeclarationException: Failed to declare queue(s):[springCloudBus.anonymous.8N74X9lwRiehREOImpPZrg]
	at org.springframework.amqp.rabbit.listener.BlockingQueueConsumer.attemptPassiveDeclarations(BlockingQueueConsumer.java:772) ~[spring-rabbit-3.2.8.jar:3.2.8]
	at org.springframework.amqp.rabbit.listener.BlockingQueueConsumer.passiveDeclarations(BlockingQueueConsumer.java:649) ~[spring-rabbit-3.2.8.jar:3.2.8]
	at org.springframework.amqp.rabbit.listener.BlockingQueueConsumer.start(BlockingQueueConsumer.java:636) ~[spring-rabbit-3.2.8.jar:3.2.8]
	at org.springframework.amqp.rabbit.listener.SimpleMessageListenerContainer$AsyncMessageProcessingConsumer.initialize(SimpleMessageListenerContainer.java:1490) ~[spring-rabbit-3.2.8.jar:3.2.8]
	at org.springframework.amqp.rabbit.listener.SimpleMessageListenerContainer$AsyncMessageProcessingConsumer.run(SimpleMessageListenerContainer.java:1328) ~[spring-rabbit-3.2.8.jar:3.2.8]
	at java.base/java.lang.Thread.run(Thread.java:1570) ~[na:na]
Caused by: java.io.IOException: null
	at com.rabbitmq.client.impl.AMQChannel.wrap(AMQChannel.java:140) ~[amqp-client-5.25.0.jar:5.25.0]
	at com.rabbitmq.client.impl.AMQChannel.wrap(AMQChannel.java:136) ~[amqp-client-5.25.0.jar:5.25.0]
	at com.rabbitmq.client.impl.AMQChannel.exnWrappingRpc(AMQChannel.java:158) ~[amqp-client-5.25.0.jar:5.25.0]
	at com.rabbitmq.client.impl.ChannelN.queueDeclarePassive(ChannelN.java:1033) ~[amqp-client-5.25.0.jar:5.25.0]
	at com.rabbitmq.client.impl.ChannelN.queueDeclarePassive(ChannelN.java:47) ~[amqp-client-5.25.0.jar:5.25.0]
	at java.base/jdk.internal.reflect.DirectMethodHandleAccessor.invoke(DirectMethodHandleAccessor.java:103) ~[na:na]
	at java.base/java.lang.reflect.Method.invoke(Method.java:580) ~[na:na]
	at org.springframework.amqp.rabbit.connection.CachingConnectionFactory$CachedChannelInvocationHandler.invoke(CachingConnectionFactory.java:1201) ~[spring-rabbit-3.2.8.jar:3.2.8]
	at jdk.proxy2/jdk.proxy2.$Proxy230.queueDeclarePassive(Unknown Source) ~[na:na]
	at org.springframework.amqp.rabbit.listener.BlockingQueueConsumer.attemptPassiveDeclarations(BlockingQueueConsumer.java:750) ~[spring-rabbit-3.2.8.jar:3.2.8]
	... 5 common frames omitted
Caused by: com.rabbitmq.client.ShutdownSignalException: channel error; protocol method: #method<channel.close>(reply-code=404, reply-text=NOT_FOUND - no queue 'springCloudBus.anonymous.8N74X9lwRiehREOImpPZrg' in vhost 'dwtkuyzt', class-id=50, method-id=10)
	at com.rabbitmq.utility.ValueOrException.getValue(ValueOrException.java:66) ~[amqp-client-5.25.0.jar:5.25.0]
	at com.rabbitmq.utility.BlockingValueOrException.uninterruptibleGetValue(BlockingValueOrException.java:36) ~[amqp-client-5.25.0.jar:5.25.0]
	at com.rabbitmq.client.impl.AMQChannel$BlockingRpcContinuation.getReply(AMQChannel.java:552) ~[amqp-client-5.25.0.jar:5.25.0]
	at com.rabbitmq.client.impl.AMQChannel.privateRpc(AMQChannel.java:316) ~[amqp-client-5.25.0.jar:5.25.0]
	at com.rabbitmq.client.impl.AMQChannel.exnWrappingRpc(AMQChannel.java:152) ~[amqp-client-5.25.0.jar:5.25.0]
	... 12 common frames omitted
Caused by: com.rabbitmq.client.ShutdownSignalException: channel error; protocol method: #method<channel.close>(reply-code=404, reply-text=NOT_FOUND - no queue 'springCloudBus.anonymous.8N74X9lwRiehREOImpPZrg' in vhost 'dwtkuyzt', class-id=50, method-id=10)
	at com.rabbitmq.client.impl.ChannelN.asyncShutdown(ChannelN.java:528) ~[amqp-client-5.25.0.jar:5.25.0]
	at com.rabbitmq.client.impl.ChannelN.processAsync(ChannelN.java:349) ~[amqp-client-5.25.0.jar:5.25.0]
	at com.rabbitmq.client.impl.AMQChannel.handleCompleteInboundCommand(AMQChannel.java:193) ~[amqp-client-5.25.0.jar:5.25.0]
	at com.rabbitmq.client.impl.AMQChannel.handleFrame(AMQChannel.java:125) ~[amqp-client-5.25.0.jar:5.25.0]
	at com.rabbitmq.client.impl.AMQConnection.readFrame(AMQConnection.java:761) ~[amqp-client-5.25.0.jar:5.25.0]
	at com.rabbitmq.client.impl.AMQConnection.access$400(AMQConnection.java:48) ~[amqp-client-5.25.0.jar:5.25.0]
	at com.rabbitmq.client.impl.AMQConnection$MainLoop.run(AMQConnection.java:688) ~[amqp-client-5.25.0.jar:5.25.0]
	... 1 common frames omitted

2025-11-24T22:34:26.460+05:30  WARN 74399 --- [order-service] [springCloudBus.anonymous.8N74X9lwRiehREOImpPZrg-20] [                                                 ] o.s.a.r.listener.BlockingQueueConsumer   : Failed to declare queue: springCloudBus.anonymous.8N74X9lwRiehREOImpPZrg
2025-11-24T22:34:26.461+05:30  WARN 74399 --- [order-service] [springCloudBus.anonymous.8N74X9lwRiehREOImpPZrg-20] [                                                 ] o.s.a.r.listener.BlockingQueueConsumer   : Queue declaration failed; retries left=2

org.springframework.amqp.rabbit.listener.BlockingQueueConsumer$DeclarationException: Failed to declare queue(s):[springCloudBus.anonymous.8N74X9lwRiehREOImpPZrg]
	at org.springframework.amqp.rabbit.listener.BlockingQueueConsumer.attemptPassiveDeclarations(BlockingQueueConsumer.java:772) ~[spring-rabbit-3.2.8.jar:3.2.8]
	at org.springframework.amqp.rabbit.listener.BlockingQueueConsumer.passiveDeclarations(BlockingQueueConsumer.java:649) ~[spring-rabbit-3.2.8.jar:3.2.8]
	at org.springframework.amqp.rabbit.listener.BlockingQueueConsumer.start(BlockingQueueConsumer.java:636) ~[spring-rabbit-3.2.8.jar:3.2.8]
	at org.springframework.amqp.rabbit.listener.SimpleMessageListenerContainer$AsyncMessageProcessingConsumer.initialize(SimpleMessageListenerContainer.java:1490) ~[spring-rabbit-3.2.8.jar:3.2.8]
	at org.springframework.amqp.rabbit.listener.SimpleMessageListenerContainer$AsyncMessageProcessingConsumer.run(SimpleMessageListenerContainer.java:1328) ~[spring-rabbit-3.2.8.jar:3.2.8]
	at java.base/java.lang.Thread.run(Thread.java:1570) ~[na:na]
Caused by: java.io.IOException: null
	at com.rabbitmq.client.impl.AMQChannel.wrap(AMQChannel.java:140) ~[amqp-client-5.25.0.jar:5.25.0]
	at com.rabbitmq.client.impl.AMQChannel.wrap(AMQChannel.java:136) ~[amqp-client-5.25.0.jar:5.25.0]
	at com.rabbitmq.client.impl.AMQChannel.exnWrappingRpc(AMQChannel.java:158) ~[amqp-client-5.25.0.jar:5.25.0]
	at com.rabbitmq.client.impl.ChannelN.queueDeclarePassive(ChannelN.java:1033) ~[amqp-client-5.25.0.jar:5.25.0]
	at com.rabbitmq.client.impl.ChannelN.queueDeclarePassive(ChannelN.java:47) ~[amqp-client-5.25.0.jar:5.25.0]
	at java.base/jdk.internal.reflect.DirectMethodHandleAccessor.invoke(DirectMethodHandleAccessor.java:103) ~[na:na]
	at java.base/java.lang.reflect.Method.invoke(Method.java:580) ~[na:na]
	at org.springframework.amqp.rabbit.connection.CachingConnectionFactory$CachedChannelInvocationHandler.invoke(CachingConnectionFactory.java:1201) ~[spring-rabbit-3.2.8.jar:3.2.8]
	at jdk.proxy2/jdk.proxy2.$Proxy230.queueDeclarePassive(Unknown Source) ~[na:na]
	at org.springframework.amqp.rabbit.listener.BlockingQueueConsumer.attemptPassiveDeclarations(BlockingQueueConsumer.java:750) ~[spring-rabbit-3.2.8.jar:3.2.8]
	... 5 common frames omitted
Caused by: com.rabbitmq.client.ShutdownSignalException: channel error; protocol method: #method<channel.close>(reply-code=404, reply-text=NOT_FOUND - no queue 'springCloudBus.anonymous.8N74X9lwRiehREOImpPZrg' in vhost 'dwtkuyzt', class-id=50, method-id=10)
	at com.rabbitmq.utility.ValueOrException.getValue(ValueOrException.java:66) ~[amqp-client-5.25.0.jar:5.25.0]
	at com.rabbitmq.utility.BlockingValueOrException.uninterruptibleGetValue(BlockingValueOrException.java:36) ~[amqp-client-5.25.0.jar:5.25.0]
	at com.rabbitmq.client.impl.AMQChannel$BlockingRpcContinuation.getReply(AMQChannel.java:552) ~[amqp-client-5.25.0.jar:5.25.0]
	at com.rabbitmq.client.impl.AMQChannel.privateRpc(AMQChannel.java:316) ~[amqp-client-5.25.0.jar:5.25.0]
	at com.rabbitmq.client.impl.AMQChannel.exnWrappingRpc(AMQChannel.java:152) ~[amqp-client-5.25.0.jar:5.25.0]
	... 12 common frames omitted
Caused by: com.rabbitmq.client.ShutdownSignalException: channel error; protocol method: #method<channel.close>(reply-code=404, reply-text=NOT_FOUND - no queue 'springCloudBus.anonymous.8N74X9lwRiehREOImpPZrg' in vhost 'dwtkuyzt', class-id=50, method-id=10)
	at com.rabbitmq.client.impl.ChannelN.asyncShutdown(ChannelN.java:528) ~[amqp-client-5.25.0.jar:5.25.0]
	at com.rabbitmq.client.impl.ChannelN.processAsync(ChannelN.java:349) ~[amqp-client-5.25.0.jar:5.25.0]
	at com.rabbitmq.client.impl.AMQChannel.handleCompleteInboundCommand(AMQChannel.java:193) ~[amqp-client-5.25.0.jar:5.25.0]
	at com.rabbitmq.client.impl.AMQChannel.handleFrame(AMQChannel.java:125) ~[amqp-client-5.25.0.jar:5.25.0]
	at com.rabbitmq.client.impl.AMQConnection.readFrame(AMQConnection.java:761) ~[amqp-client-5.25.0.jar:5.25.0]
	at com.rabbitmq.client.impl.AMQConnection.access$400(AMQConnection.java:48) ~[amqp-client-5.25.0.jar:5.25.0]
	at com.rabbitmq.client.impl.AMQConnection$MainLoop.run(AMQConnection.java:688) ~[amqp-client-5.25.0.jar:5.25.0]
	... 1 common frames omitted

2025-11-24T22:34:31.997+05:30  WARN 74399 --- [order-service] [springCloudBus.anonymous.8N74X9lwRiehREOImpPZrg-20] [                                                 ] o.s.a.r.listener.BlockingQueueConsumer   : Failed to declare queue: springCloudBus.anonymous.8N74X9lwRiehREOImpPZrg
2025-11-24T22:34:31.997+05:30  WARN 74399 --- [order-service] [springCloudBus.anonymous.8N74X9lwRiehREOImpPZrg-20] [                                                 ] o.s.a.r.listener.BlockingQueueConsumer   : Queue declaration failed; retries left=1

org.springframework.amqp.rabbit.listener.BlockingQueueConsumer$DeclarationException: Failed to declare queue(s):[springCloudBus.anonymous.8N74X9lwRiehREOImpPZrg]
	at org.springframework.amqp.rabbit.listener.BlockingQueueConsumer.attemptPassiveDeclarations(BlockingQueueConsumer.java:772) ~[spring-rabbit-3.2.8.jar:3.2.8]
	at org.springframework.amqp.rabbit.listener.BlockingQueueConsumer.passiveDeclarations(BlockingQueueConsumer.java:649) ~[spring-rabbit-3.2.8.jar:3.2.8]
	at org.springframework.amqp.rabbit.listener.BlockingQueueConsumer.start(BlockingQueueConsumer.java:636) ~[spring-rabbit-3.2.8.jar:3.2.8]
	at org.springframework.amqp.rabbit.listener.SimpleMessageListenerContainer$AsyncMessageProcessingConsumer.initialize(SimpleMessageListenerContainer.java:1490) ~[spring-rabbit-3.2.8.jar:3.2.8]
	at org.springframework.amqp.rabbit.listener.SimpleMessageListenerContainer$AsyncMessageProcessingConsumer.run(SimpleMessageListenerContainer.java:1328) ~[spring-rabbit-3.2.8.jar:3.2.8]
	at java.base/java.lang.Thread.run(Thread.java:1570) ~[na:na]
Caused by: java.io.IOException: null
	at com.rabbitmq.client.impl.AMQChannel.wrap(AMQChannel.java:140) ~[amqp-client-5.25.0.jar:5.25.0]
	at com.rabbitmq.client.impl.AMQChannel.wrap(AMQChannel.java:136) ~[amqp-client-5.25.0.jar:5.25.0]
	at com.rabbitmq.client.impl.AMQChannel.exnWrappingRpc(AMQChannel.java:158) ~[amqp-client-5.25.0.jar:5.25.0]
	at com.rabbitmq.client.impl.ChannelN.queueDeclarePassive(ChannelN.java:1033) ~[amqp-client-5.25.0.jar:5.25.0]
	at com.rabbitmq.client.impl.ChannelN.queueDeclarePassive(ChannelN.java:47) ~[amqp-client-5.25.0.jar:5.25.0]
	at java.base/jdk.internal.reflect.DirectMethodHandleAccessor.invoke(DirectMethodHandleAccessor.java:103) ~[na:na]
	at java.base/java.lang.reflect.Method.invoke(Method.java:580) ~[na:na]
	at org.springframework.amqp.rabbit.connection.CachingConnectionFactory$CachedChannelInvocationHandler.invoke(CachingConnectionFactory.java:1201) ~[spring-rabbit-3.2.8.jar:3.2.8]
	at jdk.proxy2/jdk.proxy2.$Proxy230.queueDeclarePassive(Unknown Source) ~[na:na]
	at org.springframework.amqp.rabbit.listener.BlockingQueueConsumer.attemptPassiveDeclarations(BlockingQueueConsumer.java:750) ~[spring-rabbit-3.2.8.jar:3.2.8]
	... 5 common frames omitted
Caused by: com.rabbitmq.client.ShutdownSignalException: channel error; protocol method: #method<channel.close>(reply-code=404, reply-text=NOT_FOUND - no queue 'springCloudBus.anonymous.8N74X9lwRiehREOImpPZrg' in vhost 'dwtkuyzt', class-id=50, method-id=10)
	at com.rabbitmq.utility.ValueOrException.getValue(ValueOrException.java:66) ~[amqp-client-5.25.0.jar:5.25.0]
	at com.rabbitmq.utility.BlockingValueOrException.uninterruptibleGetValue(BlockingValueOrException.java:36) ~[amqp-client-5.25.0.jar:5.25.0]
	at com.rabbitmq.client.impl.AMQChannel$BlockingRpcContinuation.getReply(AMQChannel.java:552) ~[amqp-client-5.25.0.jar:5.25.0]
	at com.rabbitmq.client.impl.AMQChannel.privateRpc(AMQChannel.java:316) ~[amqp-client-5.25.0.jar:5.25.0]
	at com.rabbitmq.client.impl.AMQChannel.exnWrappingRpc(AMQChannel.java:152) ~[amqp-client-5.25.0.jar:5.25.0]
	... 12 common frames omitted
Caused by: com.rabbitmq.client.ShutdownSignalException: channel error; protocol method: #method<channel.close>(reply-code=404, reply-text=NOT_FOUND - no queue 'springCloudBus.anonymous.8N74X9lwRiehREOImpPZrg' in vhost 'dwtkuyzt', class-id=50, method-id=10)
	at com.rabbitmq.client.impl.ChannelN.asyncShutdown(ChannelN.java:528) ~[amqp-client-5.25.0.jar:5.25.0]
	at com.rabbitmq.client.impl.ChannelN.processAsync(ChannelN.java:349) ~[amqp-client-5.25.0.jar:5.25.0]
	at com.rabbitmq.client.impl.AMQChannel.handleCompleteInboundCommand(AMQChannel.java:193) ~[amqp-client-5.25.0.jar:5.25.0]
	at com.rabbitmq.client.impl.AMQChannel.handleFrame(AMQChannel.java:125) ~[amqp-client-5.25.0.jar:5.25.0]
	at com.rabbitmq.client.impl.AMQConnection.readFrame(AMQConnection.java:761) ~[amqp-client-5.25.0.jar:5.25.0]
	at com.rabbitmq.client.impl.AMQConnection.access$400(AMQConnection.java:48) ~[amqp-client-5.25.0.jar:5.25.0]
	at com.rabbitmq.client.impl.AMQConnection$MainLoop.run(AMQConnection.java:688) ~[amqp-client-5.25.0.jar:5.25.0]
	... 1 common frames omitted

2025-11-24T22:34:37.536+05:30  WARN 74399 --- [order-service] [springCloudBus.anonymous.8N74X9lwRiehREOImpPZrg-20] [                                                 ] o.s.a.r.listener.BlockingQueueConsumer   : Failed to declare queue: springCloudBus.anonymous.8N74X9lwRiehREOImpPZrg
2025-11-24T22:34:42.620+05:30 ERROR 74399 --- [order-service] [springCloudBus.anonymous.8N74X9lwRiehREOImpPZrg-20] [                                                 ] o.s.a.r.l.SimpleMessageListenerContainer : Consumer threw missing queues exception, fatal=false

org.springframework.amqp.rabbit.listener.QueuesNotAvailableException: Cannot prepare queue for listener. Either the queue doesn't exist or the broker will not allow us to use it.
	at org.springframework.amqp.rabbit.listener.BlockingQueueConsumer.handleDeclarationException(BlockingQueueConsumer.java:722) ~[spring-rabbit-3.2.8.jar:3.2.8]
	at org.springframework.amqp.rabbit.listener.BlockingQueueConsumer.passiveDeclarations(BlockingQueueConsumer.java:656) ~[spring-rabbit-3.2.8.jar:3.2.8]
	at org.springframework.amqp.rabbit.listener.BlockingQueueConsumer.start(BlockingQueueConsumer.java:636) ~[spring-rabbit-3.2.8.jar:3.2.8]
	at org.springframework.amqp.rabbit.listener.SimpleMessageListenerContainer$AsyncMessageProcessingConsumer.initialize(SimpleMessageListenerContainer.java:1490) ~[spring-rabbit-3.2.8.jar:3.2.8]
	at org.springframework.amqp.rabbit.listener.SimpleMessageListenerContainer$AsyncMessageProcessingConsumer.run(SimpleMessageListenerContainer.java:1328) ~[spring-rabbit-3.2.8.jar:3.2.8]
	at java.base/java.lang.Thread.run(Thread.java:1570) ~[na:na]
Caused by: org.springframework.amqp.rabbit.listener.BlockingQueueConsumer$DeclarationException: Failed to declare queue(s):[springCloudBus.anonymous.8N74X9lwRiehREOImpPZrg]
	at org.springframework.amqp.rabbit.listener.BlockingQueueConsumer.attemptPassiveDeclarations(BlockingQueueConsumer.java:772) ~[spring-rabbit-3.2.8.jar:3.2.8]
	at org.springframework.amqp.rabbit.listener.BlockingQueueConsumer.passiveDeclarations(BlockingQueueConsumer.java:649) ~[spring-rabbit-3.2.8.jar:3.2.8]
	... 4 common frames omitted
Caused by: java.io.IOException: null
	at com.rabbitmq.client.impl.AMQChannel.wrap(AMQChannel.java:140) ~[amqp-client-5.25.0.jar:5.25.0]
	at com.rabbitmq.client.impl.AMQChannel.wrap(AMQChannel.java:136) ~[amqp-client-5.25.0.jar:5.25.0]
	at com.rabbitmq.client.impl.AMQChannel.exnWrappingRpc(AMQChannel.java:158) ~[amqp-client-5.25.0.jar:5.25.0]
	at com.rabbitmq.client.impl.ChannelN.queueDeclarePassive(ChannelN.java:1033) ~[amqp-client-5.25.0.jar:5.25.0]
	at com.rabbitmq.client.impl.ChannelN.queueDeclarePassive(ChannelN.java:47) ~[amqp-client-5.25.0.jar:5.25.0]
	at java.base/jdk.internal.reflect.DirectMethodHandleAccessor.invoke(DirectMethodHandleAccessor.java:103) ~[na:na]
	at java.base/java.lang.reflect.Method.invoke(Method.java:580) ~[na:na]
	at org.springframework.amqp.rabbit.connection.CachingConnectionFactory$CachedChannelInvocationHandler.invoke(CachingConnectionFactory.java:1201) ~[spring-rabbit-3.2.8.jar:3.2.8]
	at jdk.proxy2/jdk.proxy2.$Proxy230.queueDeclarePassive(Unknown Source) ~[na:na]
	at org.springframework.amqp.rabbit.listener.BlockingQueueConsumer.attemptPassiveDeclarations(BlockingQueueConsumer.java:750) ~[spring-rabbit-3.2.8.jar:3.2.8]
	... 5 common frames omitted
Caused by: com.rabbitmq.client.ShutdownSignalException: channel error; protocol method: #method<channel.close>(reply-code=404, reply-text=NOT_FOUND - no queue 'springCloudBus.anonymous.8N74X9lwRiehREOImpPZrg' in vhost 'dwtkuyzt', class-id=50, method-id=10)
	at com.rabbitmq.utility.ValueOrException.getValue(ValueOrException.java:66) ~[amqp-client-5.25.0.jar:5.25.0]
	at com.rabbitmq.utility.BlockingValueOrException.uninterruptibleGetValue(BlockingValueOrException.java:36) ~[amqp-client-5.25.0.jar:5.25.0]
	at com.rabbitmq.client.impl.AMQChannel$BlockingRpcContinuation.getReply(AMQChannel.java:552) ~[amqp-client-5.25.0.jar:5.25.0]
	at com.rabbitmq.client.impl.AMQChannel.privateRpc(AMQChannel.java:316) ~[amqp-client-5.25.0.jar:5.25.0]
	at com.rabbitmq.client.impl.AMQChannel.exnWrappingRpc(AMQChannel.java:152) ~[amqp-client-5.25.0.jar:5.25.0]
	... 12 common frames omitted
Caused by: com.rabbitmq.client.ShutdownSignalException: channel error; protocol method: #method<channel.close>(reply-code=404, reply-text=NOT_FOUND - no queue 'springCloudBus.anonymous.8N74X9lwRiehREOImpPZrg' in vhost 'dwtkuyzt', class-id=50, method-id=10)
	at com.rabbitmq.client.impl.ChannelN.asyncShutdown(ChannelN.java:528) ~[amqp-client-5.25.0.jar:5.25.0]
	at com.rabbitmq.client.impl.ChannelN.processAsync(ChannelN.java:349) ~[amqp-client-5.25.0.jar:5.25.0]
	at com.rabbitmq.client.impl.AMQChannel.handleCompleteInboundCommand(AMQChannel.java:193) ~[amqp-client-5.25.0.jar:5.25.0]
	at com.rabbitmq.client.impl.AMQChannel.handleFrame(AMQChannel.java:125) ~[amqp-client-5.25.0.jar:5.25.0]
	at com.rabbitmq.client.impl.AMQConnection.readFrame(AMQConnection.java:761) ~[amqp-client-5.25.0.jar:5.25.0]
	at com.rabbitmq.client.impl.AMQConnection.access$400(AMQConnection.java:48) ~[amqp-client-5.25.0.jar:5.25.0]
	at com.rabbitmq.client.impl.AMQConnection$MainLoop.run(AMQConnection.java:688) ~[amqp-client-5.25.0.jar:5.25.0]
	... 1 common frames omitted

2025-11-24T22:34:42.623+05:30  INFO 74399 --- [order-service] [springCloudBus.anonymous.8N74X9lwRiehREOImpPZrg-20] [                                                 ] o.s.a.r.l.SimpleMessageListenerContainer : Restarting Consumer@3951e8d8: tags=[[]], channel=Cached Rabbit Channel: AMQChannel(amqp://dwtkuyzt@35.153.225.39:5672/dwtkuyzt,1), conn: Proxy@63e64174 Shared Rabbit Connection: SimpleConnection@718c61c0 [delegate=amqp://dwtkuyzt@35.153.225.39:5672/dwtkuyzt, localPort=61556], acknowledgeMode=AUTO local queue size=0
2025-11-24T22:34:43.737+05:30  WARN 74399 --- [order-service] [springCloudBus.anonymous.8N74X9lwRiehREOImpPZrg-21] [                                                 ] o.s.a.r.listener.BlockingQueueConsumer   : Failed to declare queue: springCloudBus.anonymous.8N74X9lwRiehREOImpPZrg
2025-11-24T22:34:43.737+05:30  WARN 74399 --- [order-service] [springCloudBus.anonymous.8N74X9lwRiehREOImpPZrg-21] [                                                 ] o.s.a.r.listener.BlockingQueueConsumer   : Queue declaration failed; retries left=3

org.springframework.amqp.rabbit.listener.BlockingQueueConsumer$DeclarationException: Failed to declare queue(s):[springCloudBus.anonymous.8N74X9lwRiehREOImpPZrg]
	at org.springframework.amqp.rabbit.listener.BlockingQueueConsumer.attemptPassiveDeclarations(BlockingQueueConsumer.java:772) ~[spring-rabbit-3.2.8.jar:3.2.8]
	at org.springframework.amqp.rabbit.listener.BlockingQueueConsumer.passiveDeclarations(BlockingQueueConsumer.java:649) ~[spring-rabbit-3.2.8.jar:3.2.8]
	at org.springframework.amqp.rabbit.listener.BlockingQueueConsumer.start(BlockingQueueConsumer.java:636) ~[spring-rabbit-3.2.8.jar:3.2.8]
	at org.springframework.amqp.rabbit.listener.SimpleMessageListenerContainer$AsyncMessageProcessingConsumer.initialize(SimpleMessageListenerContainer.java:1490) ~[spring-rabbit-3.2.8.jar:3.2.8]
	at org.springframework.amqp.rabbit.listener.SimpleMessageListenerContainer$AsyncMessageProcessingConsumer.run(SimpleMessageListenerContainer.java:1328) ~[spring-rabbit-3.2.8.jar:3.2.8]
	at java.base/java.lang.Thread.run(Thread.java:1570) ~[na:na]
Caused by: java.io.IOException: null
	at com.rabbitmq.client.impl.AMQChannel.wrap(AMQChannel.java:140) ~[amqp-client-5.25.0.jar:5.25.0]
	at com.rabbitmq.client.impl.AMQChannel.wrap(AMQChannel.java:136) ~[amqp-client-5.25.0.jar:5.25.0]
	at com.rabbitmq.client.impl.AMQChannel.exnWrappingRpc(AMQChannel.java:158) ~[amqp-client-5.25.0.jar:5.25.0]
	at com.rabbitmq.client.impl.ChannelN.queueDeclarePassive(ChannelN.java:1033) ~[amqp-client-5.25.0.jar:5.25.0]
	at com.rabbitmq.client.impl.ChannelN.queueDeclarePassive(ChannelN.java:47) ~[amqp-client-5.25.0.jar:5.25.0]
	at java.base/jdk.internal.reflect.DirectMethodHandleAccessor.invoke(DirectMethodHandleAccessor.java:103) ~[na:na]
	at java.base/java.lang.reflect.Method.invoke(Method.java:580) ~[na:na]
	at org.springframework.amqp.rabbit.connection.CachingConnectionFactory$CachedChannelInvocationHandler.invoke(CachingConnectionFactory.java:1201) ~[spring-rabbit-3.2.8.jar:3.2.8]
	at jdk.proxy2/jdk.proxy2.$Proxy230.queueDeclarePassive(Unknown Source) ~[na:na]
	at org.springframework.amqp.rabbit.listener.BlockingQueueConsumer.attemptPassiveDeclarations(BlockingQueueConsumer.java:750) ~[spring-rabbit-3.2.8.jar:3.2.8]
	... 5 common frames omitted
Caused by: com.rabbitmq.client.ShutdownSignalException: channel error; protocol method: #method<channel.close>(reply-code=404, reply-text=NOT_FOUND - no queue 'springCloudBus.anonymous.8N74X9lwRiehREOImpPZrg' in vhost 'dwtkuyzt', class-id=50, method-id=10)
	at com.rabbitmq.utility.ValueOrException.getValue(ValueOrException.java:66) ~[amqp-client-5.25.0.jar:5.25.0]
	at com.rabbitmq.utility.BlockingValueOrException.uninterruptibleGetValue(BlockingValueOrException.java:36) ~[amqp-client-5.25.0.jar:5.25.0]
	at com.rabbitmq.client.impl.AMQChannel$BlockingRpcContinuation.getReply(AMQChannel.java:552) ~[amqp-client-5.25.0.jar:5.25.0]
	at com.rabbitmq.client.impl.AMQChannel.privateRpc(AMQChannel.java:316) ~[amqp-client-5.25.0.jar:5.25.0]
	at com.rabbitmq.client.impl.AMQChannel.exnWrappingRpc(AMQChannel.java:152) ~[amqp-client-5.25.0.jar:5.25.0]
	... 12 common frames omitted
Caused by: com.rabbitmq.client.ShutdownSignalException: channel error; protocol method: #method<channel.close>(reply-code=404, reply-text=NOT_FOUND - no queue 'springCloudBus.anonymous.8N74X9lwRiehREOImpPZrg' in vhost 'dwtkuyzt', class-id=50, method-id=10)
	at com.rabbitmq.client.impl.ChannelN.asyncShutdown(ChannelN.java:528) ~[amqp-client-5.25.0.jar:5.25.0]
	at com.rabbitmq.client.impl.ChannelN.processAsync(ChannelN.java:349) ~[amqp-client-5.25.0.jar:5.25.0]
	at com.rabbitmq.client.impl.AMQChannel.handleCompleteInboundCommand(AMQChannel.java:193) ~[amqp-client-5.25.0.jar:5.25.0]
	at com.rabbitmq.client.impl.AMQChannel.handleFrame(AMQChannel.java:125) ~[amqp-client-5.25.0.jar:5.25.0]
	at com.rabbitmq.client.impl.AMQConnection.readFrame(AMQConnection.java:761) ~[amqp-client-5.25.0.jar:5.25.0]
	at com.rabbitmq.client.impl.AMQConnection.access$400(AMQConnection.java:48) ~[amqp-client-5.25.0.jar:5.25.0]
	at com.rabbitmq.client.impl.AMQConnection$MainLoop.run(AMQConnection.java:688) ~[amqp-client-5.25.0.jar:5.25.0]
	... 1 common frames omitted

2025-11-24T22:34:49.275+05:30  WARN 74399 --- [order-service] [springCloudBus.anonymous.8N74X9lwRiehREOImpPZrg-21] [                                                 ] o.s.a.r.listener.BlockingQueueConsumer   : Failed to declare queue: springCloudBus.anonymous.8N74X9lwRiehREOImpPZrg
2025-11-24T22:34:49.276+05:30  WARN 74399 --- [order-service] [springCloudBus.anonymous.8N74X9lwRiehREOImpPZrg-21] [                                                 ] o.s.a.r.listener.BlockingQueueConsumer   : Queue declaration failed; retries left=2

org.springframework.amqp.rabbit.listener.BlockingQueueConsumer$DeclarationException: Failed to declare queue(s):[springCloudBus.anonymous.8N74X9lwRiehREOImpPZrg]
	at org.springframework.amqp.rabbit.listener.BlockingQueueConsumer.attemptPassiveDeclarations(BlockingQueueConsumer.java:772) ~[spring-rabbit-3.2.8.jar:3.2.8]
	at org.springframework.amqp.rabbit.listener.BlockingQueueConsumer.passiveDeclarations(BlockingQueueConsumer.java:649) ~[spring-rabbit-3.2.8.jar:3.2.8]
	at org.springframework.amqp.rabbit.listener.BlockingQueueConsumer.start(BlockingQueueConsumer.java:636) ~[spring-rabbit-3.2.8.jar:3.2.8]
	at org.springframework.amqp.rabbit.listener.SimpleMessageListenerContainer$AsyncMessageProcessingConsumer.initialize(SimpleMessageListenerContainer.java:1490) ~[spring-rabbit-3.2.8.jar:3.2.8]
	at org.springframework.amqp.rabbit.listener.SimpleMessageListenerContainer$AsyncMessageProcessingConsumer.run(SimpleMessageListenerContainer.java:1328) ~[spring-rabbit-3.2.8.jar:3.2.8]
	at java.base/java.lang.Thread.run(Thread.java:1570) ~[na:na]
Caused by: java.io.IOException: null
	at com.rabbitmq.client.impl.AMQChannel.wrap(AMQChannel.java:140) ~[amqp-client-5.25.0.jar:5.25.0]
	at com.rabbitmq.client.impl.AMQChannel.wrap(AMQChannel.java:136) ~[amqp-client-5.25.0.jar:5.25.0]
	at com.rabbitmq.client.impl.AMQChannel.exnWrappingRpc(AMQChannel.java:158) ~[amqp-client-5.25.0.jar:5.25.0]
	at com.rabbitmq.client.impl.ChannelN.queueDeclarePassive(ChannelN.java:1033) ~[amqp-client-5.25.0.jar:5.25.0]
	at com.rabbitmq.client.impl.ChannelN.queueDeclarePassive(ChannelN.java:47) ~[amqp-client-5.25.0.jar:5.25.0]
	at java.base/jdk.internal.reflect.DirectMethodHandleAccessor.invoke(DirectMethodHandleAccessor.java:103) ~[na:na]
	at java.base/java.lang.reflect.Method.invoke(Method.java:580) ~[na:na]
	at org.springframework.amqp.rabbit.connection.CachingConnectionFactory$CachedChannelInvocationHandler.invoke(CachingConnectionFactory.java:1201) ~[spring-rabbit-3.2.8.jar:3.2.8]
	at jdk.proxy2/jdk.proxy2.$Proxy230.queueDeclarePassive(Unknown Source) ~[na:na]
	at org.springframework.amqp.rabbit.listener.BlockingQueueConsumer.attemptPassiveDeclarations(BlockingQueueConsumer.java:750) ~[spring-rabbit-3.2.8.jar:3.2.8]
	... 5 common frames omitted
Caused by: com.rabbitmq.client.ShutdownSignalException: channel error; protocol method: #method<channel.close>(reply-code=404, reply-text=NOT_FOUND - no queue 'springCloudBus.anonymous.8N74X9lwRiehREOImpPZrg' in vhost 'dwtkuyzt', class-id=50, method-id=10)
	at com.rabbitmq.utility.ValueOrException.getValue(ValueOrException.java:66) ~[amqp-client-5.25.0.jar:5.25.0]
	at com.rabbitmq.utility.BlockingValueOrException.uninterruptibleGetValue(BlockingValueOrException.java:36) ~[amqp-client-5.25.0.jar:5.25.0]
	at com.rabbitmq.client.impl.AMQChannel$BlockingRpcContinuation.getReply(AMQChannel.java:552) ~[amqp-client-5.25.0.jar:5.25.0]
	at com.rabbitmq.client.impl.AMQChannel.privateRpc(AMQChannel.java:316) ~[amqp-client-5.25.0.jar:5.25.0]
	at com.rabbitmq.client.impl.AMQChannel.exnWrappingRpc(AMQChannel.java:152) ~[amqp-client-5.25.0.jar:5.25.0]
	... 12 common frames omitted
Caused by: com.rabbitmq.client.ShutdownSignalException: channel error; protocol method: #method<channel.close>(reply-code=404, reply-text=NOT_FOUND - no queue 'springCloudBus.anonymous.8N74X9lwRiehREOImpPZrg' in vhost 'dwtkuyzt', class-id=50, method-id=10)
	at com.rabbitmq.client.impl.ChannelN.asyncShutdown(ChannelN.java:528) ~[amqp-client-5.25.0.jar:5.25.0]
	at com.rabbitmq.client.impl.ChannelN.processAsync(ChannelN.java:349) ~[amqp-client-5.25.0.jar:5.25.0]
	at com.rabbitmq.client.impl.AMQChannel.handleCompleteInboundCommand(AMQChannel.java:193) ~[amqp-client-5.25.0.jar:5.25.0]
	at com.rabbitmq.client.impl.AMQChannel.handleFrame(AMQChannel.java:125) ~[amqp-client-5.25.0.jar:5.25.0]
	at com.rabbitmq.client.impl.AMQConnection.readFrame(AMQConnection.java:761) ~[amqp-client-5.25.0.jar:5.25.0]
	at com.rabbitmq.client.impl.AMQConnection.access$400(AMQConnection.java:48) ~[amqp-client-5.25.0.jar:5.25.0]
	at com.rabbitmq.client.impl.AMQConnection$MainLoop.run(AMQConnection.java:688) ~[amqp-client-5.25.0.jar:5.25.0]
	... 1 common frames omitted

2025-11-24T22:34:54.812+05:30  WARN 74399 --- [order-service] [springCloudBus.anonymous.8N74X9lwRiehREOImpPZrg-21] [                                                 ] o.s.a.r.listener.BlockingQueueConsumer   : Failed to declare queue: springCloudBus.anonymous.8N74X9lwRiehREOImpPZrg
2025-11-24T22:34:54.814+05:30  WARN 74399 --- [order-service] [springCloudBus.anonymous.8N74X9lwRiehREOImpPZrg-21] [                                                 ] o.s.a.r.listener.BlockingQueueConsumer   : Queue declaration failed; retries left=1

org.springframework.amqp.rabbit.listener.BlockingQueueConsumer$DeclarationException: Failed to declare queue(s):[springCloudBus.anonymous.8N74X9lwRiehREOImpPZrg]
	at org.springframework.amqp.rabbit.listener.BlockingQueueConsumer.attemptPassiveDeclarations(BlockingQueueConsumer.java:772) ~[spring-rabbit-3.2.8.jar:3.2.8]
	at org.springframework.amqp.rabbit.listener.BlockingQueueConsumer.passiveDeclarations(BlockingQueueConsumer.java:649) ~[spring-rabbit-3.2.8.jar:3.2.8]
	at org.springframework.amqp.rabbit.listener.BlockingQueueConsumer.start(BlockingQueueConsumer.java:636) ~[spring-rabbit-3.2.8.jar:3.2.8]
	at org.springframework.amqp.rabbit.listener.SimpleMessageListenerContainer$AsyncMessageProcessingConsumer.initialize(SimpleMessageListenerContainer.java:1490) ~[spring-rabbit-3.2.8.jar:3.2.8]
	at org.springframework.amqp.rabbit.listener.SimpleMessageListenerContainer$AsyncMessageProcessingConsumer.run(SimpleMessageListenerContainer.java:1328) ~[spring-rabbit-3.2.8.jar:3.2.8]
	at java.base/java.lang.Thread.run(Thread.java:1570) ~[na:na]
Caused by: java.io.IOException: null
	at com.rabbitmq.client.impl.AMQChannel.wrap(AMQChannel.java:140) ~[amqp-client-5.25.0.jar:5.25.0]
	at com.rabbitmq.client.impl.AMQChannel.wrap(AMQChannel.java:136) ~[amqp-client-5.25.0.jar:5.25.0]
	at com.rabbitmq.client.impl.AMQChannel.exnWrappingRpc(AMQChannel.java:158) ~[amqp-client-5.25.0.jar:5.25.0]
	at com.rabbitmq.client.impl.ChannelN.queueDeclarePassive(ChannelN.java:1033) ~[amqp-client-5.25.0.jar:5.25.0]
	at com.rabbitmq.client.impl.ChannelN.queueDeclarePassive(ChannelN.java:47) ~[amqp-client-5.25.0.jar:5.25.0]
	at java.base/jdk.internal.reflect.DirectMethodHandleAccessor.invoke(DirectMethodHandleAccessor.java:103) ~[na:na]
	at java.base/java.lang.reflect.Method.invoke(Method.java:580) ~[na:na]
	at org.springframework.amqp.rabbit.connection.CachingConnectionFactory$CachedChannelInvocationHandler.invoke(CachingConnectionFactory.java:1201) ~[spring-rabbit-3.2.8.jar:3.2.8]
	at jdk.proxy2/jdk.proxy2.$Proxy230.queueDeclarePassive(Unknown Source) ~[na:na]
	at org.springframework.amqp.rabbit.listener.BlockingQueueConsumer.attemptPassiveDeclarations(BlockingQueueConsumer.java:750) ~[spring-rabbit-3.2.8.jar:3.2.8]
	... 5 common frames omitted
Caused by: com.rabbitmq.client.ShutdownSignalException: channel error; protocol method: #method<channel.close>(reply-code=404, reply-text=NOT_FOUND - no queue 'springCloudBus.anonymous.8N74X9lwRiehREOImpPZrg' in vhost 'dwtkuyzt', class-id=50, method-id=10)
	at com.rabbitmq.utility.ValueOrException.getValue(ValueOrException.java:66) ~[amqp-client-5.25.0.jar:5.25.0]
	at com.rabbitmq.utility.BlockingValueOrException.uninterruptibleGetValue(BlockingValueOrException.java:36) ~[amqp-client-5.25.0.jar:5.25.0]
	at com.rabbitmq.client.impl.AMQChannel$BlockingRpcContinuation.getReply(AMQChannel.java:552) ~[amqp-client-5.25.0.jar:5.25.0]
	at com.rabbitmq.client.impl.AMQChannel.privateRpc(AMQChannel.java:316) ~[amqp-client-5.25.0.jar:5.25.0]
	at com.rabbitmq.client.impl.AMQChannel.exnWrappingRpc(AMQChannel.java:152) ~[amqp-client-5.25.0.jar:5.25.0]
	... 12 common frames omitted
Caused by: com.rabbitmq.client.ShutdownSignalException: channel error; protocol method: #method<channel.close>(reply-code=404, reply-text=NOT_FOUND - no queue 'springCloudBus.anonymous.8N74X9lwRiehREOImpPZrg' in vhost 'dwtkuyzt', class-id=50, method-id=10)
	at com.rabbitmq.client.impl.ChannelN.asyncShutdown(ChannelN.java:528) ~[amqp-client-5.25.0.jar:5.25.0]
	at com.rabbitmq.client.impl.ChannelN.processAsync(ChannelN.java:349) ~[amqp-client-5.25.0.jar:5.25.0]
	at com.rabbitmq.client.impl.AMQChannel.handleCompleteInboundCommand(AMQChannel.java:193) ~[amqp-client-5.25.0.jar:5.25.0]
	at com.rabbitmq.client.impl.AMQChannel.handleFrame(AMQChannel.java:125) ~[amqp-client-5.25.0.jar:5.25.0]
	at com.rabbitmq.client.impl.AMQConnection.readFrame(AMQConnection.java:761) ~[amqp-client-5.25.0.jar:5.25.0]
	at com.rabbitmq.client.impl.AMQConnection.access$400(AMQConnection.java:48) ~[amqp-client-5.25.0.jar:5.25.0]
	at com.rabbitmq.client.impl.AMQConnection$MainLoop.run(AMQConnection.java:688) ~[amqp-client-5.25.0.jar:5.25.0]
	... 1 common frames omitted

2025-11-24T22:35:00.349+05:30  WARN 74399 --- [order-service] [springCloudBus.anonymous.8N74X9lwRiehREOImpPZrg-21] [                                                 ] o.s.a.r.listener.BlockingQueueConsumer   : Failed to declare queue: springCloudBus.anonymous.8N74X9lwRiehREOImpPZrg
2025-11-24T22:35:05.438+05:30 ERROR 74399 --- [order-service] [springCloudBus.anonymous.8N74X9lwRiehREOImpPZrg-21] [                                                 ] o.s.a.r.l.SimpleMessageListenerContainer : Consumer threw missing queues exception, fatal=false

org.springframework.amqp.rabbit.listener.QueuesNotAvailableException: Cannot prepare queue for listener. Either the queue doesn't exist or the broker will not allow us to use it.
	at org.springframework.amqp.rabbit.listener.BlockingQueueConsumer.handleDeclarationException(BlockingQueueConsumer.java:722) ~[spring-rabbit-3.2.8.jar:3.2.8]
	at org.springframework.amqp.rabbit.listener.BlockingQueueConsumer.passiveDeclarations(BlockingQueueConsumer.java:656) ~[spring-rabbit-3.2.8.jar:3.2.8]
	at org.springframework.amqp.rabbit.listener.BlockingQueueConsumer.start(BlockingQueueConsumer.java:636) ~[spring-rabbit-3.2.8.jar:3.2.8]
	at org.springframework.amqp.rabbit.listener.SimpleMessageListenerContainer$AsyncMessageProcessingConsumer.initialize(SimpleMessageListenerContainer.java:1490) ~[spring-rabbit-3.2.8.jar:3.2.8]
	at org.springframework.amqp.rabbit.listener.SimpleMessageListenerContainer$AsyncMessageProcessingConsumer.run(SimpleMessageListenerContainer.java:1328) ~[spring-rabbit-3.2.8.jar:3.2.8]
	at java.base/java.lang.Thread.run(Thread.java:1570) ~[na:na]
Caused by: org.springframework.amqp.rabbit.listener.BlockingQueueConsumer$DeclarationException: Failed to declare queue(s):[springCloudBus.anonymous.8N74X9lwRiehREOImpPZrg]
	at org.springframework.amqp.rabbit.listener.BlockingQueueConsumer.attemptPassiveDeclarations(BlockingQueueConsumer.java:772) ~[spring-rabbit-3.2.8.jar:3.2.8]
	at org.springframework.amqp.rabbit.listener.BlockingQueueConsumer.passiveDeclarations(BlockingQueueConsumer.java:649) ~[spring-rabbit-3.2.8.jar:3.2.8]
	... 4 common frames omitted
Caused by: java.io.IOException: null
	at com.rabbitmq.client.impl.AMQChannel.wrap(AMQChannel.java:140) ~[amqp-client-5.25.0.jar:5.25.0]
	at com.rabbitmq.client.impl.AMQChannel.wrap(AMQChannel.java:136) ~[amqp-client-5.25.0.jar:5.25.0]
	at com.rabbitmq.client.impl.AMQChannel.exnWrappingRpc(AMQChannel.java:158) ~[amqp-client-5.25.0.jar:5.25.0]
	at com.rabbitmq.client.impl.ChannelN.queueDeclarePassive(ChannelN.java:1033) ~[amqp-client-5.25.0.jar:5.25.0]
	at com.rabbitmq.client.impl.ChannelN.queueDeclarePassive(ChannelN.java:47) ~[amqp-client-5.25.0.jar:5.25.0]
	at java.base/jdk.internal.reflect.DirectMethodHandleAccessor.invoke(DirectMethodHandleAccessor.java:103) ~[na:na]
	at java.base/java.lang.reflect.Method.invoke(Method.java:580) ~[na:na]
	at org.springframework.amqp.rabbit.connection.CachingConnectionFactory$CachedChannelInvocationHandler.invoke(CachingConnectionFactory.java:1201) ~[spring-rabbit-3.2.8.jar:3.2.8]
	at jdk.proxy2/jdk.proxy2.$Proxy230.queueDeclarePassive(Unknown Source) ~[na:na]
	at org.springframework.amqp.rabbit.listener.BlockingQueueConsumer.attemptPassiveDeclarations(BlockingQueueConsumer.java:750) ~[spring-rabbit-3.2.8.jar:3.2.8]
	... 5 common frames omitted
Caused by: com.rabbitmq.client.ShutdownSignalException: channel error; protocol method: #method<channel.close>(reply-code=404, reply-text=NOT_FOUND - no queue 'springCloudBus.anonymous.8N74X9lwRiehREOImpPZrg' in vhost 'dwtkuyzt', class-id=50, method-id=10)
	at com.rabbitmq.utility.ValueOrException.getValue(ValueOrException.java:66) ~[amqp-client-5.25.0.jar:5.25.0]
	at com.rabbitmq.utility.BlockingValueOrException.uninterruptibleGetValue(BlockingValueOrException.java:36) ~[amqp-client-5.25.0.jar:5.25.0]
	at com.rabbitmq.client.impl.AMQChannel$BlockingRpcContinuation.getReply(AMQChannel.java:552) ~[amqp-client-5.25.0.jar:5.25.0]
	at com.rabbitmq.client.impl.AMQChannel.privateRpc(AMQChannel.java:316) ~[amqp-client-5.25.0.jar:5.25.0]
	at com.rabbitmq.client.impl.AMQChannel.exnWrappingRpc(AMQChannel.java:152) ~[amqp-client-5.25.0.jar:5.25.0]
	... 12 common frames omitted
Caused by: com.rabbitmq.client.ShutdownSignalException: channel error; protocol method: #method<channel.close>(reply-code=404, reply-text=NOT_FOUND - no queue 'springCloudBus.anonymous.8N74X9lwRiehREOImpPZrg' in vhost 'dwtkuyzt', class-id=50, method-id=10)
	at com.rabbitmq.client.impl.ChannelN.asyncShutdown(ChannelN.java:528) ~[amqp-client-5.25.0.jar:5.25.0]
	at com.rabbitmq.client.impl.ChannelN.processAsync(ChannelN.java:349) ~[amqp-client-5.25.0.jar:5.25.0]
	at com.rabbitmq.client.impl.AMQChannel.handleCompleteInboundCommand(AMQChannel.java:193) ~[amqp-client-5.25.0.jar:5.25.0]
	at com.rabbitmq.client.impl.AMQChannel.handleFrame(AMQChannel.java:125) ~[amqp-client-5.25.0.jar:5.25.0]
	at com.rabbitmq.client.impl.AMQConnection.readFrame(AMQConnection.java:761) ~[amqp-client-5.25.0.jar:5.25.0]
	at com.rabbitmq.client.impl.AMQConnection.access$400(AMQConnection.java:48) ~[amqp-client-5.25.0.jar:5.25.0]
	at com.rabbitmq.client.impl.AMQConnection$MainLoop.run(AMQConnection.java:688) ~[amqp-client-5.25.0.jar:5.25.0]
	... 1 common frames omitted

2025-11-24T22:35:05.439+05:30  INFO 74399 --- [order-service] [springCloudBus.anonymous.8N74X9lwRiehREOImpPZrg-21] [                                                 ] o.s.a.r.l.SimpleMessageListenerContainer : Restarting Consumer@2019c200: tags=[[]], channel=Cached Rabbit Channel: AMQChannel(amqp://dwtkuyzt@35.153.225.39:5672/dwtkuyzt,1), conn: Proxy@63e64174 Shared Rabbit Connection: SimpleConnection@718c61c0 [delegate=amqp://dwtkuyzt@35.153.225.39:5672/dwtkuyzt, localPort=61556], acknowledgeMode=AUTO local queue size=0
2025-11-24T22:35:06.519+05:30  WARN 74399 --- [order-service] [springCloudBus.anonymous.8N74X9lwRiehREOImpPZrg-22] [                                                 ] o.s.a.r.listener.BlockingQueueConsumer   : Failed to declare queue: springCloudBus.anonymous.8N74X9lwRiehREOImpPZrg
2025-11-24T22:35:06.520+05:30  WARN 74399 --- [order-service] [springCloudBus.anonymous.8N74X9lwRiehREOImpPZrg-22] [                                                 ] o.s.a.r.listener.BlockingQueueConsumer   : Queue declaration failed; retries left=3

org.springframework.amqp.rabbit.listener.BlockingQueueConsumer$DeclarationException: Failed to declare queue(s):[springCloudBus.anonymous.8N74X9lwRiehREOImpPZrg]
	at org.springframework.amqp.rabbit.listener.BlockingQueueConsumer.attemptPassiveDeclarations(BlockingQueueConsumer.java:772) ~[spring-rabbit-3.2.8.jar:3.2.8]
	at org.springframework.amqp.rabbit.listener.BlockingQueueConsumer.passiveDeclarations(BlockingQueueConsumer.java:649) ~[spring-rabbit-3.2.8.jar:3.2.8]
	at org.springframework.amqp.rabbit.listener.BlockingQueueConsumer.start(BlockingQueueConsumer.java:636) ~[spring-rabbit-3.2.8.jar:3.2.8]
	at org.springframework.amqp.rabbit.listener.SimpleMessageListenerContainer$AsyncMessageProcessingConsumer.initialize(SimpleMessageListenerContainer.java:1490) ~[spring-rabbit-3.2.8.jar:3.2.8]
	at org.springframework.amqp.rabbit.listener.SimpleMessageListenerContainer$AsyncMessageProcessingConsumer.run(SimpleMessageListenerContainer.java:1328) ~[spring-rabbit-3.2.8.jar:3.2.8]
	at java.base/java.lang.Thread.run(Thread.java:1570) ~[na:na]
Caused by: java.io.IOException: null
	at com.rabbitmq.client.impl.AMQChannel.wrap(AMQChannel.java:140) ~[amqp-client-5.25.0.jar:5.25.0]
	at com.rabbitmq.client.impl.AMQChannel.wrap(AMQChannel.java:136) ~[amqp-client-5.25.0.jar:5.25.0]
	at com.rabbitmq.client.impl.AMQChannel.exnWrappingRpc(AMQChannel.java:158) ~[amqp-client-5.25.0.jar:5.25.0]
	at com.rabbitmq.client.impl.ChannelN.queueDeclarePassive(ChannelN.java:1033) ~[amqp-client-5.25.0.jar:5.25.0]
	at com.rabbitmq.client.impl.ChannelN.queueDeclarePassive(ChannelN.java:47) ~[amqp-client-5.25.0.jar:5.25.0]
	at java.base/jdk.internal.reflect.DirectMethodHandleAccessor.invoke(DirectMethodHandleAccessor.java:103) ~[na:na]
	at java.base/java.lang.reflect.Method.invoke(Method.java:580) ~[na:na]
	at org.springframework.amqp.rabbit.connection.CachingConnectionFactory$CachedChannelInvocationHandler.invoke(CachingConnectionFactory.java:1201) ~[spring-rabbit-3.2.8.jar:3.2.8]
	at jdk.proxy2/jdk.proxy2.$Proxy230.queueDeclarePassive(Unknown Source) ~[na:na]
	at org.springframework.amqp.rabbit.listener.BlockingQueueConsumer.attemptPassiveDeclarations(BlockingQueueConsumer.java:750) ~[spring-rabbit-3.2.8.jar:3.2.8]
	... 5 common frames omitted
Caused by: com.rabbitmq.client.ShutdownSignalException: channel error; protocol method: #method<channel.close>(reply-code=404, reply-text=NOT_FOUND - no queue 'springCloudBus.anonymous.8N74X9lwRiehREOImpPZrg' in vhost 'dwtkuyzt', class-id=50, method-id=10)
	at com.rabbitmq.utility.ValueOrException.getValue(ValueOrException.java:66) ~[amqp-client-5.25.0.jar:5.25.0]
	at com.rabbitmq.utility.BlockingValueOrException.uninterruptibleGetValue(BlockingValueOrException.java:36) ~[amqp-client-5.25.0.jar:5.25.0]
	at com.rabbitmq.client.impl.AMQChannel$BlockingRpcContinuation.getReply(AMQChannel.java:552) ~[amqp-client-5.25.0.jar:5.25.0]
	at com.rabbitmq.client.impl.AMQChannel.privateRpc(AMQChannel.java:316) ~[amqp-client-5.25.0.jar:5.25.0]
	at com.rabbitmq.client.impl.AMQChannel.exnWrappingRpc(AMQChannel.java:152) ~[amqp-client-5.25.0.jar:5.25.0]
	... 12 common frames omitted
Caused by: com.rabbitmq.client.ShutdownSignalException: channel error; protocol method: #method<channel.close>(reply-code=404, reply-text=NOT_FOUND - no queue 'springCloudBus.anonymous.8N74X9lwRiehREOImpPZrg' in vhost 'dwtkuyzt', class-id=50, method-id=10)
	at com.rabbitmq.client.impl.ChannelN.asyncShutdown(ChannelN.java:528) ~[amqp-client-5.25.0.jar:5.25.0]
	at com.rabbitmq.client.impl.ChannelN.processAsync(ChannelN.java:349) ~[amqp-client-5.25.0.jar:5.25.0]
	at com.rabbitmq.client.impl.AMQChannel.handleCompleteInboundCommand(AMQChannel.java:193) ~[amqp-client-5.25.0.jar:5.25.0]
	at com.rabbitmq.client.impl.AMQChannel.handleFrame(AMQChannel.java:125) ~[amqp-client-5.25.0.jar:5.25.0]
	at com.rabbitmq.client.impl.AMQConnection.readFrame(AMQConnection.java:761) ~[amqp-client-5.25.0.jar:5.25.0]
	at com.rabbitmq.client.impl.AMQConnection.access$400(AMQConnection.java:48) ~[amqp-client-5.25.0.jar:5.25.0]
	at com.rabbitmq.client.impl.AMQConnection$MainLoop.run(AMQConnection.java:688) ~[amqp-client-5.25.0.jar:5.25.0]
	... 1 common frames omitted

2025-11-24T22:35:12.058+05:30  WARN 74399 --- [order-service] [springCloudBus.anonymous.8N74X9lwRiehREOImpPZrg-22] [                                                 ] o.s.a.r.listener.BlockingQueueConsumer   : Failed to declare queue: springCloudBus.anonymous.8N74X9lwRiehREOImpPZrg
2025-11-24T22:35:12.059+05:30  WARN 74399 --- [order-service] [springCloudBus.anonymous.8N74X9lwRiehREOImpPZrg-22] [                                                 ] o.s.a.r.listener.BlockingQueueConsumer   : Queue declaration failed; retries left=2

org.springframework.amqp.rabbit.listener.BlockingQueueConsumer$DeclarationException: Failed to declare queue(s):[springCloudBus.anonymous.8N74X9lwRiehREOImpPZrg]
	at org.springframework.amqp.rabbit.listener.BlockingQueueConsumer.attemptPassiveDeclarations(BlockingQueueConsumer.java:772) ~[spring-rabbit-3.2.8.jar:3.2.8]
	at org.springframework.amqp.rabbit.listener.BlockingQueueConsumer.passiveDeclarations(BlockingQueueConsumer.java:649) ~[spring-rabbit-3.2.8.jar:3.2.8]
	at org.springframework.amqp.rabbit.listener.BlockingQueueConsumer.start(BlockingQueueConsumer.java:636) ~[spring-rabbit-3.2.8.jar:3.2.8]
	at org.springframework.amqp.rabbit.listener.SimpleMessageListenerContainer$AsyncMessageProcessingConsumer.initialize(SimpleMessageListenerContainer.java:1490) ~[spring-rabbit-3.2.8.jar:3.2.8]
	at org.springframework.amqp.rabbit.listener.SimpleMessageListenerContainer$AsyncMessageProcessingConsumer.run(SimpleMessageListenerContainer.java:1328) ~[spring-rabbit-3.2.8.jar:3.2.8]
	at java.base/java.lang.Thread.run(Thread.java:1570) ~[na:na]
Caused by: java.io.IOException: null
	at com.rabbitmq.client.impl.AMQChannel.wrap(AMQChannel.java:140) ~[amqp-client-5.25.0.jar:5.25.0]
	at com.rabbitmq.client.impl.AMQChannel.wrap(AMQChannel.java:136) ~[amqp-client-5.25.0.jar:5.25.0]
	at com.rabbitmq.client.impl.AMQChannel.exnWrappingRpc(AMQChannel.java:158) ~[amqp-client-5.25.0.jar:5.25.0]
	at com.rabbitmq.client.impl.ChannelN.queueDeclarePassive(ChannelN.java:1033) ~[amqp-client-5.25.0.jar:5.25.0]
	at com.rabbitmq.client.impl.ChannelN.queueDeclarePassive(ChannelN.java:47) ~[amqp-client-5.25.0.jar:5.25.0]
	at java.base/jdk.internal.reflect.DirectMethodHandleAccessor.invoke(DirectMethodHandleAccessor.java:103) ~[na:na]
	at java.base/java.lang.reflect.Method.invoke(Method.java:580) ~[na:na]
	at org.springframework.amqp.rabbit.connection.CachingConnectionFactory$CachedChannelInvocationHandler.invoke(CachingConnectionFactory.java:1201) ~[spring-rabbit-3.2.8.jar:3.2.8]
	at jdk.proxy2/jdk.proxy2.$Proxy230.queueDeclarePassive(Unknown Source) ~[na:na]
	at org.springframework.amqp.rabbit.listener.BlockingQueueConsumer.attemptPassiveDeclarations(BlockingQueueConsumer.java:750) ~[spring-rabbit-3.2.8.jar:3.2.8]
	... 5 common frames omitted
Caused by: com.rabbitmq.client.ShutdownSignalException: channel error; protocol method: #method<channel.close>(reply-code=404, reply-text=NOT_FOUND - no queue 'springCloudBus.anonymous.8N74X9lwRiehREOImpPZrg' in vhost 'dwtkuyzt', class-id=50, method-id=10)
	at com.rabbitmq.utility.ValueOrException.getValue(ValueOrException.java:66) ~[amqp-client-5.25.0.jar:5.25.0]
	at com.rabbitmq.utility.BlockingValueOrException.uninterruptibleGetValue(BlockingValueOrException.java:36) ~[amqp-client-5.25.0.jar:5.25.0]
	at com.rabbitmq.client.impl.AMQChannel$BlockingRpcContinuation.getReply(AMQChannel.java:552) ~[amqp-client-5.25.0.jar:5.25.0]
	at com.rabbitmq.client.impl.AMQChannel.privateRpc(AMQChannel.java:316) ~[amqp-client-5.25.0.jar:5.25.0]
	at com.rabbitmq.client.impl.AMQChannel.exnWrappingRpc(AMQChannel.java:152) ~[amqp-client-5.25.0.jar:5.25.0]
	... 12 common frames omitted
Caused by: com.rabbitmq.client.ShutdownSignalException: channel error; protocol method: #method<channel.close>(reply-code=404, reply-text=NOT_FOUND - no queue 'springCloudBus.anonymous.8N74X9lwRiehREOImpPZrg' in vhost 'dwtkuyzt', class-id=50, method-id=10)
	at com.rabbitmq.client.impl.ChannelN.asyncShutdown(ChannelN.java:528) ~[amqp-client-5.25.0.jar:5.25.0]
	at com.rabbitmq.client.impl.ChannelN.processAsync(ChannelN.java:349) ~[amqp-client-5.25.0.jar:5.25.0]
	at com.rabbitmq.client.impl.AMQChannel.handleCompleteInboundCommand(AMQChannel.java:193) ~[amqp-client-5.25.0.jar:5.25.0]
	at com.rabbitmq.client.impl.AMQChannel.handleFrame(AMQChannel.java:125) ~[amqp-client-5.25.0.jar:5.25.0]
	at com.rabbitmq.client.impl.AMQConnection.readFrame(AMQConnection.java:761) ~[amqp-client-5.25.0.jar:5.25.0]
	at com.rabbitmq.client.impl.AMQConnection.access$400(AMQConnection.java:48) ~[amqp-client-5.25.0.jar:5.25.0]
	at com.rabbitmq.client.impl.AMQConnection$MainLoop.run(AMQConnection.java:688) ~[amqp-client-5.25.0.jar:5.25.0]
	... 1 common frames omitted

2025-11-24T22:35:17.605+05:30  WARN 74399 --- [order-service] [springCloudBus.anonymous.8N74X9lwRiehREOImpPZrg-22] [                                                 ] o.s.a.r.listener.BlockingQueueConsumer   : Failed to declare queue: springCloudBus.anonymous.8N74X9lwRiehREOImpPZrg
2025-11-24T22:35:17.606+05:30  WARN 74399 --- [order-service] [springCloudBus.anonymous.8N74X9lwRiehREOImpPZrg-22] [                                                 ] o.s.a.r.listener.BlockingQueueConsumer   : Queue declaration failed; retries left=1

org.springframework.amqp.rabbit.listener.BlockingQueueConsumer$DeclarationException: Failed to declare queue(s):[springCloudBus.anonymous.8N74X9lwRiehREOImpPZrg]
	at org.springframework.amqp.rabbit.listener.BlockingQueueConsumer.attemptPassiveDeclarations(BlockingQueueConsumer.java:772) ~[spring-rabbit-3.2.8.jar:3.2.8]
	at org.springframework.amqp.rabbit.listener.BlockingQueueConsumer.passiveDeclarations(BlockingQueueConsumer.java:649) ~[spring-rabbit-3.2.8.jar:3.2.8]
	at org.springframework.amqp.rabbit.listener.BlockingQueueConsumer.start(BlockingQueueConsumer.java:636) ~[spring-rabbit-3.2.8.jar:3.2.8]
	at org.springframework.amqp.rabbit.listener.SimpleMessageListenerContainer$AsyncMessageProcessingConsumer.initialize(SimpleMessageListenerContainer.java:1490) ~[spring-rabbit-3.2.8.jar:3.2.8]
	at org.springframework.amqp.rabbit.listener.SimpleMessageListenerContainer$AsyncMessageProcessingConsumer.run(SimpleMessageListenerContainer.java:1328) ~[spring-rabbit-3.2.8.jar:3.2.8]
	at java.base/java.lang.Thread.run(Thread.java:1570) ~[na:na]
Caused by: java.io.IOException: null
	at com.rabbitmq.client.impl.AMQChannel.wrap(AMQChannel.java:140) ~[amqp-client-5.25.0.jar:5.25.0]
	at com.rabbitmq.client.impl.AMQChannel.wrap(AMQChannel.java:136) ~[amqp-client-5.25.0.jar:5.25.0]
	at com.rabbitmq.client.impl.AMQChannel.exnWrappingRpc(AMQChannel.java:158) ~[amqp-client-5.25.0.jar:5.25.0]
	at com.rabbitmq.client.impl.ChannelN.queueDeclarePassive(ChannelN.java:1033) ~[amqp-client-5.25.0.jar:5.25.0]
	at com.rabbitmq.client.impl.ChannelN.queueDeclarePassive(ChannelN.java:47) ~[amqp-client-5.25.0.jar:5.25.0]
	at java.base/jdk.internal.reflect.DirectMethodHandleAccessor.invoke(DirectMethodHandleAccessor.java:103) ~[na:na]
	at java.base/java.lang.reflect.Method.invoke(Method.java:580) ~[na:na]
	at org.springframework.amqp.rabbit.connection.CachingConnectionFactory$CachedChannelInvocationHandler.invoke(CachingConnectionFactory.java:1201) ~[spring-rabbit-3.2.8.jar:3.2.8]
	at jdk.proxy2/jdk.proxy2.$Proxy230.queueDeclarePassive(Unknown Source) ~[na:na]
	at org.springframework.amqp.rabbit.listener.BlockingQueueConsumer.attemptPassiveDeclarations(BlockingQueueConsumer.java:750) ~[spring-rabbit-3.2.8.jar:3.2.8]
	... 5 common frames omitted
Caused by: com.rabbitmq.client.ShutdownSignalException: channel error; protocol method: #method<channel.close>(reply-code=404, reply-text=NOT_FOUND - no queue 'springCloudBus.anonymous.8N74X9lwRiehREOImpPZrg' in vhost 'dwtkuyzt', class-id=50, method-id=10)
	at com.rabbitmq.utility.ValueOrException.getValue(ValueOrException.java:66) ~[amqp-client-5.25.0.jar:5.25.0]
	at com.rabbitmq.utility.BlockingValueOrException.uninterruptibleGetValue(BlockingValueOrException.java:36) ~[amqp-client-5.25.0.jar:5.25.0]
	at com.rabbitmq.client.impl.AMQChannel$BlockingRpcContinuation.getReply(AMQChannel.java:552) ~[amqp-client-5.25.0.jar:5.25.0]
	at com.rabbitmq.client.impl.AMQChannel.privateRpc(AMQChannel.java:316) ~[amqp-client-5.25.0.jar:5.25.0]
	at com.rabbitmq.client.impl.AMQChannel.exnWrappingRpc(AMQChannel.java:152) ~[amqp-client-5.25.0.jar:5.25.0]
	... 12 common frames omitted
Caused by: com.rabbitmq.client.ShutdownSignalException: channel error; protocol method: #method<channel.close>(reply-code=404, reply-text=NOT_FOUND - no queue 'springCloudBus.anonymous.8N74X9lwRiehREOImpPZrg' in vhost 'dwtkuyzt', class-id=50, method-id=10)
	at com.rabbitmq.client.impl.ChannelN.asyncShutdown(ChannelN.java:528) ~[amqp-client-5.25.0.jar:5.25.0]
	at com.rabbitmq.client.impl.ChannelN.processAsync(ChannelN.java:349) ~[amqp-client-5.25.0.jar:5.25.0]
	at com.rabbitmq.client.impl.AMQChannel.handleCompleteInboundCommand(AMQChannel.java:193) ~[amqp-client-5.25.0.jar:5.25.0]
	at com.rabbitmq.client.impl.AMQChannel.handleFrame(AMQChannel.java:125) ~[amqp-client-5.25.0.jar:5.25.0]
	at com.rabbitmq.client.impl.AMQConnection.readFrame(AMQConnection.java:761) ~[amqp-client-5.25.0.jar:5.25.0]
	at com.rabbitmq.client.impl.AMQConnection.access$400(AMQConnection.java:48) ~[amqp-client-5.25.0.jar:5.25.0]
	at com.rabbitmq.client.impl.AMQConnection$MainLoop.run(AMQConnection.java:688) ~[amqp-client-5.25.0.jar:5.25.0]
	... 1 common frames omitted

2025-11-24T22:35:23.158+05:30  WARN 74399 --- [order-service] [springCloudBus.anonymous.8N74X9lwRiehREOImpPZrg-22] [                                                 ] o.s.a.r.listener.BlockingQueueConsumer   : Failed to declare queue: springCloudBus.anonymous.8N74X9lwRiehREOImpPZrg
2025-11-24T22:35:27.103+05:30  INFO 74399 --- [order-service] [AsyncResolver-bootstrap-executor-%d] [                                                 ] c.n.d.s.r.aws.ConfigClusterResolver      : Resolving eureka endpoints via configuration
2025-11-24T22:35:28.218+05:30 ERROR 74399 --- [order-service] [springCloudBus.anonymous.8N74X9lwRiehREOImpPZrg-22] [                                                 ] o.s.a.r.l.SimpleMessageListenerContainer : Consumer threw missing queues exception, fatal=false

org.springframework.amqp.rabbit.listener.QueuesNotAvailableException: Cannot prepare queue for listener. Either the queue doesn't exist or the broker will not allow us to use it.
	at org.springframework.amqp.rabbit.listener.BlockingQueueConsumer.handleDeclarationException(BlockingQueueConsumer.java:722) ~[spring-rabbit-3.2.8.jar:3.2.8]
	at org.springframework.amqp.rabbit.listener.BlockingQueueConsumer.passiveDeclarations(BlockingQueueConsumer.java:656) ~[spring-rabbit-3.2.8.jar:3.2.8]
	at org.springframework.amqp.rabbit.listener.BlockingQueueConsumer.start(BlockingQueueConsumer.java:636) ~[spring-rabbit-3.2.8.jar:3.2.8]
	at org.springframework.amqp.rabbit.listener.SimpleMessageListenerContainer$AsyncMessageProcessingConsumer.initialize(SimpleMessageListenerContainer.java:1490) ~[spring-rabbit-3.2.8.jar:3.2.8]
	at org.springframework.amqp.rabbit.listener.SimpleMessageListenerContainer$AsyncMessageProcessingConsumer.run(SimpleMessageListenerContainer.java:1328) ~[spring-rabbit-3.2.8.jar:3.2.8]
	at java.base/java.lang.Thread.run(Thread.java:1570) ~[na:na]
Caused by: org.springframework.amqp.rabbit.listener.BlockingQueueConsumer$DeclarationException: Failed to declare queue(s):[springCloudBus.anonymous.8N74X9lwRiehREOImpPZrg]
	at org.springframework.amqp.rabbit.listener.BlockingQueueConsumer.attemptPassiveDeclarations(BlockingQueueConsumer.java:772) ~[spring-rabbit-3.2.8.jar:3.2.8]
	at org.springframework.amqp.rabbit.listener.BlockingQueueConsumer.passiveDeclarations(BlockingQueueConsumer.java:649) ~[spring-rabbit-3.2.8.jar:3.2.8]
	... 4 common frames omitted
Caused by: java.io.IOException: null
	at com.rabbitmq.client.impl.AMQChannel.wrap(AMQChannel.java:140) ~[amqp-client-5.25.0.jar:5.25.0]
	at com.rabbitmq.client.impl.AMQChannel.wrap(AMQChannel.java:136) ~[amqp-client-5.25.0.jar:5.25.0]
	at com.rabbitmq.client.impl.AMQChannel.exnWrappingRpc(AMQChannel.java:158) ~[amqp-client-5.25.0.jar:5.25.0]
	at com.rabbitmq.client.impl.ChannelN.queueDeclarePassive(ChannelN.java:1033) ~[amqp-client-5.25.0.jar:5.25.0]
	at com.rabbitmq.client.impl.ChannelN.queueDeclarePassive(ChannelN.java:47) ~[amqp-client-5.25.0.jar:5.25.0]
	at java.base/jdk.internal.reflect.DirectMethodHandleAccessor.invoke(DirectMethodHandleAccessor.java:103) ~[na:na]
	at java.base/java.lang.reflect.Method.invoke(Method.java:580) ~[na:na]
	at org.springframework.amqp.rabbit.connection.CachingConnectionFactory$CachedChannelInvocationHandler.invoke(CachingConnectionFactory.java:1201) ~[spring-rabbit-3.2.8.jar:3.2.8]
	at jdk.proxy2/jdk.proxy2.$Proxy230.queueDeclarePassive(Unknown Source) ~[na:na]
	at org.springframework.amqp.rabbit.listener.BlockingQueueConsumer.attemptPassiveDeclarations(BlockingQueueConsumer.java:750) ~[spring-rabbit-3.2.8.jar:3.2.8]
	... 5 common frames omitted
Caused by: com.rabbitmq.client.ShutdownSignalException: channel error; protocol method: #method<channel.close>(reply-code=404, reply-text=NOT_FOUND - no queue 'springCloudBus.anonymous.8N74X9lwRiehREOImpPZrg' in vhost 'dwtkuyzt', class-id=50, method-id=10)
	at com.rabbitmq.utility.ValueOrException.getValue(ValueOrException.java:66) ~[amqp-client-5.25.0.jar:5.25.0]
	at com.rabbitmq.utility.BlockingValueOrException.uninterruptibleGetValue(BlockingValueOrException.java:36) ~[amqp-client-5.25.0.jar:5.25.0]
	at com.rabbitmq.client.impl.AMQChannel$BlockingRpcContinuation.getReply(AMQChannel.java:552) ~[amqp-client-5.25.0.jar:5.25.0]
	at com.rabbitmq.client.impl.AMQChannel.privateRpc(AMQChannel.java:316) ~[amqp-client-5.25.0.jar:5.25.0]
	at com.rabbitmq.client.impl.AMQChannel.exnWrappingRpc(AMQChannel.java:152) ~[amqp-client-5.25.0.jar:5.25.0]
	... 12 common frames omitted
Caused by: com.rabbitmq.client.ShutdownSignalException: channel error; protocol method: #method<channel.close>(reply-code=404, reply-text=NOT_FOUND - no queue 'springCloudBus.anonymous.8N74X9lwRiehREOImpPZrg' in vhost 'dwtkuyzt', class-id=50, method-id=10)
	at com.rabbitmq.client.impl.ChannelN.asyncShutdown(ChannelN.java:528) ~[amqp-client-5.25.0.jar:5.25.0]
	at com.rabbitmq.client.impl.ChannelN.processAsync(ChannelN.java:349) ~[amqp-client-5.25.0.jar:5.25.0]
	at com.rabbitmq.client.impl.AMQChannel.handleCompleteInboundCommand(AMQChannel.java:193) ~[amqp-client-5.25.0.jar:5.25.0]
	at com.rabbitmq.client.impl.AMQChannel.handleFrame(AMQChannel.java:125) ~[amqp-client-5.25.0.jar:5.25.0]
	at com.rabbitmq.client.impl.AMQConnection.readFrame(AMQConnection.java:761) ~[amqp-client-5.25.0.jar:5.25.0]
	at com.rabbitmq.client.impl.AMQConnection.access$400(AMQConnection.java:48) ~[amqp-client-5.25.0.jar:5.25.0]
	at com.rabbitmq.client.impl.AMQConnection$MainLoop.run(AMQConnection.java:688) ~[amqp-client-5.25.0.jar:5.25.0]
	... 1 common frames omitted

2025-11-24T22:35:28.220+05:30  INFO 74399 --- [order-service] [springCloudBus.anonymous.8N74X9lwRiehREOImpPZrg-22] [                                                 ] o.s.a.r.l.SimpleMessageListenerContainer : Restarting Consumer@328df163: tags=[[]], channel=Cached Rabbit Channel: AMQChannel(amqp://dwtkuyzt@35.153.225.39:5672/dwtkuyzt,1), conn: Proxy@63e64174 Shared Rabbit Connection: SimpleConnection@718c61c0 [delegate=amqp://dwtkuyzt@35.153.225.39:5672/dwtkuyzt, localPort=61556], acknowledgeMode=AUTO local queue size=0
2025-11-24T22:35:29.292+05:30  WARN 74399 --- [order-service] [springCloudBus.anonymous.8N74X9lwRiehREOImpPZrg-23] [                                                 ] o.s.a.r.listener.BlockingQueueConsumer   : Failed to declare queue: springCloudBus.anonymous.8N74X9lwRiehREOImpPZrg
2025-11-24T22:35:29.292+05:30  WARN 74399 --- [order-service] [springCloudBus.anonymous.8N74X9lwRiehREOImpPZrg-23] [                                                 ] o.s.a.r.listener.BlockingQueueConsumer   : Queue declaration failed; retries left=3

org.springframework.amqp.rabbit.listener.BlockingQueueConsumer$DeclarationException: Failed to declare queue(s):[springCloudBus.anonymous.8N74X9lwRiehREOImpPZrg]
	at org.springframework.amqp.rabbit.listener.BlockingQueueConsumer.attemptPassiveDeclarations(BlockingQueueConsumer.java:772) ~[spring-rabbit-3.2.8.jar:3.2.8]
	at org.springframework.amqp.rabbit.listener.BlockingQueueConsumer.passiveDeclarations(BlockingQueueConsumer.java:649) ~[spring-rabbit-3.2.8.jar:3.2.8]
	at org.springframework.amqp.rabbit.listener.BlockingQueueConsumer.start(BlockingQueueConsumer.java:636) ~[spring-rabbit-3.2.8.jar:3.2.8]
	at org.springframework.amqp.rabbit.listener.SimpleMessageListenerContainer$AsyncMessageProcessingConsumer.initialize(SimpleMessageListenerContainer.java:1490) ~[spring-rabbit-3.2.8.jar:3.2.8]
	at org.springframework.amqp.rabbit.listener.SimpleMessageListenerContainer$AsyncMessageProcessingConsumer.run(SimpleMessageListenerContainer.java:1328) ~[spring-rabbit-3.2.8.jar:3.2.8]
	at java.base/java.lang.Thread.run(Thread.java:1570) ~[na:na]
Caused by: java.io.IOException: null
	at com.rabbitmq.client.impl.AMQChannel.wrap(AMQChannel.java:140) ~[amqp-client-5.25.0.jar:5.25.0]
	at com.rabbitmq.client.impl.AMQChannel.wrap(AMQChannel.java:136) ~[amqp-client-5.25.0.jar:5.25.0]
	at com.rabbitmq.client.impl.AMQChannel.exnWrappingRpc(AMQChannel.java:158) ~[amqp-client-5.25.0.jar:5.25.0]
	at com.rabbitmq.client.impl.ChannelN.queueDeclarePassive(ChannelN.java:1033) ~[amqp-client-5.25.0.jar:5.25.0]
	at com.rabbitmq.client.impl.ChannelN.queueDeclarePassive(ChannelN.java:47) ~[amqp-client-5.25.0.jar:5.25.0]
	at java.base/jdk.internal.reflect.DirectMethodHandleAccessor.invoke(DirectMethodHandleAccessor.java:103) ~[na:na]
	at java.base/java.lang.reflect.Method.invoke(Method.java:580) ~[na:na]
	at org.springframework.amqp.rabbit.connection.CachingConnectionFactory$CachedChannelInvocationHandler.invoke(CachingConnectionFactory.java:1201) ~[spring-rabbit-3.2.8.jar:3.2.8]
	at jdk.proxy2/jdk.proxy2.$Proxy230.queueDeclarePassive(Unknown Source) ~[na:na]
	at org.springframework.amqp.rabbit.listener.BlockingQueueConsumer.attemptPassiveDeclarations(BlockingQueueConsumer.java:750) ~[spring-rabbit-3.2.8.jar:3.2.8]
	... 5 common frames omitted
Caused by: com.rabbitmq.client.ShutdownSignalException: channel error; protocol method: #method<channel.close>(reply-code=404, reply-text=NOT_FOUND - no queue 'springCloudBus.anonymous.8N74X9lwRiehREOImpPZrg' in vhost 'dwtkuyzt', class-id=50, method-id=10)
	at com.rabbitmq.utility.ValueOrException.getValue(ValueOrException.java:66) ~[amqp-client-5.25.0.jar:5.25.0]
	at com.rabbitmq.utility.BlockingValueOrException.uninterruptibleGetValue(BlockingValueOrException.java:36) ~[amqp-client-5.25.0.jar:5.25.0]
	at com.rabbitmq.client.impl.AMQChannel$BlockingRpcContinuation.getReply(AMQChannel.java:552) ~[amqp-client-5.25.0.jar:5.25.0]
	at com.rabbitmq.client.impl.AMQChannel.privateRpc(AMQChannel.java:316) ~[amqp-client-5.25.0.jar:5.25.0]
	at com.rabbitmq.client.impl.AMQChannel.exnWrappingRpc(AMQChannel.java:152) ~[amqp-client-5.25.0.jar:5.25.0]
	... 12 common frames omitted
Caused by: com.rabbitmq.client.ShutdownSignalException: channel error; protocol method: #method<channel.close>(reply-code=404, reply-text=NOT_FOUND - no queue 'springCloudBus.anonymous.8N74X9lwRiehREOImpPZrg' in vhost 'dwtkuyzt', class-id=50, method-id=10)
	at com.rabbitmq.client.impl.ChannelN.asyncShutdown(ChannelN.java:528) ~[amqp-client-5.25.0.jar:5.25.0]
	at com.rabbitmq.client.impl.ChannelN.processAsync(ChannelN.java:349) ~[amqp-client-5.25.0.jar:5.25.0]
	at com.rabbitmq.client.impl.AMQChannel.handleCompleteInboundCommand(AMQChannel.java:193) ~[amqp-client-5.25.0.jar:5.25.0]
	at com.rabbitmq.client.impl.AMQChannel.handleFrame(AMQChannel.java:125) ~[amqp-client-5.25.0.jar:5.25.0]
	at com.rabbitmq.client.impl.AMQConnection.readFrame(AMQConnection.java:761) ~[amqp-client-5.25.0.jar:5.25.0]
	at com.rabbitmq.client.impl.AMQConnection.access$400(AMQConnection.java:48) ~[amqp-client-5.25.0.jar:5.25.0]
	at com.rabbitmq.client.impl.AMQConnection$MainLoop.run(AMQConnection.java:688) ~[amqp-client-5.25.0.jar:5.25.0]
	... 1 common frames omitted

2025-11-24T22:35:34.831+05:30  WARN 74399 --- [order-service] [springCloudBus.anonymous.8N74X9lwRiehREOImpPZrg-23] [                                                 ] o.s.a.r.listener.BlockingQueueConsumer   : Failed to declare queue: springCloudBus.anonymous.8N74X9lwRiehREOImpPZrg
2025-11-24T22:35:34.835+05:30  WARN 74399 --- [order-service] [springCloudBus.anonymous.8N74X9lwRiehREOImpPZrg-23] [                                                 ] o.s.a.r.listener.BlockingQueueConsumer   : Queue declaration failed; retries left=2

org.springframework.amqp.rabbit.listener.BlockingQueueConsumer$DeclarationException: Failed to declare queue(s):[springCloudBus.anonymous.8N74X9lwRiehREOImpPZrg]
	at org.springframework.amqp.rabbit.listener.BlockingQueueConsumer.attemptPassiveDeclarations(BlockingQueueConsumer.java:772) ~[spring-rabbit-3.2.8.jar:3.2.8]
	at org.springframework.amqp.rabbit.listener.BlockingQueueConsumer.passiveDeclarations(BlockingQueueConsumer.java:649) ~[spring-rabbit-3.2.8.jar:3.2.8]
	at org.springframework.amqp.rabbit.listener.BlockingQueueConsumer.start(BlockingQueueConsumer.java:636) ~[spring-rabbit-3.2.8.jar:3.2.8]
	at org.springframework.amqp.rabbit.listener.SimpleMessageListenerContainer$AsyncMessageProcessingConsumer.initialize(SimpleMessageListenerContainer.java:1490) ~[spring-rabbit-3.2.8.jar:3.2.8]
	at org.springframework.amqp.rabbit.listener.SimpleMessageListenerContainer$AsyncMessageProcessingConsumer.run(SimpleMessageListenerContainer.java:1328) ~[spring-rabbit-3.2.8.jar:3.2.8]
	at java.base/java.lang.Thread.run(Thread.java:1570) ~[na:na]
Caused by: java.io.IOException: null
	at com.rabbitmq.client.impl.AMQChannel.wrap(AMQChannel.java:140) ~[amqp-client-5.25.0.jar:5.25.0]
	at com.rabbitmq.client.impl.AMQChannel.wrap(AMQChannel.java:136) ~[amqp-client-5.25.0.jar:5.25.0]
	at com.rabbitmq.client.impl.AMQChannel.exnWrappingRpc(AMQChannel.java:158) ~[amqp-client-5.25.0.jar:5.25.0]
	at com.rabbitmq.client.impl.ChannelN.queueDeclarePassive(ChannelN.java:1033) ~[amqp-client-5.25.0.jar:5.25.0]
	at com.rabbitmq.client.impl.ChannelN.queueDeclarePassive(ChannelN.java:47) ~[amqp-client-5.25.0.jar:5.25.0]
	at java.base/jdk.internal.reflect.DirectMethodHandleAccessor.invoke(DirectMethodHandleAccessor.java:103) ~[na:na]
	at java.base/java.lang.reflect.Method.invoke(Method.java:580) ~[na:na]
	at org.springframework.amqp.rabbit.connection.CachingConnectionFactory$CachedChannelInvocationHandler.invoke(CachingConnectionFactory.java:1201) ~[spring-rabbit-3.2.8.jar:3.2.8]
	at jdk.proxy2/jdk.proxy2.$Proxy230.queueDeclarePassive(Unknown Source) ~[na:na]
	at org.springframework.amqp.rabbit.listener.BlockingQueueConsumer.attemptPassiveDeclarations(BlockingQueueConsumer.java:750) ~[spring-rabbit-3.2.8.jar:3.2.8]
	... 5 common frames omitted
Caused by: com.rabbitmq.client.ShutdownSignalException: channel error; protocol method: #method<channel.close>(reply-code=404, reply-text=NOT_FOUND - no queue 'springCloudBus.anonymous.8N74X9lwRiehREOImpPZrg' in vhost 'dwtkuyzt', class-id=50, method-id=10)
	at com.rabbitmq.utility.ValueOrException.getValue(ValueOrException.java:66) ~[amqp-client-5.25.0.jar:5.25.0]
	at com.rabbitmq.utility.BlockingValueOrException.uninterruptibleGetValue(BlockingValueOrException.java:36) ~[amqp-client-5.25.0.jar:5.25.0]
	at com.rabbitmq.client.impl.AMQChannel$BlockingRpcContinuation.getReply(AMQChannel.java:552) ~[amqp-client-5.25.0.jar:5.25.0]
	at com.rabbitmq.client.impl.AMQChannel.privateRpc(AMQChannel.java:316) ~[amqp-client-5.25.0.jar:5.25.0]
	at com.rabbitmq.client.impl.AMQChannel.exnWrappingRpc(AMQChannel.java:152) ~[amqp-client-5.25.0.jar:5.25.0]
	... 12 common frames omitted
Caused by: com.rabbitmq.client.ShutdownSignalException: channel error; protocol method: #method<channel.close>(reply-code=404, reply-text=NOT_FOUND - no queue 'springCloudBus.anonymous.8N74X9lwRiehREOImpPZrg' in vhost 'dwtkuyzt', class-id=50, method-id=10)
	at com.rabbitmq.client.impl.ChannelN.asyncShutdown(ChannelN.java:528) ~[amqp-client-5.25.0.jar:5.25.0]
	at com.rabbitmq.client.impl.ChannelN.processAsync(ChannelN.java:349) ~[amqp-client-5.25.0.jar:5.25.0]
	at com.rabbitmq.client.impl.AMQChannel.handleCompleteInboundCommand(AMQChannel.java:193) ~[amqp-client-5.25.0.jar:5.25.0]
	at com.rabbitmq.client.impl.AMQChannel.handleFrame(AMQChannel.java:125) ~[amqp-client-5.25.0.jar:5.25.0]
	at com.rabbitmq.client.impl.AMQConnection.readFrame(AMQConnection.java:761) ~[amqp-client-5.25.0.jar:5.25.0]
	at com.rabbitmq.client.impl.AMQConnection.access$400(AMQConnection.java:48) ~[amqp-client-5.25.0.jar:5.25.0]
	at com.rabbitmq.client.impl.AMQConnection$MainLoop.run(AMQConnection.java:688) ~[amqp-client-5.25.0.jar:5.25.0]
	... 1 common frames omitted

2025-11-24T22:35:40.378+05:30  WARN 74399 --- [order-service] [springCloudBus.anonymous.8N74X9lwRiehREOImpPZrg-23] [                                                 ] o.s.a.r.listener.BlockingQueueConsumer   : Failed to declare queue: springCloudBus.anonymous.8N74X9lwRiehREOImpPZrg
2025-11-24T22:35:40.379+05:30  WARN 74399 --- [order-service] [springCloudBus.anonymous.8N74X9lwRiehREOImpPZrg-23] [                                                 ] o.s.a.r.listener.BlockingQueueConsumer   : Queue declaration failed; retries left=1

org.springframework.amqp.rabbit.listener.BlockingQueueConsumer$DeclarationException: Failed to declare queue(s):[springCloudBus.anonymous.8N74X9lwRiehREOImpPZrg]
	at org.springframework.amqp.rabbit.listener.BlockingQueueConsumer.attemptPassiveDeclarations(BlockingQueueConsumer.java:772) ~[spring-rabbit-3.2.8.jar:3.2.8]
	at org.springframework.amqp.rabbit.listener.BlockingQueueConsumer.passiveDeclarations(BlockingQueueConsumer.java:649) ~[spring-rabbit-3.2.8.jar:3.2.8]
	at org.springframework.amqp.rabbit.listener.BlockingQueueConsumer.start(BlockingQueueConsumer.java:636) ~[spring-rabbit-3.2.8.jar:3.2.8]
	at org.springframework.amqp.rabbit.listener.SimpleMessageListenerContainer$AsyncMessageProcessingConsumer.initialize(SimpleMessageListenerContainer.java:1490) ~[spring-rabbit-3.2.8.jar:3.2.8]
	at org.springframework.amqp.rabbit.listener.SimpleMessageListenerContainer$AsyncMessageProcessingConsumer.run(SimpleMessageListenerContainer.java:1328) ~[spring-rabbit-3.2.8.jar:3.2.8]
	at java.base/java.lang.Thread.run(Thread.java:1570) ~[na:na]
Caused by: java.io.IOException: null
	at com.rabbitmq.client.impl.AMQChannel.wrap(AMQChannel.java:140) ~[amqp-client-5.25.0.jar:5.25.0]
	at com.rabbitmq.client.impl.AMQChannel.wrap(AMQChannel.java:136) ~[amqp-client-5.25.0.jar:5.25.0]
	at com.rabbitmq.client.impl.AMQChannel.exnWrappingRpc(AMQChannel.java:158) ~[amqp-client-5.25.0.jar:5.25.0]
	at com.rabbitmq.client.impl.ChannelN.queueDeclarePassive(ChannelN.java:1033) ~[amqp-client-5.25.0.jar:5.25.0]
	at com.rabbitmq.client.impl.ChannelN.queueDeclarePassive(ChannelN.java:47) ~[amqp-client-5.25.0.jar:5.25.0]
	at java.base/jdk.internal.reflect.DirectMethodHandleAccessor.invoke(DirectMethodHandleAccessor.java:103) ~[na:na]
	at java.base/java.lang.reflect.Method.invoke(Method.java:580) ~[na:na]
	at org.springframework.amqp.rabbit.connection.CachingConnectionFactory$CachedChannelInvocationHandler.invoke(CachingConnectionFactory.java:1201) ~[spring-rabbit-3.2.8.jar:3.2.8]
	at jdk.proxy2/jdk.proxy2.$Proxy230.queueDeclarePassive(Unknown Source) ~[na:na]
	at org.springframework.amqp.rabbit.listener.BlockingQueueConsumer.attemptPassiveDeclarations(BlockingQueueConsumer.java:750) ~[spring-rabbit-3.2.8.jar:3.2.8]
	... 5 common frames omitted
Caused by: com.rabbitmq.client.ShutdownSignalException: channel error; protocol method: #method<channel.close>(reply-code=404, reply-text=NOT_FOUND - no queue 'springCloudBus.anonymous.8N74X9lwRiehREOImpPZrg' in vhost 'dwtkuyzt', class-id=50, method-id=10)
	at com.rabbitmq.utility.ValueOrException.getValue(ValueOrException.java:66) ~[amqp-client-5.25.0.jar:5.25.0]
	at com.rabbitmq.utility.BlockingValueOrException.uninterruptibleGetValue(BlockingValueOrException.java:36) ~[amqp-client-5.25.0.jar:5.25.0]
	at com.rabbitmq.client.impl.AMQChannel$BlockingRpcContinuation.getReply(AMQChannel.java:552) ~[amqp-client-5.25.0.jar:5.25.0]
	at com.rabbitmq.client.impl.AMQChannel.privateRpc(AMQChannel.java:316) ~[amqp-client-5.25.0.jar:5.25.0]
	at com.rabbitmq.client.impl.AMQChannel.exnWrappingRpc(AMQChannel.java:152) ~[amqp-client-5.25.0.jar:5.25.0]
	... 12 common frames omitted
Caused by: com.rabbitmq.client.ShutdownSignalException: channel error; protocol method: #method<channel.close>(reply-code=404, reply-text=NOT_FOUND - no queue 'springCloudBus.anonymous.8N74X9lwRiehREOImpPZrg' in vhost 'dwtkuyzt', class-id=50, method-id=10)
	at com.rabbitmq.client.impl.ChannelN.asyncShutdown(ChannelN.java:528) ~[amqp-client-5.25.0.jar:5.25.0]
	at com.rabbitmq.client.impl.ChannelN.processAsync(ChannelN.java:349) ~[amqp-client-5.25.0.jar:5.25.0]
	at com.rabbitmq.client.impl.AMQChannel.handleCompleteInboundCommand(AMQChannel.java:193) ~[amqp-client-5.25.0.jar:5.25.0]
	at com.rabbitmq.client.impl.AMQChannel.handleFrame(AMQChannel.java:125) ~[amqp-client-5.25.0.jar:5.25.0]
	at com.rabbitmq.client.impl.AMQConnection.readFrame(AMQConnection.java:761) ~[amqp-client-5.25.0.jar:5.25.0]
	at com.rabbitmq.client.impl.AMQConnection.access$400(AMQConnection.java:48) ~[amqp-client-5.25.0.jar:5.25.0]
	at com.rabbitmq.client.impl.AMQConnection$MainLoop.run(AMQConnection.java:688) ~[amqp-client-5.25.0.jar:5.25.0]
	... 1 common frames omitted

2025-11-24T22:35:45.925+05:30  WARN 74399 --- [order-service] [springCloudBus.anonymous.8N74X9lwRiehREOImpPZrg-23] [                                                 ] o.s.a.r.listener.BlockingQueueConsumer   : Failed to declare queue: springCloudBus.anonymous.8N74X9lwRiehREOImpPZrg
2025-11-24T22:35:50.996+05:30 ERROR 74399 --- [order-service] [springCloudBus.anonymous.8N74X9lwRiehREOImpPZrg-23] [                                                 ] o.s.a.r.l.SimpleMessageListenerContainer : Consumer threw missing queues exception, fatal=false

org.springframework.amqp.rabbit.listener.QueuesNotAvailableException: Cannot prepare queue for listener. Either the queue doesn't exist or the broker will not allow us to use it.
	at org.springframework.amqp.rabbit.listener.BlockingQueueConsumer.handleDeclarationException(BlockingQueueConsumer.java:722) ~[spring-rabbit-3.2.8.jar:3.2.8]
	at org.springframework.amqp.rabbit.listener.BlockingQueueConsumer.passiveDeclarations(BlockingQueueConsumer.java:656) ~[spring-rabbit-3.2.8.jar:3.2.8]
	at org.springframework.amqp.rabbit.listener.BlockingQueueConsumer.start(BlockingQueueConsumer.java:636) ~[spring-rabbit-3.2.8.jar:3.2.8]
	at org.springframework.amqp.rabbit.listener.SimpleMessageListenerContainer$AsyncMessageProcessingConsumer.initialize(SimpleMessageListenerContainer.java:1490) ~[spring-rabbit-3.2.8.jar:3.2.8]
	at org.springframework.amqp.rabbit.listener.SimpleMessageListenerContainer$AsyncMessageProcessingConsumer.run(SimpleMessageListenerContainer.java:1328) ~[spring-rabbit-3.2.8.jar:3.2.8]
	at java.base/java.lang.Thread.run(Thread.java:1570) ~[na:na]
Caused by: org.springframework.amqp.rabbit.listener.BlockingQueueConsumer$DeclarationException: Failed to declare queue(s):[springCloudBus.anonymous.8N74X9lwRiehREOImpPZrg]
	at org.springframework.amqp.rabbit.listener.BlockingQueueConsumer.attemptPassiveDeclarations(BlockingQueueConsumer.java:772) ~[spring-rabbit-3.2.8.jar:3.2.8]
	at org.springframework.amqp.rabbit.listener.BlockingQueueConsumer.passiveDeclarations(BlockingQueueConsumer.java:649) ~[spring-rabbit-3.2.8.jar:3.2.8]
	... 4 common frames omitted
Caused by: java.io.IOException: null
	at com.rabbitmq.client.impl.AMQChannel.wrap(AMQChannel.java:140) ~[amqp-client-5.25.0.jar:5.25.0]
	at com.rabbitmq.client.impl.AMQChannel.wrap(AMQChannel.java:136) ~[amqp-client-5.25.0.jar:5.25.0]
	at com.rabbitmq.client.impl.AMQChannel.exnWrappingRpc(AMQChannel.java:158) ~[amqp-client-5.25.0.jar:5.25.0]
	at com.rabbitmq.client.impl.ChannelN.queueDeclarePassive(ChannelN.java:1033) ~[amqp-client-5.25.0.jar:5.25.0]
	at com.rabbitmq.client.impl.ChannelN.queueDeclarePassive(ChannelN.java:47) ~[amqp-client-5.25.0.jar:5.25.0]
	at java.base/jdk.internal.reflect.DirectMethodHandleAccessor.invoke(DirectMethodHandleAccessor.java:103) ~[na:na]
	at java.base/java.lang.reflect.Method.invoke(Method.java:580) ~[na:na]
	at org.springframework.amqp.rabbit.connection.CachingConnectionFactory$CachedChannelInvocationHandler.invoke(CachingConnectionFactory.java:1201) ~[spring-rabbit-3.2.8.jar:3.2.8]
	at jdk.proxy2/jdk.proxy2.$Proxy230.queueDeclarePassive(Unknown Source) ~[na:na]
	at org.springframework.amqp.rabbit.listener.BlockingQueueConsumer.attemptPassiveDeclarations(BlockingQueueConsumer.java:750) ~[spring-rabbit-3.2.8.jar:3.2.8]
	... 5 common frames omitted
Caused by: com.rabbitmq.client.ShutdownSignalException: channel error; protocol method: #method<channel.close>(reply-code=404, reply-text=NOT_FOUND - no queue 'springCloudBus.anonymous.8N74X9lwRiehREOImpPZrg' in vhost 'dwtkuyzt', class-id=50, method-id=10)
	at com.rabbitmq.utility.ValueOrException.getValue(ValueOrException.java:66) ~[amqp-client-5.25.0.jar:5.25.0]
	at com.rabbitmq.utility.BlockingValueOrException.uninterruptibleGetValue(BlockingValueOrException.java:36) ~[amqp-client-5.25.0.jar:5.25.0]
	at com.rabbitmq.client.impl.AMQChannel$BlockingRpcContinuation.getReply(AMQChannel.java:552) ~[amqp-client-5.25.0.jar:5.25.0]
	at com.rabbitmq.client.impl.AMQChannel.privateRpc(AMQChannel.java:316) ~[amqp-client-5.25.0.jar:5.25.0]
	at com.rabbitmq.client.impl.AMQChannel.exnWrappingRpc(AMQChannel.java:152) ~[amqp-client-5.25.0.jar:5.25.0]
	... 12 common frames omitted
Caused by: com.rabbitmq.client.ShutdownSignalException: channel error; protocol method: #method<channel.close>(reply-code=404, reply-text=NOT_FOUND - no queue 'springCloudBus.anonymous.8N74X9lwRiehREOImpPZrg' in vhost 'dwtkuyzt', class-id=50, method-id=10)
	at com.rabbitmq.client.impl.ChannelN.asyncShutdown(ChannelN.java:528) ~[amqp-client-5.25.0.jar:5.25.0]
	at com.rabbitmq.client.impl.ChannelN.processAsync(ChannelN.java:349) ~[amqp-client-5.25.0.jar:5.25.0]
	at com.rabbitmq.client.impl.AMQChannel.handleCompleteInboundCommand(AMQChannel.java:193) ~[amqp-client-5.25.0.jar:5.25.0]
	at com.rabbitmq.client.impl.AMQChannel.handleFrame(AMQChannel.java:125) ~[amqp-client-5.25.0.jar:5.25.0]
	at com.rabbitmq.client.impl.AMQConnection.readFrame(AMQConnection.java:761) ~[amqp-client-5.25.0.jar:5.25.0]
	at com.rabbitmq.client.impl.AMQConnection.access$400(AMQConnection.java:48) ~[amqp-client-5.25.0.jar:5.25.0]
	at com.rabbitmq.client.impl.AMQConnection$MainLoop.run(AMQConnection.java:688) ~[amqp-client-5.25.0.jar:5.25.0]
	... 1 common frames omitted

2025-11-24T22:35:50.999+05:30  INFO 74399 --- [order-service] [springCloudBus.anonymous.8N74X9lwRiehREOImpPZrg-23] [                                                 ] o.s.a.r.l.SimpleMessageListenerContainer : Restarting Consumer@725d94a3: tags=[[]], channel=Cached Rabbit Channel: AMQChannel(amqp://dwtkuyzt@35.153.225.39:5672/dwtkuyzt,1), conn: Proxy@63e64174 Shared Rabbit Connection: SimpleConnection@718c61c0 [delegate=amqp://dwtkuyzt@35.153.225.39:5672/dwtkuyzt, localPort=61556], acknowledgeMode=AUTO local queue size=0
2025-11-24T22:35:52.076+05:30  WARN 74399 --- [order-service] [springCloudBus.anonymous.8N74X9lwRiehREOImpPZrg-24] [                                                 ] o.s.a.r.listener.BlockingQueueConsumer   : Failed to declare queue: springCloudBus.anonymous.8N74X9lwRiehREOImpPZrg
2025-11-24T22:35:52.077+05:30  WARN 74399 --- [order-service] [springCloudBus.anonymous.8N74X9lwRiehREOImpPZrg-24] [                                                 ] o.s.a.r.listener.BlockingQueueConsumer   : Queue declaration failed; retries left=3

org.springframework.amqp.rabbit.listener.BlockingQueueConsumer$DeclarationException: Failed to declare queue(s):[springCloudBus.anonymous.8N74X9lwRiehREOImpPZrg]
	at org.springframework.amqp.rabbit.listener.BlockingQueueConsumer.attemptPassiveDeclarations(BlockingQueueConsumer.java:772) ~[spring-rabbit-3.2.8.jar:3.2.8]
	at org.springframework.amqp.rabbit.listener.BlockingQueueConsumer.passiveDeclarations(BlockingQueueConsumer.java:649) ~[spring-rabbit-3.2.8.jar:3.2.8]
	at org.springframework.amqp.rabbit.listener.BlockingQueueConsumer.start(BlockingQueueConsumer.java:636) ~[spring-rabbit-3.2.8.jar:3.2.8]
	at org.springframework.amqp.rabbit.listener.SimpleMessageListenerContainer$AsyncMessageProcessingConsumer.initialize(SimpleMessageListenerContainer.java:1490) ~[spring-rabbit-3.2.8.jar:3.2.8]
	at org.springframework.amqp.rabbit.listener.SimpleMessageListenerContainer$AsyncMessageProcessingConsumer.run(SimpleMessageListenerContainer.java:1328) ~[spring-rabbit-3.2.8.jar:3.2.8]
	at java.base/java.lang.Thread.run(Thread.java:1570) ~[na:na]
Caused by: java.io.IOException: null
	at com.rabbitmq.client.impl.AMQChannel.wrap(AMQChannel.java:140) ~[amqp-client-5.25.0.jar:5.25.0]
	at com.rabbitmq.client.impl.AMQChannel.wrap(AMQChannel.java:136) ~[amqp-client-5.25.0.jar:5.25.0]
	at com.rabbitmq.client.impl.AMQChannel.exnWrappingRpc(AMQChannel.java:158) ~[amqp-client-5.25.0.jar:5.25.0]
	at com.rabbitmq.client.impl.ChannelN.queueDeclarePassive(ChannelN.java:1033) ~[amqp-client-5.25.0.jar:5.25.0]
	at com.rabbitmq.client.impl.ChannelN.queueDeclarePassive(ChannelN.java:47) ~[amqp-client-5.25.0.jar:5.25.0]
	at java.base/jdk.internal.reflect.DirectMethodHandleAccessor.invoke(DirectMethodHandleAccessor.java:103) ~[na:na]
	at java.base/java.lang.reflect.Method.invoke(Method.java:580) ~[na:na]
	at org.springframework.amqp.rabbit.connection.CachingConnectionFactory$CachedChannelInvocationHandler.invoke(CachingConnectionFactory.java:1201) ~[spring-rabbit-3.2.8.jar:3.2.8]
	at jdk.proxy2/jdk.proxy2.$Proxy230.queueDeclarePassive(Unknown Source) ~[na:na]
	at org.springframework.amqp.rabbit.listener.BlockingQueueConsumer.attemptPassiveDeclarations(BlockingQueueConsumer.java:750) ~[spring-rabbit-3.2.8.jar:3.2.8]
	... 5 common frames omitted
Caused by: com.rabbitmq.client.ShutdownSignalException: channel error; protocol method: #method<channel.close>(reply-code=404, reply-text=NOT_FOUND - no queue 'springCloudBus.anonymous.8N74X9lwRiehREOImpPZrg' in vhost 'dwtkuyzt', class-id=50, method-id=10)
	at com.rabbitmq.utility.ValueOrException.getValue(ValueOrException.java:66) ~[amqp-client-5.25.0.jar:5.25.0]
	at com.rabbitmq.utility.BlockingValueOrException.uninterruptibleGetValue(BlockingValueOrException.java:36) ~[amqp-client-5.25.0.jar:5.25.0]
	at com.rabbitmq.client.impl.AMQChannel$BlockingRpcContinuation.getReply(AMQChannel.java:552) ~[amqp-client-5.25.0.jar:5.25.0]
	at com.rabbitmq.client.impl.AMQChannel.privateRpc(AMQChannel.java:316) ~[amqp-client-5.25.0.jar:5.25.0]
	at com.rabbitmq.client.impl.AMQChannel.exnWrappingRpc(AMQChannel.java:152) ~[amqp-client-5.25.0.jar:5.25.0]
	... 12 common frames omitted
Caused by: com.rabbitmq.client.ShutdownSignalException: channel error; protocol method: #method<channel.close>(reply-code=404, reply-text=NOT_FOUND - no queue 'springCloudBus.anonymous.8N74X9lwRiehREOImpPZrg' in vhost 'dwtkuyzt', class-id=50, method-id=10)
	at com.rabbitmq.client.impl.ChannelN.asyncShutdown(ChannelN.java:528) ~[amqp-client-5.25.0.jar:5.25.0]
	at com.rabbitmq.client.impl.ChannelN.processAsync(ChannelN.java:349) ~[amqp-client-5.25.0.jar:5.25.0]
	at com.rabbitmq.client.impl.AMQChannel.handleCompleteInboundCommand(AMQChannel.java:193) ~[amqp-client-5.25.0.jar:5.25.0]
	at com.rabbitmq.client.impl.AMQChannel.handleFrame(AMQChannel.java:125) ~[amqp-client-5.25.0.jar:5.25.0]
	at com.rabbitmq.client.impl.AMQConnection.readFrame(AMQConnection.java:761) ~[amqp-client-5.25.0.jar:5.25.0]
	at com.rabbitmq.client.impl.AMQConnection.access$400(AMQConnection.java:48) ~[amqp-client-5.25.0.jar:5.25.0]
	at com.rabbitmq.client.impl.AMQConnection$MainLoop.run(AMQConnection.java:688) ~[amqp-client-5.25.0.jar:5.25.0]
	... 1 common frames omitted

2025-11-24T22:35:57.628+05:30  WARN 74399 --- [order-service] [springCloudBus.anonymous.8N74X9lwRiehREOImpPZrg-24] [                                                 ] o.s.a.r.listener.BlockingQueueConsumer   : Failed to declare queue: springCloudBus.anonymous.8N74X9lwRiehREOImpPZrg
2025-11-24T22:35:57.628+05:30  WARN 74399 --- [order-service] [springCloudBus.anonymous.8N74X9lwRiehREOImpPZrg-24] [                                                 ] o.s.a.r.listener.BlockingQueueConsumer   : Queue declaration failed; retries left=2

org.springframework.amqp.rabbit.listener.BlockingQueueConsumer$DeclarationException: Failed to declare queue(s):[springCloudBus.anonymous.8N74X9lwRiehREOImpPZrg]
	at org.springframework.amqp.rabbit.listener.BlockingQueueConsumer.attemptPassiveDeclarations(BlockingQueueConsumer.java:772) ~[spring-rabbit-3.2.8.jar:3.2.8]
	at org.springframework.amqp.rabbit.listener.BlockingQueueConsumer.passiveDeclarations(BlockingQueueConsumer.java:649) ~[spring-rabbit-3.2.8.jar:3.2.8]
	at org.springframework.amqp.rabbit.listener.BlockingQueueConsumer.start(BlockingQueueConsumer.java:636) ~[spring-rabbit-3.2.8.jar:3.2.8]
	at org.springframework.amqp.rabbit.listener.SimpleMessageListenerContainer$AsyncMessageProcessingConsumer.initialize(SimpleMessageListenerContainer.java:1490) ~[spring-rabbit-3.2.8.jar:3.2.8]
	at org.springframework.amqp.rabbit.listener.SimpleMessageListenerContainer$AsyncMessageProcessingConsumer.run(SimpleMessageListenerContainer.java:1328) ~[spring-rabbit-3.2.8.jar:3.2.8]
	at java.base/java.lang.Thread.run(Thread.java:1570) ~[na:na]
Caused by: java.io.IOException: null
	at com.rabbitmq.client.impl.AMQChannel.wrap(AMQChannel.java:140) ~[amqp-client-5.25.0.jar:5.25.0]
	at com.rabbitmq.client.impl.AMQChannel.wrap(AMQChannel.java:136) ~[amqp-client-5.25.0.jar:5.25.0]
	at com.rabbitmq.client.impl.AMQChannel.exnWrappingRpc(AMQChannel.java:158) ~[amqp-client-5.25.0.jar:5.25.0]
	at com.rabbitmq.client.impl.ChannelN.queueDeclarePassive(ChannelN.java:1033) ~[amqp-client-5.25.0.jar:5.25.0]
	at com.rabbitmq.client.impl.ChannelN.queueDeclarePassive(ChannelN.java:47) ~[amqp-client-5.25.0.jar:5.25.0]
	at java.base/jdk.internal.reflect.DirectMethodHandleAccessor.invoke(DirectMethodHandleAccessor.java:103) ~[na:na]
	at java.base/java.lang.reflect.Method.invoke(Method.java:580) ~[na:na]
	at org.springframework.amqp.rabbit.connection.CachingConnectionFactory$CachedChannelInvocationHandler.invoke(CachingConnectionFactory.java:1201) ~[spring-rabbit-3.2.8.jar:3.2.8]
	at jdk.proxy2/jdk.proxy2.$Proxy230.queueDeclarePassive(Unknown Source) ~[na:na]
	at org.springframework.amqp.rabbit.listener.BlockingQueueConsumer.attemptPassiveDeclarations(BlockingQueueConsumer.java:750) ~[spring-rabbit-3.2.8.jar:3.2.8]
	... 5 common frames omitted
Caused by: com.rabbitmq.client.ShutdownSignalException: channel error; protocol method: #method<channel.close>(reply-code=404, reply-text=NOT_FOUND - no queue 'springCloudBus.anonymous.8N74X9lwRiehREOImpPZrg' in vhost 'dwtkuyzt', class-id=50, method-id=10)
	at com.rabbitmq.utility.ValueOrException.getValue(ValueOrException.java:66) ~[amqp-client-5.25.0.jar:5.25.0]
	at com.rabbitmq.utility.BlockingValueOrException.uninterruptibleGetValue(BlockingValueOrException.java:36) ~[amqp-client-5.25.0.jar:5.25.0]
	at com.rabbitmq.client.impl.AMQChannel$BlockingRpcContinuation.getReply(AMQChannel.java:552) ~[amqp-client-5.25.0.jar:5.25.0]
	at com.rabbitmq.client.impl.AMQChannel.privateRpc(AMQChannel.java:316) ~[amqp-client-5.25.0.jar:5.25.0]
	at com.rabbitmq.client.impl.AMQChannel.exnWrappingRpc(AMQChannel.java:152) ~[amqp-client-5.25.0.jar:5.25.0]
	... 12 common frames omitted
Caused by: com.rabbitmq.client.ShutdownSignalException: channel error; protocol method: #method<channel.close>(reply-code=404, reply-text=NOT_FOUND - no queue 'springCloudBus.anonymous.8N74X9lwRiehREOImpPZrg' in vhost 'dwtkuyzt', class-id=50, method-id=10)
	at com.rabbitmq.client.impl.ChannelN.asyncShutdown(ChannelN.java:528) ~[amqp-client-5.25.0.jar:5.25.0]
	at com.rabbitmq.client.impl.ChannelN.processAsync(ChannelN.java:349) ~[amqp-client-5.25.0.jar:5.25.0]
	at com.rabbitmq.client.impl.AMQChannel.handleCompleteInboundCommand(AMQChannel.java:193) ~[amqp-client-5.25.0.jar:5.25.0]
	at com.rabbitmq.client.impl.AMQChannel.handleFrame(AMQChannel.java:125) ~[amqp-client-5.25.0.jar:5.25.0]
	at com.rabbitmq.client.impl.AMQConnection.readFrame(AMQConnection.java:761) ~[amqp-client-5.25.0.jar:5.25.0]
	at com.rabbitmq.client.impl.AMQConnection.access$400(AMQConnection.java:48) ~[amqp-client-5.25.0.jar:5.25.0]
	at com.rabbitmq.client.impl.AMQConnection$MainLoop.run(AMQConnection.java:688) ~[amqp-client-5.25.0.jar:5.25.0]
	... 1 common frames omitted

2025-11-24T22:36:03.168+05:30  WARN 74399 --- [order-service] [springCloudBus.anonymous.8N74X9lwRiehREOImpPZrg-24] [                                                 ] o.s.a.r.listener.BlockingQueueConsumer   : Failed to declare queue: springCloudBus.anonymous.8N74X9lwRiehREOImpPZrg
2025-11-24T22:36:03.171+05:30  WARN 74399 --- [order-service] [springCloudBus.anonymous.8N74X9lwRiehREOImpPZrg-24] [                                                 ] o.s.a.r.listener.BlockingQueueConsumer   : Queue declaration failed; retries left=1

org.springframework.amqp.rabbit.listener.BlockingQueueConsumer$DeclarationException: Failed to declare queue(s):[springCloudBus.anonymous.8N74X9lwRiehREOImpPZrg]
	at org.springframework.amqp.rabbit.listener.BlockingQueueConsumer.attemptPassiveDeclarations(BlockingQueueConsumer.java:772) ~[spring-rabbit-3.2.8.jar:3.2.8]
	at org.springframework.amqp.rabbit.listener.BlockingQueueConsumer.passiveDeclarations(BlockingQueueConsumer.java:649) ~[spring-rabbit-3.2.8.jar:3.2.8]
	at org.springframework.amqp.rabbit.listener.BlockingQueueConsumer.start(BlockingQueueConsumer.java:636) ~[spring-rabbit-3.2.8.jar:3.2.8]
	at org.springframework.amqp.rabbit.listener.SimpleMessageListenerContainer$AsyncMessageProcessingConsumer.initialize(SimpleMessageListenerContainer.java:1490) ~[spring-rabbit-3.2.8.jar:3.2.8]
	at org.springframework.amqp.rabbit.listener.SimpleMessageListenerContainer$AsyncMessageProcessingConsumer.run(SimpleMessageListenerContainer.java:1328) ~[spring-rabbit-3.2.8.jar:3.2.8]
	at java.base/java.lang.Thread.run(Thread.java:1570) ~[na:na]
Caused by: java.io.IOException: null
	at com.rabbitmq.client.impl.AMQChannel.wrap(AMQChannel.java:140) ~[amqp-client-5.25.0.jar:5.25.0]
	at com.rabbitmq.client.impl.AMQChannel.wrap(AMQChannel.java:136) ~[amqp-client-5.25.0.jar:5.25.0]
	at com.rabbitmq.client.impl.AMQChannel.exnWrappingRpc(AMQChannel.java:158) ~[amqp-client-5.25.0.jar:5.25.0]
	at com.rabbitmq.client.impl.ChannelN.queueDeclarePassive(ChannelN.java:1033) ~[amqp-client-5.25.0.jar:5.25.0]
	at com.rabbitmq.client.impl.ChannelN.queueDeclarePassive(ChannelN.java:47) ~[amqp-client-5.25.0.jar:5.25.0]
	at java.base/jdk.internal.reflect.DirectMethodHandleAccessor.invoke(DirectMethodHandleAccessor.java:103) ~[na:na]
	at java.base/java.lang.reflect.Method.invoke(Method.java:580) ~[na:na]
	at org.springframework.amqp.rabbit.connection.CachingConnectionFactory$CachedChannelInvocationHandler.invoke(CachingConnectionFactory.java:1201) ~[spring-rabbit-3.2.8.jar:3.2.8]
	at jdk.proxy2/jdk.proxy2.$Proxy230.queueDeclarePassive(Unknown Source) ~[na:na]
	at org.springframework.amqp.rabbit.listener.BlockingQueueConsumer.attemptPassiveDeclarations(BlockingQueueConsumer.java:750) ~[spring-rabbit-3.2.8.jar:3.2.8]
	... 5 common frames omitted
Caused by: com.rabbitmq.client.ShutdownSignalException: channel error; protocol method: #method<channel.close>(reply-code=404, reply-text=NOT_FOUND - no queue 'springCloudBus.anonymous.8N74X9lwRiehREOImpPZrg' in vhost 'dwtkuyzt', class-id=50, method-id=10)
	at com.rabbitmq.utility.ValueOrException.getValue(ValueOrException.java:66) ~[amqp-client-5.25.0.jar:5.25.0]
	at com.rabbitmq.utility.BlockingValueOrException.uninterruptibleGetValue(BlockingValueOrException.java:36) ~[amqp-client-5.25.0.jar:5.25.0]
	at com.rabbitmq.client.impl.AMQChannel$BlockingRpcContinuation.getReply(AMQChannel.java:552) ~[amqp-client-5.25.0.jar:5.25.0]
	at com.rabbitmq.client.impl.AMQChannel.privateRpc(AMQChannel.java:316) ~[amqp-client-5.25.0.jar:5.25.0]
	at com.rabbitmq.client.impl.AMQChannel.exnWrappingRpc(AMQChannel.java:152) ~[amqp-client-5.25.0.jar:5.25.0]
	... 12 common frames omitted
Caused by: com.rabbitmq.client.ShutdownSignalException: channel error; protocol method: #method<channel.close>(reply-code=404, reply-text=NOT_FOUND - no queue 'springCloudBus.anonymous.8N74X9lwRiehREOImpPZrg' in vhost 'dwtkuyzt', class-id=50, method-id=10)
	at com.rabbitmq.client.impl.ChannelN.asyncShutdown(ChannelN.java:528) ~[amqp-client-5.25.0.jar:5.25.0]
	at com.rabbitmq.client.impl.ChannelN.processAsync(ChannelN.java:349) ~[amqp-client-5.25.0.jar:5.25.0]
	at com.rabbitmq.client.impl.AMQChannel.handleCompleteInboundCommand(AMQChannel.java:193) ~[amqp-client-5.25.0.jar:5.25.0]
	at com.rabbitmq.client.impl.AMQChannel.handleFrame(AMQChannel.java:125) ~[amqp-client-5.25.0.jar:5.25.0]
	at com.rabbitmq.client.impl.AMQConnection.readFrame(AMQConnection.java:761) ~[amqp-client-5.25.0.jar:5.25.0]
	at com.rabbitmq.client.impl.AMQConnection.access$400(AMQConnection.java:48) ~[amqp-client-5.25.0.jar:5.25.0]
	at com.rabbitmq.client.impl.AMQConnection$MainLoop.run(AMQConnection.java:688) ~[amqp-client-5.25.0.jar:5.25.0]
	... 1 common frames omitted

2025-11-24T22:36:08.718+05:30  WARN 74399 --- [order-service] [springCloudBus.anonymous.8N74X9lwRiehREOImpPZrg-24] [                                                 ] o.s.a.r.listener.BlockingQueueConsumer   : Failed to declare queue: springCloudBus.anonymous.8N74X9lwRiehREOImpPZrg
2025-11-24T22:36:13.802+05:30 ERROR 74399 --- [order-service] [springCloudBus.anonymous.8N74X9lwRiehREOImpPZrg-24] [                                                 ] o.s.a.r.l.SimpleMessageListenerContainer : Consumer threw missing queues exception, fatal=false

org.springframework.amqp.rabbit.listener.QueuesNotAvailableException: Cannot prepare queue for listener. Either the queue doesn't exist or the broker will not allow us to use it.
	at org.springframework.amqp.rabbit.listener.BlockingQueueConsumer.handleDeclarationException(BlockingQueueConsumer.java:722) ~[spring-rabbit-3.2.8.jar:3.2.8]
	at org.springframework.amqp.rabbit.listener.BlockingQueueConsumer.passiveDeclarations(BlockingQueueConsumer.java:656) ~[spring-rabbit-3.2.8.jar:3.2.8]
	at org.springframework.amqp.rabbit.listener.BlockingQueueConsumer.start(BlockingQueueConsumer.java:636) ~[spring-rabbit-3.2.8.jar:3.2.8]
	at org.springframework.amqp.rabbit.listener.SimpleMessageListenerContainer$AsyncMessageProcessingConsumer.initialize(SimpleMessageListenerContainer.java:1490) ~[spring-rabbit-3.2.8.jar:3.2.8]
	at org.springframework.amqp.rabbit.listener.SimpleMessageListenerContainer$AsyncMessageProcessingConsumer.run(SimpleMessageListenerContainer.java:1328) ~[spring-rabbit-3.2.8.jar:3.2.8]
	at java.base/java.lang.Thread.run(Thread.java:1570) ~[na:na]
Caused by: org.springframework.amqp.rabbit.listener.BlockingQueueConsumer$DeclarationException: Failed to declare queue(s):[springCloudBus.anonymous.8N74X9lwRiehREOImpPZrg]
	at org.springframework.amqp.rabbit.listener.BlockingQueueConsumer.attemptPassiveDeclarations(BlockingQueueConsumer.java:772) ~[spring-rabbit-3.2.8.jar:3.2.8]
	at org.springframework.amqp.rabbit.listener.BlockingQueueConsumer.passiveDeclarations(BlockingQueueConsumer.java:649) ~[spring-rabbit-3.2.8.jar:3.2.8]
	... 4 common frames omitted
Caused by: java.io.IOException: null
	at com.rabbitmq.client.impl.AMQChannel.wrap(AMQChannel.java:140) ~[amqp-client-5.25.0.jar:5.25.0]
	at com.rabbitmq.client.impl.AMQChannel.wrap(AMQChannel.java:136) ~[amqp-client-5.25.0.jar:5.25.0]
	at com.rabbitmq.client.impl.AMQChannel.exnWrappingRpc(AMQChannel.java:158) ~[amqp-client-5.25.0.jar:5.25.0]
	at com.rabbitmq.client.impl.ChannelN.queueDeclarePassive(ChannelN.java:1033) ~[amqp-client-5.25.0.jar:5.25.0]
	at com.rabbitmq.client.impl.ChannelN.queueDeclarePassive(ChannelN.java:47) ~[amqp-client-5.25.0.jar:5.25.0]
	at java.base/jdk.internal.reflect.DirectMethodHandleAccessor.invoke(DirectMethodHandleAccessor.java:103) ~[na:na]
	at java.base/java.lang.reflect.Method.invoke(Method.java:580) ~[na:na]
	at org.springframework.amqp.rabbit.connection.CachingConnectionFactory$CachedChannelInvocationHandler.invoke(CachingConnectionFactory.java:1201) ~[spring-rabbit-3.2.8.jar:3.2.8]
	at jdk.proxy2/jdk.proxy2.$Proxy230.queueDeclarePassive(Unknown Source) ~[na:na]
	at org.springframework.amqp.rabbit.listener.BlockingQueueConsumer.attemptPassiveDeclarations(BlockingQueueConsumer.java:750) ~[spring-rabbit-3.2.8.jar:3.2.8]
	... 5 common frames omitted
Caused by: com.rabbitmq.client.ShutdownSignalException: channel error; protocol method: #method<channel.close>(reply-code=404, reply-text=NOT_FOUND - no queue 'springCloudBus.anonymous.8N74X9lwRiehREOImpPZrg' in vhost 'dwtkuyzt', class-id=50, method-id=10)
	at com.rabbitmq.utility.ValueOrException.getValue(ValueOrException.java:66) ~[amqp-client-5.25.0.jar:5.25.0]
	at com.rabbitmq.utility.BlockingValueOrException.uninterruptibleGetValue(BlockingValueOrException.java:36) ~[amqp-client-5.25.0.jar:5.25.0]
	at com.rabbitmq.client.impl.AMQChannel$BlockingRpcContinuation.getReply(AMQChannel.java:552) ~[amqp-client-5.25.0.jar:5.25.0]
	at com.rabbitmq.client.impl.AMQChannel.privateRpc(AMQChannel.java:316) ~[amqp-client-5.25.0.jar:5.25.0]
	at com.rabbitmq.client.impl.AMQChannel.exnWrappingRpc(AMQChannel.java:152) ~[amqp-client-5.25.0.jar:5.25.0]
	... 12 common frames omitted
Caused by: com.rabbitmq.client.ShutdownSignalException: channel error; protocol method: #method<channel.close>(reply-code=404, reply-text=NOT_FOUND - no queue 'springCloudBus.anonymous.8N74X9lwRiehREOImpPZrg' in vhost 'dwtkuyzt', class-id=50, method-id=10)
	at com.rabbitmq.client.impl.ChannelN.asyncShutdown(ChannelN.java:528) ~[amqp-client-5.25.0.jar:5.25.0]
	at com.rabbitmq.client.impl.ChannelN.processAsync(ChannelN.java:349) ~[amqp-client-5.25.0.jar:5.25.0]
	at com.rabbitmq.client.impl.AMQChannel.handleCompleteInboundCommand(AMQChannel.java:193) ~[amqp-client-5.25.0.jar:5.25.0]
	at com.rabbitmq.client.impl.AMQChannel.handleFrame(AMQChannel.java:125) ~[amqp-client-5.25.0.jar:5.25.0]
	at com.rabbitmq.client.impl.AMQConnection.readFrame(AMQConnection.java:761) ~[amqp-client-5.25.0.jar:5.25.0]
	at com.rabbitmq.client.impl.AMQConnection.access$400(AMQConnection.java:48) ~[amqp-client-5.25.0.jar:5.25.0]
	at com.rabbitmq.client.impl.AMQConnection$MainLoop.run(AMQConnection.java:688) ~[amqp-client-5.25.0.jar:5.25.0]
	... 1 common frames omitted

2025-11-24T22:36:13.804+05:30  INFO 74399 --- [order-service] [springCloudBus.anonymous.8N74X9lwRiehREOImpPZrg-24] [                                                 ] o.s.a.r.l.SimpleMessageListenerContainer : Restarting Consumer@1e1c4cbe: tags=[[]], channel=Cached Rabbit Channel: AMQChannel(amqp://dwtkuyzt@35.153.225.39:5672/dwtkuyzt,1), conn: Proxy@63e64174 Shared Rabbit Connection: SimpleConnection@718c61c0 [delegate=amqp://dwtkuyzt@35.153.225.39:5672/dwtkuyzt, localPort=61556], acknowledgeMode=AUTO local queue size=0
2025-11-24T22:36:14.979+05:30  WARN 74399 --- [order-service] [springCloudBus.anonymous.8N74X9lwRiehREOImpPZrg-25] [                                                 ] o.s.a.r.listener.BlockingQueueConsumer   : Failed to declare queue: springCloudBus.anonymous.8N74X9lwRiehREOImpPZrg
2025-11-24T22:36:14.979+05:30  WARN 74399 --- [order-service] [springCloudBus.anonymous.8N74X9lwRiehREOImpPZrg-25] [                                                 ] o.s.a.r.listener.BlockingQueueConsumer   : Queue declaration failed; retries left=3

org.springframework.amqp.rabbit.listener.BlockingQueueConsumer$DeclarationException: Failed to declare queue(s):[springCloudBus.anonymous.8N74X9lwRiehREOImpPZrg]
	at org.springframework.amqp.rabbit.listener.BlockingQueueConsumer.attemptPassiveDeclarations(BlockingQueueConsumer.java:772) ~[spring-rabbit-3.2.8.jar:3.2.8]
	at org.springframework.amqp.rabbit.listener.BlockingQueueConsumer.passiveDeclarations(BlockingQueueConsumer.java:649) ~[spring-rabbit-3.2.8.jar:3.2.8]
	at org.springframework.amqp.rabbit.listener.BlockingQueueConsumer.start(BlockingQueueConsumer.java:636) ~[spring-rabbit-3.2.8.jar:3.2.8]
	at org.springframework.amqp.rabbit.listener.SimpleMessageListenerContainer$AsyncMessageProcessingConsumer.initialize(SimpleMessageListenerContainer.java:1490) ~[spring-rabbit-3.2.8.jar:3.2.8]
	at org.springframework.amqp.rabbit.listener.SimpleMessageListenerContainer$AsyncMessageProcessingConsumer.run(SimpleMessageListenerContainer.java:1328) ~[spring-rabbit-3.2.8.jar:3.2.8]
	at java.base/java.lang.Thread.run(Thread.java:1570) ~[na:na]
Caused by: java.io.IOException: null
	at com.rabbitmq.client.impl.AMQChannel.wrap(AMQChannel.java:140) ~[amqp-client-5.25.0.jar:5.25.0]
	at com.rabbitmq.client.impl.AMQChannel.wrap(AMQChannel.java:136) ~[amqp-client-5.25.0.jar:5.25.0]
	at com.rabbitmq.client.impl.AMQChannel.exnWrappingRpc(AMQChannel.java:158) ~[amqp-client-5.25.0.jar:5.25.0]
	at com.rabbitmq.client.impl.ChannelN.queueDeclarePassive(ChannelN.java:1033) ~[amqp-client-5.25.0.jar:5.25.0]
	at com.rabbitmq.client.impl.ChannelN.queueDeclarePassive(ChannelN.java:47) ~[amqp-client-5.25.0.jar:5.25.0]
	at java.base/jdk.internal.reflect.DirectMethodHandleAccessor.invoke(DirectMethodHandleAccessor.java:103) ~[na:na]
	at java.base/java.lang.reflect.Method.invoke(Method.java:580) ~[na:na]
	at org.springframework.amqp.rabbit.connection.CachingConnectionFactory$CachedChannelInvocationHandler.invoke(CachingConnectionFactory.java:1201) ~[spring-rabbit-3.2.8.jar:3.2.8]
	at jdk.proxy2/jdk.proxy2.$Proxy230.queueDeclarePassive(Unknown Source) ~[na:na]
	at org.springframework.amqp.rabbit.listener.BlockingQueueConsumer.attemptPassiveDeclarations(BlockingQueueConsumer.java:750) ~[spring-rabbit-3.2.8.jar:3.2.8]
	... 5 common frames omitted
Caused by: com.rabbitmq.client.ShutdownSignalException: channel error; protocol method: #method<channel.close>(reply-code=404, reply-text=NOT_FOUND - no queue 'springCloudBus.anonymous.8N74X9lwRiehREOImpPZrg' in vhost 'dwtkuyzt', class-id=50, method-id=10)
	at com.rabbitmq.utility.ValueOrException.getValue(ValueOrException.java:66) ~[amqp-client-5.25.0.jar:5.25.0]
	at com.rabbitmq.utility.BlockingValueOrException.uninterruptibleGetValue(BlockingValueOrException.java:36) ~[amqp-client-5.25.0.jar:5.25.0]
	at com.rabbitmq.client.impl.AMQChannel$BlockingRpcContinuation.getReply(AMQChannel.java:552) ~[amqp-client-5.25.0.jar:5.25.0]
	at com.rabbitmq.client.impl.AMQChannel.privateRpc(AMQChannel.java:316) ~[amqp-client-5.25.0.jar:5.25.0]
	at com.rabbitmq.client.impl.AMQChannel.exnWrappingRpc(AMQChannel.java:152) ~[amqp-client-5.25.0.jar:5.25.0]
	... 12 common frames omitted
Caused by: com.rabbitmq.client.ShutdownSignalException: channel error; protocol method: #method<channel.close>(reply-code=404, reply-text=NOT_FOUND - no queue 'springCloudBus.anonymous.8N74X9lwRiehREOImpPZrg' in vhost 'dwtkuyzt', class-id=50, method-id=10)
	at com.rabbitmq.client.impl.ChannelN.asyncShutdown(ChannelN.java:528) ~[amqp-client-5.25.0.jar:5.25.0]
	at com.rabbitmq.client.impl.ChannelN.processAsync(ChannelN.java:349) ~[amqp-client-5.25.0.jar:5.25.0]
	at com.rabbitmq.client.impl.AMQChannel.handleCompleteInboundCommand(AMQChannel.java:193) ~[amqp-client-5.25.0.jar:5.25.0]
	at com.rabbitmq.client.impl.AMQChannel.handleFrame(AMQChannel.java:125) ~[amqp-client-5.25.0.jar:5.25.0]
	at com.rabbitmq.client.impl.AMQConnection.readFrame(AMQConnection.java:761) ~[amqp-client-5.25.0.jar:5.25.0]
	at com.rabbitmq.client.impl.AMQConnection.access$400(AMQConnection.java:48) ~[amqp-client-5.25.0.jar:5.25.0]
	at com.rabbitmq.client.impl.AMQConnection$MainLoop.run(AMQConnection.java:688) ~[amqp-client-5.25.0.jar:5.25.0]
	... 1 common frames omitted

2025-11-24T22:36:20.524+05:30  WARN 74399 --- [order-service] [springCloudBus.anonymous.8N74X9lwRiehREOImpPZrg-25] [                                                 ] o.s.a.r.listener.BlockingQueueConsumer   : Failed to declare queue: springCloudBus.anonymous.8N74X9lwRiehREOImpPZrg
2025-11-24T22:36:20.526+05:30  WARN 74399 --- [order-service] [springCloudBus.anonymous.8N74X9lwRiehREOImpPZrg-25] [                                                 ] o.s.a.r.listener.BlockingQueueConsumer   : Queue declaration failed; retries left=2

org.springframework.amqp.rabbit.listener.BlockingQueueConsumer$DeclarationException: Failed to declare queue(s):[springCloudBus.anonymous.8N74X9lwRiehREOImpPZrg]
	at org.springframework.amqp.rabbit.listener.BlockingQueueConsumer.attemptPassiveDeclarations(BlockingQueueConsumer.java:772) ~[spring-rabbit-3.2.8.jar:3.2.8]
	at org.springframework.amqp.rabbit.listener.BlockingQueueConsumer.passiveDeclarations(BlockingQueueConsumer.java:649) ~[spring-rabbit-3.2.8.jar:3.2.8]
	at org.springframework.amqp.rabbit.listener.BlockingQueueConsumer.start(BlockingQueueConsumer.java:636) ~[spring-rabbit-3.2.8.jar:3.2.8]
	at org.springframework.amqp.rabbit.listener.SimpleMessageListenerContainer$AsyncMessageProcessingConsumer.initialize(SimpleMessageListenerContainer.java:1490) ~[spring-rabbit-3.2.8.jar:3.2.8]
	at org.springframework.amqp.rabbit.listener.SimpleMessageListenerContainer$AsyncMessageProcessingConsumer.run(SimpleMessageListenerContainer.java:1328) ~[spring-rabbit-3.2.8.jar:3.2.8]
	at java.base/java.lang.Thread.run(Thread.java:1570) ~[na:na]
Caused by: java.io.IOException: null
	at com.rabbitmq.client.impl.AMQChannel.wrap(AMQChannel.java:140) ~[amqp-client-5.25.0.jar:5.25.0]
	at com.rabbitmq.client.impl.AMQChannel.wrap(AMQChannel.java:136) ~[amqp-client-5.25.0.jar:5.25.0]
	at com.rabbitmq.client.impl.AMQChannel.exnWrappingRpc(AMQChannel.java:158) ~[amqp-client-5.25.0.jar:5.25.0]
	at com.rabbitmq.client.impl.ChannelN.queueDeclarePassive(ChannelN.java:1033) ~[amqp-client-5.25.0.jar:5.25.0]
	at com.rabbitmq.client.impl.ChannelN.queueDeclarePassive(ChannelN.java:47) ~[amqp-client-5.25.0.jar:5.25.0]
	at java.base/jdk.internal.reflect.DirectMethodHandleAccessor.invoke(DirectMethodHandleAccessor.java:103) ~[na:na]
	at java.base/java.lang.reflect.Method.invoke(Method.java:580) ~[na:na]
	at org.springframework.amqp.rabbit.connection.CachingConnectionFactory$CachedChannelInvocationHandler.invoke(CachingConnectionFactory.java:1201) ~[spring-rabbit-3.2.8.jar:3.2.8]
	at jdk.proxy2/jdk.proxy2.$Proxy230.queueDeclarePassive(Unknown Source) ~[na:na]
	at org.springframework.amqp.rabbit.listener.BlockingQueueConsumer.attemptPassiveDeclarations(BlockingQueueConsumer.java:750) ~[spring-rabbit-3.2.8.jar:3.2.8]
	... 5 common frames omitted
Caused by: com.rabbitmq.client.ShutdownSignalException: channel error; protocol method: #method<channel.close>(reply-code=404, reply-text=NOT_FOUND - no queue 'springCloudBus.anonymous.8N74X9lwRiehREOImpPZrg' in vhost 'dwtkuyzt', class-id=50, method-id=10)
	at com.rabbitmq.utility.ValueOrException.getValue(ValueOrException.java:66) ~[amqp-client-5.25.0.jar:5.25.0]
	at com.rabbitmq.utility.BlockingValueOrException.uninterruptibleGetValue(BlockingValueOrException.java:36) ~[amqp-client-5.25.0.jar:5.25.0]
	at com.rabbitmq.client.impl.AMQChannel$BlockingRpcContinuation.getReply(AMQChannel.java:552) ~[amqp-client-5.25.0.jar:5.25.0]
	at com.rabbitmq.client.impl.AMQChannel.privateRpc(AMQChannel.java:316) ~[amqp-client-5.25.0.jar:5.25.0]
	at com.rabbitmq.client.impl.AMQChannel.exnWrappingRpc(AMQChannel.java:152) ~[amqp-client-5.25.0.jar:5.25.0]
	... 12 common frames omitted
Caused by: com.rabbitmq.client.ShutdownSignalException: channel error; protocol method: #method<channel.close>(reply-code=404, reply-text=NOT_FOUND - no queue 'springCloudBus.anonymous.8N74X9lwRiehREOImpPZrg' in vhost 'dwtkuyzt', class-id=50, method-id=10)
	at com.rabbitmq.client.impl.ChannelN.asyncShutdown(ChannelN.java:528) ~[amqp-client-5.25.0.jar:5.25.0]
	at com.rabbitmq.client.impl.ChannelN.processAsync(ChannelN.java:349) ~[amqp-client-5.25.0.jar:5.25.0]
	at com.rabbitmq.client.impl.AMQChannel.handleCompleteInboundCommand(AMQChannel.java:193) ~[amqp-client-5.25.0.jar:5.25.0]
	at com.rabbitmq.client.impl.AMQChannel.handleFrame(AMQChannel.java:125) ~[amqp-client-5.25.0.jar:5.25.0]
	at com.rabbitmq.client.impl.AMQConnection.readFrame(AMQConnection.java:761) ~[amqp-client-5.25.0.jar:5.25.0]
	at com.rabbitmq.client.impl.AMQConnection.access$400(AMQConnection.java:48) ~[amqp-client-5.25.0.jar:5.25.0]
	at com.rabbitmq.client.impl.AMQConnection$MainLoop.run(AMQConnection.java:688) ~[amqp-client-5.25.0.jar:5.25.0]
	... 1 common frames omitted

2025-11-24T22:36:26.063+05:30  WARN 74399 --- [order-service] [springCloudBus.anonymous.8N74X9lwRiehREOImpPZrg-25] [                                                 ] o.s.a.r.listener.BlockingQueueConsumer   : Failed to declare queue: springCloudBus.anonymous.8N74X9lwRiehREOImpPZrg
2025-11-24T22:36:26.063+05:30  WARN 74399 --- [order-service] [springCloudBus.anonymous.8N74X9lwRiehREOImpPZrg-25] [                                                 ] o.s.a.r.listener.BlockingQueueConsumer   : Queue declaration failed; retries left=1

org.springframework.amqp.rabbit.listener.BlockingQueueConsumer$DeclarationException: Failed to declare queue(s):[springCloudBus.anonymous.8N74X9lwRiehREOImpPZrg]
	at org.springframework.amqp.rabbit.listener.BlockingQueueConsumer.attemptPassiveDeclarations(BlockingQueueConsumer.java:772) ~[spring-rabbit-3.2.8.jar:3.2.8]
	at org.springframework.amqp.rabbit.listener.BlockingQueueConsumer.passiveDeclarations(BlockingQueueConsumer.java:649) ~[spring-rabbit-3.2.8.jar:3.2.8]
	at org.springframework.amqp.rabbit.listener.BlockingQueueConsumer.start(BlockingQueueConsumer.java:636) ~[spring-rabbit-3.2.8.jar:3.2.8]
	at org.springframework.amqp.rabbit.listener.SimpleMessageListenerContainer$AsyncMessageProcessingConsumer.initialize(SimpleMessageListenerContainer.java:1490) ~[spring-rabbit-3.2.8.jar:3.2.8]
	at org.springframework.amqp.rabbit.listener.SimpleMessageListenerContainer$AsyncMessageProcessingConsumer.run(SimpleMessageListenerContainer.java:1328) ~[spring-rabbit-3.2.8.jar:3.2.8]
	at java.base/java.lang.Thread.run(Thread.java:1570) ~[na:na]
Caused by: java.io.IOException: null
	at com.rabbitmq.client.impl.AMQChannel.wrap(AMQChannel.java:140) ~[amqp-client-5.25.0.jar:5.25.0]
	at com.rabbitmq.client.impl.AMQChannel.wrap(AMQChannel.java:136) ~[amqp-client-5.25.0.jar:5.25.0]
	at com.rabbitmq.client.impl.AMQChannel.exnWrappingRpc(AMQChannel.java:158) ~[amqp-client-5.25.0.jar:5.25.0]
	at com.rabbitmq.client.impl.ChannelN.queueDeclarePassive(ChannelN.java:1033) ~[amqp-client-5.25.0.jar:5.25.0]
	at com.rabbitmq.client.impl.ChannelN.queueDeclarePassive(ChannelN.java:47) ~[amqp-client-5.25.0.jar:5.25.0]
	at java.base/jdk.internal.reflect.DirectMethodHandleAccessor.invoke(DirectMethodHandleAccessor.java:103) ~[na:na]
	at java.base/java.lang.reflect.Method.invoke(Method.java:580) ~[na:na]
	at org.springframework.amqp.rabbit.connection.CachingConnectionFactory$CachedChannelInvocationHandler.invoke(CachingConnectionFactory.java:1201) ~[spring-rabbit-3.2.8.jar:3.2.8]
	at jdk.proxy2/jdk.proxy2.$Proxy230.queueDeclarePassive(Unknown Source) ~[na:na]
	at org.springframework.amqp.rabbit.listener.BlockingQueueConsumer.attemptPassiveDeclarations(BlockingQueueConsumer.java:750) ~[spring-rabbit-3.2.8.jar:3.2.8]
	... 5 common frames omitted
Caused by: com.rabbitmq.client.ShutdownSignalException: channel error; protocol method: #method<channel.close>(reply-code=404, reply-text=NOT_FOUND - no queue 'springCloudBus.anonymous.8N74X9lwRiehREOImpPZrg' in vhost 'dwtkuyzt', class-id=50, method-id=10)
	at com.rabbitmq.utility.ValueOrException.getValue(ValueOrException.java:66) ~[amqp-client-5.25.0.jar:5.25.0]
	at com.rabbitmq.utility.BlockingValueOrException.uninterruptibleGetValue(BlockingValueOrException.java:36) ~[amqp-client-5.25.0.jar:5.25.0]
	at com.rabbitmq.client.impl.AMQChannel$BlockingRpcContinuation.getReply(AMQChannel.java:552) ~[amqp-client-5.25.0.jar:5.25.0]
	at com.rabbitmq.client.impl.AMQChannel.privateRpc(AMQChannel.java:316) ~[amqp-client-5.25.0.jar:5.25.0]
	at com.rabbitmq.client.impl.AMQChannel.exnWrappingRpc(AMQChannel.java:152) ~[amqp-client-5.25.0.jar:5.25.0]
	... 12 common frames omitted
Caused by: com.rabbitmq.client.ShutdownSignalException: channel error; protocol method: #method<channel.close>(reply-code=404, reply-text=NOT_FOUND - no queue 'springCloudBus.anonymous.8N74X9lwRiehREOImpPZrg' in vhost 'dwtkuyzt', class-id=50, method-id=10)
	at com.rabbitmq.client.impl.ChannelN.asyncShutdown(ChannelN.java:528) ~[amqp-client-5.25.0.jar:5.25.0]
	at com.rabbitmq.client.impl.ChannelN.processAsync(ChannelN.java:349) ~[amqp-client-5.25.0.jar:5.25.0]
	at com.rabbitmq.client.impl.AMQChannel.handleCompleteInboundCommand(AMQChannel.java:193) ~[amqp-client-5.25.0.jar:5.25.0]
	at com.rabbitmq.client.impl.AMQChannel.handleFrame(AMQChannel.java:125) ~[amqp-client-5.25.0.jar:5.25.0]
	at com.rabbitmq.client.impl.AMQConnection.readFrame(AMQConnection.java:761) ~[amqp-client-5.25.0.jar:5.25.0]
	at com.rabbitmq.client.impl.AMQConnection.access$400(AMQConnection.java:48) ~[amqp-client-5.25.0.jar:5.25.0]
	at com.rabbitmq.client.impl.AMQConnection$MainLoop.run(AMQConnection.java:688) ~[amqp-client-5.25.0.jar:5.25.0]
	... 1 common frames omitted

2025-11-24T22:36:31.641+05:30  WARN 74399 --- [order-service] [springCloudBus.anonymous.8N74X9lwRiehREOImpPZrg-25] [                                                 ] o.s.a.r.listener.BlockingQueueConsumer   : Failed to declare queue: springCloudBus.anonymous.8N74X9lwRiehREOImpPZrg
2025-11-24T22:36:36.716+05:30 ERROR 74399 --- [order-service] [springCloudBus.anonymous.8N74X9lwRiehREOImpPZrg-25] [                                                 ] o.s.a.r.l.SimpleMessageListenerContainer : Consumer threw missing queues exception, fatal=false

org.springframework.amqp.rabbit.listener.QueuesNotAvailableException: Cannot prepare queue for listener. Either the queue doesn't exist or the broker will not allow us to use it.
	at org.springframework.amqp.rabbit.listener.BlockingQueueConsumer.handleDeclarationException(BlockingQueueConsumer.java:722) ~[spring-rabbit-3.2.8.jar:3.2.8]
	at org.springframework.amqp.rabbit.listener.BlockingQueueConsumer.passiveDeclarations(BlockingQueueConsumer.java:656) ~[spring-rabbit-3.2.8.jar:3.2.8]
	at org.springframework.amqp.rabbit.listener.BlockingQueueConsumer.start(BlockingQueueConsumer.java:636) ~[spring-rabbit-3.2.8.jar:3.2.8]
	at org.springframework.amqp.rabbit.listener.SimpleMessageListenerContainer$AsyncMessageProcessingConsumer.initialize(SimpleMessageListenerContainer.java:1490) ~[spring-rabbit-3.2.8.jar:3.2.8]
	at org.springframework.amqp.rabbit.listener.SimpleMessageListenerContainer$AsyncMessageProcessingConsumer.run(SimpleMessageListenerContainer.java:1328) ~[spring-rabbit-3.2.8.jar:3.2.8]
	at java.base/java.lang.Thread.run(Thread.java:1570) ~[na:na]
Caused by: org.springframework.amqp.rabbit.listener.BlockingQueueConsumer$DeclarationException: Failed to declare queue(s):[springCloudBus.anonymous.8N74X9lwRiehREOImpPZrg]
	at org.springframework.amqp.rabbit.listener.BlockingQueueConsumer.attemptPassiveDeclarations(BlockingQueueConsumer.java:772) ~[spring-rabbit-3.2.8.jar:3.2.8]
	at org.springframework.amqp.rabbit.listener.BlockingQueueConsumer.passiveDeclarations(BlockingQueueConsumer.java:649) ~[spring-rabbit-3.2.8.jar:3.2.8]
	... 4 common frames omitted
Caused by: java.io.IOException: null
	at com.rabbitmq.client.impl.AMQChannel.wrap(AMQChannel.java:140) ~[amqp-client-5.25.0.jar:5.25.0]
	at com.rabbitmq.client.impl.AMQChannel.wrap(AMQChannel.java:136) ~[amqp-client-5.25.0.jar:5.25.0]
	at com.rabbitmq.client.impl.AMQChannel.exnWrappingRpc(AMQChannel.java:158) ~[amqp-client-5.25.0.jar:5.25.0]
	at com.rabbitmq.client.impl.ChannelN.queueDeclarePassive(ChannelN.java:1033) ~[amqp-client-5.25.0.jar:5.25.0]
	at com.rabbitmq.client.impl.ChannelN.queueDeclarePassive(ChannelN.java:47) ~[amqp-client-5.25.0.jar:5.25.0]
	at java.base/jdk.internal.reflect.DirectMethodHandleAccessor.invoke(DirectMethodHandleAccessor.java:103) ~[na:na]
	at java.base/java.lang.reflect.Method.invoke(Method.java:580) ~[na:na]
	at org.springframework.amqp.rabbit.connection.CachingConnectionFactory$CachedChannelInvocationHandler.invoke(CachingConnectionFactory.java:1201) ~[spring-rabbit-3.2.8.jar:3.2.8]
	at jdk.proxy2/jdk.proxy2.$Proxy230.queueDeclarePassive(Unknown Source) ~[na:na]
	at org.springframework.amqp.rabbit.listener.BlockingQueueConsumer.attemptPassiveDeclarations(BlockingQueueConsumer.java:750) ~[spring-rabbit-3.2.8.jar:3.2.8]
	... 5 common frames omitted
Caused by: com.rabbitmq.client.ShutdownSignalException: channel error; protocol method: #method<channel.close>(reply-code=404, reply-text=NOT_FOUND - no queue 'springCloudBus.anonymous.8N74X9lwRiehREOImpPZrg' in vhost 'dwtkuyzt', class-id=50, method-id=10)
	at com.rabbitmq.utility.ValueOrException.getValue(ValueOrException.java:66) ~[amqp-client-5.25.0.jar:5.25.0]
	at com.rabbitmq.utility.BlockingValueOrException.uninterruptibleGetValue(BlockingValueOrException.java:36) ~[amqp-client-5.25.0.jar:5.25.0]
	at com.rabbitmq.client.impl.AMQChannel$BlockingRpcContinuation.getReply(AMQChannel.java:552) ~[amqp-client-5.25.0.jar:5.25.0]
	at com.rabbitmq.client.impl.AMQChannel.privateRpc(AMQChannel.java:316) ~[amqp-client-5.25.0.jar:5.25.0]
	at com.rabbitmq.client.impl.AMQChannel.exnWrappingRpc(AMQChannel.java:152) ~[amqp-client-5.25.0.jar:5.25.0]
	... 12 common frames omitted
Caused by: com.rabbitmq.client.ShutdownSignalException: channel error; protocol method: #method<channel.close>(reply-code=404, reply-text=NOT_FOUND - no queue 'springCloudBus.anonymous.8N74X9lwRiehREOImpPZrg' in vhost 'dwtkuyzt', class-id=50, method-id=10)
	at com.rabbitmq.client.impl.ChannelN.asyncShutdown(ChannelN.java:528) ~[amqp-client-5.25.0.jar:5.25.0]
	at com.rabbitmq.client.impl.ChannelN.processAsync(ChannelN.java:349) ~[amqp-client-5.25.0.jar:5.25.0]
	at com.rabbitmq.client.impl.AMQChannel.handleCompleteInboundCommand(AMQChannel.java:193) ~[amqp-client-5.25.0.jar:5.25.0]
	at com.rabbitmq.client.impl.AMQChannel.handleFrame(AMQChannel.java:125) ~[amqp-client-5.25.0.jar:5.25.0]
	at com.rabbitmq.client.impl.AMQConnection.readFrame(AMQConnection.java:761) ~[amqp-client-5.25.0.jar:5.25.0]
	at com.rabbitmq.client.impl.AMQConnection.access$400(AMQConnection.java:48) ~[amqp-client-5.25.0.jar:5.25.0]
	at com.rabbitmq.client.impl.AMQConnection$MainLoop.run(AMQConnection.java:688) ~[amqp-client-5.25.0.jar:5.25.0]
	... 1 common frames omitted

2025-11-24T22:36:36.720+05:30  INFO 74399 --- [order-service] [springCloudBus.anonymous.8N74X9lwRiehREOImpPZrg-25] [                                                 ] o.s.a.r.l.SimpleMessageListenerContainer : Restarting Consumer@170d5300: tags=[[]], channel=Cached Rabbit Channel: AMQChannel(amqp://dwtkuyzt@35.153.225.39:5672/dwtkuyzt,1), conn: Proxy@63e64174 Shared Rabbit Connection: SimpleConnection@718c61c0 [delegate=amqp://dwtkuyzt@35.153.225.39:5672/dwtkuyzt, localPort=61556], acknowledgeMode=AUTO local queue size=0
2025-11-24T22:36:37.810+05:30  WARN 74399 --- [order-service] [springCloudBus.anonymous.8N74X9lwRiehREOImpPZrg-26] [                                                 ] o.s.a.r.listener.BlockingQueueConsumer   : Failed to declare queue: springCloudBus.anonymous.8N74X9lwRiehREOImpPZrg
2025-11-24T22:36:37.811+05:30  WARN 74399 --- [order-service] [springCloudBus.anonymous.8N74X9lwRiehREOImpPZrg-26] [                                                 ] o.s.a.r.listener.BlockingQueueConsumer   : Queue declaration failed; retries left=3

org.springframework.amqp.rabbit.listener.BlockingQueueConsumer$DeclarationException: Failed to declare queue(s):[springCloudBus.anonymous.8N74X9lwRiehREOImpPZrg]
	at org.springframework.amqp.rabbit.listener.BlockingQueueConsumer.attemptPassiveDeclarations(BlockingQueueConsumer.java:772) ~[spring-rabbit-3.2.8.jar:3.2.8]
	at org.springframework.amqp.rabbit.listener.BlockingQueueConsumer.passiveDeclarations(BlockingQueueConsumer.java:649) ~[spring-rabbit-3.2.8.jar:3.2.8]
	at org.springframework.amqp.rabbit.listener.BlockingQueueConsumer.start(BlockingQueueConsumer.java:636) ~[spring-rabbit-3.2.8.jar:3.2.8]
	at org.springframework.amqp.rabbit.listener.SimpleMessageListenerContainer$AsyncMessageProcessingConsumer.initialize(SimpleMessageListenerContainer.java:1490) ~[spring-rabbit-3.2.8.jar:3.2.8]
	at org.springframework.amqp.rabbit.listener.SimpleMessageListenerContainer$AsyncMessageProcessingConsumer.run(SimpleMessageListenerContainer.java:1328) ~[spring-rabbit-3.2.8.jar:3.2.8]
	at java.base/java.lang.Thread.run(Thread.java:1570) ~[na:na]
Caused by: java.io.IOException: null
	at com.rabbitmq.client.impl.AMQChannel.wrap(AMQChannel.java:140) ~[amqp-client-5.25.0.jar:5.25.0]
	at com.rabbitmq.client.impl.AMQChannel.wrap(AMQChannel.java:136) ~[amqp-client-5.25.0.jar:5.25.0]
	at com.rabbitmq.client.impl.AMQChannel.exnWrappingRpc(AMQChannel.java:158) ~[amqp-client-5.25.0.jar:5.25.0]
	at com.rabbitmq.client.impl.ChannelN.queueDeclarePassive(ChannelN.java:1033) ~[amqp-client-5.25.0.jar:5.25.0]
	at com.rabbitmq.client.impl.ChannelN.queueDeclarePassive(ChannelN.java:47) ~[amqp-client-5.25.0.jar:5.25.0]
	at java.base/jdk.internal.reflect.DirectMethodHandleAccessor.invoke(DirectMethodHandleAccessor.java:103) ~[na:na]
	at java.base/java.lang.reflect.Method.invoke(Method.java:580) ~[na:na]
	at org.springframework.amqp.rabbit.connection.CachingConnectionFactory$CachedChannelInvocationHandler.invoke(CachingConnectionFactory.java:1201) ~[spring-rabbit-3.2.8.jar:3.2.8]
	at jdk.proxy2/jdk.proxy2.$Proxy230.queueDeclarePassive(Unknown Source) ~[na:na]
	at org.springframework.amqp.rabbit.listener.BlockingQueueConsumer.attemptPassiveDeclarations(BlockingQueueConsumer.java:750) ~[spring-rabbit-3.2.8.jar:3.2.8]
	... 5 common frames omitted
Caused by: com.rabbitmq.client.ShutdownSignalException: channel error; protocol method: #method<channel.close>(reply-code=404, reply-text=NOT_FOUND - no queue 'springCloudBus.anonymous.8N74X9lwRiehREOImpPZrg' in vhost 'dwtkuyzt', class-id=50, method-id=10)
	at com.rabbitmq.utility.ValueOrException.getValue(ValueOrException.java:66) ~[amqp-client-5.25.0.jar:5.25.0]
	at com.rabbitmq.utility.BlockingValueOrException.uninterruptibleGetValue(BlockingValueOrException.java:36) ~[amqp-client-5.25.0.jar:5.25.0]
	at com.rabbitmq.client.impl.AMQChannel$BlockingRpcContinuation.getReply(AMQChannel.java:552) ~[amqp-client-5.25.0.jar:5.25.0]
	at com.rabbitmq.client.impl.AMQChannel.privateRpc(AMQChannel.java:316) ~[amqp-client-5.25.0.jar:5.25.0]
	at com.rabbitmq.client.impl.AMQChannel.exnWrappingRpc(AMQChannel.java:152) ~[amqp-client-5.25.0.jar:5.25.0]
	... 12 common frames omitted
Caused by: com.rabbitmq.client.ShutdownSignalException: channel error; protocol method: #method<channel.close>(reply-code=404, reply-text=NOT_FOUND - no queue 'springCloudBus.anonymous.8N74X9lwRiehREOImpPZrg' in vhost 'dwtkuyzt', class-id=50, method-id=10)
	at com.rabbitmq.client.impl.ChannelN.asyncShutdown(ChannelN.java:528) ~[amqp-client-5.25.0.jar:5.25.0]
	at com.rabbitmq.client.impl.ChannelN.processAsync(ChannelN.java:349) ~[amqp-client-5.25.0.jar:5.25.0]
	at com.rabbitmq.client.impl.AMQChannel.handleCompleteInboundCommand(AMQChannel.java:193) ~[amqp-client-5.25.0.jar:5.25.0]
	at com.rabbitmq.client.impl.AMQChannel.handleFrame(AMQChannel.java:125) ~[amqp-client-5.25.0.jar:5.25.0]
	at com.rabbitmq.client.impl.AMQConnection.readFrame(AMQConnection.java:761) ~[amqp-client-5.25.0.jar:5.25.0]
	at com.rabbitmq.client.impl.AMQConnection.access$400(AMQConnection.java:48) ~[amqp-client-5.25.0.jar:5.25.0]
	at com.rabbitmq.client.impl.AMQConnection$MainLoop.run(AMQConnection.java:688) ~[amqp-client-5.25.0.jar:5.25.0]
	... 1 common frames omitted

2025-11-24T22:36:43.348+05:30  WARN 74399 --- [order-service] [springCloudBus.anonymous.8N74X9lwRiehREOImpPZrg-26] [                                                 ] o.s.a.r.listener.BlockingQueueConsumer   : Failed to declare queue: springCloudBus.anonymous.8N74X9lwRiehREOImpPZrg
2025-11-24T22:36:43.349+05:30  WARN 74399 --- [order-service] [springCloudBus.anonymous.8N74X9lwRiehREOImpPZrg-26] [                                                 ] o.s.a.r.listener.BlockingQueueConsumer   : Queue declaration failed; retries left=2

org.springframework.amqp.rabbit.listener.BlockingQueueConsumer$DeclarationException: Failed to declare queue(s):[springCloudBus.anonymous.8N74X9lwRiehREOImpPZrg]
	at org.springframework.amqp.rabbit.listener.BlockingQueueConsumer.attemptPassiveDeclarations(BlockingQueueConsumer.java:772) ~[spring-rabbit-3.2.8.jar:3.2.8]
	at org.springframework.amqp.rabbit.listener.BlockingQueueConsumer.passiveDeclarations(BlockingQueueConsumer.java:649) ~[spring-rabbit-3.2.8.jar:3.2.8]
	at org.springframework.amqp.rabbit.listener.BlockingQueueConsumer.start(BlockingQueueConsumer.java:636) ~[spring-rabbit-3.2.8.jar:3.2.8]
	at org.springframework.amqp.rabbit.listener.SimpleMessageListenerContainer$AsyncMessageProcessingConsumer.initialize(SimpleMessageListenerContainer.java:1490) ~[spring-rabbit-3.2.8.jar:3.2.8]
	at org.springframework.amqp.rabbit.listener.SimpleMessageListenerContainer$AsyncMessageProcessingConsumer.run(SimpleMessageListenerContainer.java:1328) ~[spring-rabbit-3.2.8.jar:3.2.8]
	at java.base/java.lang.Thread.run(Thread.java:1570) ~[na:na]
Caused by: java.io.IOException: null
	at com.rabbitmq.client.impl.AMQChannel.wrap(AMQChannel.java:140) ~[amqp-client-5.25.0.jar:5.25.0]
	at com.rabbitmq.client.impl.AMQChannel.wrap(AMQChannel.java:136) ~[amqp-client-5.25.0.jar:5.25.0]
	at com.rabbitmq.client.impl.AMQChannel.exnWrappingRpc(AMQChannel.java:158) ~[amqp-client-5.25.0.jar:5.25.0]
	at com.rabbitmq.client.impl.ChannelN.queueDeclarePassive(ChannelN.java:1033) ~[amqp-client-5.25.0.jar:5.25.0]
	at com.rabbitmq.client.impl.ChannelN.queueDeclarePassive(ChannelN.java:47) ~[amqp-client-5.25.0.jar:5.25.0]
	at java.base/jdk.internal.reflect.DirectMethodHandleAccessor.invoke(DirectMethodHandleAccessor.java:103) ~[na:na]
	at java.base/java.lang.reflect.Method.invoke(Method.java:580) ~[na:na]
	at org.springframework.amqp.rabbit.connection.CachingConnectionFactory$CachedChannelInvocationHandler.invoke(CachingConnectionFactory.java:1201) ~[spring-rabbit-3.2.8.jar:3.2.8]
	at jdk.proxy2/jdk.proxy2.$Proxy230.queueDeclarePassive(Unknown Source) ~[na:na]
	at org.springframework.amqp.rabbit.listener.BlockingQueueConsumer.attemptPassiveDeclarations(BlockingQueueConsumer.java:750) ~[spring-rabbit-3.2.8.jar:3.2.8]
	... 5 common frames omitted
Caused by: com.rabbitmq.client.ShutdownSignalException: channel error; protocol method: #method<channel.close>(reply-code=404, reply-text=NOT_FOUND - no queue 'springCloudBus.anonymous.8N74X9lwRiehREOImpPZrg' in vhost 'dwtkuyzt', class-id=50, method-id=10)
	at com.rabbitmq.utility.ValueOrException.getValue(ValueOrException.java:66) ~[amqp-client-5.25.0.jar:5.25.0]
	at com.rabbitmq.utility.BlockingValueOrException.uninterruptibleGetValue(BlockingValueOrException.java:36) ~[amqp-client-5.25.0.jar:5.25.0]
	at com.rabbitmq.client.impl.AMQChannel$BlockingRpcContinuation.getReply(AMQChannel.java:552) ~[amqp-client-5.25.0.jar:5.25.0]
	at com.rabbitmq.client.impl.AMQChannel.privateRpc(AMQChannel.java:316) ~[amqp-client-5.25.0.jar:5.25.0]
	at com.rabbitmq.client.impl.AMQChannel.exnWrappingRpc(AMQChannel.java:152) ~[amqp-client-5.25.0.jar:5.25.0]
	... 12 common frames omitted
Caused by: com.rabbitmq.client.ShutdownSignalException: channel error; protocol method: #method<channel.close>(reply-code=404, reply-text=NOT_FOUND - no queue 'springCloudBus.anonymous.8N74X9lwRiehREOImpPZrg' in vhost 'dwtkuyzt', class-id=50, method-id=10)
	at com.rabbitmq.client.impl.ChannelN.asyncShutdown(ChannelN.java:528) ~[amqp-client-5.25.0.jar:5.25.0]
	at com.rabbitmq.client.impl.ChannelN.processAsync(ChannelN.java:349) ~[amqp-client-5.25.0.jar:5.25.0]
	at com.rabbitmq.client.impl.AMQChannel.handleCompleteInboundCommand(AMQChannel.java:193) ~[amqp-client-5.25.0.jar:5.25.0]
	at com.rabbitmq.client.impl.AMQChannel.handleFrame(AMQChannel.java:125) ~[amqp-client-5.25.0.jar:5.25.0]
	at com.rabbitmq.client.impl.AMQConnection.readFrame(AMQConnection.java:761) ~[amqp-client-5.25.0.jar:5.25.0]
	at com.rabbitmq.client.impl.AMQConnection.access$400(AMQConnection.java:48) ~[amqp-client-5.25.0.jar:5.25.0]
	at com.rabbitmq.client.impl.AMQConnection$MainLoop.run(AMQConnection.java:688) ~[amqp-client-5.25.0.jar:5.25.0]
	... 1 common frames omitted

2025-11-24T22:36:48.887+05:30  WARN 74399 --- [order-service] [springCloudBus.anonymous.8N74X9lwRiehREOImpPZrg-26] [                                                 ] o.s.a.r.listener.BlockingQueueConsumer   : Failed to declare queue: springCloudBus.anonymous.8N74X9lwRiehREOImpPZrg
2025-11-24T22:36:48.888+05:30  WARN 74399 --- [order-service] [springCloudBus.anonymous.8N74X9lwRiehREOImpPZrg-26] [                                                 ] o.s.a.r.listener.BlockingQueueConsumer   : Queue declaration failed; retries left=1

org.springframework.amqp.rabbit.listener.BlockingQueueConsumer$DeclarationException: Failed to declare queue(s):[springCloudBus.anonymous.8N74X9lwRiehREOImpPZrg]
	at org.springframework.amqp.rabbit.listener.BlockingQueueConsumer.attemptPassiveDeclarations(BlockingQueueConsumer.java:772) ~[spring-rabbit-3.2.8.jar:3.2.8]
	at org.springframework.amqp.rabbit.listener.BlockingQueueConsumer.passiveDeclarations(BlockingQueueConsumer.java:649) ~[spring-rabbit-3.2.8.jar:3.2.8]
	at org.springframework.amqp.rabbit.listener.BlockingQueueConsumer.start(BlockingQueueConsumer.java:636) ~[spring-rabbit-3.2.8.jar:3.2.8]
	at org.springframework.amqp.rabbit.listener.SimpleMessageListenerContainer$AsyncMessageProcessingConsumer.initialize(SimpleMessageListenerContainer.java:1490) ~[spring-rabbit-3.2.8.jar:3.2.8]
	at org.springframework.amqp.rabbit.listener.SimpleMessageListenerContainer$AsyncMessageProcessingConsumer.run(SimpleMessageListenerContainer.java:1328) ~[spring-rabbit-3.2.8.jar:3.2.8]
	at java.base/java.lang.Thread.run(Thread.java:1570) ~[na:na]
Caused by: java.io.IOException: null
	at com.rabbitmq.client.impl.AMQChannel.wrap(AMQChannel.java:140) ~[amqp-client-5.25.0.jar:5.25.0]
	at com.rabbitmq.client.impl.AMQChannel.wrap(AMQChannel.java:136) ~[amqp-client-5.25.0.jar:5.25.0]
	at com.rabbitmq.client.impl.AMQChannel.exnWrappingRpc(AMQChannel.java:158) ~[amqp-client-5.25.0.jar:5.25.0]
	at com.rabbitmq.client.impl.ChannelN.queueDeclarePassive(ChannelN.java:1033) ~[amqp-client-5.25.0.jar:5.25.0]
	at com.rabbitmq.client.impl.ChannelN.queueDeclarePassive(ChannelN.java:47) ~[amqp-client-5.25.0.jar:5.25.0]
	at java.base/jdk.internal.reflect.DirectMethodHandleAccessor.invoke(DirectMethodHandleAccessor.java:103) ~[na:na]
	at java.base/java.lang.reflect.Method.invoke(Method.java:580) ~[na:na]
	at org.springframework.amqp.rabbit.connection.CachingConnectionFactory$CachedChannelInvocationHandler.invoke(CachingConnectionFactory.java:1201) ~[spring-rabbit-3.2.8.jar:3.2.8]
	at jdk.proxy2/jdk.proxy2.$Proxy230.queueDeclarePassive(Unknown Source) ~[na:na]
	at org.springframework.amqp.rabbit.listener.BlockingQueueConsumer.attemptPassiveDeclarations(BlockingQueueConsumer.java:750) ~[spring-rabbit-3.2.8.jar:3.2.8]
	... 5 common frames omitted
Caused by: com.rabbitmq.client.ShutdownSignalException: channel error; protocol method: #method<channel.close>(reply-code=404, reply-text=NOT_FOUND - no queue 'springCloudBus.anonymous.8N74X9lwRiehREOImpPZrg' in vhost 'dwtkuyzt', class-id=50, method-id=10)
	at com.rabbitmq.utility.ValueOrException.getValue(ValueOrException.java:66) ~[amqp-client-5.25.0.jar:5.25.0]
	at com.rabbitmq.utility.BlockingValueOrException.uninterruptibleGetValue(BlockingValueOrException.java:36) ~[amqp-client-5.25.0.jar:5.25.0]
	at com.rabbitmq.client.impl.AMQChannel$BlockingRpcContinuation.getReply(AMQChannel.java:552) ~[amqp-client-5.25.0.jar:5.25.0]
	at com.rabbitmq.client.impl.AMQChannel.privateRpc(AMQChannel.java:316) ~[amqp-client-5.25.0.jar:5.25.0]
	at com.rabbitmq.client.impl.AMQChannel.exnWrappingRpc(AMQChannel.java:152) ~[amqp-client-5.25.0.jar:5.25.0]
	... 12 common frames omitted
Caused by: com.rabbitmq.client.ShutdownSignalException: channel error; protocol method: #method<channel.close>(reply-code=404, reply-text=NOT_FOUND - no queue 'springCloudBus.anonymous.8N74X9lwRiehREOImpPZrg' in vhost 'dwtkuyzt', class-id=50, method-id=10)
	at com.rabbitmq.client.impl.ChannelN.asyncShutdown(ChannelN.java:528) ~[amqp-client-5.25.0.jar:5.25.0]
	at com.rabbitmq.client.impl.ChannelN.processAsync(ChannelN.java:349) ~[amqp-client-5.25.0.jar:5.25.0]
	at com.rabbitmq.client.impl.AMQChannel.handleCompleteInboundCommand(AMQChannel.java:193) ~[amqp-client-5.25.0.jar:5.25.0]
	at com.rabbitmq.client.impl.AMQChannel.handleFrame(AMQChannel.java:125) ~[amqp-client-5.25.0.jar:5.25.0]
	at com.rabbitmq.client.impl.AMQConnection.readFrame(AMQConnection.java:761) ~[amqp-client-5.25.0.jar:5.25.0]
	at com.rabbitmq.client.impl.AMQConnection.access$400(AMQConnection.java:48) ~[amqp-client-5.25.0.jar:5.25.0]
	at com.rabbitmq.client.impl.AMQConnection$MainLoop.run(AMQConnection.java:688) ~[amqp-client-5.25.0.jar:5.25.0]
	... 1 common frames omitted

2025-11-24T22:36:54.476+05:30  WARN 74399 --- [order-service] [springCloudBus.anonymous.8N74X9lwRiehREOImpPZrg-26] [                                                 ] o.s.a.r.listener.BlockingQueueConsumer   : Failed to declare queue: springCloudBus.anonymous.8N74X9lwRiehREOImpPZrg
2025-11-24T22:36:59.563+05:30 ERROR 74399 --- [order-service] [springCloudBus.anonymous.8N74X9lwRiehREOImpPZrg-26] [                                                 ] o.s.a.r.l.SimpleMessageListenerContainer : Consumer threw missing queues exception, fatal=false

org.springframework.amqp.rabbit.listener.QueuesNotAvailableException: Cannot prepare queue for listener. Either the queue doesn't exist or the broker will not allow us to use it.
	at org.springframework.amqp.rabbit.listener.BlockingQueueConsumer.handleDeclarationException(BlockingQueueConsumer.java:722) ~[spring-rabbit-3.2.8.jar:3.2.8]
	at org.springframework.amqp.rabbit.listener.BlockingQueueConsumer.passiveDeclarations(BlockingQueueConsumer.java:656) ~[spring-rabbit-3.2.8.jar:3.2.8]
	at org.springframework.amqp.rabbit.listener.BlockingQueueConsumer.start(BlockingQueueConsumer.java:636) ~[spring-rabbit-3.2.8.jar:3.2.8]
	at org.springframework.amqp.rabbit.listener.SimpleMessageListenerContainer$AsyncMessageProcessingConsumer.initialize(SimpleMessageListenerContainer.java:1490) ~[spring-rabbit-3.2.8.jar:3.2.8]
	at org.springframework.amqp.rabbit.listener.SimpleMessageListenerContainer$AsyncMessageProcessingConsumer.run(SimpleMessageListenerContainer.java:1328) ~[spring-rabbit-3.2.8.jar:3.2.8]
	at java.base/java.lang.Thread.run(Thread.java:1570) ~[na:na]
Caused by: org.springframework.amqp.rabbit.listener.BlockingQueueConsumer$DeclarationException: Failed to declare queue(s):[springCloudBus.anonymous.8N74X9lwRiehREOImpPZrg]
	at org.springframework.amqp.rabbit.listener.BlockingQueueConsumer.attemptPassiveDeclarations(BlockingQueueConsumer.java:772) ~[spring-rabbit-3.2.8.jar:3.2.8]
	at org.springframework.amqp.rabbit.listener.BlockingQueueConsumer.passiveDeclarations(BlockingQueueConsumer.java:649) ~[spring-rabbit-3.2.8.jar:3.2.8]
	... 4 common frames omitted
Caused by: java.io.IOException: null
	at com.rabbitmq.client.impl.AMQChannel.wrap(AMQChannel.java:140) ~[amqp-client-5.25.0.jar:5.25.0]
	at com.rabbitmq.client.impl.AMQChannel.wrap(AMQChannel.java:136) ~[amqp-client-5.25.0.jar:5.25.0]
	at com.rabbitmq.client.impl.AMQChannel.exnWrappingRpc(AMQChannel.java:158) ~[amqp-client-5.25.0.jar:5.25.0]
	at com.rabbitmq.client.impl.ChannelN.queueDeclarePassive(ChannelN.java:1033) ~[amqp-client-5.25.0.jar:5.25.0]
	at com.rabbitmq.client.impl.ChannelN.queueDeclarePassive(ChannelN.java:47) ~[amqp-client-5.25.0.jar:5.25.0]
	at java.base/jdk.internal.reflect.DirectMethodHandleAccessor.invoke(DirectMethodHandleAccessor.java:103) ~[na:na]
	at java.base/java.lang.reflect.Method.invoke(Method.java:580) ~[na:na]
	at org.springframework.amqp.rabbit.connection.CachingConnectionFactory$CachedChannelInvocationHandler.invoke(CachingConnectionFactory.java:1201) ~[spring-rabbit-3.2.8.jar:3.2.8]
	at jdk.proxy2/jdk.proxy2.$Proxy230.queueDeclarePassive(Unknown Source) ~[na:na]
	at org.springframework.amqp.rabbit.listener.BlockingQueueConsumer.attemptPassiveDeclarations(BlockingQueueConsumer.java:750) ~[spring-rabbit-3.2.8.jar:3.2.8]
	... 5 common frames omitted
Caused by: com.rabbitmq.client.ShutdownSignalException: channel error; protocol method: #method<channel.close>(reply-code=404, reply-text=NOT_FOUND - no queue 'springCloudBus.anonymous.8N74X9lwRiehREOImpPZrg' in vhost 'dwtkuyzt', class-id=50, method-id=10)
	at com.rabbitmq.utility.ValueOrException.getValue(ValueOrException.java:66) ~[amqp-client-5.25.0.jar:5.25.0]
	at com.rabbitmq.utility.BlockingValueOrException.uninterruptibleGetValue(BlockingValueOrException.java:36) ~[amqp-client-5.25.0.jar:5.25.0]
	at com.rabbitmq.client.impl.AMQChannel$BlockingRpcContinuation.getReply(AMQChannel.java:552) ~[amqp-client-5.25.0.jar:5.25.0]
	at com.rabbitmq.client.impl.AMQChannel.privateRpc(AMQChannel.java:316) ~[amqp-client-5.25.0.jar:5.25.0]
	at com.rabbitmq.client.impl.AMQChannel.exnWrappingRpc(AMQChannel.java:152) ~[amqp-client-5.25.0.jar:5.25.0]
	... 12 common frames omitted
Caused by: com.rabbitmq.client.ShutdownSignalException: channel error; protocol method: #method<channel.close>(reply-code=404, reply-text=NOT_FOUND - no queue 'springCloudBus.anonymous.8N74X9lwRiehREOImpPZrg' in vhost 'dwtkuyzt', class-id=50, method-id=10)
	at com.rabbitmq.client.impl.ChannelN.asyncShutdown(ChannelN.java:528) ~[amqp-client-5.25.0.jar:5.25.0]
	at com.rabbitmq.client.impl.ChannelN.processAsync(ChannelN.java:349) ~[amqp-client-5.25.0.jar:5.25.0]
	at com.rabbitmq.client.impl.AMQChannel.handleCompleteInboundCommand(AMQChannel.java:193) ~[amqp-client-5.25.0.jar:5.25.0]
	at com.rabbitmq.client.impl.AMQChannel.handleFrame(AMQChannel.java:125) ~[amqp-client-5.25.0.jar:5.25.0]
	at com.rabbitmq.client.impl.AMQConnection.readFrame(AMQConnection.java:761) ~[amqp-client-5.25.0.jar:5.25.0]
	at com.rabbitmq.client.impl.AMQConnection.access$400(AMQConnection.java:48) ~[amqp-client-5.25.0.jar:5.25.0]
	at com.rabbitmq.client.impl.AMQConnection$MainLoop.run(AMQConnection.java:688) ~[amqp-client-5.25.0.jar:5.25.0]
	... 1 common frames omitted

2025-11-24T22:36:59.567+05:30  INFO 74399 --- [order-service] [springCloudBus.anonymous.8N74X9lwRiehREOImpPZrg-26] [                                                 ] o.s.a.r.l.SimpleMessageListenerContainer : Restarting Consumer@251e11fb: tags=[[]], channel=Cached Rabbit Channel: AMQChannel(amqp://dwtkuyzt@35.153.225.39:5672/dwtkuyzt,1), conn: Proxy@63e64174 Shared Rabbit Connection: SimpleConnection@718c61c0 [delegate=amqp://dwtkuyzt@35.153.225.39:5672/dwtkuyzt, localPort=61556], acknowledgeMode=AUTO local queue size=0
2025-11-24T22:37:00.681+05:30  WARN 74399 --- [order-service] [springCloudBus.anonymous.8N74X9lwRiehREOImpPZrg-27] [                                                 ] o.s.a.r.listener.BlockingQueueConsumer   : Failed to declare queue: springCloudBus.anonymous.8N74X9lwRiehREOImpPZrg
2025-11-24T22:37:00.681+05:30  WARN 74399 --- [order-service] [springCloudBus.anonymous.8N74X9lwRiehREOImpPZrg-27] [                                                 ] o.s.a.r.listener.BlockingQueueConsumer   : Queue declaration failed; retries left=3

org.springframework.amqp.rabbit.listener.BlockingQueueConsumer$DeclarationException: Failed to declare queue(s):[springCloudBus.anonymous.8N74X9lwRiehREOImpPZrg]
	at org.springframework.amqp.rabbit.listener.BlockingQueueConsumer.attemptPassiveDeclarations(BlockingQueueConsumer.java:772) ~[spring-rabbit-3.2.8.jar:3.2.8]
	at org.springframework.amqp.rabbit.listener.BlockingQueueConsumer.passiveDeclarations(BlockingQueueConsumer.java:649) ~[spring-rabbit-3.2.8.jar:3.2.8]
	at org.springframework.amqp.rabbit.listener.BlockingQueueConsumer.start(BlockingQueueConsumer.java:636) ~[spring-rabbit-3.2.8.jar:3.2.8]
	at org.springframework.amqp.rabbit.listener.SimpleMessageListenerContainer$AsyncMessageProcessingConsumer.initialize(SimpleMessageListenerContainer.java:1490) ~[spring-rabbit-3.2.8.jar:3.2.8]
	at org.springframework.amqp.rabbit.listener.SimpleMessageListenerContainer$AsyncMessageProcessingConsumer.run(SimpleMessageListenerContainer.java:1328) ~[spring-rabbit-3.2.8.jar:3.2.8]
	at java.base/java.lang.Thread.run(Thread.java:1570) ~[na:na]
Caused by: java.io.IOException: null
	at com.rabbitmq.client.impl.AMQChannel.wrap(AMQChannel.java:140) ~[amqp-client-5.25.0.jar:5.25.0]
	at com.rabbitmq.client.impl.AMQChannel.wrap(AMQChannel.java:136) ~[amqp-client-5.25.0.jar:5.25.0]
	at com.rabbitmq.client.impl.AMQChannel.exnWrappingRpc(AMQChannel.java:158) ~[amqp-client-5.25.0.jar:5.25.0]
	at com.rabbitmq.client.impl.ChannelN.queueDeclarePassive(ChannelN.java:1033) ~[amqp-client-5.25.0.jar:5.25.0]
	at com.rabbitmq.client.impl.ChannelN.queueDeclarePassive(ChannelN.java:47) ~[amqp-client-5.25.0.jar:5.25.0]
	at java.base/jdk.internal.reflect.DirectMethodHandleAccessor.invoke(DirectMethodHandleAccessor.java:103) ~[na:na]
	at java.base/java.lang.reflect.Method.invoke(Method.java:580) ~[na:na]
	at org.springframework.amqp.rabbit.connection.CachingConnectionFactory$CachedChannelInvocationHandler.invoke(CachingConnectionFactory.java:1201) ~[spring-rabbit-3.2.8.jar:3.2.8]
	at jdk.proxy2/jdk.proxy2.$Proxy230.queueDeclarePassive(Unknown Source) ~[na:na]
	at org.springframework.amqp.rabbit.listener.BlockingQueueConsumer.attemptPassiveDeclarations(BlockingQueueConsumer.java:750) ~[spring-rabbit-3.2.8.jar:3.2.8]
	... 5 common frames omitted
Caused by: com.rabbitmq.client.ShutdownSignalException: channel error; protocol method: #method<channel.close>(reply-code=404, reply-text=NOT_FOUND - no queue 'springCloudBus.anonymous.8N74X9lwRiehREOImpPZrg' in vhost 'dwtkuyzt', class-id=50, method-id=10)
	at com.rabbitmq.utility.ValueOrException.getValue(ValueOrException.java:66) ~[amqp-client-5.25.0.jar:5.25.0]
	at com.rabbitmq.utility.BlockingValueOrException.uninterruptibleGetValue(BlockingValueOrException.java:36) ~[amqp-client-5.25.0.jar:5.25.0]
	at com.rabbitmq.client.impl.AMQChannel$BlockingRpcContinuation.getReply(AMQChannel.java:552) ~[amqp-client-5.25.0.jar:5.25.0]
	at com.rabbitmq.client.impl.AMQChannel.privateRpc(AMQChannel.java:316) ~[amqp-client-5.25.0.jar:5.25.0]
	at com.rabbitmq.client.impl.AMQChannel.exnWrappingRpc(AMQChannel.java:152) ~[amqp-client-5.25.0.jar:5.25.0]
	... 12 common frames omitted
Caused by: com.rabbitmq.client.ShutdownSignalException: channel error; protocol method: #method<channel.close>(reply-code=404, reply-text=NOT_FOUND - no queue 'springCloudBus.anonymous.8N74X9lwRiehREOImpPZrg' in vhost 'dwtkuyzt', class-id=50, method-id=10)
	at com.rabbitmq.client.impl.ChannelN.asyncShutdown(ChannelN.java:528) ~[amqp-client-5.25.0.jar:5.25.0]
	at com.rabbitmq.client.impl.ChannelN.processAsync(ChannelN.java:349) ~[amqp-client-5.25.0.jar:5.25.0]
	at com.rabbitmq.client.impl.AMQChannel.handleCompleteInboundCommand(AMQChannel.java:193) ~[amqp-client-5.25.0.jar:5.25.0]
	at com.rabbitmq.client.impl.AMQChannel.handleFrame(AMQChannel.java:125) ~[amqp-client-5.25.0.jar:5.25.0]
	at com.rabbitmq.client.impl.AMQConnection.readFrame(AMQConnection.java:761) ~[amqp-client-5.25.0.jar:5.25.0]
	at com.rabbitmq.client.impl.AMQConnection.access$400(AMQConnection.java:48) ~[amqp-client-5.25.0.jar:5.25.0]
	at com.rabbitmq.client.impl.AMQConnection$MainLoop.run(AMQConnection.java:688) ~[amqp-client-5.25.0.jar:5.25.0]
	... 1 common frames omitted

2025-11-24T22:37:06.222+05:30  WARN 74399 --- [order-service] [springCloudBus.anonymous.8N74X9lwRiehREOImpPZrg-27] [                                                 ] o.s.a.r.listener.BlockingQueueConsumer   : Failed to declare queue: springCloudBus.anonymous.8N74X9lwRiehREOImpPZrg
2025-11-24T22:37:06.222+05:30  WARN 74399 --- [order-service] [springCloudBus.anonymous.8N74X9lwRiehREOImpPZrg-27] [                                                 ] o.s.a.r.listener.BlockingQueueConsumer   : Queue declaration failed; retries left=2

org.springframework.amqp.rabbit.listener.BlockingQueueConsumer$DeclarationException: Failed to declare queue(s):[springCloudBus.anonymous.8N74X9lwRiehREOImpPZrg]
	at org.springframework.amqp.rabbit.listener.BlockingQueueConsumer.attemptPassiveDeclarations(BlockingQueueConsumer.java:772) ~[spring-rabbit-3.2.8.jar:3.2.8]
	at org.springframework.amqp.rabbit.listener.BlockingQueueConsumer.passiveDeclarations(BlockingQueueConsumer.java:649) ~[spring-rabbit-3.2.8.jar:3.2.8]
	at org.springframework.amqp.rabbit.listener.BlockingQueueConsumer.start(BlockingQueueConsumer.java:636) ~[spring-rabbit-3.2.8.jar:3.2.8]
	at org.springframework.amqp.rabbit.listener.SimpleMessageListenerContainer$AsyncMessageProcessingConsumer.initialize(SimpleMessageListenerContainer.java:1490) ~[spring-rabbit-3.2.8.jar:3.2.8]
	at org.springframework.amqp.rabbit.listener.SimpleMessageListenerContainer$AsyncMessageProcessingConsumer.run(SimpleMessageListenerContainer.java:1328) ~[spring-rabbit-3.2.8.jar:3.2.8]
	at java.base/java.lang.Thread.run(Thread.java:1570) ~[na:na]
Caused by: java.io.IOException: null
	at com.rabbitmq.client.impl.AMQChannel.wrap(AMQChannel.java:140) ~[amqp-client-5.25.0.jar:5.25.0]
	at com.rabbitmq.client.impl.AMQChannel.wrap(AMQChannel.java:136) ~[amqp-client-5.25.0.jar:5.25.0]
	at com.rabbitmq.client.impl.AMQChannel.exnWrappingRpc(AMQChannel.java:158) ~[amqp-client-5.25.0.jar:5.25.0]
	at com.rabbitmq.client.impl.ChannelN.queueDeclarePassive(ChannelN.java:1033) ~[amqp-client-5.25.0.jar:5.25.0]
	at com.rabbitmq.client.impl.ChannelN.queueDeclarePassive(ChannelN.java:47) ~[amqp-client-5.25.0.jar:5.25.0]
	at java.base/jdk.internal.reflect.DirectMethodHandleAccessor.invoke(DirectMethodHandleAccessor.java:103) ~[na:na]
	at java.base/java.lang.reflect.Method.invoke(Method.java:580) ~[na:na]
	at org.springframework.amqp.rabbit.connection.CachingConnectionFactory$CachedChannelInvocationHandler.invoke(CachingConnectionFactory.java:1201) ~[spring-rabbit-3.2.8.jar:3.2.8]
	at jdk.proxy2/jdk.proxy2.$Proxy230.queueDeclarePassive(Unknown Source) ~[na:na]
	at org.springframework.amqp.rabbit.listener.BlockingQueueConsumer.attemptPassiveDeclarations(BlockingQueueConsumer.java:750) ~[spring-rabbit-3.2.8.jar:3.2.8]
	... 5 common frames omitted
Caused by: com.rabbitmq.client.ShutdownSignalException: channel error; protocol method: #method<channel.close>(reply-code=404, reply-text=NOT_FOUND - no queue 'springCloudBus.anonymous.8N74X9lwRiehREOImpPZrg' in vhost 'dwtkuyzt', class-id=50, method-id=10)
	at com.rabbitmq.utility.ValueOrException.getValue(ValueOrException.java:66) ~[amqp-client-5.25.0.jar:5.25.0]
	at com.rabbitmq.utility.BlockingValueOrException.uninterruptibleGetValue(BlockingValueOrException.java:36) ~[amqp-client-5.25.0.jar:5.25.0]
	at com.rabbitmq.client.impl.AMQChannel$BlockingRpcContinuation.getReply(AMQChannel.java:552) ~[amqp-client-5.25.0.jar:5.25.0]
	at com.rabbitmq.client.impl.AMQChannel.privateRpc(AMQChannel.java:316) ~[amqp-client-5.25.0.jar:5.25.0]
	at com.rabbitmq.client.impl.AMQChannel.exnWrappingRpc(AMQChannel.java:152) ~[amqp-client-5.25.0.jar:5.25.0]
	... 12 common frames omitted
Caused by: com.rabbitmq.client.ShutdownSignalException: channel error; protocol method: #method<channel.close>(reply-code=404, reply-text=NOT_FOUND - no queue 'springCloudBus.anonymous.8N74X9lwRiehREOImpPZrg' in vhost 'dwtkuyzt', class-id=50, method-id=10)
	at com.rabbitmq.client.impl.ChannelN.asyncShutdown(ChannelN.java:528) ~[amqp-client-5.25.0.jar:5.25.0]
	at com.rabbitmq.client.impl.ChannelN.processAsync(ChannelN.java:349) ~[amqp-client-5.25.0.jar:5.25.0]
	at com.rabbitmq.client.impl.AMQChannel.handleCompleteInboundCommand(AMQChannel.java:193) ~[amqp-client-5.25.0.jar:5.25.0]
	at com.rabbitmq.client.impl.AMQChannel.handleFrame(AMQChannel.java:125) ~[amqp-client-5.25.0.jar:5.25.0]
	at com.rabbitmq.client.impl.AMQConnection.readFrame(AMQConnection.java:761) ~[amqp-client-5.25.0.jar:5.25.0]
	at com.rabbitmq.client.impl.AMQConnection.access$400(AMQConnection.java:48) ~[amqp-client-5.25.0.jar:5.25.0]
	at com.rabbitmq.client.impl.AMQConnection$MainLoop.run(AMQConnection.java:688) ~[amqp-client-5.25.0.jar:5.25.0]
	... 1 common frames omitted

2025-11-24T22:37:11.760+05:30  WARN 74399 --- [order-service] [springCloudBus.anonymous.8N74X9lwRiehREOImpPZrg-27] [                                                 ] o.s.a.r.listener.BlockingQueueConsumer   : Failed to declare queue: springCloudBus.anonymous.8N74X9lwRiehREOImpPZrg
2025-11-24T22:37:11.761+05:30  WARN 74399 --- [order-service] [springCloudBus.anonymous.8N74X9lwRiehREOImpPZrg-27] [                                                 ] o.s.a.r.listener.BlockingQueueConsumer   : Queue declaration failed; retries left=1

org.springframework.amqp.rabbit.listener.BlockingQueueConsumer$DeclarationException: Failed to declare queue(s):[springCloudBus.anonymous.8N74X9lwRiehREOImpPZrg]
	at org.springframework.amqp.rabbit.listener.BlockingQueueConsumer.attemptPassiveDeclarations(BlockingQueueConsumer.java:772) ~[spring-rabbit-3.2.8.jar:3.2.8]
	at org.springframework.amqp.rabbit.listener.BlockingQueueConsumer.passiveDeclarations(BlockingQueueConsumer.java:649) ~[spring-rabbit-3.2.8.jar:3.2.8]
	at org.springframework.amqp.rabbit.listener.BlockingQueueConsumer.start(BlockingQueueConsumer.java:636) ~[spring-rabbit-3.2.8.jar:3.2.8]
	at org.springframework.amqp.rabbit.listener.SimpleMessageListenerContainer$AsyncMessageProcessingConsumer.initialize(SimpleMessageListenerContainer.java:1490) ~[spring-rabbit-3.2.8.jar:3.2.8]
	at org.springframework.amqp.rabbit.listener.SimpleMessageListenerContainer$AsyncMessageProcessingConsumer.run(SimpleMessageListenerContainer.java:1328) ~[spring-rabbit-3.2.8.jar:3.2.8]
	at java.base/java.lang.Thread.run(Thread.java:1570) ~[na:na]
Caused by: java.io.IOException: null
	at com.rabbitmq.client.impl.AMQChannel.wrap(AMQChannel.java:140) ~[amqp-client-5.25.0.jar:5.25.0]
	at com.rabbitmq.client.impl.AMQChannel.wrap(AMQChannel.java:136) ~[amqp-client-5.25.0.jar:5.25.0]
	at com.rabbitmq.client.impl.AMQChannel.exnWrappingRpc(AMQChannel.java:158) ~[amqp-client-5.25.0.jar:5.25.0]
	at com.rabbitmq.client.impl.ChannelN.queueDeclarePassive(ChannelN.java:1033) ~[amqp-client-5.25.0.jar:5.25.0]
	at com.rabbitmq.client.impl.ChannelN.queueDeclarePassive(ChannelN.java:47) ~[amqp-client-5.25.0.jar:5.25.0]
	at java.base/jdk.internal.reflect.DirectMethodHandleAccessor.invoke(DirectMethodHandleAccessor.java:103) ~[na:na]
	at java.base/java.lang.reflect.Method.invoke(Method.java:580) ~[na:na]
	at org.springframework.amqp.rabbit.connection.CachingConnectionFactory$CachedChannelInvocationHandler.invoke(CachingConnectionFactory.java:1201) ~[spring-rabbit-3.2.8.jar:3.2.8]
	at jdk.proxy2/jdk.proxy2.$Proxy230.queueDeclarePassive(Unknown Source) ~[na:na]
	at org.springframework.amqp.rabbit.listener.BlockingQueueConsumer.attemptPassiveDeclarations(BlockingQueueConsumer.java:750) ~[spring-rabbit-3.2.8.jar:3.2.8]
	... 5 common frames omitted
Caused by: com.rabbitmq.client.ShutdownSignalException: channel error; protocol method: #method<channel.close>(reply-code=404, reply-text=NOT_FOUND - no queue 'springCloudBus.anonymous.8N74X9lwRiehREOImpPZrg' in vhost 'dwtkuyzt', class-id=50, method-id=10)
	at com.rabbitmq.utility.ValueOrException.getValue(ValueOrException.java:66) ~[amqp-client-5.25.0.jar:5.25.0]
	at com.rabbitmq.utility.BlockingValueOrException.uninterruptibleGetValue(BlockingValueOrException.java:36) ~[amqp-client-5.25.0.jar:5.25.0]
	at com.rabbitmq.client.impl.AMQChannel$BlockingRpcContinuation.getReply(AMQChannel.java:552) ~[amqp-client-5.25.0.jar:5.25.0]
	at com.rabbitmq.client.impl.AMQChannel.privateRpc(AMQChannel.java:316) ~[amqp-client-5.25.0.jar:5.25.0]
	at com.rabbitmq.client.impl.AMQChannel.exnWrappingRpc(AMQChannel.java:152) ~[amqp-client-5.25.0.jar:5.25.0]
	... 12 common frames omitted
Caused by: com.rabbitmq.client.ShutdownSignalException: channel error; protocol method: #method<channel.close>(reply-code=404, reply-text=NOT_FOUND - no queue 'springCloudBus.anonymous.8N74X9lwRiehREOImpPZrg' in vhost 'dwtkuyzt', class-id=50, method-id=10)
	at com.rabbitmq.client.impl.ChannelN.asyncShutdown(ChannelN.java:528) ~[amqp-client-5.25.0.jar:5.25.0]
	at com.rabbitmq.client.impl.ChannelN.processAsync(ChannelN.java:349) ~[amqp-client-5.25.0.jar:5.25.0]
	at com.rabbitmq.client.impl.AMQChannel.handleCompleteInboundCommand(AMQChannel.java:193) ~[amqp-client-5.25.0.jar:5.25.0]
	at com.rabbitmq.client.impl.AMQChannel.handleFrame(AMQChannel.java:125) ~[amqp-client-5.25.0.jar:5.25.0]
	at com.rabbitmq.client.impl.AMQConnection.readFrame(AMQConnection.java:761) ~[amqp-client-5.25.0.jar:5.25.0]
	at com.rabbitmq.client.impl.AMQConnection.access$400(AMQConnection.java:48) ~[amqp-client-5.25.0.jar:5.25.0]
	at com.rabbitmq.client.impl.AMQConnection$MainLoop.run(AMQConnection.java:688) ~[amqp-client-5.25.0.jar:5.25.0]
	... 1 common frames omitted

2025-11-24T22:37:17.311+05:30  WARN 74399 --- [order-service] [springCloudBus.anonymous.8N74X9lwRiehREOImpPZrg-27] [                                                 ] o.s.a.r.listener.BlockingQueueConsumer   : Failed to declare queue: springCloudBus.anonymous.8N74X9lwRiehREOImpPZrg
2025-11-24T22:37:22.377+05:30 ERROR 74399 --- [order-service] [springCloudBus.anonymous.8N74X9lwRiehREOImpPZrg-27] [                                                 ] o.s.a.r.l.SimpleMessageListenerContainer : Consumer threw missing queues exception, fatal=false

org.springframework.amqp.rabbit.listener.QueuesNotAvailableException: Cannot prepare queue for listener. Either the queue doesn't exist or the broker will not allow us to use it.
	at org.springframework.amqp.rabbit.listener.BlockingQueueConsumer.handleDeclarationException(BlockingQueueConsumer.java:722) ~[spring-rabbit-3.2.8.jar:3.2.8]
	at org.springframework.amqp.rabbit.listener.BlockingQueueConsumer.passiveDeclarations(BlockingQueueConsumer.java:656) ~[spring-rabbit-3.2.8.jar:3.2.8]
	at org.springframework.amqp.rabbit.listener.BlockingQueueConsumer.start(BlockingQueueConsumer.java:636) ~[spring-rabbit-3.2.8.jar:3.2.8]
	at org.springframework.amqp.rabbit.listener.SimpleMessageListenerContainer$AsyncMessageProcessingConsumer.initialize(SimpleMessageListenerContainer.java:1490) ~[spring-rabbit-3.2.8.jar:3.2.8]
	at org.springframework.amqp.rabbit.listener.SimpleMessageListenerContainer$AsyncMessageProcessingConsumer.run(SimpleMessageListenerContainer.java:1328) ~[spring-rabbit-3.2.8.jar:3.2.8]
	at java.base/java.lang.Thread.run(Thread.java:1570) ~[na:na]
Caused by: org.springframework.amqp.rabbit.listener.BlockingQueueConsumer$DeclarationException: Failed to declare queue(s):[springCloudBus.anonymous.8N74X9lwRiehREOImpPZrg]
	at org.springframework.amqp.rabbit.listener.BlockingQueueConsumer.attemptPassiveDeclarations(BlockingQueueConsumer.java:772) ~[spring-rabbit-3.2.8.jar:3.2.8]
	at org.springframework.amqp.rabbit.listener.BlockingQueueConsumer.passiveDeclarations(BlockingQueueConsumer.java:649) ~[spring-rabbit-3.2.8.jar:3.2.8]
	... 4 common frames omitted
Caused by: java.io.IOException: null
	at com.rabbitmq.client.impl.AMQChannel.wrap(AMQChannel.java:140) ~[amqp-client-5.25.0.jar:5.25.0]
	at com.rabbitmq.client.impl.AMQChannel.wrap(AMQChannel.java:136) ~[amqp-client-5.25.0.jar:5.25.0]
	at com.rabbitmq.client.impl.AMQChannel.exnWrappingRpc(AMQChannel.java:158) ~[amqp-client-5.25.0.jar:5.25.0]
	at com.rabbitmq.client.impl.ChannelN.queueDeclarePassive(ChannelN.java:1033) ~[amqp-client-5.25.0.jar:5.25.0]
	at com.rabbitmq.client.impl.ChannelN.queueDeclarePassive(ChannelN.java:47) ~[amqp-client-5.25.0.jar:5.25.0]
	at java.base/jdk.internal.reflect.DirectMethodHandleAccessor.invoke(DirectMethodHandleAccessor.java:103) ~[na:na]
	at java.base/java.lang.reflect.Method.invoke(Method.java:580) ~[na:na]
	at org.springframework.amqp.rabbit.connection.CachingConnectionFactory$CachedChannelInvocationHandler.invoke(CachingConnectionFactory.java:1201) ~[spring-rabbit-3.2.8.jar:3.2.8]
	at jdk.proxy2/jdk.proxy2.$Proxy230.queueDeclarePassive(Unknown Source) ~[na:na]
	at org.springframework.amqp.rabbit.listener.BlockingQueueConsumer.attemptPassiveDeclarations(BlockingQueueConsumer.java:750) ~[spring-rabbit-3.2.8.jar:3.2.8]
	... 5 common frames omitted
Caused by: com.rabbitmq.client.ShutdownSignalException: channel error; protocol method: #method<channel.close>(reply-code=404, reply-text=NOT_FOUND - no queue 'springCloudBus.anonymous.8N74X9lwRiehREOImpPZrg' in vhost 'dwtkuyzt', class-id=50, method-id=10)
	at com.rabbitmq.utility.ValueOrException.getValue(ValueOrException.java:66) ~[amqp-client-5.25.0.jar:5.25.0]
	at com.rabbitmq.utility.BlockingValueOrException.uninterruptibleGetValue(BlockingValueOrException.java:36) ~[amqp-client-5.25.0.jar:5.25.0]
	at com.rabbitmq.client.impl.AMQChannel$BlockingRpcContinuation.getReply(AMQChannel.java:552) ~[amqp-client-5.25.0.jar:5.25.0]
	at com.rabbitmq.client.impl.AMQChannel.privateRpc(AMQChannel.java:316) ~[amqp-client-5.25.0.jar:5.25.0]
	at com.rabbitmq.client.impl.AMQChannel.exnWrappingRpc(AMQChannel.java:152) ~[amqp-client-5.25.0.jar:5.25.0]
	... 12 common frames omitted
Caused by: com.rabbitmq.client.ShutdownSignalException: channel error; protocol method: #method<channel.close>(reply-code=404, reply-text=NOT_FOUND - no queue 'springCloudBus.anonymous.8N74X9lwRiehREOImpPZrg' in vhost 'dwtkuyzt', class-id=50, method-id=10)
	at com.rabbitmq.client.impl.ChannelN.asyncShutdown(ChannelN.java:528) ~[amqp-client-5.25.0.jar:5.25.0]
	at com.rabbitmq.client.impl.ChannelN.processAsync(ChannelN.java:349) ~[amqp-client-5.25.0.jar:5.25.0]
	at com.rabbitmq.client.impl.AMQChannel.handleCompleteInboundCommand(AMQChannel.java:193) ~[amqp-client-5.25.0.jar:5.25.0]
	at com.rabbitmq.client.impl.AMQChannel.handleFrame(AMQChannel.java:125) ~[amqp-client-5.25.0.jar:5.25.0]
	at com.rabbitmq.client.impl.AMQConnection.readFrame(AMQConnection.java:761) ~[amqp-client-5.25.0.jar:5.25.0]
	at com.rabbitmq.client.impl.AMQConnection.access$400(AMQConnection.java:48) ~[amqp-client-5.25.0.jar:5.25.0]
	at com.rabbitmq.client.impl.AMQConnection$MainLoop.run(AMQConnection.java:688) ~[amqp-client-5.25.0.jar:5.25.0]
	... 1 common frames omitted

2025-11-24T22:37:22.381+05:30  INFO 74399 --- [order-service] [springCloudBus.anonymous.8N74X9lwRiehREOImpPZrg-27] [                                                 ] o.s.a.r.l.SimpleMessageListenerContainer : Restarting Consumer@709c1aa0: tags=[[]], channel=Cached Rabbit Channel: AMQChannel(amqp://dwtkuyzt@35.153.225.39:5672/dwtkuyzt,1), conn: Proxy@63e64174 Shared Rabbit Connection: SimpleConnection@718c61c0 [delegate=amqp://dwtkuyzt@35.153.225.39:5672/dwtkuyzt, localPort=61556], acknowledgeMode=AUTO local queue size=0
2025-11-24T22:37:23.451+05:30  WARN 74399 --- [order-service] [springCloudBus.anonymous.8N74X9lwRiehREOImpPZrg-28] [                                                 ] o.s.a.r.listener.BlockingQueueConsumer   : Failed to declare queue: springCloudBus.anonymous.8N74X9lwRiehREOImpPZrg
2025-11-24T22:37:23.451+05:30  WARN 74399 --- [order-service] [springCloudBus.anonymous.8N74X9lwRiehREOImpPZrg-28] [                                                 ] o.s.a.r.listener.BlockingQueueConsumer   : Queue declaration failed; retries left=3

org.springframework.amqp.rabbit.listener.BlockingQueueConsumer$DeclarationException: Failed to declare queue(s):[springCloudBus.anonymous.8N74X9lwRiehREOImpPZrg]
	at org.springframework.amqp.rabbit.listener.BlockingQueueConsumer.attemptPassiveDeclarations(BlockingQueueConsumer.java:772) ~[spring-rabbit-3.2.8.jar:3.2.8]
	at org.springframework.amqp.rabbit.listener.BlockingQueueConsumer.passiveDeclarations(BlockingQueueConsumer.java:649) ~[spring-rabbit-3.2.8.jar:3.2.8]
	at org.springframework.amqp.rabbit.listener.BlockingQueueConsumer.start(BlockingQueueConsumer.java:636) ~[spring-rabbit-3.2.8.jar:3.2.8]
	at org.springframework.amqp.rabbit.listener.SimpleMessageListenerContainer$AsyncMessageProcessingConsumer.initialize(SimpleMessageListenerContainer.java:1490) ~[spring-rabbit-3.2.8.jar:3.2.8]
	at org.springframework.amqp.rabbit.listener.SimpleMessageListenerContainer$AsyncMessageProcessingConsumer.run(SimpleMessageListenerContainer.java:1328) ~[spring-rabbit-3.2.8.jar:3.2.8]
	at java.base/java.lang.Thread.run(Thread.java:1570) ~[na:na]
Caused by: java.io.IOException: null
	at com.rabbitmq.client.impl.AMQChannel.wrap(AMQChannel.java:140) ~[amqp-client-5.25.0.jar:5.25.0]
	at com.rabbitmq.client.impl.AMQChannel.wrap(AMQChannel.java:136) ~[amqp-client-5.25.0.jar:5.25.0]
	at com.rabbitmq.client.impl.AMQChannel.exnWrappingRpc(AMQChannel.java:158) ~[amqp-client-5.25.0.jar:5.25.0]
	at com.rabbitmq.client.impl.ChannelN.queueDeclarePassive(ChannelN.java:1033) ~[amqp-client-5.25.0.jar:5.25.0]
	at com.rabbitmq.client.impl.ChannelN.queueDeclarePassive(ChannelN.java:47) ~[amqp-client-5.25.0.jar:5.25.0]
	at java.base/jdk.internal.reflect.DirectMethodHandleAccessor.invoke(DirectMethodHandleAccessor.java:103) ~[na:na]
	at java.base/java.lang.reflect.Method.invoke(Method.java:580) ~[na:na]
	at org.springframework.amqp.rabbit.connection.CachingConnectionFactory$CachedChannelInvocationHandler.invoke(CachingConnectionFactory.java:1201) ~[spring-rabbit-3.2.8.jar:3.2.8]
	at jdk.proxy2/jdk.proxy2.$Proxy230.queueDeclarePassive(Unknown Source) ~[na:na]
	at org.springframework.amqp.rabbit.listener.BlockingQueueConsumer.attemptPassiveDeclarations(BlockingQueueConsumer.java:750) ~[spring-rabbit-3.2.8.jar:3.2.8]
	... 5 common frames omitted
Caused by: com.rabbitmq.client.ShutdownSignalException: channel error; protocol method: #method<channel.close>(reply-code=404, reply-text=NOT_FOUND - no queue 'springCloudBus.anonymous.8N74X9lwRiehREOImpPZrg' in vhost 'dwtkuyzt', class-id=50, method-id=10)
	at com.rabbitmq.utility.ValueOrException.getValue(ValueOrException.java:66) ~[amqp-client-5.25.0.jar:5.25.0]
	at com.rabbitmq.utility.BlockingValueOrException.uninterruptibleGetValue(BlockingValueOrException.java:36) ~[amqp-client-5.25.0.jar:5.25.0]
	at com.rabbitmq.client.impl.AMQChannel$BlockingRpcContinuation.getReply(AMQChannel.java:552) ~[amqp-client-5.25.0.jar:5.25.0]
	at com.rabbitmq.client.impl.AMQChannel.privateRpc(AMQChannel.java:316) ~[amqp-client-5.25.0.jar:5.25.0]
	at com.rabbitmq.client.impl.AMQChannel.exnWrappingRpc(AMQChannel.java:152) ~[amqp-client-5.25.0.jar:5.25.0]
	... 12 common frames omitted
Caused by: com.rabbitmq.client.ShutdownSignalException: channel error; protocol method: #method<channel.close>(reply-code=404, reply-text=NOT_FOUND - no queue 'springCloudBus.anonymous.8N74X9lwRiehREOImpPZrg' in vhost 'dwtkuyzt', class-id=50, method-id=10)
	at com.rabbitmq.client.impl.ChannelN.asyncShutdown(ChannelN.java:528) ~[amqp-client-5.25.0.jar:5.25.0]
	at com.rabbitmq.client.impl.ChannelN.processAsync(ChannelN.java:349) ~[amqp-client-5.25.0.jar:5.25.0]
	at com.rabbitmq.client.impl.AMQChannel.handleCompleteInboundCommand(AMQChannel.java:193) ~[amqp-client-5.25.0.jar:5.25.0]
	at com.rabbitmq.client.impl.AMQChannel.handleFrame(AMQChannel.java:125) ~[amqp-client-5.25.0.jar:5.25.0]
	at com.rabbitmq.client.impl.AMQConnection.readFrame(AMQConnection.java:761) ~[amqp-client-5.25.0.jar:5.25.0]
	at com.rabbitmq.client.impl.AMQConnection.access$400(AMQConnection.java:48) ~[amqp-client-5.25.0.jar:5.25.0]
	at com.rabbitmq.client.impl.AMQConnection$MainLoop.run(AMQConnection.java:688) ~[amqp-client-5.25.0.jar:5.25.0]
	... 1 common frames omitted

2025-11-24T22:37:28.988+05:30  WARN 74399 --- [order-service] [springCloudBus.anonymous.8N74X9lwRiehREOImpPZrg-28] [                                                 ] o.s.a.r.listener.BlockingQueueConsumer   : Failed to declare queue: springCloudBus.anonymous.8N74X9lwRiehREOImpPZrg
2025-11-24T22:37:28.988+05:30  WARN 74399 --- [order-service] [springCloudBus.anonymous.8N74X9lwRiehREOImpPZrg-28] [                                                 ] o.s.a.r.listener.BlockingQueueConsumer   : Queue declaration failed; retries left=2

org.springframework.amqp.rabbit.listener.BlockingQueueConsumer$DeclarationException: Failed to declare queue(s):[springCloudBus.anonymous.8N74X9lwRiehREOImpPZrg]
	at org.springframework.amqp.rabbit.listener.BlockingQueueConsumer.attemptPassiveDeclarations(BlockingQueueConsumer.java:772) ~[spring-rabbit-3.2.8.jar:3.2.8]
	at org.springframework.amqp.rabbit.listener.BlockingQueueConsumer.passiveDeclarations(BlockingQueueConsumer.java:649) ~[spring-rabbit-3.2.8.jar:3.2.8]
	at org.springframework.amqp.rabbit.listener.BlockingQueueConsumer.start(BlockingQueueConsumer.java:636) ~[spring-rabbit-3.2.8.jar:3.2.8]
	at org.springframework.amqp.rabbit.listener.SimpleMessageListenerContainer$AsyncMessageProcessingConsumer.initialize(SimpleMessageListenerContainer.java:1490) ~[spring-rabbit-3.2.8.jar:3.2.8]
	at org.springframework.amqp.rabbit.listener.SimpleMessageListenerContainer$AsyncMessageProcessingConsumer.run(SimpleMessageListenerContainer.java:1328) ~[spring-rabbit-3.2.8.jar:3.2.8]
	at java.base/java.lang.Thread.run(Thread.java:1570) ~[na:na]
Caused by: java.io.IOException: null
	at com.rabbitmq.client.impl.AMQChannel.wrap(AMQChannel.java:140) ~[amqp-client-5.25.0.jar:5.25.0]
	at com.rabbitmq.client.impl.AMQChannel.wrap(AMQChannel.java:136) ~[amqp-client-5.25.0.jar:5.25.0]
	at com.rabbitmq.client.impl.AMQChannel.exnWrappingRpc(AMQChannel.java:158) ~[amqp-client-5.25.0.jar:5.25.0]
	at com.rabbitmq.client.impl.ChannelN.queueDeclarePassive(ChannelN.java:1033) ~[amqp-client-5.25.0.jar:5.25.0]
	at com.rabbitmq.client.impl.ChannelN.queueDeclarePassive(ChannelN.java:47) ~[amqp-client-5.25.0.jar:5.25.0]
	at java.base/jdk.internal.reflect.DirectMethodHandleAccessor.invoke(DirectMethodHandleAccessor.java:103) ~[na:na]
	at java.base/java.lang.reflect.Method.invoke(Method.java:580) ~[na:na]
	at org.springframework.amqp.rabbit.connection.CachingConnectionFactory$CachedChannelInvocationHandler.invoke(CachingConnectionFactory.java:1201) ~[spring-rabbit-3.2.8.jar:3.2.8]
	at jdk.proxy2/jdk.proxy2.$Proxy230.queueDeclarePassive(Unknown Source) ~[na:na]
	at org.springframework.amqp.rabbit.listener.BlockingQueueConsumer.attemptPassiveDeclarations(BlockingQueueConsumer.java:750) ~[spring-rabbit-3.2.8.jar:3.2.8]
	... 5 common frames omitted
Caused by: com.rabbitmq.client.ShutdownSignalException: channel error; protocol method: #method<channel.close>(reply-code=404, reply-text=NOT_FOUND - no queue 'springCloudBus.anonymous.8N74X9lwRiehREOImpPZrg' in vhost 'dwtkuyzt', class-id=50, method-id=10)
	at com.rabbitmq.utility.ValueOrException.getValue(ValueOrException.java:66) ~[amqp-client-5.25.0.jar:5.25.0]
	at com.rabbitmq.utility.BlockingValueOrException.uninterruptibleGetValue(BlockingValueOrException.java:36) ~[amqp-client-5.25.0.jar:5.25.0]
	at com.rabbitmq.client.impl.AMQChannel$BlockingRpcContinuation.getReply(AMQChannel.java:552) ~[amqp-client-5.25.0.jar:5.25.0]
	at com.rabbitmq.client.impl.AMQChannel.privateRpc(AMQChannel.java:316) ~[amqp-client-5.25.0.jar:5.25.0]
	at com.rabbitmq.client.impl.AMQChannel.exnWrappingRpc(AMQChannel.java:152) ~[amqp-client-5.25.0.jar:5.25.0]
	... 12 common frames omitted
Caused by: com.rabbitmq.client.ShutdownSignalException: channel error; protocol method: #method<channel.close>(reply-code=404, reply-text=NOT_FOUND - no queue 'springCloudBus.anonymous.8N74X9lwRiehREOImpPZrg' in vhost 'dwtkuyzt', class-id=50, method-id=10)
	at com.rabbitmq.client.impl.ChannelN.asyncShutdown(ChannelN.java:528) ~[amqp-client-5.25.0.jar:5.25.0]
	at com.rabbitmq.client.impl.ChannelN.processAsync(ChannelN.java:349) ~[amqp-client-5.25.0.jar:5.25.0]
	at com.rabbitmq.client.impl.AMQChannel.handleCompleteInboundCommand(AMQChannel.java:193) ~[amqp-client-5.25.0.jar:5.25.0]
	at com.rabbitmq.client.impl.AMQChannel.handleFrame(AMQChannel.java:125) ~[amqp-client-5.25.0.jar:5.25.0]
	at com.rabbitmq.client.impl.AMQConnection.readFrame(AMQConnection.java:761) ~[amqp-client-5.25.0.jar:5.25.0]
	at com.rabbitmq.client.impl.AMQConnection.access$400(AMQConnection.java:48) ~[amqp-client-5.25.0.jar:5.25.0]
	at com.rabbitmq.client.impl.AMQConnection$MainLoop.run(AMQConnection.java:688) ~[amqp-client-5.25.0.jar:5.25.0]
	... 1 common frames omitted

2025-11-24T22:37:34.527+05:30  WARN 74399 --- [order-service] [springCloudBus.anonymous.8N74X9lwRiehREOImpPZrg-28] [                                                 ] o.s.a.r.listener.BlockingQueueConsumer   : Failed to declare queue: springCloudBus.anonymous.8N74X9lwRiehREOImpPZrg
2025-11-24T22:37:34.528+05:30  WARN 74399 --- [order-service] [springCloudBus.anonymous.8N74X9lwRiehREOImpPZrg-28] [                                                 ] o.s.a.r.listener.BlockingQueueConsumer   : Queue declaration failed; retries left=1

org.springframework.amqp.rabbit.listener.BlockingQueueConsumer$DeclarationException: Failed to declare queue(s):[springCloudBus.anonymous.8N74X9lwRiehREOImpPZrg]
	at org.springframework.amqp.rabbit.listener.BlockingQueueConsumer.attemptPassiveDeclarations(BlockingQueueConsumer.java:772) ~[spring-rabbit-3.2.8.jar:3.2.8]
	at org.springframework.amqp.rabbit.listener.BlockingQueueConsumer.passiveDeclarations(BlockingQueueConsumer.java:649) ~[spring-rabbit-3.2.8.jar:3.2.8]
	at org.springframework.amqp.rabbit.listener.BlockingQueueConsumer.start(BlockingQueueConsumer.java:636) ~[spring-rabbit-3.2.8.jar:3.2.8]
	at org.springframework.amqp.rabbit.listener.SimpleMessageListenerContainer$AsyncMessageProcessingConsumer.initialize(SimpleMessageListenerContainer.java:1490) ~[spring-rabbit-3.2.8.jar:3.2.8]
	at org.springframework.amqp.rabbit.listener.SimpleMessageListenerContainer$AsyncMessageProcessingConsumer.run(SimpleMessageListenerContainer.java:1328) ~[spring-rabbit-3.2.8.jar:3.2.8]
	at java.base/java.lang.Thread.run(Thread.java:1570) ~[na:na]
Caused by: java.io.IOException: null
	at com.rabbitmq.client.impl.AMQChannel.wrap(AMQChannel.java:140) ~[amqp-client-5.25.0.jar:5.25.0]
	at com.rabbitmq.client.impl.AMQChannel.wrap(AMQChannel.java:136) ~[amqp-client-5.25.0.jar:5.25.0]
	at com.rabbitmq.client.impl.AMQChannel.exnWrappingRpc(AMQChannel.java:158) ~[amqp-client-5.25.0.jar:5.25.0]
	at com.rabbitmq.client.impl.ChannelN.queueDeclarePassive(ChannelN.java:1033) ~[amqp-client-5.25.0.jar:5.25.0]
	at com.rabbitmq.client.impl.ChannelN.queueDeclarePassive(ChannelN.java:47) ~[amqp-client-5.25.0.jar:5.25.0]
	at java.base/jdk.internal.reflect.DirectMethodHandleAccessor.invoke(DirectMethodHandleAccessor.java:103) ~[na:na]
	at java.base/java.lang.reflect.Method.invoke(Method.java:580) ~[na:na]
	at org.springframework.amqp.rabbit.connection.CachingConnectionFactory$CachedChannelInvocationHandler.invoke(CachingConnectionFactory.java:1201) ~[spring-rabbit-3.2.8.jar:3.2.8]
	at jdk.proxy2/jdk.proxy2.$Proxy230.queueDeclarePassive(Unknown Source) ~[na:na]
	at org.springframework.amqp.rabbit.listener.BlockingQueueConsumer.attemptPassiveDeclarations(BlockingQueueConsumer.java:750) ~[spring-rabbit-3.2.8.jar:3.2.8]
	... 5 common frames omitted
Caused by: com.rabbitmq.client.ShutdownSignalException: channel error; protocol method: #method<channel.close>(reply-code=404, reply-text=NOT_FOUND - no queue 'springCloudBus.anonymous.8N74X9lwRiehREOImpPZrg' in vhost 'dwtkuyzt', class-id=50, method-id=10)
	at com.rabbitmq.utility.ValueOrException.getValue(ValueOrException.java:66) ~[amqp-client-5.25.0.jar:5.25.0]
	at com.rabbitmq.utility.BlockingValueOrException.uninterruptibleGetValue(BlockingValueOrException.java:36) ~[amqp-client-5.25.0.jar:5.25.0]
	at com.rabbitmq.client.impl.AMQChannel$BlockingRpcContinuation.getReply(AMQChannel.java:552) ~[amqp-client-5.25.0.jar:5.25.0]
	at com.rabbitmq.client.impl.AMQChannel.privateRpc(AMQChannel.java:316) ~[amqp-client-5.25.0.jar:5.25.0]
	at com.rabbitmq.client.impl.AMQChannel.exnWrappingRpc(AMQChannel.java:152) ~[amqp-client-5.25.0.jar:5.25.0]
	... 12 common frames omitted
Caused by: com.rabbitmq.client.ShutdownSignalException: channel error; protocol method: #method<channel.close>(reply-code=404, reply-text=NOT_FOUND - no queue 'springCloudBus.anonymous.8N74X9lwRiehREOImpPZrg' in vhost 'dwtkuyzt', class-id=50, method-id=10)
	at com.rabbitmq.client.impl.ChannelN.asyncShutdown(ChannelN.java:528) ~[amqp-client-5.25.0.jar:5.25.0]
	at com.rabbitmq.client.impl.ChannelN.processAsync(ChannelN.java:349) ~[amqp-client-5.25.0.jar:5.25.0]
	at com.rabbitmq.client.impl.AMQChannel.handleCompleteInboundCommand(AMQChannel.java:193) ~[amqp-client-5.25.0.jar:5.25.0]
	at com.rabbitmq.client.impl.AMQChannel.handleFrame(AMQChannel.java:125) ~[amqp-client-5.25.0.jar:5.25.0]
	at com.rabbitmq.client.impl.AMQConnection.readFrame(AMQConnection.java:761) ~[amqp-client-5.25.0.jar:5.25.0]
	at com.rabbitmq.client.impl.AMQConnection.access$400(AMQConnection.java:48) ~[amqp-client-5.25.0.jar:5.25.0]
	at com.rabbitmq.client.impl.AMQConnection$MainLoop.run(AMQConnection.java:688) ~[amqp-client-5.25.0.jar:5.25.0]
	... 1 common frames omitted

2025-11-24T22:37:40.067+05:30  WARN 74399 --- [order-service] [springCloudBus.anonymous.8N74X9lwRiehREOImpPZrg-28] [                                                 ] o.s.a.r.listener.BlockingQueueConsumer   : Failed to declare queue: springCloudBus.anonymous.8N74X9lwRiehREOImpPZrg
2025-11-24T22:37:45.153+05:30 ERROR 74399 --- [order-service] [springCloudBus.anonymous.8N74X9lwRiehREOImpPZrg-28] [                                                 ] o.s.a.r.l.SimpleMessageListenerContainer : Consumer threw missing queues exception, fatal=false

org.springframework.amqp.rabbit.listener.QueuesNotAvailableException: Cannot prepare queue for listener. Either the queue doesn't exist or the broker will not allow us to use it.
	at org.springframework.amqp.rabbit.listener.BlockingQueueConsumer.handleDeclarationException(BlockingQueueConsumer.java:722) ~[spring-rabbit-3.2.8.jar:3.2.8]
	at org.springframework.amqp.rabbit.listener.BlockingQueueConsumer.passiveDeclarations(BlockingQueueConsumer.java:656) ~[spring-rabbit-3.2.8.jar:3.2.8]
	at org.springframework.amqp.rabbit.listener.BlockingQueueConsumer.start(BlockingQueueConsumer.java:636) ~[spring-rabbit-3.2.8.jar:3.2.8]
	at org.springframework.amqp.rabbit.listener.SimpleMessageListenerContainer$AsyncMessageProcessingConsumer.initialize(SimpleMessageListenerContainer.java:1490) ~[spring-rabbit-3.2.8.jar:3.2.8]
	at org.springframework.amqp.rabbit.listener.SimpleMessageListenerContainer$AsyncMessageProcessingConsumer.run(SimpleMessageListenerContainer.java:1328) ~[spring-rabbit-3.2.8.jar:3.2.8]
	at java.base/java.lang.Thread.run(Thread.java:1570) ~[na:na]
Caused by: org.springframework.amqp.rabbit.listener.BlockingQueueConsumer$DeclarationException: Failed to declare queue(s):[springCloudBus.anonymous.8N74X9lwRiehREOImpPZrg]
	at org.springframework.amqp.rabbit.listener.BlockingQueueConsumer.attemptPassiveDeclarations(BlockingQueueConsumer.java:772) ~[spring-rabbit-3.2.8.jar:3.2.8]
	at org.springframework.amqp.rabbit.listener.BlockingQueueConsumer.passiveDeclarations(BlockingQueueConsumer.java:649) ~[spring-rabbit-3.2.8.jar:3.2.8]
	... 4 common frames omitted
Caused by: java.io.IOException: null
	at com.rabbitmq.client.impl.AMQChannel.wrap(AMQChannel.java:140) ~[amqp-client-5.25.0.jar:5.25.0]
	at com.rabbitmq.client.impl.AMQChannel.wrap(AMQChannel.java:136) ~[amqp-client-5.25.0.jar:5.25.0]
	at com.rabbitmq.client.impl.AMQChannel.exnWrappingRpc(AMQChannel.java:158) ~[amqp-client-5.25.0.jar:5.25.0]
	at com.rabbitmq.client.impl.ChannelN.queueDeclarePassive(ChannelN.java:1033) ~[amqp-client-5.25.0.jar:5.25.0]
	at com.rabbitmq.client.impl.ChannelN.queueDeclarePassive(ChannelN.java:47) ~[amqp-client-5.25.0.jar:5.25.0]
	at java.base/jdk.internal.reflect.DirectMethodHandleAccessor.invoke(DirectMethodHandleAccessor.java:103) ~[na:na]
	at java.base/java.lang.reflect.Method.invoke(Method.java:580) ~[na:na]
	at org.springframework.amqp.rabbit.connection.CachingConnectionFactory$CachedChannelInvocationHandler.invoke(CachingConnectionFactory.java:1201) ~[spring-rabbit-3.2.8.jar:3.2.8]
	at jdk.proxy2/jdk.proxy2.$Proxy230.queueDeclarePassive(Unknown Source) ~[na:na]
	at org.springframework.amqp.rabbit.listener.BlockingQueueConsumer.attemptPassiveDeclarations(BlockingQueueConsumer.java:750) ~[spring-rabbit-3.2.8.jar:3.2.8]
	... 5 common frames omitted
Caused by: com.rabbitmq.client.ShutdownSignalException: channel error; protocol method: #method<channel.close>(reply-code=404, reply-text=NOT_FOUND - no queue 'springCloudBus.anonymous.8N74X9lwRiehREOImpPZrg' in vhost 'dwtkuyzt', class-id=50, method-id=10)
	at com.rabbitmq.utility.ValueOrException.getValue(ValueOrException.java:66) ~[amqp-client-5.25.0.jar:5.25.0]
	at com.rabbitmq.utility.BlockingValueOrException.uninterruptibleGetValue(BlockingValueOrException.java:36) ~[amqp-client-5.25.0.jar:5.25.0]
	at com.rabbitmq.client.impl.AMQChannel$BlockingRpcContinuation.getReply(AMQChannel.java:552) ~[amqp-client-5.25.0.jar:5.25.0]
	at com.rabbitmq.client.impl.AMQChannel.privateRpc(AMQChannel.java:316) ~[amqp-client-5.25.0.jar:5.25.0]
	at com.rabbitmq.client.impl.AMQChannel.exnWrappingRpc(AMQChannel.java:152) ~[amqp-client-5.25.0.jar:5.25.0]
	... 12 common frames omitted
Caused by: com.rabbitmq.client.ShutdownSignalException: channel error; protocol method: #method<channel.close>(reply-code=404, reply-text=NOT_FOUND - no queue 'springCloudBus.anonymous.8N74X9lwRiehREOImpPZrg' in vhost 'dwtkuyzt', class-id=50, method-id=10)
	at com.rabbitmq.client.impl.ChannelN.asyncShutdown(ChannelN.java:528) ~[amqp-client-5.25.0.jar:5.25.0]
	at com.rabbitmq.client.impl.ChannelN.processAsync(ChannelN.java:349) ~[amqp-client-5.25.0.jar:5.25.0]
	at com.rabbitmq.client.impl.AMQChannel.handleCompleteInboundCommand(AMQChannel.java:193) ~[amqp-client-5.25.0.jar:5.25.0]
	at com.rabbitmq.client.impl.AMQChannel.handleFrame(AMQChannel.java:125) ~[amqp-client-5.25.0.jar:5.25.0]
	at com.rabbitmq.client.impl.AMQConnection.readFrame(AMQConnection.java:761) ~[amqp-client-5.25.0.jar:5.25.0]
	at com.rabbitmq.client.impl.AMQConnection.access$400(AMQConnection.java:48) ~[amqp-client-5.25.0.jar:5.25.0]
	at com.rabbitmq.client.impl.AMQConnection$MainLoop.run(AMQConnection.java:688) ~[amqp-client-5.25.0.jar:5.25.0]
	... 1 common frames omitted

2025-11-24T22:37:45.162+05:30  INFO 74399 --- [order-service] [springCloudBus.anonymous.8N74X9lwRiehREOImpPZrg-28] [                                                 ] o.s.a.r.l.SimpleMessageListenerContainer : Restarting Consumer@5d47c560: tags=[[]], channel=Cached Rabbit Channel: AMQChannel(amqp://dwtkuyzt@35.153.225.39:5672/dwtkuyzt,1), conn: Proxy@63e64174 Shared Rabbit Connection: SimpleConnection@718c61c0 [delegate=amqp://dwtkuyzt@35.153.225.39:5672/dwtkuyzt, localPort=61556], acknowledgeMode=AUTO local queue size=0
2025-11-24T22:37:46.328+05:30  WARN 74399 --- [order-service] [springCloudBus.anonymous.8N74X9lwRiehREOImpPZrg-29] [                                                 ] o.s.a.r.listener.BlockingQueueConsumer   : Failed to declare queue: springCloudBus.anonymous.8N74X9lwRiehREOImpPZrg
2025-11-24T22:37:46.329+05:30  WARN 74399 --- [order-service] [springCloudBus.anonymous.8N74X9lwRiehREOImpPZrg-29] [                                                 ] o.s.a.r.listener.BlockingQueueConsumer   : Queue declaration failed; retries left=3

org.springframework.amqp.rabbit.listener.BlockingQueueConsumer$DeclarationException: Failed to declare queue(s):[springCloudBus.anonymous.8N74X9lwRiehREOImpPZrg]
	at org.springframework.amqp.rabbit.listener.BlockingQueueConsumer.attemptPassiveDeclarations(BlockingQueueConsumer.java:772) ~[spring-rabbit-3.2.8.jar:3.2.8]
	at org.springframework.amqp.rabbit.listener.BlockingQueueConsumer.passiveDeclarations(BlockingQueueConsumer.java:649) ~[spring-rabbit-3.2.8.jar:3.2.8]
	at org.springframework.amqp.rabbit.listener.BlockingQueueConsumer.start(BlockingQueueConsumer.java:636) ~[spring-rabbit-3.2.8.jar:3.2.8]
	at org.springframework.amqp.rabbit.listener.SimpleMessageListenerContainer$AsyncMessageProcessingConsumer.initialize(SimpleMessageListenerContainer.java:1490) ~[spring-rabbit-3.2.8.jar:3.2.8]
	at org.springframework.amqp.rabbit.listener.SimpleMessageListenerContainer$AsyncMessageProcessingConsumer.run(SimpleMessageListenerContainer.java:1328) ~[spring-rabbit-3.2.8.jar:3.2.8]
	at java.base/java.lang.Thread.run(Thread.java:1570) ~[na:na]
Caused by: java.io.IOException: null
	at com.rabbitmq.client.impl.AMQChannel.wrap(AMQChannel.java:140) ~[amqp-client-5.25.0.jar:5.25.0]
	at com.rabbitmq.client.impl.AMQChannel.wrap(AMQChannel.java:136) ~[amqp-client-5.25.0.jar:5.25.0]
	at com.rabbitmq.client.impl.AMQChannel.exnWrappingRpc(AMQChannel.java:158) ~[amqp-client-5.25.0.jar:5.25.0]
	at com.rabbitmq.client.impl.ChannelN.queueDeclarePassive(ChannelN.java:1033) ~[amqp-client-5.25.0.jar:5.25.0]
	at com.rabbitmq.client.impl.ChannelN.queueDeclarePassive(ChannelN.java:47) ~[amqp-client-5.25.0.jar:5.25.0]
	at java.base/jdk.internal.reflect.DirectMethodHandleAccessor.invoke(DirectMethodHandleAccessor.java:103) ~[na:na]
	at java.base/java.lang.reflect.Method.invoke(Method.java:580) ~[na:na]
	at org.springframework.amqp.rabbit.connection.CachingConnectionFactory$CachedChannelInvocationHandler.invoke(CachingConnectionFactory.java:1201) ~[spring-rabbit-3.2.8.jar:3.2.8]
	at jdk.proxy2/jdk.proxy2.$Proxy230.queueDeclarePassive(Unknown Source) ~[na:na]
	at org.springframework.amqp.rabbit.listener.BlockingQueueConsumer.attemptPassiveDeclarations(BlockingQueueConsumer.java:750) ~[spring-rabbit-3.2.8.jar:3.2.8]
	... 5 common frames omitted
Caused by: com.rabbitmq.client.ShutdownSignalException: channel error; protocol method: #method<channel.close>(reply-code=404, reply-text=NOT_FOUND - no queue 'springCloudBus.anonymous.8N74X9lwRiehREOImpPZrg' in vhost 'dwtkuyzt', class-id=50, method-id=10)
	at com.rabbitmq.utility.ValueOrException.getValue(ValueOrException.java:66) ~[amqp-client-5.25.0.jar:5.25.0]
	at com.rabbitmq.utility.BlockingValueOrException.uninterruptibleGetValue(BlockingValueOrException.java:36) ~[amqp-client-5.25.0.jar:5.25.0]
	at com.rabbitmq.client.impl.AMQChannel$BlockingRpcContinuation.getReply(AMQChannel.java:552) ~[amqp-client-5.25.0.jar:5.25.0]
	at com.rabbitmq.client.impl.AMQChannel.privateRpc(AMQChannel.java:316) ~[amqp-client-5.25.0.jar:5.25.0]
	at com.rabbitmq.client.impl.AMQChannel.exnWrappingRpc(AMQChannel.java:152) ~[amqp-client-5.25.0.jar:5.25.0]
	... 12 common frames omitted
Caused by: com.rabbitmq.client.ShutdownSignalException: channel error; protocol method: #method<channel.close>(reply-code=404, reply-text=NOT_FOUND - no queue 'springCloudBus.anonymous.8N74X9lwRiehREOImpPZrg' in vhost 'dwtkuyzt', class-id=50, method-id=10)
	at com.rabbitmq.client.impl.ChannelN.asyncShutdown(ChannelN.java:528) ~[amqp-client-5.25.0.jar:5.25.0]
	at com.rabbitmq.client.impl.ChannelN.processAsync(ChannelN.java:349) ~[amqp-client-5.25.0.jar:5.25.0]
	at com.rabbitmq.client.impl.AMQChannel.handleCompleteInboundCommand(AMQChannel.java:193) ~[amqp-client-5.25.0.jar:5.25.0]
	at com.rabbitmq.client.impl.AMQChannel.handleFrame(AMQChannel.java:125) ~[amqp-client-5.25.0.jar:5.25.0]
	at com.rabbitmq.client.impl.AMQConnection.readFrame(AMQConnection.java:761) ~[amqp-client-5.25.0.jar:5.25.0]
	at com.rabbitmq.client.impl.AMQConnection.access$400(AMQConnection.java:48) ~[amqp-client-5.25.0.jar:5.25.0]
	at com.rabbitmq.client.impl.AMQConnection$MainLoop.run(AMQConnection.java:688) ~[amqp-client-5.25.0.jar:5.25.0]
	... 1 common frames omitted

2025-11-24T22:37:51.866+05:30  WARN 74399 --- [order-service] [springCloudBus.anonymous.8N74X9lwRiehREOImpPZrg-29] [                                                 ] o.s.a.r.listener.BlockingQueueConsumer   : Failed to declare queue: springCloudBus.anonymous.8N74X9lwRiehREOImpPZrg
2025-11-24T22:37:51.866+05:30  WARN 74399 --- [order-service] [springCloudBus.anonymous.8N74X9lwRiehREOImpPZrg-29] [                                                 ] o.s.a.r.listener.BlockingQueueConsumer   : Queue declaration failed; retries left=2

org.springframework.amqp.rabbit.listener.BlockingQueueConsumer$DeclarationException: Failed to declare queue(s):[springCloudBus.anonymous.8N74X9lwRiehREOImpPZrg]
	at org.springframework.amqp.rabbit.listener.BlockingQueueConsumer.attemptPassiveDeclarations(BlockingQueueConsumer.java:772) ~[spring-rabbit-3.2.8.jar:3.2.8]
	at org.springframework.amqp.rabbit.listener.BlockingQueueConsumer.passiveDeclarations(BlockingQueueConsumer.java:649) ~[spring-rabbit-3.2.8.jar:3.2.8]
	at org.springframework.amqp.rabbit.listener.BlockingQueueConsumer.start(BlockingQueueConsumer.java:636) ~[spring-rabbit-3.2.8.jar:3.2.8]
	at org.springframework.amqp.rabbit.listener.SimpleMessageListenerContainer$AsyncMessageProcessingConsumer.initialize(SimpleMessageListenerContainer.java:1490) ~[spring-rabbit-3.2.8.jar:3.2.8]
	at org.springframework.amqp.rabbit.listener.SimpleMessageListenerContainer$AsyncMessageProcessingConsumer.run(SimpleMessageListenerContainer.java:1328) ~[spring-rabbit-3.2.8.jar:3.2.8]
	at java.base/java.lang.Thread.run(Thread.java:1570) ~[na:na]
Caused by: java.io.IOException: null
	at com.rabbitmq.client.impl.AMQChannel.wrap(AMQChannel.java:140) ~[amqp-client-5.25.0.jar:5.25.0]
	at com.rabbitmq.client.impl.AMQChannel.wrap(AMQChannel.java:136) ~[amqp-client-5.25.0.jar:5.25.0]
	at com.rabbitmq.client.impl.AMQChannel.exnWrappingRpc(AMQChannel.java:158) ~[amqp-client-5.25.0.jar:5.25.0]
	at com.rabbitmq.client.impl.ChannelN.queueDeclarePassive(ChannelN.java:1033) ~[amqp-client-5.25.0.jar:5.25.0]
	at com.rabbitmq.client.impl.ChannelN.queueDeclarePassive(ChannelN.java:47) ~[amqp-client-5.25.0.jar:5.25.0]
	at java.base/jdk.internal.reflect.DirectMethodHandleAccessor.invoke(DirectMethodHandleAccessor.java:103) ~[na:na]
	at java.base/java.lang.reflect.Method.invoke(Method.java:580) ~[na:na]
	at org.springframework.amqp.rabbit.connection.CachingConnectionFactory$CachedChannelInvocationHandler.invoke(CachingConnectionFactory.java:1201) ~[spring-rabbit-3.2.8.jar:3.2.8]
	at jdk.proxy2/jdk.proxy2.$Proxy230.queueDeclarePassive(Unknown Source) ~[na:na]
	at org.springframework.amqp.rabbit.listener.BlockingQueueConsumer.attemptPassiveDeclarations(BlockingQueueConsumer.java:750) ~[spring-rabbit-3.2.8.jar:3.2.8]
	... 5 common frames omitted
Caused by: com.rabbitmq.client.ShutdownSignalException: channel error; protocol method: #method<channel.close>(reply-code=404, reply-text=NOT_FOUND - no queue 'springCloudBus.anonymous.8N74X9lwRiehREOImpPZrg' in vhost 'dwtkuyzt', class-id=50, method-id=10)
	at com.rabbitmq.utility.ValueOrException.getValue(ValueOrException.java:66) ~[amqp-client-5.25.0.jar:5.25.0]
	at com.rabbitmq.utility.BlockingValueOrException.uninterruptibleGetValue(BlockingValueOrException.java:36) ~[amqp-client-5.25.0.jar:5.25.0]
	at com.rabbitmq.client.impl.AMQChannel$BlockingRpcContinuation.getReply(AMQChannel.java:552) ~[amqp-client-5.25.0.jar:5.25.0]
	at com.rabbitmq.client.impl.AMQChannel.privateRpc(AMQChannel.java:316) ~[amqp-client-5.25.0.jar:5.25.0]
	at com.rabbitmq.client.impl.AMQChannel.exnWrappingRpc(AMQChannel.java:152) ~[amqp-client-5.25.0.jar:5.25.0]
	... 12 common frames omitted
Caused by: com.rabbitmq.client.ShutdownSignalException: channel error; protocol method: #method<channel.close>(reply-code=404, reply-text=NOT_FOUND - no queue 'springCloudBus.anonymous.8N74X9lwRiehREOImpPZrg' in vhost 'dwtkuyzt', class-id=50, method-id=10)
	at com.rabbitmq.client.impl.ChannelN.asyncShutdown(ChannelN.java:528) ~[amqp-client-5.25.0.jar:5.25.0]
	at com.rabbitmq.client.impl.ChannelN.processAsync(ChannelN.java:349) ~[amqp-client-5.25.0.jar:5.25.0]
	at com.rabbitmq.client.impl.AMQChannel.handleCompleteInboundCommand(AMQChannel.java:193) ~[amqp-client-5.25.0.jar:5.25.0]
	at com.rabbitmq.client.impl.AMQChannel.handleFrame(AMQChannel.java:125) ~[amqp-client-5.25.0.jar:5.25.0]
	at com.rabbitmq.client.impl.AMQConnection.readFrame(AMQConnection.java:761) ~[amqp-client-5.25.0.jar:5.25.0]
	at com.rabbitmq.client.impl.AMQConnection.access$400(AMQConnection.java:48) ~[amqp-client-5.25.0.jar:5.25.0]
	at com.rabbitmq.client.impl.AMQConnection$MainLoop.run(AMQConnection.java:688) ~[amqp-client-5.25.0.jar:5.25.0]
	... 1 common frames omitted

2025-11-24T22:37:57.405+05:30  WARN 74399 --- [order-service] [springCloudBus.anonymous.8N74X9lwRiehREOImpPZrg-29] [                                                 ] o.s.a.r.listener.BlockingQueueConsumer   : Failed to declare queue: springCloudBus.anonymous.8N74X9lwRiehREOImpPZrg
2025-11-24T22:37:57.406+05:30  WARN 74399 --- [order-service] [springCloudBus.anonymous.8N74X9lwRiehREOImpPZrg-29] [                                                 ] o.s.a.r.listener.BlockingQueueConsumer   : Queue declaration failed; retries left=1

org.springframework.amqp.rabbit.listener.BlockingQueueConsumer$DeclarationException: Failed to declare queue(s):[springCloudBus.anonymous.8N74X9lwRiehREOImpPZrg]
	at org.springframework.amqp.rabbit.listener.BlockingQueueConsumer.attemptPassiveDeclarations(BlockingQueueConsumer.java:772) ~[spring-rabbit-3.2.8.jar:3.2.8]
	at org.springframework.amqp.rabbit.listener.BlockingQueueConsumer.passiveDeclarations(BlockingQueueConsumer.java:649) ~[spring-rabbit-3.2.8.jar:3.2.8]
	at org.springframework.amqp.rabbit.listener.BlockingQueueConsumer.start(BlockingQueueConsumer.java:636) ~[spring-rabbit-3.2.8.jar:3.2.8]
	at org.springframework.amqp.rabbit.listener.SimpleMessageListenerContainer$AsyncMessageProcessingConsumer.initialize(SimpleMessageListenerContainer.java:1490) ~[spring-rabbit-3.2.8.jar:3.2.8]
	at org.springframework.amqp.rabbit.listener.SimpleMessageListenerContainer$AsyncMessageProcessingConsumer.run(SimpleMessageListenerContainer.java:1328) ~[spring-rabbit-3.2.8.jar:3.2.8]
	at java.base/java.lang.Thread.run(Thread.java:1570) ~[na:na]
Caused by: java.io.IOException: null
	at com.rabbitmq.client.impl.AMQChannel.wrap(AMQChannel.java:140) ~[amqp-client-5.25.0.jar:5.25.0]
	at com.rabbitmq.client.impl.AMQChannel.wrap(AMQChannel.java:136) ~[amqp-client-5.25.0.jar:5.25.0]
	at com.rabbitmq.client.impl.AMQChannel.exnWrappingRpc(AMQChannel.java:158) ~[amqp-client-5.25.0.jar:5.25.0]
	at com.rabbitmq.client.impl.ChannelN.queueDeclarePassive(ChannelN.java:1033) ~[amqp-client-5.25.0.jar:5.25.0]
	at com.rabbitmq.client.impl.ChannelN.queueDeclarePassive(ChannelN.java:47) ~[amqp-client-5.25.0.jar:5.25.0]
	at java.base/jdk.internal.reflect.DirectMethodHandleAccessor.invoke(DirectMethodHandleAccessor.java:103) ~[na:na]
	at java.base/java.lang.reflect.Method.invoke(Method.java:580) ~[na:na]
	at org.springframework.amqp.rabbit.connection.CachingConnectionFactory$CachedChannelInvocationHandler.invoke(CachingConnectionFactory.java:1201) ~[spring-rabbit-3.2.8.jar:3.2.8]
	at jdk.proxy2/jdk.proxy2.$Proxy230.queueDeclarePassive(Unknown Source) ~[na:na]
	at org.springframework.amqp.rabbit.listener.BlockingQueueConsumer.attemptPassiveDeclarations(BlockingQueueConsumer.java:750) ~[spring-rabbit-3.2.8.jar:3.2.8]
	... 5 common frames omitted
Caused by: com.rabbitmq.client.ShutdownSignalException: channel error; protocol method: #method<channel.close>(reply-code=404, reply-text=NOT_FOUND - no queue 'springCloudBus.anonymous.8N74X9lwRiehREOImpPZrg' in vhost 'dwtkuyzt', class-id=50, method-id=10)
	at com.rabbitmq.utility.ValueOrException.getValue(ValueOrException.java:66) ~[amqp-client-5.25.0.jar:5.25.0]
	at com.rabbitmq.utility.BlockingValueOrException.uninterruptibleGetValue(BlockingValueOrException.java:36) ~[amqp-client-5.25.0.jar:5.25.0]
	at com.rabbitmq.client.impl.AMQChannel$BlockingRpcContinuation.getReply(AMQChannel.java:552) ~[amqp-client-5.25.0.jar:5.25.0]
	at com.rabbitmq.client.impl.AMQChannel.privateRpc(AMQChannel.java:316) ~[amqp-client-5.25.0.jar:5.25.0]
	at com.rabbitmq.client.impl.AMQChannel.exnWrappingRpc(AMQChannel.java:152) ~[amqp-client-5.25.0.jar:5.25.0]
	... 12 common frames omitted
Caused by: com.rabbitmq.client.ShutdownSignalException: channel error; protocol method: #method<channel.close>(reply-code=404, reply-text=NOT_FOUND - no queue 'springCloudBus.anonymous.8N74X9lwRiehREOImpPZrg' in vhost 'dwtkuyzt', class-id=50, method-id=10)
	at com.rabbitmq.client.impl.ChannelN.asyncShutdown(ChannelN.java:528) ~[amqp-client-5.25.0.jar:5.25.0]
	at com.rabbitmq.client.impl.ChannelN.processAsync(ChannelN.java:349) ~[amqp-client-5.25.0.jar:5.25.0]
	at com.rabbitmq.client.impl.AMQChannel.handleCompleteInboundCommand(AMQChannel.java:193) ~[amqp-client-5.25.0.jar:5.25.0]
	at com.rabbitmq.client.impl.AMQChannel.handleFrame(AMQChannel.java:125) ~[amqp-client-5.25.0.jar:5.25.0]
	at com.rabbitmq.client.impl.AMQConnection.readFrame(AMQConnection.java:761) ~[amqp-client-5.25.0.jar:5.25.0]
	at com.rabbitmq.client.impl.AMQConnection.access$400(AMQConnection.java:48) ~[amqp-client-5.25.0.jar:5.25.0]
	at com.rabbitmq.client.impl.AMQConnection$MainLoop.run(AMQConnection.java:688) ~[amqp-client-5.25.0.jar:5.25.0]
	... 1 common frames omitted

2025-11-24T22:38:02.940+05:30  WARN 74399 --- [order-service] [springCloudBus.anonymous.8N74X9lwRiehREOImpPZrg-29] [                                                 ] o.s.a.r.listener.BlockingQueueConsumer   : Failed to declare queue: springCloudBus.anonymous.8N74X9lwRiehREOImpPZrg
2025-11-24T22:38:08.018+05:30 ERROR 74399 --- [order-service] [springCloudBus.anonymous.8N74X9lwRiehREOImpPZrg-29] [                                                 ] o.s.a.r.l.SimpleMessageListenerContainer : Consumer threw missing queues exception, fatal=false

org.springframework.amqp.rabbit.listener.QueuesNotAvailableException: Cannot prepare queue for listener. Either the queue doesn't exist or the broker will not allow us to use it.
	at org.springframework.amqp.rabbit.listener.BlockingQueueConsumer.handleDeclarationException(BlockingQueueConsumer.java:722) ~[spring-rabbit-3.2.8.jar:3.2.8]
	at org.springframework.amqp.rabbit.listener.BlockingQueueConsumer.passiveDeclarations(BlockingQueueConsumer.java:656) ~[spring-rabbit-3.2.8.jar:3.2.8]
	at org.springframework.amqp.rabbit.listener.BlockingQueueConsumer.start(BlockingQueueConsumer.java:636) ~[spring-rabbit-3.2.8.jar:3.2.8]
	at org.springframework.amqp.rabbit.listener.SimpleMessageListenerContainer$AsyncMessageProcessingConsumer.initialize(SimpleMessageListenerContainer.java:1490) ~[spring-rabbit-3.2.8.jar:3.2.8]
	at org.springframework.amqp.rabbit.listener.SimpleMessageListenerContainer$AsyncMessageProcessingConsumer.run(SimpleMessageListenerContainer.java:1328) ~[spring-rabbit-3.2.8.jar:3.2.8]
	at java.base/java.lang.Thread.run(Thread.java:1570) ~[na:na]
Caused by: org.springframework.amqp.rabbit.listener.BlockingQueueConsumer$DeclarationException: Failed to declare queue(s):[springCloudBus.anonymous.8N74X9lwRiehREOImpPZrg]
	at org.springframework.amqp.rabbit.listener.BlockingQueueConsumer.attemptPassiveDeclarations(BlockingQueueConsumer.java:772) ~[spring-rabbit-3.2.8.jar:3.2.8]
	at org.springframework.amqp.rabbit.listener.BlockingQueueConsumer.passiveDeclarations(BlockingQueueConsumer.java:649) ~[spring-rabbit-3.2.8.jar:3.2.8]
	... 4 common frames omitted
Caused by: java.io.IOException: null
	at com.rabbitmq.client.impl.AMQChannel.wrap(AMQChannel.java:140) ~[amqp-client-5.25.0.jar:5.25.0]
	at com.rabbitmq.client.impl.AMQChannel.wrap(AMQChannel.java:136) ~[amqp-client-5.25.0.jar:5.25.0]
	at com.rabbitmq.client.impl.AMQChannel.exnWrappingRpc(AMQChannel.java:158) ~[amqp-client-5.25.0.jar:5.25.0]
	at com.rabbitmq.client.impl.ChannelN.queueDeclarePassive(ChannelN.java:1033) ~[amqp-client-5.25.0.jar:5.25.0]
	at com.rabbitmq.client.impl.ChannelN.queueDeclarePassive(ChannelN.java:47) ~[amqp-client-5.25.0.jar:5.25.0]
	at java.base/jdk.internal.reflect.DirectMethodHandleAccessor.invoke(DirectMethodHandleAccessor.java:103) ~[na:na]
	at java.base/java.lang.reflect.Method.invoke(Method.java:580) ~[na:na]
	at org.springframework.amqp.rabbit.connection.CachingConnectionFactory$CachedChannelInvocationHandler.invoke(CachingConnectionFactory.java:1201) ~[spring-rabbit-3.2.8.jar:3.2.8]
	at jdk.proxy2/jdk.proxy2.$Proxy230.queueDeclarePassive(Unknown Source) ~[na:na]
	at org.springframework.amqp.rabbit.listener.BlockingQueueConsumer.attemptPassiveDeclarations(BlockingQueueConsumer.java:750) ~[spring-rabbit-3.2.8.jar:3.2.8]
	... 5 common frames omitted
Caused by: com.rabbitmq.client.ShutdownSignalException: channel error; protocol method: #method<channel.close>(reply-code=404, reply-text=NOT_FOUND - no queue 'springCloudBus.anonymous.8N74X9lwRiehREOImpPZrg' in vhost 'dwtkuyzt', class-id=50, method-id=10)
	at com.rabbitmq.utility.ValueOrException.getValue(ValueOrException.java:66) ~[amqp-client-5.25.0.jar:5.25.0]
	at com.rabbitmq.utility.BlockingValueOrException.uninterruptibleGetValue(BlockingValueOrException.java:36) ~[amqp-client-5.25.0.jar:5.25.0]
	at com.rabbitmq.client.impl.AMQChannel$BlockingRpcContinuation.getReply(AMQChannel.java:552) ~[amqp-client-5.25.0.jar:5.25.0]
	at com.rabbitmq.client.impl.AMQChannel.privateRpc(AMQChannel.java:316) ~[amqp-client-5.25.0.jar:5.25.0]
	at com.rabbitmq.client.impl.AMQChannel.exnWrappingRpc(AMQChannel.java:152) ~[amqp-client-5.25.0.jar:5.25.0]
	... 12 common frames omitted
Caused by: com.rabbitmq.client.ShutdownSignalException: channel error; protocol method: #method<channel.close>(reply-code=404, reply-text=NOT_FOUND - no queue 'springCloudBus.anonymous.8N74X9lwRiehREOImpPZrg' in vhost 'dwtkuyzt', class-id=50, method-id=10)
	at com.rabbitmq.client.impl.ChannelN.asyncShutdown(ChannelN.java:528) ~[amqp-client-5.25.0.jar:5.25.0]
	at com.rabbitmq.client.impl.ChannelN.processAsync(ChannelN.java:349) ~[amqp-client-5.25.0.jar:5.25.0]
	at com.rabbitmq.client.impl.AMQChannel.handleCompleteInboundCommand(AMQChannel.java:193) ~[amqp-client-5.25.0.jar:5.25.0]
	at com.rabbitmq.client.impl.AMQChannel.handleFrame(AMQChannel.java:125) ~[amqp-client-5.25.0.jar:5.25.0]
	at com.rabbitmq.client.impl.AMQConnection.readFrame(AMQConnection.java:761) ~[amqp-client-5.25.0.jar:5.25.0]
	at com.rabbitmq.client.impl.AMQConnection.access$400(AMQConnection.java:48) ~[amqp-client-5.25.0.jar:5.25.0]
	at com.rabbitmq.client.impl.AMQConnection$MainLoop.run(AMQConnection.java:688) ~[amqp-client-5.25.0.jar:5.25.0]
	... 1 common frames omitted

2025-11-24T22:38:08.027+05:30  INFO 74399 --- [order-service] [springCloudBus.anonymous.8N74X9lwRiehREOImpPZrg-29] [                                                 ] o.s.a.r.l.SimpleMessageListenerContainer : Restarting Consumer@77c999a3: tags=[[]], channel=Cached Rabbit Channel: AMQChannel(amqp://dwtkuyzt@35.153.225.39:5672/dwtkuyzt,1), conn: Proxy@63e64174 Shared Rabbit Connection: SimpleConnection@718c61c0 [delegate=amqp://dwtkuyzt@35.153.225.39:5672/dwtkuyzt, localPort=61556], acknowledgeMode=AUTO local queue size=0
2025-11-24T22:38:09.100+05:30  WARN 74399 --- [order-service] [springCloudBus.anonymous.8N74X9lwRiehREOImpPZrg-30] [                                                 ] o.s.a.r.listener.BlockingQueueConsumer   : Failed to declare queue: springCloudBus.anonymous.8N74X9lwRiehREOImpPZrg
2025-11-24T22:38:09.100+05:30  WARN 74399 --- [order-service] [springCloudBus.anonymous.8N74X9lwRiehREOImpPZrg-30] [                                                 ] o.s.a.r.listener.BlockingQueueConsumer   : Queue declaration failed; retries left=3

org.springframework.amqp.rabbit.listener.BlockingQueueConsumer$DeclarationException: Failed to declare queue(s):[springCloudBus.anonymous.8N74X9lwRiehREOImpPZrg]
	at org.springframework.amqp.rabbit.listener.BlockingQueueConsumer.attemptPassiveDeclarations(BlockingQueueConsumer.java:772) ~[spring-rabbit-3.2.8.jar:3.2.8]
	at org.springframework.amqp.rabbit.listener.BlockingQueueConsumer.passiveDeclarations(BlockingQueueConsumer.java:649) ~[spring-rabbit-3.2.8.jar:3.2.8]
	at org.springframework.amqp.rabbit.listener.BlockingQueueConsumer.start(BlockingQueueConsumer.java:636) ~[spring-rabbit-3.2.8.jar:3.2.8]
	at org.springframework.amqp.rabbit.listener.SimpleMessageListenerContainer$AsyncMessageProcessingConsumer.initialize(SimpleMessageListenerContainer.java:1490) ~[spring-rabbit-3.2.8.jar:3.2.8]
	at org.springframework.amqp.rabbit.listener.SimpleMessageListenerContainer$AsyncMessageProcessingConsumer.run(SimpleMessageListenerContainer.java:1328) ~[spring-rabbit-3.2.8.jar:3.2.8]
	at java.base/java.lang.Thread.run(Thread.java:1570) ~[na:na]
Caused by: java.io.IOException: null
	at com.rabbitmq.client.impl.AMQChannel.wrap(AMQChannel.java:140) ~[amqp-client-5.25.0.jar:5.25.0]
	at com.rabbitmq.client.impl.AMQChannel.wrap(AMQChannel.java:136) ~[amqp-client-5.25.0.jar:5.25.0]
	at com.rabbitmq.client.impl.AMQChannel.exnWrappingRpc(AMQChannel.java:158) ~[amqp-client-5.25.0.jar:5.25.0]
	at com.rabbitmq.client.impl.ChannelN.queueDeclarePassive(ChannelN.java:1033) ~[amqp-client-5.25.0.jar:5.25.0]
	at com.rabbitmq.client.impl.ChannelN.queueDeclarePassive(ChannelN.java:47) ~[amqp-client-5.25.0.jar:5.25.0]
	at java.base/jdk.internal.reflect.DirectMethodHandleAccessor.invoke(DirectMethodHandleAccessor.java:103) ~[na:na]
	at java.base/java.lang.reflect.Method.invoke(Method.java:580) ~[na:na]
	at org.springframework.amqp.rabbit.connection.CachingConnectionFactory$CachedChannelInvocationHandler.invoke(CachingConnectionFactory.java:1201) ~[spring-rabbit-3.2.8.jar:3.2.8]
	at jdk.proxy2/jdk.proxy2.$Proxy230.queueDeclarePassive(Unknown Source) ~[na:na]
	at org.springframework.amqp.rabbit.listener.BlockingQueueConsumer.attemptPassiveDeclarations(BlockingQueueConsumer.java:750) ~[spring-rabbit-3.2.8.jar:3.2.8]
	... 5 common frames omitted
Caused by: com.rabbitmq.client.ShutdownSignalException: channel error; protocol method: #method<channel.close>(reply-code=404, reply-text=NOT_FOUND - no queue 'springCloudBus.anonymous.8N74X9lwRiehREOImpPZrg' in vhost 'dwtkuyzt', class-id=50, method-id=10)
	at com.rabbitmq.utility.ValueOrException.getValue(ValueOrException.java:66) ~[amqp-client-5.25.0.jar:5.25.0]
	at com.rabbitmq.utility.BlockingValueOrException.uninterruptibleGetValue(BlockingValueOrException.java:36) ~[amqp-client-5.25.0.jar:5.25.0]
	at com.rabbitmq.client.impl.AMQChannel$BlockingRpcContinuation.getReply(AMQChannel.java:552) ~[amqp-client-5.25.0.jar:5.25.0]
	at com.rabbitmq.client.impl.AMQChannel.privateRpc(AMQChannel.java:316) ~[amqp-client-5.25.0.jar:5.25.0]
	at com.rabbitmq.client.impl.AMQChannel.exnWrappingRpc(AMQChannel.java:152) ~[amqp-client-5.25.0.jar:5.25.0]
	... 12 common frames omitted
Caused by: com.rabbitmq.client.ShutdownSignalException: channel error; protocol method: #method<channel.close>(reply-code=404, reply-text=NOT_FOUND - no queue 'springCloudBus.anonymous.8N74X9lwRiehREOImpPZrg' in vhost 'dwtkuyzt', class-id=50, method-id=10)
	at com.rabbitmq.client.impl.ChannelN.asyncShutdown(ChannelN.java:528) ~[amqp-client-5.25.0.jar:5.25.0]
	at com.rabbitmq.client.impl.ChannelN.processAsync(ChannelN.java:349) ~[amqp-client-5.25.0.jar:5.25.0]
	at com.rabbitmq.client.impl.AMQChannel.handleCompleteInboundCommand(AMQChannel.java:193) ~[amqp-client-5.25.0.jar:5.25.0]
	at com.rabbitmq.client.impl.AMQChannel.handleFrame(AMQChannel.java:125) ~[amqp-client-5.25.0.jar:5.25.0]
	at com.rabbitmq.client.impl.AMQConnection.readFrame(AMQConnection.java:761) ~[amqp-client-5.25.0.jar:5.25.0]
	at com.rabbitmq.client.impl.AMQConnection.access$400(AMQConnection.java:48) ~[amqp-client-5.25.0.jar:5.25.0]
	at com.rabbitmq.client.impl.AMQConnection$MainLoop.run(AMQConnection.java:688) ~[amqp-client-5.25.0.jar:5.25.0]
	... 1 common frames omitted

2025-11-24T22:38:14.635+05:30  WARN 74399 --- [order-service] [springCloudBus.anonymous.8N74X9lwRiehREOImpPZrg-30] [                                                 ] o.s.a.r.listener.BlockingQueueConsumer   : Failed to declare queue: springCloudBus.anonymous.8N74X9lwRiehREOImpPZrg
2025-11-24T22:38:14.636+05:30  WARN 74399 --- [order-service] [springCloudBus.anonymous.8N74X9lwRiehREOImpPZrg-30] [                                                 ] o.s.a.r.listener.BlockingQueueConsumer   : Queue declaration failed; retries left=2

org.springframework.amqp.rabbit.listener.BlockingQueueConsumer$DeclarationException: Failed to declare queue(s):[springCloudBus.anonymous.8N74X9lwRiehREOImpPZrg]
	at org.springframework.amqp.rabbit.listener.BlockingQueueConsumer.attemptPassiveDeclarations(BlockingQueueConsumer.java:772) ~[spring-rabbit-3.2.8.jar:3.2.8]
	at org.springframework.amqp.rabbit.listener.BlockingQueueConsumer.passiveDeclarations(BlockingQueueConsumer.java:649) ~[spring-rabbit-3.2.8.jar:3.2.8]
	at org.springframework.amqp.rabbit.listener.BlockingQueueConsumer.start(BlockingQueueConsumer.java:636) ~[spring-rabbit-3.2.8.jar:3.2.8]
	at org.springframework.amqp.rabbit.listener.SimpleMessageListenerContainer$AsyncMessageProcessingConsumer.initialize(SimpleMessageListenerContainer.java:1490) ~[spring-rabbit-3.2.8.jar:3.2.8]
	at org.springframework.amqp.rabbit.listener.SimpleMessageListenerContainer$AsyncMessageProcessingConsumer.run(SimpleMessageListenerContainer.java:1328) ~[spring-rabbit-3.2.8.jar:3.2.8]
	at java.base/java.lang.Thread.run(Thread.java:1570) ~[na:na]
Caused by: java.io.IOException: null
	at com.rabbitmq.client.impl.AMQChannel.wrap(AMQChannel.java:140) ~[amqp-client-5.25.0.jar:5.25.0]
	at com.rabbitmq.client.impl.AMQChannel.wrap(AMQChannel.java:136) ~[amqp-client-5.25.0.jar:5.25.0]
	at com.rabbitmq.client.impl.AMQChannel.exnWrappingRpc(AMQChannel.java:158) ~[amqp-client-5.25.0.jar:5.25.0]
	at com.rabbitmq.client.impl.ChannelN.queueDeclarePassive(ChannelN.java:1033) ~[amqp-client-5.25.0.jar:5.25.0]
	at com.rabbitmq.client.impl.ChannelN.queueDeclarePassive(ChannelN.java:47) ~[amqp-client-5.25.0.jar:5.25.0]
	at java.base/jdk.internal.reflect.DirectMethodHandleAccessor.invoke(DirectMethodHandleAccessor.java:103) ~[na:na]
	at java.base/java.lang.reflect.Method.invoke(Method.java:580) ~[na:na]
	at org.springframework.amqp.rabbit.connection.CachingConnectionFactory$CachedChannelInvocationHandler.invoke(CachingConnectionFactory.java:1201) ~[spring-rabbit-3.2.8.jar:3.2.8]
	at jdk.proxy2/jdk.proxy2.$Proxy230.queueDeclarePassive(Unknown Source) ~[na:na]
	at org.springframework.amqp.rabbit.listener.BlockingQueueConsumer.attemptPassiveDeclarations(BlockingQueueConsumer.java:750) ~[spring-rabbit-3.2.8.jar:3.2.8]
	... 5 common frames omitted
Caused by: com.rabbitmq.client.ShutdownSignalException: channel error; protocol method: #method<channel.close>(reply-code=404, reply-text=NOT_FOUND - no queue 'springCloudBus.anonymous.8N74X9lwRiehREOImpPZrg' in vhost 'dwtkuyzt', class-id=50, method-id=10)
	at com.rabbitmq.utility.ValueOrException.getValue(ValueOrException.java:66) ~[amqp-client-5.25.0.jar:5.25.0]
	at com.rabbitmq.utility.BlockingValueOrException.uninterruptibleGetValue(BlockingValueOrException.java:36) ~[amqp-client-5.25.0.jar:5.25.0]
	at com.rabbitmq.client.impl.AMQChannel$BlockingRpcContinuation.getReply(AMQChannel.java:552) ~[amqp-client-5.25.0.jar:5.25.0]
	at com.rabbitmq.client.impl.AMQChannel.privateRpc(AMQChannel.java:316) ~[amqp-client-5.25.0.jar:5.25.0]
	at com.rabbitmq.client.impl.AMQChannel.exnWrappingRpc(AMQChannel.java:152) ~[amqp-client-5.25.0.jar:5.25.0]
	... 12 common frames omitted
Caused by: com.rabbitmq.client.ShutdownSignalException: channel error; protocol method: #method<channel.close>(reply-code=404, reply-text=NOT_FOUND - no queue 'springCloudBus.anonymous.8N74X9lwRiehREOImpPZrg' in vhost 'dwtkuyzt', class-id=50, method-id=10)
	at com.rabbitmq.client.impl.ChannelN.asyncShutdown(ChannelN.java:528) ~[amqp-client-5.25.0.jar:5.25.0]
	at com.rabbitmq.client.impl.ChannelN.processAsync(ChannelN.java:349) ~[amqp-client-5.25.0.jar:5.25.0]
	at com.rabbitmq.client.impl.AMQChannel.handleCompleteInboundCommand(AMQChannel.java:193) ~[amqp-client-5.25.0.jar:5.25.0]
	at com.rabbitmq.client.impl.AMQChannel.handleFrame(AMQChannel.java:125) ~[amqp-client-5.25.0.jar:5.25.0]
	at com.rabbitmq.client.impl.AMQConnection.readFrame(AMQConnection.java:761) ~[amqp-client-5.25.0.jar:5.25.0]
	at com.rabbitmq.client.impl.AMQConnection.access$400(AMQConnection.java:48) ~[amqp-client-5.25.0.jar:5.25.0]
	at com.rabbitmq.client.impl.AMQConnection$MainLoop.run(AMQConnection.java:688) ~[amqp-client-5.25.0.jar:5.25.0]
	... 1 common frames omitted

2025-11-24T22:38:20.174+05:30  WARN 74399 --- [order-service] [springCloudBus.anonymous.8N74X9lwRiehREOImpPZrg-30] [                                                 ] o.s.a.r.listener.BlockingQueueConsumer   : Failed to declare queue: springCloudBus.anonymous.8N74X9lwRiehREOImpPZrg
2025-11-24T22:38:20.174+05:30  WARN 74399 --- [order-service] [springCloudBus.anonymous.8N74X9lwRiehREOImpPZrg-30] [                                                 ] o.s.a.r.listener.BlockingQueueConsumer   : Queue declaration failed; retries left=1

org.springframework.amqp.rabbit.listener.BlockingQueueConsumer$DeclarationException: Failed to declare queue(s):[springCloudBus.anonymous.8N74X9lwRiehREOImpPZrg]
	at org.springframework.amqp.rabbit.listener.BlockingQueueConsumer.attemptPassiveDeclarations(BlockingQueueConsumer.java:772) ~[spring-rabbit-3.2.8.jar:3.2.8]
	at org.springframework.amqp.rabbit.listener.BlockingQueueConsumer.passiveDeclarations(BlockingQueueConsumer.java:649) ~[spring-rabbit-3.2.8.jar:3.2.8]
	at org.springframework.amqp.rabbit.listener.BlockingQueueConsumer.start(BlockingQueueConsumer.java:636) ~[spring-rabbit-3.2.8.jar:3.2.8]
	at org.springframework.amqp.rabbit.listener.SimpleMessageListenerContainer$AsyncMessageProcessingConsumer.initialize(SimpleMessageListenerContainer.java:1490) ~[spring-rabbit-3.2.8.jar:3.2.8]
	at org.springframework.amqp.rabbit.listener.SimpleMessageListenerContainer$AsyncMessageProcessingConsumer.run(SimpleMessageListenerContainer.java:1328) ~[spring-rabbit-3.2.8.jar:3.2.8]
	at java.base/java.lang.Thread.run(Thread.java:1570) ~[na:na]
Caused by: java.io.IOException: null
	at com.rabbitmq.client.impl.AMQChannel.wrap(AMQChannel.java:140) ~[amqp-client-5.25.0.jar:5.25.0]
	at com.rabbitmq.client.impl.AMQChannel.wrap(AMQChannel.java:136) ~[amqp-client-5.25.0.jar:5.25.0]
	at com.rabbitmq.client.impl.AMQChannel.exnWrappingRpc(AMQChannel.java:158) ~[amqp-client-5.25.0.jar:5.25.0]
	at com.rabbitmq.client.impl.ChannelN.queueDeclarePassive(ChannelN.java:1033) ~[amqp-client-5.25.0.jar:5.25.0]
	at com.rabbitmq.client.impl.ChannelN.queueDeclarePassive(ChannelN.java:47) ~[amqp-client-5.25.0.jar:5.25.0]
	at java.base/jdk.internal.reflect.DirectMethodHandleAccessor.invoke(DirectMethodHandleAccessor.java:103) ~[na:na]
	at java.base/java.lang.reflect.Method.invoke(Method.java:580) ~[na:na]
	at org.springframework.amqp.rabbit.connection.CachingConnectionFactory$CachedChannelInvocationHandler.invoke(CachingConnectionFactory.java:1201) ~[spring-rabbit-3.2.8.jar:3.2.8]
	at jdk.proxy2/jdk.proxy2.$Proxy230.queueDeclarePassive(Unknown Source) ~[na:na]
	at org.springframework.amqp.rabbit.listener.BlockingQueueConsumer.attemptPassiveDeclarations(BlockingQueueConsumer.java:750) ~[spring-rabbit-3.2.8.jar:3.2.8]
	... 5 common frames omitted
Caused by: com.rabbitmq.client.ShutdownSignalException: channel error; protocol method: #method<channel.close>(reply-code=404, reply-text=NOT_FOUND - no queue 'springCloudBus.anonymous.8N74X9lwRiehREOImpPZrg' in vhost 'dwtkuyzt', class-id=50, method-id=10)
	at com.rabbitmq.utility.ValueOrException.getValue(ValueOrException.java:66) ~[amqp-client-5.25.0.jar:5.25.0]
	at com.rabbitmq.utility.BlockingValueOrException.uninterruptibleGetValue(BlockingValueOrException.java:36) ~[amqp-client-5.25.0.jar:5.25.0]
	at com.rabbitmq.client.impl.AMQChannel$BlockingRpcContinuation.getReply(AMQChannel.java:552) ~[amqp-client-5.25.0.jar:5.25.0]
	at com.rabbitmq.client.impl.AMQChannel.privateRpc(AMQChannel.java:316) ~[amqp-client-5.25.0.jar:5.25.0]
	at com.rabbitmq.client.impl.AMQChannel.exnWrappingRpc(AMQChannel.java:152) ~[amqp-client-5.25.0.jar:5.25.0]
	... 12 common frames omitted
Caused by: com.rabbitmq.client.ShutdownSignalException: channel error; protocol method: #method<channel.close>(reply-code=404, reply-text=NOT_FOUND - no queue 'springCloudBus.anonymous.8N74X9lwRiehREOImpPZrg' in vhost 'dwtkuyzt', class-id=50, method-id=10)
	at com.rabbitmq.client.impl.ChannelN.asyncShutdown(ChannelN.java:528) ~[amqp-client-5.25.0.jar:5.25.0]
	at com.rabbitmq.client.impl.ChannelN.processAsync(ChannelN.java:349) ~[amqp-client-5.25.0.jar:5.25.0]
	at com.rabbitmq.client.impl.AMQChannel.handleCompleteInboundCommand(AMQChannel.java:193) ~[amqp-client-5.25.0.jar:5.25.0]
	at com.rabbitmq.client.impl.AMQChannel.handleFrame(AMQChannel.java:125) ~[amqp-client-5.25.0.jar:5.25.0]
	at com.rabbitmq.client.impl.AMQConnection.readFrame(AMQConnection.java:761) ~[amqp-client-5.25.0.jar:5.25.0]
	at com.rabbitmq.client.impl.AMQConnection.access$400(AMQConnection.java:48) ~[amqp-client-5.25.0.jar:5.25.0]
	at com.rabbitmq.client.impl.AMQConnection$MainLoop.run(AMQConnection.java:688) ~[amqp-client-5.25.0.jar:5.25.0]
	... 1 common frames omitted

2025-11-24T22:38:25.711+05:30  WARN 74399 --- [order-service] [springCloudBus.anonymous.8N74X9lwRiehREOImpPZrg-30] [                                                 ] o.s.a.r.listener.BlockingQueueConsumer   : Failed to declare queue: springCloudBus.anonymous.8N74X9lwRiehREOImpPZrg
2025-11-24T22:38:30.797+05:30 ERROR 74399 --- [order-service] [springCloudBus.anonymous.8N74X9lwRiehREOImpPZrg-30] [                                                 ] o.s.a.r.l.SimpleMessageListenerContainer : Consumer threw missing queues exception, fatal=false

org.springframework.amqp.rabbit.listener.QueuesNotAvailableException: Cannot prepare queue for listener. Either the queue doesn't exist or the broker will not allow us to use it.
	at org.springframework.amqp.rabbit.listener.BlockingQueueConsumer.handleDeclarationException(BlockingQueueConsumer.java:722) ~[spring-rabbit-3.2.8.jar:3.2.8]
	at org.springframework.amqp.rabbit.listener.BlockingQueueConsumer.passiveDeclarations(BlockingQueueConsumer.java:656) ~[spring-rabbit-3.2.8.jar:3.2.8]
	at org.springframework.amqp.rabbit.listener.BlockingQueueConsumer.start(BlockingQueueConsumer.java:636) ~[spring-rabbit-3.2.8.jar:3.2.8]
	at org.springframework.amqp.rabbit.listener.SimpleMessageListenerContainer$AsyncMessageProcessingConsumer.initialize(SimpleMessageListenerContainer.java:1490) ~[spring-rabbit-3.2.8.jar:3.2.8]
	at org.springframework.amqp.rabbit.listener.SimpleMessageListenerContainer$AsyncMessageProcessingConsumer.run(SimpleMessageListenerContainer.java:1328) ~[spring-rabbit-3.2.8.jar:3.2.8]
	at java.base/java.lang.Thread.run(Thread.java:1570) ~[na:na]
Caused by: org.springframework.amqp.rabbit.listener.BlockingQueueConsumer$DeclarationException: Failed to declare queue(s):[springCloudBus.anonymous.8N74X9lwRiehREOImpPZrg]
	at org.springframework.amqp.rabbit.listener.BlockingQueueConsumer.attemptPassiveDeclarations(BlockingQueueConsumer.java:772) ~[spring-rabbit-3.2.8.jar:3.2.8]
	at org.springframework.amqp.rabbit.listener.BlockingQueueConsumer.passiveDeclarations(BlockingQueueConsumer.java:649) ~[spring-rabbit-3.2.8.jar:3.2.8]
	... 4 common frames omitted
Caused by: java.io.IOException: null
	at com.rabbitmq.client.impl.AMQChannel.wrap(AMQChannel.java:140) ~[amqp-client-5.25.0.jar:5.25.0]
	at com.rabbitmq.client.impl.AMQChannel.wrap(AMQChannel.java:136) ~[amqp-client-5.25.0.jar:5.25.0]
	at com.rabbitmq.client.impl.AMQChannel.exnWrappingRpc(AMQChannel.java:158) ~[amqp-client-5.25.0.jar:5.25.0]
	at com.rabbitmq.client.impl.ChannelN.queueDeclarePassive(ChannelN.java:1033) ~[amqp-client-5.25.0.jar:5.25.0]
	at com.rabbitmq.client.impl.ChannelN.queueDeclarePassive(ChannelN.java:47) ~[amqp-client-5.25.0.jar:5.25.0]
	at java.base/jdk.internal.reflect.DirectMethodHandleAccessor.invoke(DirectMethodHandleAccessor.java:103) ~[na:na]
	at java.base/java.lang.reflect.Method.invoke(Method.java:580) ~[na:na]
	at org.springframework.amqp.rabbit.connection.CachingConnectionFactory$CachedChannelInvocationHandler.invoke(CachingConnectionFactory.java:1201) ~[spring-rabbit-3.2.8.jar:3.2.8]
	at jdk.proxy2/jdk.proxy2.$Proxy230.queueDeclarePassive(Unknown Source) ~[na:na]
	at org.springframework.amqp.rabbit.listener.BlockingQueueConsumer.attemptPassiveDeclarations(BlockingQueueConsumer.java:750) ~[spring-rabbit-3.2.8.jar:3.2.8]
	... 5 common frames omitted
Caused by: com.rabbitmq.client.ShutdownSignalException: channel error; protocol method: #method<channel.close>(reply-code=404, reply-text=NOT_FOUND - no queue 'springCloudBus.anonymous.8N74X9lwRiehREOImpPZrg' in vhost 'dwtkuyzt', class-id=50, method-id=10)
	at com.rabbitmq.utility.ValueOrException.getValue(ValueOrException.java:66) ~[amqp-client-5.25.0.jar:5.25.0]
	at com.rabbitmq.utility.BlockingValueOrException.uninterruptibleGetValue(BlockingValueOrException.java:36) ~[amqp-client-5.25.0.jar:5.25.0]
	at com.rabbitmq.client.impl.AMQChannel$BlockingRpcContinuation.getReply(AMQChannel.java:552) ~[amqp-client-5.25.0.jar:5.25.0]
	at com.rabbitmq.client.impl.AMQChannel.privateRpc(AMQChannel.java:316) ~[amqp-client-5.25.0.jar:5.25.0]
	at com.rabbitmq.client.impl.AMQChannel.exnWrappingRpc(AMQChannel.java:152) ~[amqp-client-5.25.0.jar:5.25.0]
	... 12 common frames omitted
Caused by: com.rabbitmq.client.ShutdownSignalException: channel error; protocol method: #method<channel.close>(reply-code=404, reply-text=NOT_FOUND - no queue 'springCloudBus.anonymous.8N74X9lwRiehREOImpPZrg' in vhost 'dwtkuyzt', class-id=50, method-id=10)
	at com.rabbitmq.client.impl.ChannelN.asyncShutdown(ChannelN.java:528) ~[amqp-client-5.25.0.jar:5.25.0]
	at com.rabbitmq.client.impl.ChannelN.processAsync(ChannelN.java:349) ~[amqp-client-5.25.0.jar:5.25.0]
	at com.rabbitmq.client.impl.AMQChannel.handleCompleteInboundCommand(AMQChannel.java:193) ~[amqp-client-5.25.0.jar:5.25.0]
	at com.rabbitmq.client.impl.AMQChannel.handleFrame(AMQChannel.java:125) ~[amqp-client-5.25.0.jar:5.25.0]
	at com.rabbitmq.client.impl.AMQConnection.readFrame(AMQConnection.java:761) ~[amqp-client-5.25.0.jar:5.25.0]
	at com.rabbitmq.client.impl.AMQConnection.access$400(AMQConnection.java:48) ~[amqp-client-5.25.0.jar:5.25.0]
	at com.rabbitmq.client.impl.AMQConnection$MainLoop.run(AMQConnection.java:688) ~[amqp-client-5.25.0.jar:5.25.0]
	... 1 common frames omitted

2025-11-24T22:38:30.800+05:30  INFO 74399 --- [order-service] [springCloudBus.anonymous.8N74X9lwRiehREOImpPZrg-30] [                                                 ] o.s.a.r.l.SimpleMessageListenerContainer : Restarting Consumer@40ff0333: tags=[[]], channel=Cached Rabbit Channel: AMQChannel(amqp://dwtkuyzt@35.153.225.39:5672/dwtkuyzt,1), conn: Proxy@63e64174 Shared Rabbit Connection: SimpleConnection@718c61c0 [delegate=amqp://dwtkuyzt@35.153.225.39:5672/dwtkuyzt, localPort=61556], acknowledgeMode=AUTO local queue size=0
2025-11-24T22:38:31.876+05:30  WARN 74399 --- [order-service] [springCloudBus.anonymous.8N74X9lwRiehREOImpPZrg-31] [                                                 ] o.s.a.r.listener.BlockingQueueConsumer   : Failed to declare queue: springCloudBus.anonymous.8N74X9lwRiehREOImpPZrg
2025-11-24T22:38:31.877+05:30  WARN 74399 --- [order-service] [springCloudBus.anonymous.8N74X9lwRiehREOImpPZrg-31] [                                                 ] o.s.a.r.listener.BlockingQueueConsumer   : Queue declaration failed; retries left=3

org.springframework.amqp.rabbit.listener.BlockingQueueConsumer$DeclarationException: Failed to declare queue(s):[springCloudBus.anonymous.8N74X9lwRiehREOImpPZrg]
	at org.springframework.amqp.rabbit.listener.BlockingQueueConsumer.attemptPassiveDeclarations(BlockingQueueConsumer.java:772) ~[spring-rabbit-3.2.8.jar:3.2.8]
	at org.springframework.amqp.rabbit.listener.BlockingQueueConsumer.passiveDeclarations(BlockingQueueConsumer.java:649) ~[spring-rabbit-3.2.8.jar:3.2.8]
	at org.springframework.amqp.rabbit.listener.BlockingQueueConsumer.start(BlockingQueueConsumer.java:636) ~[spring-rabbit-3.2.8.jar:3.2.8]
	at org.springframework.amqp.rabbit.listener.SimpleMessageListenerContainer$AsyncMessageProcessingConsumer.initialize(SimpleMessageListenerContainer.java:1490) ~[spring-rabbit-3.2.8.jar:3.2.8]
	at org.springframework.amqp.rabbit.listener.SimpleMessageListenerContainer$AsyncMessageProcessingConsumer.run(SimpleMessageListenerContainer.java:1328) ~[spring-rabbit-3.2.8.jar:3.2.8]
	at java.base/java.lang.Thread.run(Thread.java:1570) ~[na:na]
Caused by: java.io.IOException: null
	at com.rabbitmq.client.impl.AMQChannel.wrap(AMQChannel.java:140) ~[amqp-client-5.25.0.jar:5.25.0]
	at com.rabbitmq.client.impl.AMQChannel.wrap(AMQChannel.java:136) ~[amqp-client-5.25.0.jar:5.25.0]
	at com.rabbitmq.client.impl.AMQChannel.exnWrappingRpc(AMQChannel.java:158) ~[amqp-client-5.25.0.jar:5.25.0]
	at com.rabbitmq.client.impl.ChannelN.queueDeclarePassive(ChannelN.java:1033) ~[amqp-client-5.25.0.jar:5.25.0]
	at com.rabbitmq.client.impl.ChannelN.queueDeclarePassive(ChannelN.java:47) ~[amqp-client-5.25.0.jar:5.25.0]
	at java.base/jdk.internal.reflect.DirectMethodHandleAccessor.invoke(DirectMethodHandleAccessor.java:103) ~[na:na]
	at java.base/java.lang.reflect.Method.invoke(Method.java:580) ~[na:na]
	at org.springframework.amqp.rabbit.connection.CachingConnectionFactory$CachedChannelInvocationHandler.invoke(CachingConnectionFactory.java:1201) ~[spring-rabbit-3.2.8.jar:3.2.8]
	at jdk.proxy2/jdk.proxy2.$Proxy230.queueDeclarePassive(Unknown Source) ~[na:na]
	at org.springframework.amqp.rabbit.listener.BlockingQueueConsumer.attemptPassiveDeclarations(BlockingQueueConsumer.java:750) ~[spring-rabbit-3.2.8.jar:3.2.8]
	... 5 common frames omitted
Caused by: com.rabbitmq.client.ShutdownSignalException: channel error; protocol method: #method<channel.close>(reply-code=404, reply-text=NOT_FOUND - no queue 'springCloudBus.anonymous.8N74X9lwRiehREOImpPZrg' in vhost 'dwtkuyzt', class-id=50, method-id=10)
	at com.rabbitmq.utility.ValueOrException.getValue(ValueOrException.java:66) ~[amqp-client-5.25.0.jar:5.25.0]
	at com.rabbitmq.utility.BlockingValueOrException.uninterruptibleGetValue(BlockingValueOrException.java:36) ~[amqp-client-5.25.0.jar:5.25.0]
	at com.rabbitmq.client.impl.AMQChannel$BlockingRpcContinuation.getReply(AMQChannel.java:552) ~[amqp-client-5.25.0.jar:5.25.0]
	at com.rabbitmq.client.impl.AMQChannel.privateRpc(AMQChannel.java:316) ~[amqp-client-5.25.0.jar:5.25.0]
	at com.rabbitmq.client.impl.AMQChannel.exnWrappingRpc(AMQChannel.java:152) ~[amqp-client-5.25.0.jar:5.25.0]
	... 12 common frames omitted
Caused by: com.rabbitmq.client.ShutdownSignalException: channel error; protocol method: #method<channel.close>(reply-code=404, reply-text=NOT_FOUND - no queue 'springCloudBus.anonymous.8N74X9lwRiehREOImpPZrg' in vhost 'dwtkuyzt', class-id=50, method-id=10)
	at com.rabbitmq.client.impl.ChannelN.asyncShutdown(ChannelN.java:528) ~[amqp-client-5.25.0.jar:5.25.0]
	at com.rabbitmq.client.impl.ChannelN.processAsync(ChannelN.java:349) ~[amqp-client-5.25.0.jar:5.25.0]
	at com.rabbitmq.client.impl.AMQChannel.handleCompleteInboundCommand(AMQChannel.java:193) ~[amqp-client-5.25.0.jar:5.25.0]
	at com.rabbitmq.client.impl.AMQChannel.handleFrame(AMQChannel.java:125) ~[amqp-client-5.25.0.jar:5.25.0]
	at com.rabbitmq.client.impl.AMQConnection.readFrame(AMQConnection.java:761) ~[amqp-client-5.25.0.jar:5.25.0]
	at com.rabbitmq.client.impl.AMQConnection.access$400(AMQConnection.java:48) ~[amqp-client-5.25.0.jar:5.25.0]
	at com.rabbitmq.client.impl.AMQConnection$MainLoop.run(AMQConnection.java:688) ~[amqp-client-5.25.0.jar:5.25.0]
	... 1 common frames omitted

2025-11-24T22:38:37.422+05:30  WARN 74399 --- [order-service] [springCloudBus.anonymous.8N74X9lwRiehREOImpPZrg-31] [                                                 ] o.s.a.r.listener.BlockingQueueConsumer   : Failed to declare queue: springCloudBus.anonymous.8N74X9lwRiehREOImpPZrg
2025-11-24T22:38:37.426+05:30  WARN 74399 --- [order-service] [springCloudBus.anonymous.8N74X9lwRiehREOImpPZrg-31] [                                                 ] o.s.a.r.listener.BlockingQueueConsumer   : Queue declaration failed; retries left=2

org.springframework.amqp.rabbit.listener.BlockingQueueConsumer$DeclarationException: Failed to declare queue(s):[springCloudBus.anonymous.8N74X9lwRiehREOImpPZrg]
	at org.springframework.amqp.rabbit.listener.BlockingQueueConsumer.attemptPassiveDeclarations(BlockingQueueConsumer.java:772) ~[spring-rabbit-3.2.8.jar:3.2.8]
	at org.springframework.amqp.rabbit.listener.BlockingQueueConsumer.passiveDeclarations(BlockingQueueConsumer.java:649) ~[spring-rabbit-3.2.8.jar:3.2.8]
	at org.springframework.amqp.rabbit.listener.BlockingQueueConsumer.start(BlockingQueueConsumer.java:636) ~[spring-rabbit-3.2.8.jar:3.2.8]
	at org.springframework.amqp.rabbit.listener.SimpleMessageListenerContainer$AsyncMessageProcessingConsumer.initialize(SimpleMessageListenerContainer.java:1490) ~[spring-rabbit-3.2.8.jar:3.2.8]
	at org.springframework.amqp.rabbit.listener.SimpleMessageListenerContainer$AsyncMessageProcessingConsumer.run(SimpleMessageListenerContainer.java:1328) ~[spring-rabbit-3.2.8.jar:3.2.8]
	at java.base/java.lang.Thread.run(Thread.java:1570) ~[na:na]
Caused by: java.io.IOException: null
	at com.rabbitmq.client.impl.AMQChannel.wrap(AMQChannel.java:140) ~[amqp-client-5.25.0.jar:5.25.0]
	at com.rabbitmq.client.impl.AMQChannel.wrap(AMQChannel.java:136) ~[amqp-client-5.25.0.jar:5.25.0]
	at com.rabbitmq.client.impl.AMQChannel.exnWrappingRpc(AMQChannel.java:158) ~[amqp-client-5.25.0.jar:5.25.0]
	at com.rabbitmq.client.impl.ChannelN.queueDeclarePassive(ChannelN.java:1033) ~[amqp-client-5.25.0.jar:5.25.0]
	at com.rabbitmq.client.impl.ChannelN.queueDeclarePassive(ChannelN.java:47) ~[amqp-client-5.25.0.jar:5.25.0]
	at java.base/jdk.internal.reflect.DirectMethodHandleAccessor.invoke(DirectMethodHandleAccessor.java:103) ~[na:na]
	at java.base/java.lang.reflect.Method.invoke(Method.java:580) ~[na:na]
	at org.springframework.amqp.rabbit.connection.CachingConnectionFactory$CachedChannelInvocationHandler.invoke(CachingConnectionFactory.java:1201) ~[spring-rabbit-3.2.8.jar:3.2.8]
	at jdk.proxy2/jdk.proxy2.$Proxy230.queueDeclarePassive(Unknown Source) ~[na:na]
	at org.springframework.amqp.rabbit.listener.BlockingQueueConsumer.attemptPassiveDeclarations(BlockingQueueConsumer.java:750) ~[spring-rabbit-3.2.8.jar:3.2.8]
	... 5 common frames omitted
Caused by: com.rabbitmq.client.ShutdownSignalException: channel error; protocol method: #method<channel.close>(reply-code=404, reply-text=NOT_FOUND - no queue 'springCloudBus.anonymous.8N74X9lwRiehREOImpPZrg' in vhost 'dwtkuyzt', class-id=50, method-id=10)
	at com.rabbitmq.utility.ValueOrException.getValue(ValueOrException.java:66) ~[amqp-client-5.25.0.jar:5.25.0]
	at com.rabbitmq.utility.BlockingValueOrException.uninterruptibleGetValue(BlockingValueOrException.java:36) ~[amqp-client-5.25.0.jar:5.25.0]
	at com.rabbitmq.client.impl.AMQChannel$BlockingRpcContinuation.getReply(AMQChannel.java:552) ~[amqp-client-5.25.0.jar:5.25.0]
	at com.rabbitmq.client.impl.AMQChannel.privateRpc(AMQChannel.java:316) ~[amqp-client-5.25.0.jar:5.25.0]
	at com.rabbitmq.client.impl.AMQChannel.exnWrappingRpc(AMQChannel.java:152) ~[amqp-client-5.25.0.jar:5.25.0]
	... 12 common frames omitted
Caused by: com.rabbitmq.client.ShutdownSignalException: channel error; protocol method: #method<channel.close>(reply-code=404, reply-text=NOT_FOUND - no queue 'springCloudBus.anonymous.8N74X9lwRiehREOImpPZrg' in vhost 'dwtkuyzt', class-id=50, method-id=10)
	at com.rabbitmq.client.impl.ChannelN.asyncShutdown(ChannelN.java:528) ~[amqp-client-5.25.0.jar:5.25.0]
	at com.rabbitmq.client.impl.ChannelN.processAsync(ChannelN.java:349) ~[amqp-client-5.25.0.jar:5.25.0]
	at com.rabbitmq.client.impl.AMQChannel.handleCompleteInboundCommand(AMQChannel.java:193) ~[amqp-client-5.25.0.jar:5.25.0]
	at com.rabbitmq.client.impl.AMQChannel.handleFrame(AMQChannel.java:125) ~[amqp-client-5.25.0.jar:5.25.0]
	at com.rabbitmq.client.impl.AMQConnection.readFrame(AMQConnection.java:761) ~[amqp-client-5.25.0.jar:5.25.0]
	at com.rabbitmq.client.impl.AMQConnection.access$400(AMQConnection.java:48) ~[amqp-client-5.25.0.jar:5.25.0]
	at com.rabbitmq.client.impl.AMQConnection$MainLoop.run(AMQConnection.java:688) ~[amqp-client-5.25.0.jar:5.25.0]
	... 1 common frames omitted

2025-11-24T22:38:42.965+05:30  WARN 74399 --- [order-service] [springCloudBus.anonymous.8N74X9lwRiehREOImpPZrg-31] [                                                 ] o.s.a.r.listener.BlockingQueueConsumer   : Failed to declare queue: springCloudBus.anonymous.8N74X9lwRiehREOImpPZrg
2025-11-24T22:38:42.966+05:30  WARN 74399 --- [order-service] [springCloudBus.anonymous.8N74X9lwRiehREOImpPZrg-31] [                                                 ] o.s.a.r.listener.BlockingQueueConsumer   : Queue declaration failed; retries left=1

org.springframework.amqp.rabbit.listener.BlockingQueueConsumer$DeclarationException: Failed to declare queue(s):[springCloudBus.anonymous.8N74X9lwRiehREOImpPZrg]
	at org.springframework.amqp.rabbit.listener.BlockingQueueConsumer.attemptPassiveDeclarations(BlockingQueueConsumer.java:772) ~[spring-rabbit-3.2.8.jar:3.2.8]
	at org.springframework.amqp.rabbit.listener.BlockingQueueConsumer.passiveDeclarations(BlockingQueueConsumer.java:649) ~[spring-rabbit-3.2.8.jar:3.2.8]
	at org.springframework.amqp.rabbit.listener.BlockingQueueConsumer.start(BlockingQueueConsumer.java:636) ~[spring-rabbit-3.2.8.jar:3.2.8]
	at org.springframework.amqp.rabbit.listener.SimpleMessageListenerContainer$AsyncMessageProcessingConsumer.initialize(SimpleMessageListenerContainer.java:1490) ~[spring-rabbit-3.2.8.jar:3.2.8]
	at org.springframework.amqp.rabbit.listener.SimpleMessageListenerContainer$AsyncMessageProcessingConsumer.run(SimpleMessageListenerContainer.java:1328) ~[spring-rabbit-3.2.8.jar:3.2.8]
	at java.base/java.lang.Thread.run(Thread.java:1570) ~[na:na]
Caused by: java.io.IOException: null
	at com.rabbitmq.client.impl.AMQChannel.wrap(AMQChannel.java:140) ~[amqp-client-5.25.0.jar:5.25.0]
	at com.rabbitmq.client.impl.AMQChannel.wrap(AMQChannel.java:136) ~[amqp-client-5.25.0.jar:5.25.0]
	at com.rabbitmq.client.impl.AMQChannel.exnWrappingRpc(AMQChannel.java:158) ~[amqp-client-5.25.0.jar:5.25.0]
	at com.rabbitmq.client.impl.ChannelN.queueDeclarePassive(ChannelN.java:1033) ~[amqp-client-5.25.0.jar:5.25.0]
	at com.rabbitmq.client.impl.ChannelN.queueDeclarePassive(ChannelN.java:47) ~[amqp-client-5.25.0.jar:5.25.0]
	at java.base/jdk.internal.reflect.DirectMethodHandleAccessor.invoke(DirectMethodHandleAccessor.java:103) ~[na:na]
	at java.base/java.lang.reflect.Method.invoke(Method.java:580) ~[na:na]
	at org.springframework.amqp.rabbit.connection.CachingConnectionFactory$CachedChannelInvocationHandler.invoke(CachingConnectionFactory.java:1201) ~[spring-rabbit-3.2.8.jar:3.2.8]
	at jdk.proxy2/jdk.proxy2.$Proxy230.queueDeclarePassive(Unknown Source) ~[na:na]
	at org.springframework.amqp.rabbit.listener.BlockingQueueConsumer.attemptPassiveDeclarations(BlockingQueueConsumer.java:750) ~[spring-rabbit-3.2.8.jar:3.2.8]
	... 5 common frames omitted
Caused by: com.rabbitmq.client.ShutdownSignalException: channel error; protocol method: #method<channel.close>(reply-code=404, reply-text=NOT_FOUND - no queue 'springCloudBus.anonymous.8N74X9lwRiehREOImpPZrg' in vhost 'dwtkuyzt', class-id=50, method-id=10)
	at com.rabbitmq.utility.ValueOrException.getValue(ValueOrException.java:66) ~[amqp-client-5.25.0.jar:5.25.0]
	at com.rabbitmq.utility.BlockingValueOrException.uninterruptibleGetValue(BlockingValueOrException.java:36) ~[amqp-client-5.25.0.jar:5.25.0]
	at com.rabbitmq.client.impl.AMQChannel$BlockingRpcContinuation.getReply(AMQChannel.java:552) ~[amqp-client-5.25.0.jar:5.25.0]
	at com.rabbitmq.client.impl.AMQChannel.privateRpc(AMQChannel.java:316) ~[amqp-client-5.25.0.jar:5.25.0]
	at com.rabbitmq.client.impl.AMQChannel.exnWrappingRpc(AMQChannel.java:152) ~[amqp-client-5.25.0.jar:5.25.0]
	... 12 common frames omitted
Caused by: com.rabbitmq.client.ShutdownSignalException: channel error; protocol method: #method<channel.close>(reply-code=404, reply-text=NOT_FOUND - no queue 'springCloudBus.anonymous.8N74X9lwRiehREOImpPZrg' in vhost 'dwtkuyzt', class-id=50, method-id=10)
	at com.rabbitmq.client.impl.ChannelN.asyncShutdown(ChannelN.java:528) ~[amqp-client-5.25.0.jar:5.25.0]
	at com.rabbitmq.client.impl.ChannelN.processAsync(ChannelN.java:349) ~[amqp-client-5.25.0.jar:5.25.0]
	at com.rabbitmq.client.impl.AMQChannel.handleCompleteInboundCommand(AMQChannel.java:193) ~[amqp-client-5.25.0.jar:5.25.0]
	at com.rabbitmq.client.impl.AMQChannel.handleFrame(AMQChannel.java:125) ~[amqp-client-5.25.0.jar:5.25.0]
	at com.rabbitmq.client.impl.AMQConnection.readFrame(AMQConnection.java:761) ~[amqp-client-5.25.0.jar:5.25.0]
	at com.rabbitmq.client.impl.AMQConnection.access$400(AMQConnection.java:48) ~[amqp-client-5.25.0.jar:5.25.0]
	at com.rabbitmq.client.impl.AMQConnection$MainLoop.run(AMQConnection.java:688) ~[amqp-client-5.25.0.jar:5.25.0]
	... 1 common frames omitted

2025-11-24T22:38:48.503+05:30  WARN 74399 --- [order-service] [springCloudBus.anonymous.8N74X9lwRiehREOImpPZrg-31] [                                                 ] o.s.a.r.listener.BlockingQueueConsumer   : Failed to declare queue: springCloudBus.anonymous.8N74X9lwRiehREOImpPZrg
2025-11-24T22:38:53.577+05:30 ERROR 74399 --- [order-service] [springCloudBus.anonymous.8N74X9lwRiehREOImpPZrg-31] [                                                 ] o.s.a.r.l.SimpleMessageListenerContainer : Consumer threw missing queues exception, fatal=false

org.springframework.amqp.rabbit.listener.QueuesNotAvailableException: Cannot prepare queue for listener. Either the queue doesn't exist or the broker will not allow us to use it.
	at org.springframework.amqp.rabbit.listener.BlockingQueueConsumer.handleDeclarationException(BlockingQueueConsumer.java:722) ~[spring-rabbit-3.2.8.jar:3.2.8]
	at org.springframework.amqp.rabbit.listener.BlockingQueueConsumer.passiveDeclarations(BlockingQueueConsumer.java:656) ~[spring-rabbit-3.2.8.jar:3.2.8]
	at org.springframework.amqp.rabbit.listener.BlockingQueueConsumer.start(BlockingQueueConsumer.java:636) ~[spring-rabbit-3.2.8.jar:3.2.8]
	at org.springframework.amqp.rabbit.listener.SimpleMessageListenerContainer$AsyncMessageProcessingConsumer.initialize(SimpleMessageListenerContainer.java:1490) ~[spring-rabbit-3.2.8.jar:3.2.8]
	at org.springframework.amqp.rabbit.listener.SimpleMessageListenerContainer$AsyncMessageProcessingConsumer.run(SimpleMessageListenerContainer.java:1328) ~[spring-rabbit-3.2.8.jar:3.2.8]
	at java.base/java.lang.Thread.run(Thread.java:1570) ~[na:na]
Caused by: org.springframework.amqp.rabbit.listener.BlockingQueueConsumer$DeclarationException: Failed to declare queue(s):[springCloudBus.anonymous.8N74X9lwRiehREOImpPZrg]
	at org.springframework.amqp.rabbit.listener.BlockingQueueConsumer.attemptPassiveDeclarations(BlockingQueueConsumer.java:772) ~[spring-rabbit-3.2.8.jar:3.2.8]
	at org.springframework.amqp.rabbit.listener.BlockingQueueConsumer.passiveDeclarations(BlockingQueueConsumer.java:649) ~[spring-rabbit-3.2.8.jar:3.2.8]
	... 4 common frames omitted
Caused by: java.io.IOException: null
	at com.rabbitmq.client.impl.AMQChannel.wrap(AMQChannel.java:140) ~[amqp-client-5.25.0.jar:5.25.0]
	at com.rabbitmq.client.impl.AMQChannel.wrap(AMQChannel.java:136) ~[amqp-client-5.25.0.jar:5.25.0]
	at com.rabbitmq.client.impl.AMQChannel.exnWrappingRpc(AMQChannel.java:158) ~[amqp-client-5.25.0.jar:5.25.0]
	at com.rabbitmq.client.impl.ChannelN.queueDeclarePassive(ChannelN.java:1033) ~[amqp-client-5.25.0.jar:5.25.0]
	at com.rabbitmq.client.impl.ChannelN.queueDeclarePassive(ChannelN.java:47) ~[amqp-client-5.25.0.jar:5.25.0]
	at java.base/jdk.internal.reflect.DirectMethodHandleAccessor.invoke(DirectMethodHandleAccessor.java:103) ~[na:na]
	at java.base/java.lang.reflect.Method.invoke(Method.java:580) ~[na:na]
	at org.springframework.amqp.rabbit.connection.CachingConnectionFactory$CachedChannelInvocationHandler.invoke(CachingConnectionFactory.java:1201) ~[spring-rabbit-3.2.8.jar:3.2.8]
	at jdk.proxy2/jdk.proxy2.$Proxy230.queueDeclarePassive(Unknown Source) ~[na:na]
	at org.springframework.amqp.rabbit.listener.BlockingQueueConsumer.attemptPassiveDeclarations(BlockingQueueConsumer.java:750) ~[spring-rabbit-3.2.8.jar:3.2.8]
	... 5 common frames omitted
Caused by: com.rabbitmq.client.ShutdownSignalException: channel error; protocol method: #method<channel.close>(reply-code=404, reply-text=NOT_FOUND - no queue 'springCloudBus.anonymous.8N74X9lwRiehREOImpPZrg' in vhost 'dwtkuyzt', class-id=50, method-id=10)
	at com.rabbitmq.utility.ValueOrException.getValue(ValueOrException.java:66) ~[amqp-client-5.25.0.jar:5.25.0]
	at com.rabbitmq.utility.BlockingValueOrException.uninterruptibleGetValue(BlockingValueOrException.java:36) ~[amqp-client-5.25.0.jar:5.25.0]
	at com.rabbitmq.client.impl.AMQChannel$BlockingRpcContinuation.getReply(AMQChannel.java:552) ~[amqp-client-5.25.0.jar:5.25.0]
	at com.rabbitmq.client.impl.AMQChannel.privateRpc(AMQChannel.java:316) ~[amqp-client-5.25.0.jar:5.25.0]
	at com.rabbitmq.client.impl.AMQChannel.exnWrappingRpc(AMQChannel.java:152) ~[amqp-client-5.25.0.jar:5.25.0]
	... 12 common frames omitted
Caused by: com.rabbitmq.client.ShutdownSignalException: channel error; protocol method: #method<channel.close>(reply-code=404, reply-text=NOT_FOUND - no queue 'springCloudBus.anonymous.8N74X9lwRiehREOImpPZrg' in vhost 'dwtkuyzt', class-id=50, method-id=10)
	at com.rabbitmq.client.impl.ChannelN.asyncShutdown(ChannelN.java:528) ~[amqp-client-5.25.0.jar:5.25.0]
	at com.rabbitmq.client.impl.ChannelN.processAsync(ChannelN.java:349) ~[amqp-client-5.25.0.jar:5.25.0]
	at com.rabbitmq.client.impl.AMQChannel.handleCompleteInboundCommand(AMQChannel.java:193) ~[amqp-client-5.25.0.jar:5.25.0]
	at com.rabbitmq.client.impl.AMQChannel.handleFrame(AMQChannel.java:125) ~[amqp-client-5.25.0.jar:5.25.0]
	at com.rabbitmq.client.impl.AMQConnection.readFrame(AMQConnection.java:761) ~[amqp-client-5.25.0.jar:5.25.0]
	at com.rabbitmq.client.impl.AMQConnection.access$400(AMQConnection.java:48) ~[amqp-client-5.25.0.jar:5.25.0]
	at com.rabbitmq.client.impl.AMQConnection$MainLoop.run(AMQConnection.java:688) ~[amqp-client-5.25.0.jar:5.25.0]
	... 1 common frames omitted

2025-11-24T22:38:53.585+05:30  INFO 74399 --- [order-service] [springCloudBus.anonymous.8N74X9lwRiehREOImpPZrg-31] [                                                 ] o.s.a.r.l.SimpleMessageListenerContainer : Restarting Consumer@32317470: tags=[[]], channel=Cached Rabbit Channel: AMQChannel(amqp://dwtkuyzt@35.153.225.39:5672/dwtkuyzt,1), conn: Proxy@63e64174 Shared Rabbit Connection: SimpleConnection@718c61c0 [delegate=amqp://dwtkuyzt@35.153.225.39:5672/dwtkuyzt, localPort=61556], acknowledgeMode=AUTO local queue size=0
2025-11-24T22:38:54.663+05:30  WARN 74399 --- [order-service] [springCloudBus.anonymous.8N74X9lwRiehREOImpPZrg-32] [                                                 ] o.s.a.r.listener.BlockingQueueConsumer   : Failed to declare queue: springCloudBus.anonymous.8N74X9lwRiehREOImpPZrg
2025-11-24T22:38:54.664+05:30  WARN 74399 --- [order-service] [springCloudBus.anonymous.8N74X9lwRiehREOImpPZrg-32] [                                                 ] o.s.a.r.listener.BlockingQueueConsumer   : Queue declaration failed; retries left=3

org.springframework.amqp.rabbit.listener.BlockingQueueConsumer$DeclarationException: Failed to declare queue(s):[springCloudBus.anonymous.8N74X9lwRiehREOImpPZrg]
	at org.springframework.amqp.rabbit.listener.BlockingQueueConsumer.attemptPassiveDeclarations(BlockingQueueConsumer.java:772) ~[spring-rabbit-3.2.8.jar:3.2.8]
	at org.springframework.amqp.rabbit.listener.BlockingQueueConsumer.passiveDeclarations(BlockingQueueConsumer.java:649) ~[spring-rabbit-3.2.8.jar:3.2.8]
	at org.springframework.amqp.rabbit.listener.BlockingQueueConsumer.start(BlockingQueueConsumer.java:636) ~[spring-rabbit-3.2.8.jar:3.2.8]
	at org.springframework.amqp.rabbit.listener.SimpleMessageListenerContainer$AsyncMessageProcessingConsumer.initialize(SimpleMessageListenerContainer.java:1490) ~[spring-rabbit-3.2.8.jar:3.2.8]
	at org.springframework.amqp.rabbit.listener.SimpleMessageListenerContainer$AsyncMessageProcessingConsumer.run(SimpleMessageListenerContainer.java:1328) ~[spring-rabbit-3.2.8.jar:3.2.8]
	at java.base/java.lang.Thread.run(Thread.java:1570) ~[na:na]
Caused by: java.io.IOException: null
	at com.rabbitmq.client.impl.AMQChannel.wrap(AMQChannel.java:140) ~[amqp-client-5.25.0.jar:5.25.0]
	at com.rabbitmq.client.impl.AMQChannel.wrap(AMQChannel.java:136) ~[amqp-client-5.25.0.jar:5.25.0]
	at com.rabbitmq.client.impl.AMQChannel.exnWrappingRpc(AMQChannel.java:158) ~[amqp-client-5.25.0.jar:5.25.0]
	at com.rabbitmq.client.impl.ChannelN.queueDeclarePassive(ChannelN.java:1033) ~[amqp-client-5.25.0.jar:5.25.0]
	at com.rabbitmq.client.impl.ChannelN.queueDeclarePassive(ChannelN.java:47) ~[amqp-client-5.25.0.jar:5.25.0]
	at java.base/jdk.internal.reflect.DirectMethodHandleAccessor.invoke(DirectMethodHandleAccessor.java:103) ~[na:na]
	at java.base/java.lang.reflect.Method.invoke(Method.java:580) ~[na:na]
	at org.springframework.amqp.rabbit.connection.CachingConnectionFactory$CachedChannelInvocationHandler.invoke(CachingConnectionFactory.java:1201) ~[spring-rabbit-3.2.8.jar:3.2.8]
	at jdk.proxy2/jdk.proxy2.$Proxy230.queueDeclarePassive(Unknown Source) ~[na:na]
	at org.springframework.amqp.rabbit.listener.BlockingQueueConsumer.attemptPassiveDeclarations(BlockingQueueConsumer.java:750) ~[spring-rabbit-3.2.8.jar:3.2.8]
	... 5 common frames omitted
Caused by: com.rabbitmq.client.ShutdownSignalException: channel error; protocol method: #method<channel.close>(reply-code=404, reply-text=NOT_FOUND - no queue 'springCloudBus.anonymous.8N74X9lwRiehREOImpPZrg' in vhost 'dwtkuyzt', class-id=50, method-id=10)
	at com.rabbitmq.utility.ValueOrException.getValue(ValueOrException.java:66) ~[amqp-client-5.25.0.jar:5.25.0]
	at com.rabbitmq.utility.BlockingValueOrException.uninterruptibleGetValue(BlockingValueOrException.java:36) ~[amqp-client-5.25.0.jar:5.25.0]
	at com.rabbitmq.client.impl.AMQChannel$BlockingRpcContinuation.getReply(AMQChannel.java:552) ~[amqp-client-5.25.0.jar:5.25.0]
	at com.rabbitmq.client.impl.AMQChannel.privateRpc(AMQChannel.java:316) ~[amqp-client-5.25.0.jar:5.25.0]
	at com.rabbitmq.client.impl.AMQChannel.exnWrappingRpc(AMQChannel.java:152) ~[amqp-client-5.25.0.jar:5.25.0]
	... 12 common frames omitted
Caused by: com.rabbitmq.client.ShutdownSignalException: channel error; protocol method: #method<channel.close>(reply-code=404, reply-text=NOT_FOUND - no queue 'springCloudBus.anonymous.8N74X9lwRiehREOImpPZrg' in vhost 'dwtkuyzt', class-id=50, method-id=10)
	at com.rabbitmq.client.impl.ChannelN.asyncShutdown(ChannelN.java:528) ~[amqp-client-5.25.0.jar:5.25.0]
	at com.rabbitmq.client.impl.ChannelN.processAsync(ChannelN.java:349) ~[amqp-client-5.25.0.jar:5.25.0]
	at com.rabbitmq.client.impl.AMQChannel.handleCompleteInboundCommand(AMQChannel.java:193) ~[amqp-client-5.25.0.jar:5.25.0]
	at com.rabbitmq.client.impl.AMQChannel.handleFrame(AMQChannel.java:125) ~[amqp-client-5.25.0.jar:5.25.0]
	at com.rabbitmq.client.impl.AMQConnection.readFrame(AMQConnection.java:761) ~[amqp-client-5.25.0.jar:5.25.0]
	at com.rabbitmq.client.impl.AMQConnection.access$400(AMQConnection.java:48) ~[amqp-client-5.25.0.jar:5.25.0]
	at com.rabbitmq.client.impl.AMQConnection$MainLoop.run(AMQConnection.java:688) ~[amqp-client-5.25.0.jar:5.25.0]
	... 1 common frames omitted

2025-11-24T22:39:00.206+05:30  WARN 74399 --- [order-service] [springCloudBus.anonymous.8N74X9lwRiehREOImpPZrg-32] [                                                 ] o.s.a.r.listener.BlockingQueueConsumer   : Failed to declare queue: springCloudBus.anonymous.8N74X9lwRiehREOImpPZrg
2025-11-24T22:39:00.206+05:30  WARN 74399 --- [order-service] [springCloudBus.anonymous.8N74X9lwRiehREOImpPZrg-32] [                                                 ] o.s.a.r.listener.BlockingQueueConsumer   : Queue declaration failed; retries left=2

org.springframework.amqp.rabbit.listener.BlockingQueueConsumer$DeclarationException: Failed to declare queue(s):[springCloudBus.anonymous.8N74X9lwRiehREOImpPZrg]
	at org.springframework.amqp.rabbit.listener.BlockingQueueConsumer.attemptPassiveDeclarations(BlockingQueueConsumer.java:772) ~[spring-rabbit-3.2.8.jar:3.2.8]
	at org.springframework.amqp.rabbit.listener.BlockingQueueConsumer.passiveDeclarations(BlockingQueueConsumer.java:649) ~[spring-rabbit-3.2.8.jar:3.2.8]
	at org.springframework.amqp.rabbit.listener.BlockingQueueConsumer.start(BlockingQueueConsumer.java:636) ~[spring-rabbit-3.2.8.jar:3.2.8]
	at org.springframework.amqp.rabbit.listener.SimpleMessageListenerContainer$AsyncMessageProcessingConsumer.initialize(SimpleMessageListenerContainer.java:1490) ~[spring-rabbit-3.2.8.jar:3.2.8]
	at org.springframework.amqp.rabbit.listener.SimpleMessageListenerContainer$AsyncMessageProcessingConsumer.run(SimpleMessageListenerContainer.java:1328) ~[spring-rabbit-3.2.8.jar:3.2.8]
	at java.base/java.lang.Thread.run(Thread.java:1570) ~[na:na]
Caused by: java.io.IOException: null
	at com.rabbitmq.client.impl.AMQChannel.wrap(AMQChannel.java:140) ~[amqp-client-5.25.0.jar:5.25.0]
	at com.rabbitmq.client.impl.AMQChannel.wrap(AMQChannel.java:136) ~[amqp-client-5.25.0.jar:5.25.0]
	at com.rabbitmq.client.impl.AMQChannel.exnWrappingRpc(AMQChannel.java:158) ~[amqp-client-5.25.0.jar:5.25.0]
	at com.rabbitmq.client.impl.ChannelN.queueDeclarePassive(ChannelN.java:1033) ~[amqp-client-5.25.0.jar:5.25.0]
	at com.rabbitmq.client.impl.ChannelN.queueDeclarePassive(ChannelN.java:47) ~[amqp-client-5.25.0.jar:5.25.0]
	at java.base/jdk.internal.reflect.DirectMethodHandleAccessor.invoke(DirectMethodHandleAccessor.java:103) ~[na:na]
	at java.base/java.lang.reflect.Method.invoke(Method.java:580) ~[na:na]
	at org.springframework.amqp.rabbit.connection.CachingConnectionFactory$CachedChannelInvocationHandler.invoke(CachingConnectionFactory.java:1201) ~[spring-rabbit-3.2.8.jar:3.2.8]
	at jdk.proxy2/jdk.proxy2.$Proxy230.queueDeclarePassive(Unknown Source) ~[na:na]
	at org.springframework.amqp.rabbit.listener.BlockingQueueConsumer.attemptPassiveDeclarations(BlockingQueueConsumer.java:750) ~[spring-rabbit-3.2.8.jar:3.2.8]
	... 5 common frames omitted
Caused by: com.rabbitmq.client.ShutdownSignalException: channel error; protocol method: #method<channel.close>(reply-code=404, reply-text=NOT_FOUND - no queue 'springCloudBus.anonymous.8N74X9lwRiehREOImpPZrg' in vhost 'dwtkuyzt', class-id=50, method-id=10)
	at com.rabbitmq.utility.ValueOrException.getValue(ValueOrException.java:66) ~[amqp-client-5.25.0.jar:5.25.0]
	at com.rabbitmq.utility.BlockingValueOrException.uninterruptibleGetValue(BlockingValueOrException.java:36) ~[amqp-client-5.25.0.jar:5.25.0]
	at com.rabbitmq.client.impl.AMQChannel$BlockingRpcContinuation.getReply(AMQChannel.java:552) ~[amqp-client-5.25.0.jar:5.25.0]
	at com.rabbitmq.client.impl.AMQChannel.privateRpc(AMQChannel.java:316) ~[amqp-client-5.25.0.jar:5.25.0]
	at com.rabbitmq.client.impl.AMQChannel.exnWrappingRpc(AMQChannel.java:152) ~[amqp-client-5.25.0.jar:5.25.0]
	... 12 common frames omitted
Caused by: com.rabbitmq.client.ShutdownSignalException: channel error; protocol method: #method<channel.close>(reply-code=404, reply-text=NOT_FOUND - no queue 'springCloudBus.anonymous.8N74X9lwRiehREOImpPZrg' in vhost 'dwtkuyzt', class-id=50, method-id=10)
	at com.rabbitmq.client.impl.ChannelN.asyncShutdown(ChannelN.java:528) ~[amqp-client-5.25.0.jar:5.25.0]
	at com.rabbitmq.client.impl.ChannelN.processAsync(ChannelN.java:349) ~[amqp-client-5.25.0.jar:5.25.0]
	at com.rabbitmq.client.impl.AMQChannel.handleCompleteInboundCommand(AMQChannel.java:193) ~[amqp-client-5.25.0.jar:5.25.0]
	at com.rabbitmq.client.impl.AMQChannel.handleFrame(AMQChannel.java:125) ~[amqp-client-5.25.0.jar:5.25.0]
	at com.rabbitmq.client.impl.AMQConnection.readFrame(AMQConnection.java:761) ~[amqp-client-5.25.0.jar:5.25.0]
	at com.rabbitmq.client.impl.AMQConnection.access$400(AMQConnection.java:48) ~[amqp-client-5.25.0.jar:5.25.0]
	at com.rabbitmq.client.impl.AMQConnection$MainLoop.run(AMQConnection.java:688) ~[amqp-client-5.25.0.jar:5.25.0]
	... 1 common frames omitted

2025-11-24T22:39:05.744+05:30  WARN 74399 --- [order-service] [springCloudBus.anonymous.8N74X9lwRiehREOImpPZrg-32] [                                                 ] o.s.a.r.listener.BlockingQueueConsumer   : Failed to declare queue: springCloudBus.anonymous.8N74X9lwRiehREOImpPZrg
2025-11-24T22:39:05.745+05:30  WARN 74399 --- [order-service] [springCloudBus.anonymous.8N74X9lwRiehREOImpPZrg-32] [                                                 ] o.s.a.r.listener.BlockingQueueConsumer   : Queue declaration failed; retries left=1

org.springframework.amqp.rabbit.listener.BlockingQueueConsumer$DeclarationException: Failed to declare queue(s):[springCloudBus.anonymous.8N74X9lwRiehREOImpPZrg]
	at org.springframework.amqp.rabbit.listener.BlockingQueueConsumer.attemptPassiveDeclarations(BlockingQueueConsumer.java:772) ~[spring-rabbit-3.2.8.jar:3.2.8]
	at org.springframework.amqp.rabbit.listener.BlockingQueueConsumer.passiveDeclarations(BlockingQueueConsumer.java:649) ~[spring-rabbit-3.2.8.jar:3.2.8]
	at org.springframework.amqp.rabbit.listener.BlockingQueueConsumer.start(BlockingQueueConsumer.java:636) ~[spring-rabbit-3.2.8.jar:3.2.8]
	at org.springframework.amqp.rabbit.listener.SimpleMessageListenerContainer$AsyncMessageProcessingConsumer.initialize(SimpleMessageListenerContainer.java:1490) ~[spring-rabbit-3.2.8.jar:3.2.8]
	at org.springframework.amqp.rabbit.listener.SimpleMessageListenerContainer$AsyncMessageProcessingConsumer.run(SimpleMessageListenerContainer.java:1328) ~[spring-rabbit-3.2.8.jar:3.2.8]
	at java.base/java.lang.Thread.run(Thread.java:1570) ~[na:na]
Caused by: java.io.IOException: null
	at com.rabbitmq.client.impl.AMQChannel.wrap(AMQChannel.java:140) ~[amqp-client-5.25.0.jar:5.25.0]
	at com.rabbitmq.client.impl.AMQChannel.wrap(AMQChannel.java:136) ~[amqp-client-5.25.0.jar:5.25.0]
	at com.rabbitmq.client.impl.AMQChannel.exnWrappingRpc(AMQChannel.java:158) ~[amqp-client-5.25.0.jar:5.25.0]
	at com.rabbitmq.client.impl.ChannelN.queueDeclarePassive(ChannelN.java:1033) ~[amqp-client-5.25.0.jar:5.25.0]
	at com.rabbitmq.client.impl.ChannelN.queueDeclarePassive(ChannelN.java:47) ~[amqp-client-5.25.0.jar:5.25.0]
	at java.base/jdk.internal.reflect.DirectMethodHandleAccessor.invoke(DirectMethodHandleAccessor.java:103) ~[na:na]
	at java.base/java.lang.reflect.Method.invoke(Method.java:580) ~[na:na]
	at org.springframework.amqp.rabbit.connection.CachingConnectionFactory$CachedChannelInvocationHandler.invoke(CachingConnectionFactory.java:1201) ~[spring-rabbit-3.2.8.jar:3.2.8]
	at jdk.proxy2/jdk.proxy2.$Proxy230.queueDeclarePassive(Unknown Source) ~[na:na]
	at org.springframework.amqp.rabbit.listener.BlockingQueueConsumer.attemptPassiveDeclarations(BlockingQueueConsumer.java:750) ~[spring-rabbit-3.2.8.jar:3.2.8]
	... 5 common frames omitted
Caused by: com.rabbitmq.client.ShutdownSignalException: channel error; protocol method: #method<channel.close>(reply-code=404, reply-text=NOT_FOUND - no queue 'springCloudBus.anonymous.8N74X9lwRiehREOImpPZrg' in vhost 'dwtkuyzt', class-id=50, method-id=10)
	at com.rabbitmq.utility.ValueOrException.getValue(ValueOrException.java:66) ~[amqp-client-5.25.0.jar:5.25.0]
	at com.rabbitmq.utility.BlockingValueOrException.uninterruptibleGetValue(BlockingValueOrException.java:36) ~[amqp-client-5.25.0.jar:5.25.0]
	at com.rabbitmq.client.impl.AMQChannel$BlockingRpcContinuation.getReply(AMQChannel.java:552) ~[amqp-client-5.25.0.jar:5.25.0]
	at com.rabbitmq.client.impl.AMQChannel.privateRpc(AMQChannel.java:316) ~[amqp-client-5.25.0.jar:5.25.0]
	at com.rabbitmq.client.impl.AMQChannel.exnWrappingRpc(AMQChannel.java:152) ~[amqp-client-5.25.0.jar:5.25.0]
	... 12 common frames omitted
Caused by: com.rabbitmq.client.ShutdownSignalException: channel error; protocol method: #method<channel.close>(reply-code=404, reply-text=NOT_FOUND - no queue 'springCloudBus.anonymous.8N74X9lwRiehREOImpPZrg' in vhost 'dwtkuyzt', class-id=50, method-id=10)
	at com.rabbitmq.client.impl.ChannelN.asyncShutdown(ChannelN.java:528) ~[amqp-client-5.25.0.jar:5.25.0]
	at com.rabbitmq.client.impl.ChannelN.processAsync(ChannelN.java:349) ~[amqp-client-5.25.0.jar:5.25.0]
	at com.rabbitmq.client.impl.AMQChannel.handleCompleteInboundCommand(AMQChannel.java:193) ~[amqp-client-5.25.0.jar:5.25.0]
	at com.rabbitmq.client.impl.AMQChannel.handleFrame(AMQChannel.java:125) ~[amqp-client-5.25.0.jar:5.25.0]
	at com.rabbitmq.client.impl.AMQConnection.readFrame(AMQConnection.java:761) ~[amqp-client-5.25.0.jar:5.25.0]
	at com.rabbitmq.client.impl.AMQConnection.access$400(AMQConnection.java:48) ~[amqp-client-5.25.0.jar:5.25.0]
	at com.rabbitmq.client.impl.AMQConnection$MainLoop.run(AMQConnection.java:688) ~[amqp-client-5.25.0.jar:5.25.0]
	... 1 common frames omitted

2025-11-24T22:39:11.286+05:30  WARN 74399 --- [order-service] [springCloudBus.anonymous.8N74X9lwRiehREOImpPZrg-32] [                                                 ] o.s.a.r.listener.BlockingQueueConsumer   : Failed to declare queue: springCloudBus.anonymous.8N74X9lwRiehREOImpPZrg
2025-11-24T22:39:16.371+05:30 ERROR 74399 --- [order-service] [springCloudBus.anonymous.8N74X9lwRiehREOImpPZrg-32] [                                                 ] o.s.a.r.l.SimpleMessageListenerContainer : Consumer threw missing queues exception, fatal=false

org.springframework.amqp.rabbit.listener.QueuesNotAvailableException: Cannot prepare queue for listener. Either the queue doesn't exist or the broker will not allow us to use it.
	at org.springframework.amqp.rabbit.listener.BlockingQueueConsumer.handleDeclarationException(BlockingQueueConsumer.java:722) ~[spring-rabbit-3.2.8.jar:3.2.8]
	at org.springframework.amqp.rabbit.listener.BlockingQueueConsumer.passiveDeclarations(BlockingQueueConsumer.java:656) ~[spring-rabbit-3.2.8.jar:3.2.8]
	at org.springframework.amqp.rabbit.listener.BlockingQueueConsumer.start(BlockingQueueConsumer.java:636) ~[spring-rabbit-3.2.8.jar:3.2.8]
	at org.springframework.amqp.rabbit.listener.SimpleMessageListenerContainer$AsyncMessageProcessingConsumer.initialize(SimpleMessageListenerContainer.java:1490) ~[spring-rabbit-3.2.8.jar:3.2.8]
	at org.springframework.amqp.rabbit.listener.SimpleMessageListenerContainer$AsyncMessageProcessingConsumer.run(SimpleMessageListenerContainer.java:1328) ~[spring-rabbit-3.2.8.jar:3.2.8]
	at java.base/java.lang.Thread.run(Thread.java:1570) ~[na:na]
Caused by: org.springframework.amqp.rabbit.listener.BlockingQueueConsumer$DeclarationException: Failed to declare queue(s):[springCloudBus.anonymous.8N74X9lwRiehREOImpPZrg]
	at org.springframework.amqp.rabbit.listener.BlockingQueueConsumer.attemptPassiveDeclarations(BlockingQueueConsumer.java:772) ~[spring-rabbit-3.2.8.jar:3.2.8]
	at org.springframework.amqp.rabbit.listener.BlockingQueueConsumer.passiveDeclarations(BlockingQueueConsumer.java:649) ~[spring-rabbit-3.2.8.jar:3.2.8]
	... 4 common frames omitted
Caused by: java.io.IOException: null
	at com.rabbitmq.client.impl.AMQChannel.wrap(AMQChannel.java:140) ~[amqp-client-5.25.0.jar:5.25.0]
	at com.rabbitmq.client.impl.AMQChannel.wrap(AMQChannel.java:136) ~[amqp-client-5.25.0.jar:5.25.0]
	at com.rabbitmq.client.impl.AMQChannel.exnWrappingRpc(AMQChannel.java:158) ~[amqp-client-5.25.0.jar:5.25.0]
	at com.rabbitmq.client.impl.ChannelN.queueDeclarePassive(ChannelN.java:1033) ~[amqp-client-5.25.0.jar:5.25.0]
	at com.rabbitmq.client.impl.ChannelN.queueDeclarePassive(ChannelN.java:47) ~[amqp-client-5.25.0.jar:5.25.0]
	at java.base/jdk.internal.reflect.DirectMethodHandleAccessor.invoke(DirectMethodHandleAccessor.java:103) ~[na:na]
	at java.base/java.lang.reflect.Method.invoke(Method.java:580) ~[na:na]
	at org.springframework.amqp.rabbit.connection.CachingConnectionFactory$CachedChannelInvocationHandler.invoke(CachingConnectionFactory.java:1201) ~[spring-rabbit-3.2.8.jar:3.2.8]
	at jdk.proxy2/jdk.proxy2.$Proxy230.queueDeclarePassive(Unknown Source) ~[na:na]
	at org.springframework.amqp.rabbit.listener.BlockingQueueConsumer.attemptPassiveDeclarations(BlockingQueueConsumer.java:750) ~[spring-rabbit-3.2.8.jar:3.2.8]
	... 5 common frames omitted
Caused by: com.rabbitmq.client.ShutdownSignalException: channel error; protocol method: #method<channel.close>(reply-code=404, reply-text=NOT_FOUND - no queue 'springCloudBus.anonymous.8N74X9lwRiehREOImpPZrg' in vhost 'dwtkuyzt', class-id=50, method-id=10)
	at com.rabbitmq.utility.ValueOrException.getValue(ValueOrException.java:66) ~[amqp-client-5.25.0.jar:5.25.0]
	at com.rabbitmq.utility.BlockingValueOrException.uninterruptibleGetValue(BlockingValueOrException.java:36) ~[amqp-client-5.25.0.jar:5.25.0]
	at com.rabbitmq.client.impl.AMQChannel$BlockingRpcContinuation.getReply(AMQChannel.java:552) ~[amqp-client-5.25.0.jar:5.25.0]
	at com.rabbitmq.client.impl.AMQChannel.privateRpc(AMQChannel.java:316) ~[amqp-client-5.25.0.jar:5.25.0]
	at com.rabbitmq.client.impl.AMQChannel.exnWrappingRpc(AMQChannel.java:152) ~[amqp-client-5.25.0.jar:5.25.0]
	... 12 common frames omitted
Caused by: com.rabbitmq.client.ShutdownSignalException: channel error; protocol method: #method<channel.close>(reply-code=404, reply-text=NOT_FOUND - no queue 'springCloudBus.anonymous.8N74X9lwRiehREOImpPZrg' in vhost 'dwtkuyzt', class-id=50, method-id=10)
	at com.rabbitmq.client.impl.ChannelN.asyncShutdown(ChannelN.java:528) ~[amqp-client-5.25.0.jar:5.25.0]
	at com.rabbitmq.client.impl.ChannelN.processAsync(ChannelN.java:349) ~[amqp-client-5.25.0.jar:5.25.0]
	at com.rabbitmq.client.impl.AMQChannel.handleCompleteInboundCommand(AMQChannel.java:193) ~[amqp-client-5.25.0.jar:5.25.0]
	at com.rabbitmq.client.impl.AMQChannel.handleFrame(AMQChannel.java:125) ~[amqp-client-5.25.0.jar:5.25.0]
	at com.rabbitmq.client.impl.AMQConnection.readFrame(AMQConnection.java:761) ~[amqp-client-5.25.0.jar:5.25.0]
	at com.rabbitmq.client.impl.AMQConnection.access$400(AMQConnection.java:48) ~[amqp-client-5.25.0.jar:5.25.0]
	at com.rabbitmq.client.impl.AMQConnection$MainLoop.run(AMQConnection.java:688) ~[amqp-client-5.25.0.jar:5.25.0]
	... 1 common frames omitted

2025-11-24T22:39:16.375+05:30  INFO 74399 --- [order-service] [springCloudBus.anonymous.8N74X9lwRiehREOImpPZrg-32] [                                                 ] o.s.a.r.l.SimpleMessageListenerContainer : Restarting Consumer@38338306: tags=[[]], channel=Cached Rabbit Channel: AMQChannel(amqp://dwtkuyzt@35.153.225.39:5672/dwtkuyzt,1), conn: Proxy@63e64174 Shared Rabbit Connection: SimpleConnection@718c61c0 [delegate=amqp://dwtkuyzt@35.153.225.39:5672/dwtkuyzt, localPort=61556], acknowledgeMode=AUTO local queue size=0
2025-11-24T22:39:17.444+05:30  WARN 74399 --- [order-service] [springCloudBus.anonymous.8N74X9lwRiehREOImpPZrg-33] [                                                 ] o.s.a.r.listener.BlockingQueueConsumer   : Failed to declare queue: springCloudBus.anonymous.8N74X9lwRiehREOImpPZrg
2025-11-24T22:39:17.444+05:30  WARN 74399 --- [order-service] [springCloudBus.anonymous.8N74X9lwRiehREOImpPZrg-33] [                                                 ] o.s.a.r.listener.BlockingQueueConsumer   : Queue declaration failed; retries left=3

org.springframework.amqp.rabbit.listener.BlockingQueueConsumer$DeclarationException: Failed to declare queue(s):[springCloudBus.anonymous.8N74X9lwRiehREOImpPZrg]
	at org.springframework.amqp.rabbit.listener.BlockingQueueConsumer.attemptPassiveDeclarations(BlockingQueueConsumer.java:772) ~[spring-rabbit-3.2.8.jar:3.2.8]
	at org.springframework.amqp.rabbit.listener.BlockingQueueConsumer.passiveDeclarations(BlockingQueueConsumer.java:649) ~[spring-rabbit-3.2.8.jar:3.2.8]
	at org.springframework.amqp.rabbit.listener.BlockingQueueConsumer.start(BlockingQueueConsumer.java:636) ~[spring-rabbit-3.2.8.jar:3.2.8]
	at org.springframework.amqp.rabbit.listener.SimpleMessageListenerContainer$AsyncMessageProcessingConsumer.initialize(SimpleMessageListenerContainer.java:1490) ~[spring-rabbit-3.2.8.jar:3.2.8]
	at org.springframework.amqp.rabbit.listener.SimpleMessageListenerContainer$AsyncMessageProcessingConsumer.run(SimpleMessageListenerContainer.java:1328) ~[spring-rabbit-3.2.8.jar:3.2.8]
	at java.base/java.lang.Thread.run(Thread.java:1570) ~[na:na]
Caused by: java.io.IOException: null
	at com.rabbitmq.client.impl.AMQChannel.wrap(AMQChannel.java:140) ~[amqp-client-5.25.0.jar:5.25.0]
	at com.rabbitmq.client.impl.AMQChannel.wrap(AMQChannel.java:136) ~[amqp-client-5.25.0.jar:5.25.0]
	at com.rabbitmq.client.impl.AMQChannel.exnWrappingRpc(AMQChannel.java:158) ~[amqp-client-5.25.0.jar:5.25.0]
	at com.rabbitmq.client.impl.ChannelN.queueDeclarePassive(ChannelN.java:1033) ~[amqp-client-5.25.0.jar:5.25.0]
	at com.rabbitmq.client.impl.ChannelN.queueDeclarePassive(ChannelN.java:47) ~[amqp-client-5.25.0.jar:5.25.0]
	at java.base/jdk.internal.reflect.DirectMethodHandleAccessor.invoke(DirectMethodHandleAccessor.java:103) ~[na:na]
	at java.base/java.lang.reflect.Method.invoke(Method.java:580) ~[na:na]
	at org.springframework.amqp.rabbit.connection.CachingConnectionFactory$CachedChannelInvocationHandler.invoke(CachingConnectionFactory.java:1201) ~[spring-rabbit-3.2.8.jar:3.2.8]
	at jdk.proxy2/jdk.proxy2.$Proxy230.queueDeclarePassive(Unknown Source) ~[na:na]
	at org.springframework.amqp.rabbit.listener.BlockingQueueConsumer.attemptPassiveDeclarations(BlockingQueueConsumer.java:750) ~[spring-rabbit-3.2.8.jar:3.2.8]
	... 5 common frames omitted
Caused by: com.rabbitmq.client.ShutdownSignalException: channel error; protocol method: #method<channel.close>(reply-code=404, reply-text=NOT_FOUND - no queue 'springCloudBus.anonymous.8N74X9lwRiehREOImpPZrg' in vhost 'dwtkuyzt', class-id=50, method-id=10)
	at com.rabbitmq.utility.ValueOrException.getValue(ValueOrException.java:66) ~[amqp-client-5.25.0.jar:5.25.0]
	at com.rabbitmq.utility.BlockingValueOrException.uninterruptibleGetValue(BlockingValueOrException.java:36) ~[amqp-client-5.25.0.jar:5.25.0]
	at com.rabbitmq.client.impl.AMQChannel$BlockingRpcContinuation.getReply(AMQChannel.java:552) ~[amqp-client-5.25.0.jar:5.25.0]
	at com.rabbitmq.client.impl.AMQChannel.privateRpc(AMQChannel.java:316) ~[amqp-client-5.25.0.jar:5.25.0]
	at com.rabbitmq.client.impl.AMQChannel.exnWrappingRpc(AMQChannel.java:152) ~[amqp-client-5.25.0.jar:5.25.0]
	... 12 common frames omitted
Caused by: com.rabbitmq.client.ShutdownSignalException: channel error; protocol method: #method<channel.close>(reply-code=404, reply-text=NOT_FOUND - no queue 'springCloudBus.anonymous.8N74X9lwRiehREOImpPZrg' in vhost 'dwtkuyzt', class-id=50, method-id=10)
	at com.rabbitmq.client.impl.ChannelN.asyncShutdown(ChannelN.java:528) ~[amqp-client-5.25.0.jar:5.25.0]
	at com.rabbitmq.client.impl.ChannelN.processAsync(ChannelN.java:349) ~[amqp-client-5.25.0.jar:5.25.0]
	at com.rabbitmq.client.impl.AMQChannel.handleCompleteInboundCommand(AMQChannel.java:193) ~[amqp-client-5.25.0.jar:5.25.0]
	at com.rabbitmq.client.impl.AMQChannel.handleFrame(AMQChannel.java:125) ~[amqp-client-5.25.0.jar:5.25.0]
	at com.rabbitmq.client.impl.AMQConnection.readFrame(AMQConnection.java:761) ~[amqp-client-5.25.0.jar:5.25.0]
	at com.rabbitmq.client.impl.AMQConnection.access$400(AMQConnection.java:48) ~[amqp-client-5.25.0.jar:5.25.0]
	at com.rabbitmq.client.impl.AMQConnection$MainLoop.run(AMQConnection.java:688) ~[amqp-client-5.25.0.jar:5.25.0]
	... 1 common frames omitted

2025-11-24T22:39:22.983+05:30  WARN 74399 --- [order-service] [springCloudBus.anonymous.8N74X9lwRiehREOImpPZrg-33] [                                                 ] o.s.a.r.listener.BlockingQueueConsumer   : Failed to declare queue: springCloudBus.anonymous.8N74X9lwRiehREOImpPZrg
2025-11-24T22:39:22.988+05:30  WARN 74399 --- [order-service] [springCloudBus.anonymous.8N74X9lwRiehREOImpPZrg-33] [                                                 ] o.s.a.r.listener.BlockingQueueConsumer   : Queue declaration failed; retries left=2

org.springframework.amqp.rabbit.listener.BlockingQueueConsumer$DeclarationException: Failed to declare queue(s):[springCloudBus.anonymous.8N74X9lwRiehREOImpPZrg]
	at org.springframework.amqp.rabbit.listener.BlockingQueueConsumer.attemptPassiveDeclarations(BlockingQueueConsumer.java:772) ~[spring-rabbit-3.2.8.jar:3.2.8]
	at org.springframework.amqp.rabbit.listener.BlockingQueueConsumer.passiveDeclarations(BlockingQueueConsumer.java:649) ~[spring-rabbit-3.2.8.jar:3.2.8]
	at org.springframework.amqp.rabbit.listener.BlockingQueueConsumer.start(BlockingQueueConsumer.java:636) ~[spring-rabbit-3.2.8.jar:3.2.8]
	at org.springframework.amqp.rabbit.listener.SimpleMessageListenerContainer$AsyncMessageProcessingConsumer.initialize(SimpleMessageListenerContainer.java:1490) ~[spring-rabbit-3.2.8.jar:3.2.8]
	at org.springframework.amqp.rabbit.listener.SimpleMessageListenerContainer$AsyncMessageProcessingConsumer.run(SimpleMessageListenerContainer.java:1328) ~[spring-rabbit-3.2.8.jar:3.2.8]
	at java.base/java.lang.Thread.run(Thread.java:1570) ~[na:na]
Caused by: java.io.IOException: null
	at com.rabbitmq.client.impl.AMQChannel.wrap(AMQChannel.java:140) ~[amqp-client-5.25.0.jar:5.25.0]
	at com.rabbitmq.client.impl.AMQChannel.wrap(AMQChannel.java:136) ~[amqp-client-5.25.0.jar:5.25.0]
	at com.rabbitmq.client.impl.AMQChannel.exnWrappingRpc(AMQChannel.java:158) ~[amqp-client-5.25.0.jar:5.25.0]
	at com.rabbitmq.client.impl.ChannelN.queueDeclarePassive(ChannelN.java:1033) ~[amqp-client-5.25.0.jar:5.25.0]
	at com.rabbitmq.client.impl.ChannelN.queueDeclarePassive(ChannelN.java:47) ~[amqp-client-5.25.0.jar:5.25.0]
	at java.base/jdk.internal.reflect.DirectMethodHandleAccessor.invoke(DirectMethodHandleAccessor.java:103) ~[na:na]
	at java.base/java.lang.reflect.Method.invoke(Method.java:580) ~[na:na]
	at org.springframework.amqp.rabbit.connection.CachingConnectionFactory$CachedChannelInvocationHandler.invoke(CachingConnectionFactory.java:1201) ~[spring-rabbit-3.2.8.jar:3.2.8]
	at jdk.proxy2/jdk.proxy2.$Proxy230.queueDeclarePassive(Unknown Source) ~[na:na]
	at org.springframework.amqp.rabbit.listener.BlockingQueueConsumer.attemptPassiveDeclarations(BlockingQueueConsumer.java:750) ~[spring-rabbit-3.2.8.jar:3.2.8]
	... 5 common frames omitted
Caused by: com.rabbitmq.client.ShutdownSignalException: channel error; protocol method: #method<channel.close>(reply-code=404, reply-text=NOT_FOUND - no queue 'springCloudBus.anonymous.8N74X9lwRiehREOImpPZrg' in vhost 'dwtkuyzt', class-id=50, method-id=10)
	at com.rabbitmq.utility.ValueOrException.getValue(ValueOrException.java:66) ~[amqp-client-5.25.0.jar:5.25.0]
	at com.rabbitmq.utility.BlockingValueOrException.uninterruptibleGetValue(BlockingValueOrException.java:36) ~[amqp-client-5.25.0.jar:5.25.0]
	at com.rabbitmq.client.impl.AMQChannel$BlockingRpcContinuation.getReply(AMQChannel.java:552) ~[amqp-client-5.25.0.jar:5.25.0]
	at com.rabbitmq.client.impl.AMQChannel.privateRpc(AMQChannel.java:316) ~[amqp-client-5.25.0.jar:5.25.0]
	at com.rabbitmq.client.impl.AMQChannel.exnWrappingRpc(AMQChannel.java:152) ~[amqp-client-5.25.0.jar:5.25.0]
	... 12 common frames omitted
Caused by: com.rabbitmq.client.ShutdownSignalException: channel error; protocol method: #method<channel.close>(reply-code=404, reply-text=NOT_FOUND - no queue 'springCloudBus.anonymous.8N74X9lwRiehREOImpPZrg' in vhost 'dwtkuyzt', class-id=50, method-id=10)
	at com.rabbitmq.client.impl.ChannelN.asyncShutdown(ChannelN.java:528) ~[amqp-client-5.25.0.jar:5.25.0]
	at com.rabbitmq.client.impl.ChannelN.processAsync(ChannelN.java:349) ~[amqp-client-5.25.0.jar:5.25.0]
	at com.rabbitmq.client.impl.AMQChannel.handleCompleteInboundCommand(AMQChannel.java:193) ~[amqp-client-5.25.0.jar:5.25.0]
	at com.rabbitmq.client.impl.AMQChannel.handleFrame(AMQChannel.java:125) ~[amqp-client-5.25.0.jar:5.25.0]
	at com.rabbitmq.client.impl.AMQConnection.readFrame(AMQConnection.java:761) ~[amqp-client-5.25.0.jar:5.25.0]
	at com.rabbitmq.client.impl.AMQConnection.access$400(AMQConnection.java:48) ~[amqp-client-5.25.0.jar:5.25.0]
	at com.rabbitmq.client.impl.AMQConnection$MainLoop.run(AMQConnection.java:688) ~[amqp-client-5.25.0.jar:5.25.0]
	... 1 common frames omitted

2025-11-24T22:39:28.525+05:30  WARN 74399 --- [order-service] [springCloudBus.anonymous.8N74X9lwRiehREOImpPZrg-33] [                                                 ] o.s.a.r.listener.BlockingQueueConsumer   : Failed to declare queue: springCloudBus.anonymous.8N74X9lwRiehREOImpPZrg
2025-11-24T22:39:28.525+05:30  WARN 74399 --- [order-service] [springCloudBus.anonymous.8N74X9lwRiehREOImpPZrg-33] [                                                 ] o.s.a.r.listener.BlockingQueueConsumer   : Queue declaration failed; retries left=1

org.springframework.amqp.rabbit.listener.BlockingQueueConsumer$DeclarationException: Failed to declare queue(s):[springCloudBus.anonymous.8N74X9lwRiehREOImpPZrg]
	at org.springframework.amqp.rabbit.listener.BlockingQueueConsumer.attemptPassiveDeclarations(BlockingQueueConsumer.java:772) ~[spring-rabbit-3.2.8.jar:3.2.8]
	at org.springframework.amqp.rabbit.listener.BlockingQueueConsumer.passiveDeclarations(BlockingQueueConsumer.java:649) ~[spring-rabbit-3.2.8.jar:3.2.8]
	at org.springframework.amqp.rabbit.listener.BlockingQueueConsumer.start(BlockingQueueConsumer.java:636) ~[spring-rabbit-3.2.8.jar:3.2.8]
	at org.springframework.amqp.rabbit.listener.SimpleMessageListenerContainer$AsyncMessageProcessingConsumer.initialize(SimpleMessageListenerContainer.java:1490) ~[spring-rabbit-3.2.8.jar:3.2.8]
	at org.springframework.amqp.rabbit.listener.SimpleMessageListenerContainer$AsyncMessageProcessingConsumer.run(SimpleMessageListenerContainer.java:1328) ~[spring-rabbit-3.2.8.jar:3.2.8]
	at java.base/java.lang.Thread.run(Thread.java:1570) ~[na:na]
Caused by: java.io.IOException: null
	at com.rabbitmq.client.impl.AMQChannel.wrap(AMQChannel.java:140) ~[amqp-client-5.25.0.jar:5.25.0]
	at com.rabbitmq.client.impl.AMQChannel.wrap(AMQChannel.java:136) ~[amqp-client-5.25.0.jar:5.25.0]
	at com.rabbitmq.client.impl.AMQChannel.exnWrappingRpc(AMQChannel.java:158) ~[amqp-client-5.25.0.jar:5.25.0]
	at com.rabbitmq.client.impl.ChannelN.queueDeclarePassive(ChannelN.java:1033) ~[amqp-client-5.25.0.jar:5.25.0]
	at com.rabbitmq.client.impl.ChannelN.queueDeclarePassive(ChannelN.java:47) ~[amqp-client-5.25.0.jar:5.25.0]
	at java.base/jdk.internal.reflect.DirectMethodHandleAccessor.invoke(DirectMethodHandleAccessor.java:103) ~[na:na]
	at java.base/java.lang.reflect.Method.invoke(Method.java:580) ~[na:na]
	at org.springframework.amqp.rabbit.connection.CachingConnectionFactory$CachedChannelInvocationHandler.invoke(CachingConnectionFactory.java:1201) ~[spring-rabbit-3.2.8.jar:3.2.8]
	at jdk.proxy2/jdk.proxy2.$Proxy230.queueDeclarePassive(Unknown Source) ~[na:na]
	at org.springframework.amqp.rabbit.listener.BlockingQueueConsumer.attemptPassiveDeclarations(BlockingQueueConsumer.java:750) ~[spring-rabbit-3.2.8.jar:3.2.8]
	... 5 common frames omitted
Caused by: com.rabbitmq.client.ShutdownSignalException: channel error; protocol method: #method<channel.close>(reply-code=404, reply-text=NOT_FOUND - no queue 'springCloudBus.anonymous.8N74X9lwRiehREOImpPZrg' in vhost 'dwtkuyzt', class-id=50, method-id=10)
	at com.rabbitmq.utility.ValueOrException.getValue(ValueOrException.java:66) ~[amqp-client-5.25.0.jar:5.25.0]
	at com.rabbitmq.utility.BlockingValueOrException.uninterruptibleGetValue(BlockingValueOrException.java:36) ~[amqp-client-5.25.0.jar:5.25.0]
	at com.rabbitmq.client.impl.AMQChannel$BlockingRpcContinuation.getReply(AMQChannel.java:552) ~[amqp-client-5.25.0.jar:5.25.0]
	at com.rabbitmq.client.impl.AMQChannel.privateRpc(AMQChannel.java:316) ~[amqp-client-5.25.0.jar:5.25.0]
	at com.rabbitmq.client.impl.AMQChannel.exnWrappingRpc(AMQChannel.java:152) ~[amqp-client-5.25.0.jar:5.25.0]
	... 12 common frames omitted
Caused by: com.rabbitmq.client.ShutdownSignalException: channel error; protocol method: #method<channel.close>(reply-code=404, reply-text=NOT_FOUND - no queue 'springCloudBus.anonymous.8N74X9lwRiehREOImpPZrg' in vhost 'dwtkuyzt', class-id=50, method-id=10)
	at com.rabbitmq.client.impl.ChannelN.asyncShutdown(ChannelN.java:528) ~[amqp-client-5.25.0.jar:5.25.0]
	at com.rabbitmq.client.impl.ChannelN.processAsync(ChannelN.java:349) ~[amqp-client-5.25.0.jar:5.25.0]
	at com.rabbitmq.client.impl.AMQChannel.handleCompleteInboundCommand(AMQChannel.java:193) ~[amqp-client-5.25.0.jar:5.25.0]
	at com.rabbitmq.client.impl.AMQChannel.handleFrame(AMQChannel.java:125) ~[amqp-client-5.25.0.jar:5.25.0]
	at com.rabbitmq.client.impl.AMQConnection.readFrame(AMQConnection.java:761) ~[amqp-client-5.25.0.jar:5.25.0]
	at com.rabbitmq.client.impl.AMQConnection.access$400(AMQConnection.java:48) ~[amqp-client-5.25.0.jar:5.25.0]
	at com.rabbitmq.client.impl.AMQConnection$MainLoop.run(AMQConnection.java:688) ~[amqp-client-5.25.0.jar:5.25.0]
	... 1 common frames omitted

2025-11-24T22:39:34.065+05:30  WARN 74399 --- [order-service] [springCloudBus.anonymous.8N74X9lwRiehREOImpPZrg-33] [                                                 ] o.s.a.r.listener.BlockingQueueConsumer   : Failed to declare queue: springCloudBus.anonymous.8N74X9lwRiehREOImpPZrg
2025-11-24T22:39:39.140+05:30 ERROR 74399 --- [order-service] [springCloudBus.anonymous.8N74X9lwRiehREOImpPZrg-33] [                                                 ] o.s.a.r.l.SimpleMessageListenerContainer : Consumer threw missing queues exception, fatal=false

org.springframework.amqp.rabbit.listener.QueuesNotAvailableException: Cannot prepare queue for listener. Either the queue doesn't exist or the broker will not allow us to use it.
	at org.springframework.amqp.rabbit.listener.BlockingQueueConsumer.handleDeclarationException(BlockingQueueConsumer.java:722) ~[spring-rabbit-3.2.8.jar:3.2.8]
	at org.springframework.amqp.rabbit.listener.BlockingQueueConsumer.passiveDeclarations(BlockingQueueConsumer.java:656) ~[spring-rabbit-3.2.8.jar:3.2.8]
	at org.springframework.amqp.rabbit.listener.BlockingQueueConsumer.start(BlockingQueueConsumer.java:636) ~[spring-rabbit-3.2.8.jar:3.2.8]
	at org.springframework.amqp.rabbit.listener.SimpleMessageListenerContainer$AsyncMessageProcessingConsumer.initialize(SimpleMessageListenerContainer.java:1490) ~[spring-rabbit-3.2.8.jar:3.2.8]
	at org.springframework.amqp.rabbit.listener.SimpleMessageListenerContainer$AsyncMessageProcessingConsumer.run(SimpleMessageListenerContainer.java:1328) ~[spring-rabbit-3.2.8.jar:3.2.8]
	at java.base/java.lang.Thread.run(Thread.java:1570) ~[na:na]
Caused by: org.springframework.amqp.rabbit.listener.BlockingQueueConsumer$DeclarationException: Failed to declare queue(s):[springCloudBus.anonymous.8N74X9lwRiehREOImpPZrg]
	at org.springframework.amqp.rabbit.listener.BlockingQueueConsumer.attemptPassiveDeclarations(BlockingQueueConsumer.java:772) ~[spring-rabbit-3.2.8.jar:3.2.8]
	at org.springframework.amqp.rabbit.listener.BlockingQueueConsumer.passiveDeclarations(BlockingQueueConsumer.java:649) ~[spring-rabbit-3.2.8.jar:3.2.8]
	... 4 common frames omitted
Caused by: java.io.IOException: null
	at com.rabbitmq.client.impl.AMQChannel.wrap(AMQChannel.java:140) ~[amqp-client-5.25.0.jar:5.25.0]
	at com.rabbitmq.client.impl.AMQChannel.wrap(AMQChannel.java:136) ~[amqp-client-5.25.0.jar:5.25.0]
	at com.rabbitmq.client.impl.AMQChannel.exnWrappingRpc(AMQChannel.java:158) ~[amqp-client-5.25.0.jar:5.25.0]
	at com.rabbitmq.client.impl.ChannelN.queueDeclarePassive(ChannelN.java:1033) ~[amqp-client-5.25.0.jar:5.25.0]
	at com.rabbitmq.client.impl.ChannelN.queueDeclarePassive(ChannelN.java:47) ~[amqp-client-5.25.0.jar:5.25.0]
	at java.base/jdk.internal.reflect.DirectMethodHandleAccessor.invoke(DirectMethodHandleAccessor.java:103) ~[na:na]
	at java.base/java.lang.reflect.Method.invoke(Method.java:580) ~[na:na]
	at org.springframework.amqp.rabbit.connection.CachingConnectionFactory$CachedChannelInvocationHandler.invoke(CachingConnectionFactory.java:1201) ~[spring-rabbit-3.2.8.jar:3.2.8]
	at jdk.proxy2/jdk.proxy2.$Proxy230.queueDeclarePassive(Unknown Source) ~[na:na]
	at org.springframework.amqp.rabbit.listener.BlockingQueueConsumer.attemptPassiveDeclarations(BlockingQueueConsumer.java:750) ~[spring-rabbit-3.2.8.jar:3.2.8]
	... 5 common frames omitted
Caused by: com.rabbitmq.client.ShutdownSignalException: channel error; protocol method: #method<channel.close>(reply-code=404, reply-text=NOT_FOUND - no queue 'springCloudBus.anonymous.8N74X9lwRiehREOImpPZrg' in vhost 'dwtkuyzt', class-id=50, method-id=10)
	at com.rabbitmq.utility.ValueOrException.getValue(ValueOrException.java:66) ~[amqp-client-5.25.0.jar:5.25.0]
	at com.rabbitmq.utility.BlockingValueOrException.uninterruptibleGetValue(BlockingValueOrException.java:36) ~[amqp-client-5.25.0.jar:5.25.0]
	at com.rabbitmq.client.impl.AMQChannel$BlockingRpcContinuation.getReply(AMQChannel.java:552) ~[amqp-client-5.25.0.jar:5.25.0]
	at com.rabbitmq.client.impl.AMQChannel.privateRpc(AMQChannel.java:316) ~[amqp-client-5.25.0.jar:5.25.0]
	at com.rabbitmq.client.impl.AMQChannel.exnWrappingRpc(AMQChannel.java:152) ~[amqp-client-5.25.0.jar:5.25.0]
	... 12 common frames omitted
Caused by: com.rabbitmq.client.ShutdownSignalException: channel error; protocol method: #method<channel.close>(reply-code=404, reply-text=NOT_FOUND - no queue 'springCloudBus.anonymous.8N74X9lwRiehREOImpPZrg' in vhost 'dwtkuyzt', class-id=50, method-id=10)
	at com.rabbitmq.client.impl.ChannelN.asyncShutdown(ChannelN.java:528) ~[amqp-client-5.25.0.jar:5.25.0]
	at com.rabbitmq.client.impl.ChannelN.processAsync(ChannelN.java:349) ~[amqp-client-5.25.0.jar:5.25.0]
	at com.rabbitmq.client.impl.AMQChannel.handleCompleteInboundCommand(AMQChannel.java:193) ~[amqp-client-5.25.0.jar:5.25.0]
	at com.rabbitmq.client.impl.AMQChannel.handleFrame(AMQChannel.java:125) ~[amqp-client-5.25.0.jar:5.25.0]
	at com.rabbitmq.client.impl.AMQConnection.readFrame(AMQConnection.java:761) ~[amqp-client-5.25.0.jar:5.25.0]
	at com.rabbitmq.client.impl.AMQConnection.access$400(AMQConnection.java:48) ~[amqp-client-5.25.0.jar:5.25.0]
	at com.rabbitmq.client.impl.AMQConnection$MainLoop.run(AMQConnection.java:688) ~[amqp-client-5.25.0.jar:5.25.0]
	... 1 common frames omitted

2025-11-24T22:39:39.162+05:30  INFO 74399 --- [order-service] [springCloudBus.anonymous.8N74X9lwRiehREOImpPZrg-33] [                                                 ] o.s.a.r.l.SimpleMessageListenerContainer : Restarting Consumer@d7984e1: tags=[[]], channel=Cached Rabbit Channel: AMQChannel(amqp://dwtkuyzt@35.153.225.39:5672/dwtkuyzt,1), conn: Proxy@63e64174 Shared Rabbit Connection: SimpleConnection@718c61c0 [delegate=amqp://dwtkuyzt@35.153.225.39:5672/dwtkuyzt, localPort=61556], acknowledgeMode=AUTO local queue size=0
2025-11-24T22:39:40.241+05:30  WARN 74399 --- [order-service] [springCloudBus.anonymous.8N74X9lwRiehREOImpPZrg-34] [                                                 ] o.s.a.r.listener.BlockingQueueConsumer   : Failed to declare queue: springCloudBus.anonymous.8N74X9lwRiehREOImpPZrg
2025-11-24T22:39:40.241+05:30  WARN 74399 --- [order-service] [springCloudBus.anonymous.8N74X9lwRiehREOImpPZrg-34] [                                                 ] o.s.a.r.listener.BlockingQueueConsumer   : Queue declaration failed; retries left=3

org.springframework.amqp.rabbit.listener.BlockingQueueConsumer$DeclarationException: Failed to declare queue(s):[springCloudBus.anonymous.8N74X9lwRiehREOImpPZrg]
	at org.springframework.amqp.rabbit.listener.BlockingQueueConsumer.attemptPassiveDeclarations(BlockingQueueConsumer.java:772) ~[spring-rabbit-3.2.8.jar:3.2.8]
	at org.springframework.amqp.rabbit.listener.BlockingQueueConsumer.passiveDeclarations(BlockingQueueConsumer.java:649) ~[spring-rabbit-3.2.8.jar:3.2.8]
	at org.springframework.amqp.rabbit.listener.BlockingQueueConsumer.start(BlockingQueueConsumer.java:636) ~[spring-rabbit-3.2.8.jar:3.2.8]
	at org.springframework.amqp.rabbit.listener.SimpleMessageListenerContainer$AsyncMessageProcessingConsumer.initialize(SimpleMessageListenerContainer.java:1490) ~[spring-rabbit-3.2.8.jar:3.2.8]
	at org.springframework.amqp.rabbit.listener.SimpleMessageListenerContainer$AsyncMessageProcessingConsumer.run(SimpleMessageListenerContainer.java:1328) ~[spring-rabbit-3.2.8.jar:3.2.8]
	at java.base/java.lang.Thread.run(Thread.java:1570) ~[na:na]
Caused by: java.io.IOException: null
	at com.rabbitmq.client.impl.AMQChannel.wrap(AMQChannel.java:140) ~[amqp-client-5.25.0.jar:5.25.0]
	at com.rabbitmq.client.impl.AMQChannel.wrap(AMQChannel.java:136) ~[amqp-client-5.25.0.jar:5.25.0]
	at com.rabbitmq.client.impl.AMQChannel.exnWrappingRpc(AMQChannel.java:158) ~[amqp-client-5.25.0.jar:5.25.0]
	at com.rabbitmq.client.impl.ChannelN.queueDeclarePassive(ChannelN.java:1033) ~[amqp-client-5.25.0.jar:5.25.0]
	at com.rabbitmq.client.impl.ChannelN.queueDeclarePassive(ChannelN.java:47) ~[amqp-client-5.25.0.jar:5.25.0]
	at java.base/jdk.internal.reflect.DirectMethodHandleAccessor.invoke(DirectMethodHandleAccessor.java:103) ~[na:na]
	at java.base/java.lang.reflect.Method.invoke(Method.java:580) ~[na:na]
	at org.springframework.amqp.rabbit.connection.CachingConnectionFactory$CachedChannelInvocationHandler.invoke(CachingConnectionFactory.java:1201) ~[spring-rabbit-3.2.8.jar:3.2.8]
	at jdk.proxy2/jdk.proxy2.$Proxy230.queueDeclarePassive(Unknown Source) ~[na:na]
	at org.springframework.amqp.rabbit.listener.BlockingQueueConsumer.attemptPassiveDeclarations(BlockingQueueConsumer.java:750) ~[spring-rabbit-3.2.8.jar:3.2.8]
	... 5 common frames omitted
Caused by: com.rabbitmq.client.ShutdownSignalException: channel error; protocol method: #method<channel.close>(reply-code=404, reply-text=NOT_FOUND - no queue 'springCloudBus.anonymous.8N74X9lwRiehREOImpPZrg' in vhost 'dwtkuyzt', class-id=50, method-id=10)
	at com.rabbitmq.utility.ValueOrException.getValue(ValueOrException.java:66) ~[amqp-client-5.25.0.jar:5.25.0]
	at com.rabbitmq.utility.BlockingValueOrException.uninterruptibleGetValue(BlockingValueOrException.java:36) ~[amqp-client-5.25.0.jar:5.25.0]
	at com.rabbitmq.client.impl.AMQChannel$BlockingRpcContinuation.getReply(AMQChannel.java:552) ~[amqp-client-5.25.0.jar:5.25.0]
	at com.rabbitmq.client.impl.AMQChannel.privateRpc(AMQChannel.java:316) ~[amqp-client-5.25.0.jar:5.25.0]
	at com.rabbitmq.client.impl.AMQChannel.exnWrappingRpc(AMQChannel.java:152) ~[amqp-client-5.25.0.jar:5.25.0]
	... 12 common frames omitted
Caused by: com.rabbitmq.client.ShutdownSignalException: channel error; protocol method: #method<channel.close>(reply-code=404, reply-text=NOT_FOUND - no queue 'springCloudBus.anonymous.8N74X9lwRiehREOImpPZrg' in vhost 'dwtkuyzt', class-id=50, method-id=10)
	at com.rabbitmq.client.impl.ChannelN.asyncShutdown(ChannelN.java:528) ~[amqp-client-5.25.0.jar:5.25.0]
	at com.rabbitmq.client.impl.ChannelN.processAsync(ChannelN.java:349) ~[amqp-client-5.25.0.jar:5.25.0]
	at com.rabbitmq.client.impl.AMQChannel.handleCompleteInboundCommand(AMQChannel.java:193) ~[amqp-client-5.25.0.jar:5.25.0]
	at com.rabbitmq.client.impl.AMQChannel.handleFrame(AMQChannel.java:125) ~[amqp-client-5.25.0.jar:5.25.0]
	at com.rabbitmq.client.impl.AMQConnection.readFrame(AMQConnection.java:761) ~[amqp-client-5.25.0.jar:5.25.0]
	at com.rabbitmq.client.impl.AMQConnection.access$400(AMQConnection.java:48) ~[amqp-client-5.25.0.jar:5.25.0]
	at com.rabbitmq.client.impl.AMQConnection$MainLoop.run(AMQConnection.java:688) ~[amqp-client-5.25.0.jar:5.25.0]
	... 1 common frames omitted

2025-11-24T22:39:45.794+05:30  WARN 74399 --- [order-service] [springCloudBus.anonymous.8N74X9lwRiehREOImpPZrg-34] [                                                 ] o.s.a.r.listener.BlockingQueueConsumer   : Failed to declare queue: springCloudBus.anonymous.8N74X9lwRiehREOImpPZrg
2025-11-24T22:39:45.795+05:30  WARN 74399 --- [order-service] [springCloudBus.anonymous.8N74X9lwRiehREOImpPZrg-34] [                                                 ] o.s.a.r.listener.BlockingQueueConsumer   : Queue declaration failed; retries left=2

org.springframework.amqp.rabbit.listener.BlockingQueueConsumer$DeclarationException: Failed to declare queue(s):[springCloudBus.anonymous.8N74X9lwRiehREOImpPZrg]
	at org.springframework.amqp.rabbit.listener.BlockingQueueConsumer.attemptPassiveDeclarations(BlockingQueueConsumer.java:772) ~[spring-rabbit-3.2.8.jar:3.2.8]
	at org.springframework.amqp.rabbit.listener.BlockingQueueConsumer.passiveDeclarations(BlockingQueueConsumer.java:649) ~[spring-rabbit-3.2.8.jar:3.2.8]
	at org.springframework.amqp.rabbit.listener.BlockingQueueConsumer.start(BlockingQueueConsumer.java:636) ~[spring-rabbit-3.2.8.jar:3.2.8]
	at org.springframework.amqp.rabbit.listener.SimpleMessageListenerContainer$AsyncMessageProcessingConsumer.initialize(SimpleMessageListenerContainer.java:1490) ~[spring-rabbit-3.2.8.jar:3.2.8]
	at org.springframework.amqp.rabbit.listener.SimpleMessageListenerContainer$AsyncMessageProcessingConsumer.run(SimpleMessageListenerContainer.java:1328) ~[spring-rabbit-3.2.8.jar:3.2.8]
	at java.base/java.lang.Thread.run(Thread.java:1570) ~[na:na]
Caused by: java.io.IOException: null
	at com.rabbitmq.client.impl.AMQChannel.wrap(AMQChannel.java:140) ~[amqp-client-5.25.0.jar:5.25.0]
	at com.rabbitmq.client.impl.AMQChannel.wrap(AMQChannel.java:136) ~[amqp-client-5.25.0.jar:5.25.0]
	at com.rabbitmq.client.impl.AMQChannel.exnWrappingRpc(AMQChannel.java:158) ~[amqp-client-5.25.0.jar:5.25.0]
	at com.rabbitmq.client.impl.ChannelN.queueDeclarePassive(ChannelN.java:1033) ~[amqp-client-5.25.0.jar:5.25.0]
	at com.rabbitmq.client.impl.ChannelN.queueDeclarePassive(ChannelN.java:47) ~[amqp-client-5.25.0.jar:5.25.0]
	at java.base/jdk.internal.reflect.DirectMethodHandleAccessor.invoke(DirectMethodHandleAccessor.java:103) ~[na:na]
	at java.base/java.lang.reflect.Method.invoke(Method.java:580) ~[na:na]
	at org.springframework.amqp.rabbit.connection.CachingConnectionFactory$CachedChannelInvocationHandler.invoke(CachingConnectionFactory.java:1201) ~[spring-rabbit-3.2.8.jar:3.2.8]
	at jdk.proxy2/jdk.proxy2.$Proxy230.queueDeclarePassive(Unknown Source) ~[na:na]
	at org.springframework.amqp.rabbit.listener.BlockingQueueConsumer.attemptPassiveDeclarations(BlockingQueueConsumer.java:750) ~[spring-rabbit-3.2.8.jar:3.2.8]
	... 5 common frames omitted
Caused by: com.rabbitmq.client.ShutdownSignalException: channel error; protocol method: #method<channel.close>(reply-code=404, reply-text=NOT_FOUND - no queue 'springCloudBus.anonymous.8N74X9lwRiehREOImpPZrg' in vhost 'dwtkuyzt', class-id=50, method-id=10)
	at com.rabbitmq.utility.ValueOrException.getValue(ValueOrException.java:66) ~[amqp-client-5.25.0.jar:5.25.0]
	at com.rabbitmq.utility.BlockingValueOrException.uninterruptibleGetValue(BlockingValueOrException.java:36) ~[amqp-client-5.25.0.jar:5.25.0]
	at com.rabbitmq.client.impl.AMQChannel$BlockingRpcContinuation.getReply(AMQChannel.java:552) ~[amqp-client-5.25.0.jar:5.25.0]
	at com.rabbitmq.client.impl.AMQChannel.privateRpc(AMQChannel.java:316) ~[amqp-client-5.25.0.jar:5.25.0]
	at com.rabbitmq.client.impl.AMQChannel.exnWrappingRpc(AMQChannel.java:152) ~[amqp-client-5.25.0.jar:5.25.0]
	... 12 common frames omitted
Caused by: com.rabbitmq.client.ShutdownSignalException: channel error; protocol method: #method<channel.close>(reply-code=404, reply-text=NOT_FOUND - no queue 'springCloudBus.anonymous.8N74X9lwRiehREOImpPZrg' in vhost 'dwtkuyzt', class-id=50, method-id=10)
	at com.rabbitmq.client.impl.ChannelN.asyncShutdown(ChannelN.java:528) ~[amqp-client-5.25.0.jar:5.25.0]
	at com.rabbitmq.client.impl.ChannelN.processAsync(ChannelN.java:349) ~[amqp-client-5.25.0.jar:5.25.0]
	at com.rabbitmq.client.impl.AMQChannel.handleCompleteInboundCommand(AMQChannel.java:193) ~[amqp-client-5.25.0.jar:5.25.0]
	at com.rabbitmq.client.impl.AMQChannel.handleFrame(AMQChannel.java:125) ~[amqp-client-5.25.0.jar:5.25.0]
	at com.rabbitmq.client.impl.AMQConnection.readFrame(AMQConnection.java:761) ~[amqp-client-5.25.0.jar:5.25.0]
	at com.rabbitmq.client.impl.AMQConnection.access$400(AMQConnection.java:48) ~[amqp-client-5.25.0.jar:5.25.0]
	at com.rabbitmq.client.impl.AMQConnection$MainLoop.run(AMQConnection.java:688) ~[amqp-client-5.25.0.jar:5.25.0]
	... 1 common frames omitted

2025-11-24T22:39:51.333+05:30  WARN 74399 --- [order-service] [springCloudBus.anonymous.8N74X9lwRiehREOImpPZrg-34] [                                                 ] o.s.a.r.listener.BlockingQueueConsumer   : Failed to declare queue: springCloudBus.anonymous.8N74X9lwRiehREOImpPZrg
2025-11-24T22:39:51.333+05:30  WARN 74399 --- [order-service] [springCloudBus.anonymous.8N74X9lwRiehREOImpPZrg-34] [                                                 ] o.s.a.r.listener.BlockingQueueConsumer   : Queue declaration failed; retries left=1

org.springframework.amqp.rabbit.listener.BlockingQueueConsumer$DeclarationException: Failed to declare queue(s):[springCloudBus.anonymous.8N74X9lwRiehREOImpPZrg]
	at org.springframework.amqp.rabbit.listener.BlockingQueueConsumer.attemptPassiveDeclarations(BlockingQueueConsumer.java:772) ~[spring-rabbit-3.2.8.jar:3.2.8]
	at org.springframework.amqp.rabbit.listener.BlockingQueueConsumer.passiveDeclarations(BlockingQueueConsumer.java:649) ~[spring-rabbit-3.2.8.jar:3.2.8]
	at org.springframework.amqp.rabbit.listener.BlockingQueueConsumer.start(BlockingQueueConsumer.java:636) ~[spring-rabbit-3.2.8.jar:3.2.8]
	at org.springframework.amqp.rabbit.listener.SimpleMessageListenerContainer$AsyncMessageProcessingConsumer.initialize(SimpleMessageListenerContainer.java:1490) ~[spring-rabbit-3.2.8.jar:3.2.8]
	at org.springframework.amqp.rabbit.listener.SimpleMessageListenerContainer$AsyncMessageProcessingConsumer.run(SimpleMessageListenerContainer.java:1328) ~[spring-rabbit-3.2.8.jar:3.2.8]
	at java.base/java.lang.Thread.run(Thread.java:1570) ~[na:na]
Caused by: java.io.IOException: null
	at com.rabbitmq.client.impl.AMQChannel.wrap(AMQChannel.java:140) ~[amqp-client-5.25.0.jar:5.25.0]
	at com.rabbitmq.client.impl.AMQChannel.wrap(AMQChannel.java:136) ~[amqp-client-5.25.0.jar:5.25.0]
	at com.rabbitmq.client.impl.AMQChannel.exnWrappingRpc(AMQChannel.java:158) ~[amqp-client-5.25.0.jar:5.25.0]
	at com.rabbitmq.client.impl.ChannelN.queueDeclarePassive(ChannelN.java:1033) ~[amqp-client-5.25.0.jar:5.25.0]
	at com.rabbitmq.client.impl.ChannelN.queueDeclarePassive(ChannelN.java:47) ~[amqp-client-5.25.0.jar:5.25.0]
	at java.base/jdk.internal.reflect.DirectMethodHandleAccessor.invoke(DirectMethodHandleAccessor.java:103) ~[na:na]
	at java.base/java.lang.reflect.Method.invoke(Method.java:580) ~[na:na]
	at org.springframework.amqp.rabbit.connection.CachingConnectionFactory$CachedChannelInvocationHandler.invoke(CachingConnectionFactory.java:1201) ~[spring-rabbit-3.2.8.jar:3.2.8]
	at jdk.proxy2/jdk.proxy2.$Proxy230.queueDeclarePassive(Unknown Source) ~[na:na]
	at org.springframework.amqp.rabbit.listener.BlockingQueueConsumer.attemptPassiveDeclarations(BlockingQueueConsumer.java:750) ~[spring-rabbit-3.2.8.jar:3.2.8]
	... 5 common frames omitted
Caused by: com.rabbitmq.client.ShutdownSignalException: channel error; protocol method: #method<channel.close>(reply-code=404, reply-text=NOT_FOUND - no queue 'springCloudBus.anonymous.8N74X9lwRiehREOImpPZrg' in vhost 'dwtkuyzt', class-id=50, method-id=10)
	at com.rabbitmq.utility.ValueOrException.getValue(ValueOrException.java:66) ~[amqp-client-5.25.0.jar:5.25.0]
	at com.rabbitmq.utility.BlockingValueOrException.uninterruptibleGetValue(BlockingValueOrException.java:36) ~[amqp-client-5.25.0.jar:5.25.0]
	at com.rabbitmq.client.impl.AMQChannel$BlockingRpcContinuation.getReply(AMQChannel.java:552) ~[amqp-client-5.25.0.jar:5.25.0]
	at com.rabbitmq.client.impl.AMQChannel.privateRpc(AMQChannel.java:316) ~[amqp-client-5.25.0.jar:5.25.0]
	at com.rabbitmq.client.impl.AMQChannel.exnWrappingRpc(AMQChannel.java:152) ~[amqp-client-5.25.0.jar:5.25.0]
	... 12 common frames omitted
Caused by: com.rabbitmq.client.ShutdownSignalException: channel error; protocol method: #method<channel.close>(reply-code=404, reply-text=NOT_FOUND - no queue 'springCloudBus.anonymous.8N74X9lwRiehREOImpPZrg' in vhost 'dwtkuyzt', class-id=50, method-id=10)
	at com.rabbitmq.client.impl.ChannelN.asyncShutdown(ChannelN.java:528) ~[amqp-client-5.25.0.jar:5.25.0]
	at com.rabbitmq.client.impl.ChannelN.processAsync(ChannelN.java:349) ~[amqp-client-5.25.0.jar:5.25.0]
	at com.rabbitmq.client.impl.AMQChannel.handleCompleteInboundCommand(AMQChannel.java:193) ~[amqp-client-5.25.0.jar:5.25.0]
	at com.rabbitmq.client.impl.AMQChannel.handleFrame(AMQChannel.java:125) ~[amqp-client-5.25.0.jar:5.25.0]
	at com.rabbitmq.client.impl.AMQConnection.readFrame(AMQConnection.java:761) ~[amqp-client-5.25.0.jar:5.25.0]
	at com.rabbitmq.client.impl.AMQConnection.access$400(AMQConnection.java:48) ~[amqp-client-5.25.0.jar:5.25.0]
	at com.rabbitmq.client.impl.AMQConnection$MainLoop.run(AMQConnection.java:688) ~[amqp-client-5.25.0.jar:5.25.0]
	... 1 common frames omitted

2025-11-24T22:39:56.895+05:30  WARN 74399 --- [order-service] [springCloudBus.anonymous.8N74X9lwRiehREOImpPZrg-34] [                                                 ] o.s.a.r.listener.BlockingQueueConsumer   : Failed to declare queue: springCloudBus.anonymous.8N74X9lwRiehREOImpPZrg
2025-11-24T22:40:01.974+05:30 ERROR 74399 --- [order-service] [springCloudBus.anonymous.8N74X9lwRiehREOImpPZrg-34] [                                                 ] o.s.a.r.l.SimpleMessageListenerContainer : Consumer threw missing queues exception, fatal=false

org.springframework.amqp.rabbit.listener.QueuesNotAvailableException: Cannot prepare queue for listener. Either the queue doesn't exist or the broker will not allow us to use it.
	at org.springframework.amqp.rabbit.listener.BlockingQueueConsumer.handleDeclarationException(BlockingQueueConsumer.java:722) ~[spring-rabbit-3.2.8.jar:3.2.8]
	at org.springframework.amqp.rabbit.listener.BlockingQueueConsumer.passiveDeclarations(BlockingQueueConsumer.java:656) ~[spring-rabbit-3.2.8.jar:3.2.8]
	at org.springframework.amqp.rabbit.listener.BlockingQueueConsumer.start(BlockingQueueConsumer.java:636) ~[spring-rabbit-3.2.8.jar:3.2.8]
	at org.springframework.amqp.rabbit.listener.SimpleMessageListenerContainer$AsyncMessageProcessingConsumer.initialize(SimpleMessageListenerContainer.java:1490) ~[spring-rabbit-3.2.8.jar:3.2.8]
	at org.springframework.amqp.rabbit.listener.SimpleMessageListenerContainer$AsyncMessageProcessingConsumer.run(SimpleMessageListenerContainer.java:1328) ~[spring-rabbit-3.2.8.jar:3.2.8]
	at java.base/java.lang.Thread.run(Thread.java:1570) ~[na:na]
Caused by: org.springframework.amqp.rabbit.listener.BlockingQueueConsumer$DeclarationException: Failed to declare queue(s):[springCloudBus.anonymous.8N74X9lwRiehREOImpPZrg]
	at org.springframework.amqp.rabbit.listener.BlockingQueueConsumer.attemptPassiveDeclarations(BlockingQueueConsumer.java:772) ~[spring-rabbit-3.2.8.jar:3.2.8]
	at org.springframework.amqp.rabbit.listener.BlockingQueueConsumer.passiveDeclarations(BlockingQueueConsumer.java:649) ~[spring-rabbit-3.2.8.jar:3.2.8]
	... 4 common frames omitted
Caused by: java.io.IOException: null
	at com.rabbitmq.client.impl.AMQChannel.wrap(AMQChannel.java:140) ~[amqp-client-5.25.0.jar:5.25.0]
	at com.rabbitmq.client.impl.AMQChannel.wrap(AMQChannel.java:136) ~[amqp-client-5.25.0.jar:5.25.0]
	at com.rabbitmq.client.impl.AMQChannel.exnWrappingRpc(AMQChannel.java:158) ~[amqp-client-5.25.0.jar:5.25.0]
	at com.rabbitmq.client.impl.ChannelN.queueDeclarePassive(ChannelN.java:1033) ~[amqp-client-5.25.0.jar:5.25.0]
	at com.rabbitmq.client.impl.ChannelN.queueDeclarePassive(ChannelN.java:47) ~[amqp-client-5.25.0.jar:5.25.0]
	at java.base/jdk.internal.reflect.DirectMethodHandleAccessor.invoke(DirectMethodHandleAccessor.java:103) ~[na:na]
	at java.base/java.lang.reflect.Method.invoke(Method.java:580) ~[na:na]
	at org.springframework.amqp.rabbit.connection.CachingConnectionFactory$CachedChannelInvocationHandler.invoke(CachingConnectionFactory.java:1201) ~[spring-rabbit-3.2.8.jar:3.2.8]
	at jdk.proxy2/jdk.proxy2.$Proxy230.queueDeclarePassive(Unknown Source) ~[na:na]
	at org.springframework.amqp.rabbit.listener.BlockingQueueConsumer.attemptPassiveDeclarations(BlockingQueueConsumer.java:750) ~[spring-rabbit-3.2.8.jar:3.2.8]
	... 5 common frames omitted
Caused by: com.rabbitmq.client.ShutdownSignalException: channel error; protocol method: #method<channel.close>(reply-code=404, reply-text=NOT_FOUND - no queue 'springCloudBus.anonymous.8N74X9lwRiehREOImpPZrg' in vhost 'dwtkuyzt', class-id=50, method-id=10)
	at com.rabbitmq.utility.ValueOrException.getValue(ValueOrException.java:66) ~[amqp-client-5.25.0.jar:5.25.0]
	at com.rabbitmq.utility.BlockingValueOrException.uninterruptibleGetValue(BlockingValueOrException.java:36) ~[amqp-client-5.25.0.jar:5.25.0]
	at com.rabbitmq.client.impl.AMQChannel$BlockingRpcContinuation.getReply(AMQChannel.java:552) ~[amqp-client-5.25.0.jar:5.25.0]
	at com.rabbitmq.client.impl.AMQChannel.privateRpc(AMQChannel.java:316) ~[amqp-client-5.25.0.jar:5.25.0]
	at com.rabbitmq.client.impl.AMQChannel.exnWrappingRpc(AMQChannel.java:152) ~[amqp-client-5.25.0.jar:5.25.0]
	... 12 common frames omitted
Caused by: com.rabbitmq.client.ShutdownSignalException: channel error; protocol method: #method<channel.close>(reply-code=404, reply-text=NOT_FOUND - no queue 'springCloudBus.anonymous.8N74X9lwRiehREOImpPZrg' in vhost 'dwtkuyzt', class-id=50, method-id=10)
	at com.rabbitmq.client.impl.ChannelN.asyncShutdown(ChannelN.java:528) ~[amqp-client-5.25.0.jar:5.25.0]
	at com.rabbitmq.client.impl.ChannelN.processAsync(ChannelN.java:349) ~[amqp-client-5.25.0.jar:5.25.0]
	at com.rabbitmq.client.impl.AMQChannel.handleCompleteInboundCommand(AMQChannel.java:193) ~[amqp-client-5.25.0.jar:5.25.0]
	at com.rabbitmq.client.impl.AMQChannel.handleFrame(AMQChannel.java:125) ~[amqp-client-5.25.0.jar:5.25.0]
	at com.rabbitmq.client.impl.AMQConnection.readFrame(AMQConnection.java:761) ~[amqp-client-5.25.0.jar:5.25.0]
	at com.rabbitmq.client.impl.AMQConnection.access$400(AMQConnection.java:48) ~[amqp-client-5.25.0.jar:5.25.0]
	at com.rabbitmq.client.impl.AMQConnection$MainLoop.run(AMQConnection.java:688) ~[amqp-client-5.25.0.jar:5.25.0]
	... 1 common frames omitted

2025-11-24T22:40:01.982+05:30  INFO 74399 --- [order-service] [springCloudBus.anonymous.8N74X9lwRiehREOImpPZrg-34] [                                                 ] o.s.a.r.l.SimpleMessageListenerContainer : Restarting Consumer@1186dbb7: tags=[[]], channel=Cached Rabbit Channel: AMQChannel(amqp://dwtkuyzt@35.153.225.39:5672/dwtkuyzt,1), conn: Proxy@63e64174 Shared Rabbit Connection: SimpleConnection@718c61c0 [delegate=amqp://dwtkuyzt@35.153.225.39:5672/dwtkuyzt, localPort=61556], acknowledgeMode=AUTO local queue size=0
2025-11-24T22:40:03.060+05:30  WARN 74399 --- [order-service] [springCloudBus.anonymous.8N74X9lwRiehREOImpPZrg-35] [                                                 ] o.s.a.r.listener.BlockingQueueConsumer   : Failed to declare queue: springCloudBus.anonymous.8N74X9lwRiehREOImpPZrg
2025-11-24T22:40:03.060+05:30  WARN 74399 --- [order-service] [springCloudBus.anonymous.8N74X9lwRiehREOImpPZrg-35] [                                                 ] o.s.a.r.listener.BlockingQueueConsumer   : Queue declaration failed; retries left=3

org.springframework.amqp.rabbit.listener.BlockingQueueConsumer$DeclarationException: Failed to declare queue(s):[springCloudBus.anonymous.8N74X9lwRiehREOImpPZrg]
	at org.springframework.amqp.rabbit.listener.BlockingQueueConsumer.attemptPassiveDeclarations(BlockingQueueConsumer.java:772) ~[spring-rabbit-3.2.8.jar:3.2.8]
	at org.springframework.amqp.rabbit.listener.BlockingQueueConsumer.passiveDeclarations(BlockingQueueConsumer.java:649) ~[spring-rabbit-3.2.8.jar:3.2.8]
	at org.springframework.amqp.rabbit.listener.BlockingQueueConsumer.start(BlockingQueueConsumer.java:636) ~[spring-rabbit-3.2.8.jar:3.2.8]
	at org.springframework.amqp.rabbit.listener.SimpleMessageListenerContainer$AsyncMessageProcessingConsumer.initialize(SimpleMessageListenerContainer.java:1490) ~[spring-rabbit-3.2.8.jar:3.2.8]
	at org.springframework.amqp.rabbit.listener.SimpleMessageListenerContainer$AsyncMessageProcessingConsumer.run(SimpleMessageListenerContainer.java:1328) ~[spring-rabbit-3.2.8.jar:3.2.8]
	at java.base/java.lang.Thread.run(Thread.java:1570) ~[na:na]
Caused by: java.io.IOException: null
	at com.rabbitmq.client.impl.AMQChannel.wrap(AMQChannel.java:140) ~[amqp-client-5.25.0.jar:5.25.0]
	at com.rabbitmq.client.impl.AMQChannel.wrap(AMQChannel.java:136) ~[amqp-client-5.25.0.jar:5.25.0]
	at com.rabbitmq.client.impl.AMQChannel.exnWrappingRpc(AMQChannel.java:158) ~[amqp-client-5.25.0.jar:5.25.0]
	at com.rabbitmq.client.impl.ChannelN.queueDeclarePassive(ChannelN.java:1033) ~[amqp-client-5.25.0.jar:5.25.0]
	at com.rabbitmq.client.impl.ChannelN.queueDeclarePassive(ChannelN.java:47) ~[amqp-client-5.25.0.jar:5.25.0]
	at java.base/jdk.internal.reflect.DirectMethodHandleAccessor.invoke(DirectMethodHandleAccessor.java:103) ~[na:na]
	at java.base/java.lang.reflect.Method.invoke(Method.java:580) ~[na:na]
	at org.springframework.amqp.rabbit.connection.CachingConnectionFactory$CachedChannelInvocationHandler.invoke(CachingConnectionFactory.java:1201) ~[spring-rabbit-3.2.8.jar:3.2.8]
	at jdk.proxy2/jdk.proxy2.$Proxy230.queueDeclarePassive(Unknown Source) ~[na:na]
	at org.springframework.amqp.rabbit.listener.BlockingQueueConsumer.attemptPassiveDeclarations(BlockingQueueConsumer.java:750) ~[spring-rabbit-3.2.8.jar:3.2.8]
	... 5 common frames omitted
Caused by: com.rabbitmq.client.ShutdownSignalException: channel error; protocol method: #method<channel.close>(reply-code=404, reply-text=NOT_FOUND - no queue 'springCloudBus.anonymous.8N74X9lwRiehREOImpPZrg' in vhost 'dwtkuyzt', class-id=50, method-id=10)
	at com.rabbitmq.utility.ValueOrException.getValue(ValueOrException.java:66) ~[amqp-client-5.25.0.jar:5.25.0]
	at com.rabbitmq.utility.BlockingValueOrException.uninterruptibleGetValue(BlockingValueOrException.java:36) ~[amqp-client-5.25.0.jar:5.25.0]
	at com.rabbitmq.client.impl.AMQChannel$BlockingRpcContinuation.getReply(AMQChannel.java:552) ~[amqp-client-5.25.0.jar:5.25.0]
	at com.rabbitmq.client.impl.AMQChannel.privateRpc(AMQChannel.java:316) ~[amqp-client-5.25.0.jar:5.25.0]
	at com.rabbitmq.client.impl.AMQChannel.exnWrappingRpc(AMQChannel.java:152) ~[amqp-client-5.25.0.jar:5.25.0]
	... 12 common frames omitted
Caused by: com.rabbitmq.client.ShutdownSignalException: channel error; protocol method: #method<channel.close>(reply-code=404, reply-text=NOT_FOUND - no queue 'springCloudBus.anonymous.8N74X9lwRiehREOImpPZrg' in vhost 'dwtkuyzt', class-id=50, method-id=10)
	at com.rabbitmq.client.impl.ChannelN.asyncShutdown(ChannelN.java:528) ~[amqp-client-5.25.0.jar:5.25.0]
	at com.rabbitmq.client.impl.ChannelN.processAsync(ChannelN.java:349) ~[amqp-client-5.25.0.jar:5.25.0]
	at com.rabbitmq.client.impl.AMQChannel.handleCompleteInboundCommand(AMQChannel.java:193) ~[amqp-client-5.25.0.jar:5.25.0]
	at com.rabbitmq.client.impl.AMQChannel.handleFrame(AMQChannel.java:125) ~[amqp-client-5.25.0.jar:5.25.0]
	at com.rabbitmq.client.impl.AMQConnection.readFrame(AMQConnection.java:761) ~[amqp-client-5.25.0.jar:5.25.0]
	at com.rabbitmq.client.impl.AMQConnection.access$400(AMQConnection.java:48) ~[amqp-client-5.25.0.jar:5.25.0]
	at com.rabbitmq.client.impl.AMQConnection$MainLoop.run(AMQConnection.java:688) ~[amqp-client-5.25.0.jar:5.25.0]
	... 1 common frames omitted

2025-11-24T22:40:08.597+05:30  WARN 74399 --- [order-service] [springCloudBus.anonymous.8N74X9lwRiehREOImpPZrg-35] [                                                 ] o.s.a.r.listener.BlockingQueueConsumer   : Failed to declare queue: springCloudBus.anonymous.8N74X9lwRiehREOImpPZrg
2025-11-24T22:40:08.599+05:30  WARN 74399 --- [order-service] [springCloudBus.anonymous.8N74X9lwRiehREOImpPZrg-35] [                                                 ] o.s.a.r.listener.BlockingQueueConsumer   : Queue declaration failed; retries left=2

org.springframework.amqp.rabbit.listener.BlockingQueueConsumer$DeclarationException: Failed to declare queue(s):[springCloudBus.anonymous.8N74X9lwRiehREOImpPZrg]
	at org.springframework.amqp.rabbit.listener.BlockingQueueConsumer.attemptPassiveDeclarations(BlockingQueueConsumer.java:772) ~[spring-rabbit-3.2.8.jar:3.2.8]
	at org.springframework.amqp.rabbit.listener.BlockingQueueConsumer.passiveDeclarations(BlockingQueueConsumer.java:649) ~[spring-rabbit-3.2.8.jar:3.2.8]
	at org.springframework.amqp.rabbit.listener.BlockingQueueConsumer.start(BlockingQueueConsumer.java:636) ~[spring-rabbit-3.2.8.jar:3.2.8]
	at org.springframework.amqp.rabbit.listener.SimpleMessageListenerContainer$AsyncMessageProcessingConsumer.initialize(SimpleMessageListenerContainer.java:1490) ~[spring-rabbit-3.2.8.jar:3.2.8]
	at org.springframework.amqp.rabbit.listener.SimpleMessageListenerContainer$AsyncMessageProcessingConsumer.run(SimpleMessageListenerContainer.java:1328) ~[spring-rabbit-3.2.8.jar:3.2.8]
	at java.base/java.lang.Thread.run(Thread.java:1570) ~[na:na]
Caused by: java.io.IOException: null
	at com.rabbitmq.client.impl.AMQChannel.wrap(AMQChannel.java:140) ~[amqp-client-5.25.0.jar:5.25.0]
	at com.rabbitmq.client.impl.AMQChannel.wrap(AMQChannel.java:136) ~[amqp-client-5.25.0.jar:5.25.0]
	at com.rabbitmq.client.impl.AMQChannel.exnWrappingRpc(AMQChannel.java:158) ~[amqp-client-5.25.0.jar:5.25.0]
	at com.rabbitmq.client.impl.ChannelN.queueDeclarePassive(ChannelN.java:1033) ~[amqp-client-5.25.0.jar:5.25.0]
	at com.rabbitmq.client.impl.ChannelN.queueDeclarePassive(ChannelN.java:47) ~[amqp-client-5.25.0.jar:5.25.0]
	at java.base/jdk.internal.reflect.DirectMethodHandleAccessor.invoke(DirectMethodHandleAccessor.java:103) ~[na:na]
	at java.base/java.lang.reflect.Method.invoke(Method.java:580) ~[na:na]
	at org.springframework.amqp.rabbit.connection.CachingConnectionFactory$CachedChannelInvocationHandler.invoke(CachingConnectionFactory.java:1201) ~[spring-rabbit-3.2.8.jar:3.2.8]
	at jdk.proxy2/jdk.proxy2.$Proxy230.queueDeclarePassive(Unknown Source) ~[na:na]
	at org.springframework.amqp.rabbit.listener.BlockingQueueConsumer.attemptPassiveDeclarations(BlockingQueueConsumer.java:750) ~[spring-rabbit-3.2.8.jar:3.2.8]
	... 5 common frames omitted
Caused by: com.rabbitmq.client.ShutdownSignalException: channel error; protocol method: #method<channel.close>(reply-code=404, reply-text=NOT_FOUND - no queue 'springCloudBus.anonymous.8N74X9lwRiehREOImpPZrg' in vhost 'dwtkuyzt', class-id=50, method-id=10)
	at com.rabbitmq.utility.ValueOrException.getValue(ValueOrException.java:66) ~[amqp-client-5.25.0.jar:5.25.0]
	at com.rabbitmq.utility.BlockingValueOrException.uninterruptibleGetValue(BlockingValueOrException.java:36) ~[amqp-client-5.25.0.jar:5.25.0]
	at com.rabbitmq.client.impl.AMQChannel$BlockingRpcContinuation.getReply(AMQChannel.java:552) ~[amqp-client-5.25.0.jar:5.25.0]
	at com.rabbitmq.client.impl.AMQChannel.privateRpc(AMQChannel.java:316) ~[amqp-client-5.25.0.jar:5.25.0]
	at com.rabbitmq.client.impl.AMQChannel.exnWrappingRpc(AMQChannel.java:152) ~[amqp-client-5.25.0.jar:5.25.0]
	... 12 common frames omitted
Caused by: com.rabbitmq.client.ShutdownSignalException: channel error; protocol method: #method<channel.close>(reply-code=404, reply-text=NOT_FOUND - no queue 'springCloudBus.anonymous.8N74X9lwRiehREOImpPZrg' in vhost 'dwtkuyzt', class-id=50, method-id=10)
	at com.rabbitmq.client.impl.ChannelN.asyncShutdown(ChannelN.java:528) ~[amqp-client-5.25.0.jar:5.25.0]
	at com.rabbitmq.client.impl.ChannelN.processAsync(ChannelN.java:349) ~[amqp-client-5.25.0.jar:5.25.0]
	at com.rabbitmq.client.impl.AMQChannel.handleCompleteInboundCommand(AMQChannel.java:193) ~[amqp-client-5.25.0.jar:5.25.0]
	at com.rabbitmq.client.impl.AMQChannel.handleFrame(AMQChannel.java:125) ~[amqp-client-5.25.0.jar:5.25.0]
	at com.rabbitmq.client.impl.AMQConnection.readFrame(AMQConnection.java:761) ~[amqp-client-5.25.0.jar:5.25.0]
	at com.rabbitmq.client.impl.AMQConnection.access$400(AMQConnection.java:48) ~[amqp-client-5.25.0.jar:5.25.0]
	at com.rabbitmq.client.impl.AMQConnection$MainLoop.run(AMQConnection.java:688) ~[amqp-client-5.25.0.jar:5.25.0]
	... 1 common frames omitted

2025-11-24T22:40:14.140+05:30  WARN 74399 --- [order-service] [springCloudBus.anonymous.8N74X9lwRiehREOImpPZrg-35] [                                                 ] o.s.a.r.listener.BlockingQueueConsumer   : Failed to declare queue: springCloudBus.anonymous.8N74X9lwRiehREOImpPZrg
2025-11-24T22:40:14.146+05:30  WARN 74399 --- [order-service] [springCloudBus.anonymous.8N74X9lwRiehREOImpPZrg-35] [                                                 ] o.s.a.r.listener.BlockingQueueConsumer   : Queue declaration failed; retries left=1

org.springframework.amqp.rabbit.listener.BlockingQueueConsumer$DeclarationException: Failed to declare queue(s):[springCloudBus.anonymous.8N74X9lwRiehREOImpPZrg]
	at org.springframework.amqp.rabbit.listener.BlockingQueueConsumer.attemptPassiveDeclarations(BlockingQueueConsumer.java:772) ~[spring-rabbit-3.2.8.jar:3.2.8]
	at org.springframework.amqp.rabbit.listener.BlockingQueueConsumer.passiveDeclarations(BlockingQueueConsumer.java:649) ~[spring-rabbit-3.2.8.jar:3.2.8]
	at org.springframework.amqp.rabbit.listener.BlockingQueueConsumer.start(BlockingQueueConsumer.java:636) ~[spring-rabbit-3.2.8.jar:3.2.8]
	at org.springframework.amqp.rabbit.listener.SimpleMessageListenerContainer$AsyncMessageProcessingConsumer.initialize(SimpleMessageListenerContainer.java:1490) ~[spring-rabbit-3.2.8.jar:3.2.8]
	at org.springframework.amqp.rabbit.listener.SimpleMessageListenerContainer$AsyncMessageProcessingConsumer.run(SimpleMessageListenerContainer.java:1328) ~[spring-rabbit-3.2.8.jar:3.2.8]
	at java.base/java.lang.Thread.run(Thread.java:1570) ~[na:na]
Caused by: java.io.IOException: null
	at com.rabbitmq.client.impl.AMQChannel.wrap(AMQChannel.java:140) ~[amqp-client-5.25.0.jar:5.25.0]
	at com.rabbitmq.client.impl.AMQChannel.wrap(AMQChannel.java:136) ~[amqp-client-5.25.0.jar:5.25.0]
	at com.rabbitmq.client.impl.AMQChannel.exnWrappingRpc(AMQChannel.java:158) ~[amqp-client-5.25.0.jar:5.25.0]
	at com.rabbitmq.client.impl.ChannelN.queueDeclarePassive(ChannelN.java:1033) ~[amqp-client-5.25.0.jar:5.25.0]
	at com.rabbitmq.client.impl.ChannelN.queueDeclarePassive(ChannelN.java:47) ~[amqp-client-5.25.0.jar:5.25.0]
	at java.base/jdk.internal.reflect.DirectMethodHandleAccessor.invoke(DirectMethodHandleAccessor.java:103) ~[na:na]
	at java.base/java.lang.reflect.Method.invoke(Method.java:580) ~[na:na]
	at org.springframework.amqp.rabbit.connection.CachingConnectionFactory$CachedChannelInvocationHandler.invoke(CachingConnectionFactory.java:1201) ~[spring-rabbit-3.2.8.jar:3.2.8]
	at jdk.proxy2/jdk.proxy2.$Proxy230.queueDeclarePassive(Unknown Source) ~[na:na]
	at org.springframework.amqp.rabbit.listener.BlockingQueueConsumer.attemptPassiveDeclarations(BlockingQueueConsumer.java:750) ~[spring-rabbit-3.2.8.jar:3.2.8]
	... 5 common frames omitted
Caused by: com.rabbitmq.client.ShutdownSignalException: channel error; protocol method: #method<channel.close>(reply-code=404, reply-text=NOT_FOUND - no queue 'springCloudBus.anonymous.8N74X9lwRiehREOImpPZrg' in vhost 'dwtkuyzt', class-id=50, method-id=10)
	at com.rabbitmq.utility.ValueOrException.getValue(ValueOrException.java:66) ~[amqp-client-5.25.0.jar:5.25.0]
	at com.rabbitmq.utility.BlockingValueOrException.uninterruptibleGetValue(BlockingValueOrException.java:36) ~[amqp-client-5.25.0.jar:5.25.0]
	at com.rabbitmq.client.impl.AMQChannel$BlockingRpcContinuation.getReply(AMQChannel.java:552) ~[amqp-client-5.25.0.jar:5.25.0]
	at com.rabbitmq.client.impl.AMQChannel.privateRpc(AMQChannel.java:316) ~[amqp-client-5.25.0.jar:5.25.0]
	at com.rabbitmq.client.impl.AMQChannel.exnWrappingRpc(AMQChannel.java:152) ~[amqp-client-5.25.0.jar:5.25.0]
	... 12 common frames omitted
Caused by: com.rabbitmq.client.ShutdownSignalException: channel error; protocol method: #method<channel.close>(reply-code=404, reply-text=NOT_FOUND - no queue 'springCloudBus.anonymous.8N74X9lwRiehREOImpPZrg' in vhost 'dwtkuyzt', class-id=50, method-id=10)
	at com.rabbitmq.client.impl.ChannelN.asyncShutdown(ChannelN.java:528) ~[amqp-client-5.25.0.jar:5.25.0]
	at com.rabbitmq.client.impl.ChannelN.processAsync(ChannelN.java:349) ~[amqp-client-5.25.0.jar:5.25.0]
	at com.rabbitmq.client.impl.AMQChannel.handleCompleteInboundCommand(AMQChannel.java:193) ~[amqp-client-5.25.0.jar:5.25.0]
	at com.rabbitmq.client.impl.AMQChannel.handleFrame(AMQChannel.java:125) ~[amqp-client-5.25.0.jar:5.25.0]
	at com.rabbitmq.client.impl.AMQConnection.readFrame(AMQConnection.java:761) ~[amqp-client-5.25.0.jar:5.25.0]
	at com.rabbitmq.client.impl.AMQConnection.access$400(AMQConnection.java:48) ~[amqp-client-5.25.0.jar:5.25.0]
	at com.rabbitmq.client.impl.AMQConnection$MainLoop.run(AMQConnection.java:688) ~[amqp-client-5.25.0.jar:5.25.0]
	... 1 common frames omitted

2025-11-24T22:40:19.894+05:30  WARN 74399 --- [order-service] [springCloudBus.anonymous.8N74X9lwRiehREOImpPZrg-35] [                                                 ] o.s.a.r.listener.BlockingQueueConsumer   : Failed to declare queue: springCloudBus.anonymous.8N74X9lwRiehREOImpPZrg
2025-11-24T22:40:24.992+05:30 ERROR 74399 --- [order-service] [springCloudBus.anonymous.8N74X9lwRiehREOImpPZrg-35] [                                                 ] o.s.a.r.l.SimpleMessageListenerContainer : Consumer threw missing queues exception, fatal=false

org.springframework.amqp.rabbit.listener.QueuesNotAvailableException: Cannot prepare queue for listener. Either the queue doesn't exist or the broker will not allow us to use it.
	at org.springframework.amqp.rabbit.listener.BlockingQueueConsumer.handleDeclarationException(BlockingQueueConsumer.java:722) ~[spring-rabbit-3.2.8.jar:3.2.8]
	at org.springframework.amqp.rabbit.listener.BlockingQueueConsumer.passiveDeclarations(BlockingQueueConsumer.java:656) ~[spring-rabbit-3.2.8.jar:3.2.8]
	at org.springframework.amqp.rabbit.listener.BlockingQueueConsumer.start(BlockingQueueConsumer.java:636) ~[spring-rabbit-3.2.8.jar:3.2.8]
	at org.springframework.amqp.rabbit.listener.SimpleMessageListenerContainer$AsyncMessageProcessingConsumer.initialize(SimpleMessageListenerContainer.java:1490) ~[spring-rabbit-3.2.8.jar:3.2.8]
	at org.springframework.amqp.rabbit.listener.SimpleMessageListenerContainer$AsyncMessageProcessingConsumer.run(SimpleMessageListenerContainer.java:1328) ~[spring-rabbit-3.2.8.jar:3.2.8]
	at java.base/java.lang.Thread.run(Thread.java:1570) ~[na:na]
Caused by: org.springframework.amqp.rabbit.listener.BlockingQueueConsumer$DeclarationException: Failed to declare queue(s):[springCloudBus.anonymous.8N74X9lwRiehREOImpPZrg]
	at org.springframework.amqp.rabbit.listener.BlockingQueueConsumer.attemptPassiveDeclarations(BlockingQueueConsumer.java:772) ~[spring-rabbit-3.2.8.jar:3.2.8]
	at org.springframework.amqp.rabbit.listener.BlockingQueueConsumer.passiveDeclarations(BlockingQueueConsumer.java:649) ~[spring-rabbit-3.2.8.jar:3.2.8]
	... 4 common frames omitted
Caused by: java.io.IOException: null
	at com.rabbitmq.client.impl.AMQChannel.wrap(AMQChannel.java:140) ~[amqp-client-5.25.0.jar:5.25.0]
	at com.rabbitmq.client.impl.AMQChannel.wrap(AMQChannel.java:136) ~[amqp-client-5.25.0.jar:5.25.0]
	at com.rabbitmq.client.impl.AMQChannel.exnWrappingRpc(AMQChannel.java:158) ~[amqp-client-5.25.0.jar:5.25.0]
	at com.rabbitmq.client.impl.ChannelN.queueDeclarePassive(ChannelN.java:1033) ~[amqp-client-5.25.0.jar:5.25.0]
	at com.rabbitmq.client.impl.ChannelN.queueDeclarePassive(ChannelN.java:47) ~[amqp-client-5.25.0.jar:5.25.0]
	at java.base/jdk.internal.reflect.DirectMethodHandleAccessor.invoke(DirectMethodHandleAccessor.java:103) ~[na:na]
	at java.base/java.lang.reflect.Method.invoke(Method.java:580) ~[na:na]
	at org.springframework.amqp.rabbit.connection.CachingConnectionFactory$CachedChannelInvocationHandler.invoke(CachingConnectionFactory.java:1201) ~[spring-rabbit-3.2.8.jar:3.2.8]
	at jdk.proxy2/jdk.proxy2.$Proxy230.queueDeclarePassive(Unknown Source) ~[na:na]
	at org.springframework.amqp.rabbit.listener.BlockingQueueConsumer.attemptPassiveDeclarations(BlockingQueueConsumer.java:750) ~[spring-rabbit-3.2.8.jar:3.2.8]
	... 5 common frames omitted
Caused by: com.rabbitmq.client.ShutdownSignalException: channel error; protocol method: #method<channel.close>(reply-code=404, reply-text=NOT_FOUND - no queue 'springCloudBus.anonymous.8N74X9lwRiehREOImpPZrg' in vhost 'dwtkuyzt', class-id=50, method-id=10)
	at com.rabbitmq.utility.ValueOrException.getValue(ValueOrException.java:66) ~[amqp-client-5.25.0.jar:5.25.0]
	at com.rabbitmq.utility.BlockingValueOrException.uninterruptibleGetValue(BlockingValueOrException.java:36) ~[amqp-client-5.25.0.jar:5.25.0]
	at com.rabbitmq.client.impl.AMQChannel$BlockingRpcContinuation.getReply(AMQChannel.java:552) ~[amqp-client-5.25.0.jar:5.25.0]
	at com.rabbitmq.client.impl.AMQChannel.privateRpc(AMQChannel.java:316) ~[amqp-client-5.25.0.jar:5.25.0]
	at com.rabbitmq.client.impl.AMQChannel.exnWrappingRpc(AMQChannel.java:152) ~[amqp-client-5.25.0.jar:5.25.0]
	... 12 common frames omitted
Caused by: com.rabbitmq.client.ShutdownSignalException: channel error; protocol method: #method<channel.close>(reply-code=404, reply-text=NOT_FOUND - no queue 'springCloudBus.anonymous.8N74X9lwRiehREOImpPZrg' in vhost 'dwtkuyzt', class-id=50, method-id=10)
	at com.rabbitmq.client.impl.ChannelN.asyncShutdown(ChannelN.java:528) ~[amqp-client-5.25.0.jar:5.25.0]
	at com.rabbitmq.client.impl.ChannelN.processAsync(ChannelN.java:349) ~[amqp-client-5.25.0.jar:5.25.0]
	at com.rabbitmq.client.impl.AMQChannel.handleCompleteInboundCommand(AMQChannel.java:193) ~[amqp-client-5.25.0.jar:5.25.0]
	at com.rabbitmq.client.impl.AMQChannel.handleFrame(AMQChannel.java:125) ~[amqp-client-5.25.0.jar:5.25.0]
	at com.rabbitmq.client.impl.AMQConnection.readFrame(AMQConnection.java:761) ~[amqp-client-5.25.0.jar:5.25.0]
	at com.rabbitmq.client.impl.AMQConnection.access$400(AMQConnection.java:48) ~[amqp-client-5.25.0.jar:5.25.0]
	at com.rabbitmq.client.impl.AMQConnection$MainLoop.run(AMQConnection.java:688) ~[amqp-client-5.25.0.jar:5.25.0]
	... 1 common frames omitted

2025-11-24T22:40:24.994+05:30  INFO 74399 --- [order-service] [springCloudBus.anonymous.8N74X9lwRiehREOImpPZrg-35] [                                                 ] o.s.a.r.l.SimpleMessageListenerContainer : Restarting Consumer@46f4914e: tags=[[]], channel=Cached Rabbit Channel: AMQChannel(amqp://dwtkuyzt@35.153.225.39:5672/dwtkuyzt,1), conn: Proxy@63e64174 Shared Rabbit Connection: SimpleConnection@718c61c0 [delegate=amqp://dwtkuyzt@35.153.225.39:5672/dwtkuyzt, localPort=61556], acknowledgeMode=AUTO local queue size=0
2025-11-24T22:40:26.068+05:30  WARN 74399 --- [order-service] [springCloudBus.anonymous.8N74X9lwRiehREOImpPZrg-36] [                                                 ] o.s.a.r.listener.BlockingQueueConsumer   : Failed to declare queue: springCloudBus.anonymous.8N74X9lwRiehREOImpPZrg
2025-11-24T22:40:26.068+05:30  WARN 74399 --- [order-service] [springCloudBus.anonymous.8N74X9lwRiehREOImpPZrg-36] [                                                 ] o.s.a.r.listener.BlockingQueueConsumer   : Queue declaration failed; retries left=3

org.springframework.amqp.rabbit.listener.BlockingQueueConsumer$DeclarationException: Failed to declare queue(s):[springCloudBus.anonymous.8N74X9lwRiehREOImpPZrg]
	at org.springframework.amqp.rabbit.listener.BlockingQueueConsumer.attemptPassiveDeclarations(BlockingQueueConsumer.java:772) ~[spring-rabbit-3.2.8.jar:3.2.8]
	at org.springframework.amqp.rabbit.listener.BlockingQueueConsumer.passiveDeclarations(BlockingQueueConsumer.java:649) ~[spring-rabbit-3.2.8.jar:3.2.8]
	at org.springframework.amqp.rabbit.listener.BlockingQueueConsumer.start(BlockingQueueConsumer.java:636) ~[spring-rabbit-3.2.8.jar:3.2.8]
	at org.springframework.amqp.rabbit.listener.SimpleMessageListenerContainer$AsyncMessageProcessingConsumer.initialize(SimpleMessageListenerContainer.java:1490) ~[spring-rabbit-3.2.8.jar:3.2.8]
	at org.springframework.amqp.rabbit.listener.SimpleMessageListenerContainer$AsyncMessageProcessingConsumer.run(SimpleMessageListenerContainer.java:1328) ~[spring-rabbit-3.2.8.jar:3.2.8]
	at java.base/java.lang.Thread.run(Thread.java:1570) ~[na:na]
Caused by: java.io.IOException: null
	at com.rabbitmq.client.impl.AMQChannel.wrap(AMQChannel.java:140) ~[amqp-client-5.25.0.jar:5.25.0]
	at com.rabbitmq.client.impl.AMQChannel.wrap(AMQChannel.java:136) ~[amqp-client-5.25.0.jar:5.25.0]
	at com.rabbitmq.client.impl.AMQChannel.exnWrappingRpc(AMQChannel.java:158) ~[amqp-client-5.25.0.jar:5.25.0]
	at com.rabbitmq.client.impl.ChannelN.queueDeclarePassive(ChannelN.java:1033) ~[amqp-client-5.25.0.jar:5.25.0]
	at com.rabbitmq.client.impl.ChannelN.queueDeclarePassive(ChannelN.java:47) ~[amqp-client-5.25.0.jar:5.25.0]
	at java.base/jdk.internal.reflect.DirectMethodHandleAccessor.invoke(DirectMethodHandleAccessor.java:103) ~[na:na]
	at java.base/java.lang.reflect.Method.invoke(Method.java:580) ~[na:na]
	at org.springframework.amqp.rabbit.connection.CachingConnectionFactory$CachedChannelInvocationHandler.invoke(CachingConnectionFactory.java:1201) ~[spring-rabbit-3.2.8.jar:3.2.8]
	at jdk.proxy2/jdk.proxy2.$Proxy230.queueDeclarePassive(Unknown Source) ~[na:na]
	at org.springframework.amqp.rabbit.listener.BlockingQueueConsumer.attemptPassiveDeclarations(BlockingQueueConsumer.java:750) ~[spring-rabbit-3.2.8.jar:3.2.8]
	... 5 common frames omitted
Caused by: com.rabbitmq.client.ShutdownSignalException: channel error; protocol method: #method<channel.close>(reply-code=404, reply-text=NOT_FOUND - no queue 'springCloudBus.anonymous.8N74X9lwRiehREOImpPZrg' in vhost 'dwtkuyzt', class-id=50, method-id=10)
	at com.rabbitmq.utility.ValueOrException.getValue(ValueOrException.java:66) ~[amqp-client-5.25.0.jar:5.25.0]
	at com.rabbitmq.utility.BlockingValueOrException.uninterruptibleGetValue(BlockingValueOrException.java:36) ~[amqp-client-5.25.0.jar:5.25.0]
	at com.rabbitmq.client.impl.AMQChannel$BlockingRpcContinuation.getReply(AMQChannel.java:552) ~[amqp-client-5.25.0.jar:5.25.0]
	at com.rabbitmq.client.impl.AMQChannel.privateRpc(AMQChannel.java:316) ~[amqp-client-5.25.0.jar:5.25.0]
	at com.rabbitmq.client.impl.AMQChannel.exnWrappingRpc(AMQChannel.java:152) ~[amqp-client-5.25.0.jar:5.25.0]
	... 12 common frames omitted
Caused by: com.rabbitmq.client.ShutdownSignalException: channel error; protocol method: #method<channel.close>(reply-code=404, reply-text=NOT_FOUND - no queue 'springCloudBus.anonymous.8N74X9lwRiehREOImpPZrg' in vhost 'dwtkuyzt', class-id=50, method-id=10)
	at com.rabbitmq.client.impl.ChannelN.asyncShutdown(ChannelN.java:528) ~[amqp-client-5.25.0.jar:5.25.0]
	at com.rabbitmq.client.impl.ChannelN.processAsync(ChannelN.java:349) ~[amqp-client-5.25.0.jar:5.25.0]
	at com.rabbitmq.client.impl.AMQChannel.handleCompleteInboundCommand(AMQChannel.java:193) ~[amqp-client-5.25.0.jar:5.25.0]
	at com.rabbitmq.client.impl.AMQChannel.handleFrame(AMQChannel.java:125) ~[amqp-client-5.25.0.jar:5.25.0]
	at com.rabbitmq.client.impl.AMQConnection.readFrame(AMQConnection.java:761) ~[amqp-client-5.25.0.jar:5.25.0]
	at com.rabbitmq.client.impl.AMQConnection.access$400(AMQConnection.java:48) ~[amqp-client-5.25.0.jar:5.25.0]
	at com.rabbitmq.client.impl.AMQConnection$MainLoop.run(AMQConnection.java:688) ~[amqp-client-5.25.0.jar:5.25.0]
	... 1 common frames omitted

2025-11-24T22:40:27.117+05:30  INFO 74399 --- [order-service] [AsyncResolver-bootstrap-executor-%d] [                                                 ] c.n.d.s.r.aws.ConfigClusterResolver      : Resolving eureka endpoints via configuration
2025-11-24T22:40:31.626+05:30  WARN 74399 --- [order-service] [springCloudBus.anonymous.8N74X9lwRiehREOImpPZrg-36] [                                                 ] o.s.a.r.listener.BlockingQueueConsumer   : Failed to declare queue: springCloudBus.anonymous.8N74X9lwRiehREOImpPZrg
2025-11-24T22:40:31.627+05:30  WARN 74399 --- [order-service] [springCloudBus.anonymous.8N74X9lwRiehREOImpPZrg-36] [                                                 ] o.s.a.r.listener.BlockingQueueConsumer   : Queue declaration failed; retries left=2

org.springframework.amqp.rabbit.listener.BlockingQueueConsumer$DeclarationException: Failed to declare queue(s):[springCloudBus.anonymous.8N74X9lwRiehREOImpPZrg]
	at org.springframework.amqp.rabbit.listener.BlockingQueueConsumer.attemptPassiveDeclarations(BlockingQueueConsumer.java:772) ~[spring-rabbit-3.2.8.jar:3.2.8]
	at org.springframework.amqp.rabbit.listener.BlockingQueueConsumer.passiveDeclarations(BlockingQueueConsumer.java:649) ~[spring-rabbit-3.2.8.jar:3.2.8]
	at org.springframework.amqp.rabbit.listener.BlockingQueueConsumer.start(BlockingQueueConsumer.java:636) ~[spring-rabbit-3.2.8.jar:3.2.8]
	at org.springframework.amqp.rabbit.listener.SimpleMessageListenerContainer$AsyncMessageProcessingConsumer.initialize(SimpleMessageListenerContainer.java:1490) ~[spring-rabbit-3.2.8.jar:3.2.8]
	at org.springframework.amqp.rabbit.listener.SimpleMessageListenerContainer$AsyncMessageProcessingConsumer.run(SimpleMessageListenerContainer.java:1328) ~[spring-rabbit-3.2.8.jar:3.2.8]
	at java.base/java.lang.Thread.run(Thread.java:1570) ~[na:na]
Caused by: java.io.IOException: null
	at com.rabbitmq.client.impl.AMQChannel.wrap(AMQChannel.java:140) ~[amqp-client-5.25.0.jar:5.25.0]
	at com.rabbitmq.client.impl.AMQChannel.wrap(AMQChannel.java:136) ~[amqp-client-5.25.0.jar:5.25.0]
	at com.rabbitmq.client.impl.AMQChannel.exnWrappingRpc(AMQChannel.java:158) ~[amqp-client-5.25.0.jar:5.25.0]
	at com.rabbitmq.client.impl.ChannelN.queueDeclarePassive(ChannelN.java:1033) ~[amqp-client-5.25.0.jar:5.25.0]
	at com.rabbitmq.client.impl.ChannelN.queueDeclarePassive(ChannelN.java:47) ~[amqp-client-5.25.0.jar:5.25.0]
	at java.base/jdk.internal.reflect.DirectMethodHandleAccessor.invoke(DirectMethodHandleAccessor.java:103) ~[na:na]
	at java.base/java.lang.reflect.Method.invoke(Method.java:580) ~[na:na]
	at org.springframework.amqp.rabbit.connection.CachingConnectionFactory$CachedChannelInvocationHandler.invoke(CachingConnectionFactory.java:1201) ~[spring-rabbit-3.2.8.jar:3.2.8]
	at jdk.proxy2/jdk.proxy2.$Proxy230.queueDeclarePassive(Unknown Source) ~[na:na]
	at org.springframework.amqp.rabbit.listener.BlockingQueueConsumer.attemptPassiveDeclarations(BlockingQueueConsumer.java:750) ~[spring-rabbit-3.2.8.jar:3.2.8]
	... 5 common frames omitted
Caused by: com.rabbitmq.client.ShutdownSignalException: channel error; protocol method: #method<channel.close>(reply-code=404, reply-text=NOT_FOUND - no queue 'springCloudBus.anonymous.8N74X9lwRiehREOImpPZrg' in vhost 'dwtkuyzt', class-id=50, method-id=10)
	at com.rabbitmq.utility.ValueOrException.getValue(ValueOrException.java:66) ~[amqp-client-5.25.0.jar:5.25.0]
	at com.rabbitmq.utility.BlockingValueOrException.uninterruptibleGetValue(BlockingValueOrException.java:36) ~[amqp-client-5.25.0.jar:5.25.0]
	at com.rabbitmq.client.impl.AMQChannel$BlockingRpcContinuation.getReply(AMQChannel.java:552) ~[amqp-client-5.25.0.jar:5.25.0]
	at com.rabbitmq.client.impl.AMQChannel.privateRpc(AMQChannel.java:316) ~[amqp-client-5.25.0.jar:5.25.0]
	at com.rabbitmq.client.impl.AMQChannel.exnWrappingRpc(AMQChannel.java:152) ~[amqp-client-5.25.0.jar:5.25.0]
	... 12 common frames omitted
Caused by: com.rabbitmq.client.ShutdownSignalException: channel error; protocol method: #method<channel.close>(reply-code=404, reply-text=NOT_FOUND - no queue 'springCloudBus.anonymous.8N74X9lwRiehREOImpPZrg' in vhost 'dwtkuyzt', class-id=50, method-id=10)
	at com.rabbitmq.client.impl.ChannelN.asyncShutdown(ChannelN.java:528) ~[amqp-client-5.25.0.jar:5.25.0]
	at com.rabbitmq.client.impl.ChannelN.processAsync(ChannelN.java:349) ~[amqp-client-5.25.0.jar:5.25.0]
	at com.rabbitmq.client.impl.AMQChannel.handleCompleteInboundCommand(AMQChannel.java:193) ~[amqp-client-5.25.0.jar:5.25.0]
	at com.rabbitmq.client.impl.AMQChannel.handleFrame(AMQChannel.java:125) ~[amqp-client-5.25.0.jar:5.25.0]
	at com.rabbitmq.client.impl.AMQConnection.readFrame(AMQConnection.java:761) ~[amqp-client-5.25.0.jar:5.25.0]
	at com.rabbitmq.client.impl.AMQConnection.access$400(AMQConnection.java:48) ~[amqp-client-5.25.0.jar:5.25.0]
	at com.rabbitmq.client.impl.AMQConnection$MainLoop.run(AMQConnection.java:688) ~[amqp-client-5.25.0.jar:5.25.0]
	... 1 common frames omitted

2025-11-24T22:40:37.166+05:30  WARN 74399 --- [order-service] [springCloudBus.anonymous.8N74X9lwRiehREOImpPZrg-36] [                                                 ] o.s.a.r.listener.BlockingQueueConsumer   : Failed to declare queue: springCloudBus.anonymous.8N74X9lwRiehREOImpPZrg
2025-11-24T22:40:37.168+05:30  WARN 74399 --- [order-service] [springCloudBus.anonymous.8N74X9lwRiehREOImpPZrg-36] [                                                 ] o.s.a.r.listener.BlockingQueueConsumer   : Queue declaration failed; retries left=1

org.springframework.amqp.rabbit.listener.BlockingQueueConsumer$DeclarationException: Failed to declare queue(s):[springCloudBus.anonymous.8N74X9lwRiehREOImpPZrg]
	at org.springframework.amqp.rabbit.listener.BlockingQueueConsumer.attemptPassiveDeclarations(BlockingQueueConsumer.java:772) ~[spring-rabbit-3.2.8.jar:3.2.8]
	at org.springframework.amqp.rabbit.listener.BlockingQueueConsumer.passiveDeclarations(BlockingQueueConsumer.java:649) ~[spring-rabbit-3.2.8.jar:3.2.8]
	at org.springframework.amqp.rabbit.listener.BlockingQueueConsumer.start(BlockingQueueConsumer.java:636) ~[spring-rabbit-3.2.8.jar:3.2.8]
	at org.springframework.amqp.rabbit.listener.SimpleMessageListenerContainer$AsyncMessageProcessingConsumer.initialize(SimpleMessageListenerContainer.java:1490) ~[spring-rabbit-3.2.8.jar:3.2.8]
	at org.springframework.amqp.rabbit.listener.SimpleMessageListenerContainer$AsyncMessageProcessingConsumer.run(SimpleMessageListenerContainer.java:1328) ~[spring-rabbit-3.2.8.jar:3.2.8]
	at java.base/java.lang.Thread.run(Thread.java:1570) ~[na:na]
Caused by: java.io.IOException: null
	at com.rabbitmq.client.impl.AMQChannel.wrap(AMQChannel.java:140) ~[amqp-client-5.25.0.jar:5.25.0]
	at com.rabbitmq.client.impl.AMQChannel.wrap(AMQChannel.java:136) ~[amqp-client-5.25.0.jar:5.25.0]
	at com.rabbitmq.client.impl.AMQChannel.exnWrappingRpc(AMQChannel.java:158) ~[amqp-client-5.25.0.jar:5.25.0]
	at com.rabbitmq.client.impl.ChannelN.queueDeclarePassive(ChannelN.java:1033) ~[amqp-client-5.25.0.jar:5.25.0]
	at com.rabbitmq.client.impl.ChannelN.queueDeclarePassive(ChannelN.java:47) ~[amqp-client-5.25.0.jar:5.25.0]
	at java.base/jdk.internal.reflect.DirectMethodHandleAccessor.invoke(DirectMethodHandleAccessor.java:103) ~[na:na]
	at java.base/java.lang.reflect.Method.invoke(Method.java:580) ~[na:na]
	at org.springframework.amqp.rabbit.connection.CachingConnectionFactory$CachedChannelInvocationHandler.invoke(CachingConnectionFactory.java:1201) ~[spring-rabbit-3.2.8.jar:3.2.8]
	at jdk.proxy2/jdk.proxy2.$Proxy230.queueDeclarePassive(Unknown Source) ~[na:na]
	at org.springframework.amqp.rabbit.listener.BlockingQueueConsumer.attemptPassiveDeclarations(BlockingQueueConsumer.java:750) ~[spring-rabbit-3.2.8.jar:3.2.8]
	... 5 common frames omitted
Caused by: com.rabbitmq.client.ShutdownSignalException: channel error; protocol method: #method<channel.close>(reply-code=404, reply-text=NOT_FOUND - no queue 'springCloudBus.anonymous.8N74X9lwRiehREOImpPZrg' in vhost 'dwtkuyzt', class-id=50, method-id=10)
	at com.rabbitmq.utility.ValueOrException.getValue(ValueOrException.java:66) ~[amqp-client-5.25.0.jar:5.25.0]
	at com.rabbitmq.utility.BlockingValueOrException.uninterruptibleGetValue(BlockingValueOrException.java:36) ~[amqp-client-5.25.0.jar:5.25.0]
	at com.rabbitmq.client.impl.AMQChannel$BlockingRpcContinuation.getReply(AMQChannel.java:552) ~[amqp-client-5.25.0.jar:5.25.0]
	at com.rabbitmq.client.impl.AMQChannel.privateRpc(AMQChannel.java:316) ~[amqp-client-5.25.0.jar:5.25.0]
	at com.rabbitmq.client.impl.AMQChannel.exnWrappingRpc(AMQChannel.java:152) ~[amqp-client-5.25.0.jar:5.25.0]
	... 12 common frames omitted
Caused by: com.rabbitmq.client.ShutdownSignalException: channel error; protocol method: #method<channel.close>(reply-code=404, reply-text=NOT_FOUND - no queue 'springCloudBus.anonymous.8N74X9lwRiehREOImpPZrg' in vhost 'dwtkuyzt', class-id=50, method-id=10)
	at com.rabbitmq.client.impl.ChannelN.asyncShutdown(ChannelN.java:528) ~[amqp-client-5.25.0.jar:5.25.0]
	at com.rabbitmq.client.impl.ChannelN.processAsync(ChannelN.java:349) ~[amqp-client-5.25.0.jar:5.25.0]
	at com.rabbitmq.client.impl.AMQChannel.handleCompleteInboundCommand(AMQChannel.java:193) ~[amqp-client-5.25.0.jar:5.25.0]
	at com.rabbitmq.client.impl.AMQChannel.handleFrame(AMQChannel.java:125) ~[amqp-client-5.25.0.jar:5.25.0]
	at com.rabbitmq.client.impl.AMQConnection.readFrame(AMQConnection.java:761) ~[amqp-client-5.25.0.jar:5.25.0]
	at com.rabbitmq.client.impl.AMQConnection.access$400(AMQConnection.java:48) ~[amqp-client-5.25.0.jar:5.25.0]
	at com.rabbitmq.client.impl.AMQConnection$MainLoop.run(AMQConnection.java:688) ~[amqp-client-5.25.0.jar:5.25.0]
	... 1 common frames omitted

2025-11-24T22:40:42.710+05:30  WARN 74399 --- [order-service] [springCloudBus.anonymous.8N74X9lwRiehREOImpPZrg-36] [                                                 ] o.s.a.r.listener.BlockingQueueConsumer   : Failed to declare queue: springCloudBus.anonymous.8N74X9lwRiehREOImpPZrg
2025-11-24T22:40:47.797+05:30 ERROR 74399 --- [order-service] [springCloudBus.anonymous.8N74X9lwRiehREOImpPZrg-36] [                                                 ] o.s.a.r.l.SimpleMessageListenerContainer : Consumer threw missing queues exception, fatal=false

org.springframework.amqp.rabbit.listener.QueuesNotAvailableException: Cannot prepare queue for listener. Either the queue doesn't exist or the broker will not allow us to use it.
	at org.springframework.amqp.rabbit.listener.BlockingQueueConsumer.handleDeclarationException(BlockingQueueConsumer.java:722) ~[spring-rabbit-3.2.8.jar:3.2.8]
	at org.springframework.amqp.rabbit.listener.BlockingQueueConsumer.passiveDeclarations(BlockingQueueConsumer.java:656) ~[spring-rabbit-3.2.8.jar:3.2.8]
	at org.springframework.amqp.rabbit.listener.BlockingQueueConsumer.start(BlockingQueueConsumer.java:636) ~[spring-rabbit-3.2.8.jar:3.2.8]
	at org.springframework.amqp.rabbit.listener.SimpleMessageListenerContainer$AsyncMessageProcessingConsumer.initialize(SimpleMessageListenerContainer.java:1490) ~[spring-rabbit-3.2.8.jar:3.2.8]
	at org.springframework.amqp.rabbit.listener.SimpleMessageListenerContainer$AsyncMessageProcessingConsumer.run(SimpleMessageListenerContainer.java:1328) ~[spring-rabbit-3.2.8.jar:3.2.8]
	at java.base/java.lang.Thread.run(Thread.java:1570) ~[na:na]
Caused by: org.springframework.amqp.rabbit.listener.BlockingQueueConsumer$DeclarationException: Failed to declare queue(s):[springCloudBus.anonymous.8N74X9lwRiehREOImpPZrg]
	at org.springframework.amqp.rabbit.listener.BlockingQueueConsumer.attemptPassiveDeclarations(BlockingQueueConsumer.java:772) ~[spring-rabbit-3.2.8.jar:3.2.8]
	at org.springframework.amqp.rabbit.listener.BlockingQueueConsumer.passiveDeclarations(BlockingQueueConsumer.java:649) ~[spring-rabbit-3.2.8.jar:3.2.8]
	... 4 common frames omitted
Caused by: java.io.IOException: null
	at com.rabbitmq.client.impl.AMQChannel.wrap(AMQChannel.java:140) ~[amqp-client-5.25.0.jar:5.25.0]
	at com.rabbitmq.client.impl.AMQChannel.wrap(AMQChannel.java:136) ~[amqp-client-5.25.0.jar:5.25.0]
	at com.rabbitmq.client.impl.AMQChannel.exnWrappingRpc(AMQChannel.java:158) ~[amqp-client-5.25.0.jar:5.25.0]
	at com.rabbitmq.client.impl.ChannelN.queueDeclarePassive(ChannelN.java:1033) ~[amqp-client-5.25.0.jar:5.25.0]
	at com.rabbitmq.client.impl.ChannelN.queueDeclarePassive(ChannelN.java:47) ~[amqp-client-5.25.0.jar:5.25.0]
	at java.base/jdk.internal.reflect.DirectMethodHandleAccessor.invoke(DirectMethodHandleAccessor.java:103) ~[na:na]
	at java.base/java.lang.reflect.Method.invoke(Method.java:580) ~[na:na]
	at org.springframework.amqp.rabbit.connection.CachingConnectionFactory$CachedChannelInvocationHandler.invoke(CachingConnectionFactory.java:1201) ~[spring-rabbit-3.2.8.jar:3.2.8]
	at jdk.proxy2/jdk.proxy2.$Proxy230.queueDeclarePassive(Unknown Source) ~[na:na]
	at org.springframework.amqp.rabbit.listener.BlockingQueueConsumer.attemptPassiveDeclarations(BlockingQueueConsumer.java:750) ~[spring-rabbit-3.2.8.jar:3.2.8]
	... 5 common frames omitted
Caused by: com.rabbitmq.client.ShutdownSignalException: channel error; protocol method: #method<channel.close>(reply-code=404, reply-text=NOT_FOUND - no queue 'springCloudBus.anonymous.8N74X9lwRiehREOImpPZrg' in vhost 'dwtkuyzt', class-id=50, method-id=10)
	at com.rabbitmq.utility.ValueOrException.getValue(ValueOrException.java:66) ~[amqp-client-5.25.0.jar:5.25.0]
	at com.rabbitmq.utility.BlockingValueOrException.uninterruptibleGetValue(BlockingValueOrException.java:36) ~[amqp-client-5.25.0.jar:5.25.0]
	at com.rabbitmq.client.impl.AMQChannel$BlockingRpcContinuation.getReply(AMQChannel.java:552) ~[amqp-client-5.25.0.jar:5.25.0]
	at com.rabbitmq.client.impl.AMQChannel.privateRpc(AMQChannel.java:316) ~[amqp-client-5.25.0.jar:5.25.0]
	at com.rabbitmq.client.impl.AMQChannel.exnWrappingRpc(AMQChannel.java:152) ~[amqp-client-5.25.0.jar:5.25.0]
	... 12 common frames omitted
Caused by: com.rabbitmq.client.ShutdownSignalException: channel error; protocol method: #method<channel.close>(reply-code=404, reply-text=NOT_FOUND - no queue 'springCloudBus.anonymous.8N74X9lwRiehREOImpPZrg' in vhost 'dwtkuyzt', class-id=50, method-id=10)
	at com.rabbitmq.client.impl.ChannelN.asyncShutdown(ChannelN.java:528) ~[amqp-client-5.25.0.jar:5.25.0]
	at com.rabbitmq.client.impl.ChannelN.processAsync(ChannelN.java:349) ~[amqp-client-5.25.0.jar:5.25.0]
	at com.rabbitmq.client.impl.AMQChannel.handleCompleteInboundCommand(AMQChannel.java:193) ~[amqp-client-5.25.0.jar:5.25.0]
	at com.rabbitmq.client.impl.AMQChannel.handleFrame(AMQChannel.java:125) ~[amqp-client-5.25.0.jar:5.25.0]
	at com.rabbitmq.client.impl.AMQConnection.readFrame(AMQConnection.java:761) ~[amqp-client-5.25.0.jar:5.25.0]
	at com.rabbitmq.client.impl.AMQConnection.access$400(AMQConnection.java:48) ~[amqp-client-5.25.0.jar:5.25.0]
	at com.rabbitmq.client.impl.AMQConnection$MainLoop.run(AMQConnection.java:688) ~[amqp-client-5.25.0.jar:5.25.0]
	... 1 common frames omitted

2025-11-24T22:40:47.798+05:30  INFO 74399 --- [order-service] [springCloudBus.anonymous.8N74X9lwRiehREOImpPZrg-36] [                                                 ] o.s.a.r.l.SimpleMessageListenerContainer : Restarting Consumer@596122c6: tags=[[]], channel=Cached Rabbit Channel: AMQChannel(amqp://dwtkuyzt@35.153.225.39:5672/dwtkuyzt,1), conn: Proxy@63e64174 Shared Rabbit Connection: SimpleConnection@718c61c0 [delegate=amqp://dwtkuyzt@35.153.225.39:5672/dwtkuyzt, localPort=61556], acknowledgeMode=AUTO local queue size=0
2025-11-24T22:40:48.871+05:30  WARN 74399 --- [order-service] [springCloudBus.anonymous.8N74X9lwRiehREOImpPZrg-37] [                                                 ] o.s.a.r.listener.BlockingQueueConsumer   : Failed to declare queue: springCloudBus.anonymous.8N74X9lwRiehREOImpPZrg
2025-11-24T22:40:48.872+05:30  WARN 74399 --- [order-service] [springCloudBus.anonymous.8N74X9lwRiehREOImpPZrg-37] [                                                 ] o.s.a.r.listener.BlockingQueueConsumer   : Queue declaration failed; retries left=3

org.springframework.amqp.rabbit.listener.BlockingQueueConsumer$DeclarationException: Failed to declare queue(s):[springCloudBus.anonymous.8N74X9lwRiehREOImpPZrg]
	at org.springframework.amqp.rabbit.listener.BlockingQueueConsumer.attemptPassiveDeclarations(BlockingQueueConsumer.java:772) ~[spring-rabbit-3.2.8.jar:3.2.8]
	at org.springframework.amqp.rabbit.listener.BlockingQueueConsumer.passiveDeclarations(BlockingQueueConsumer.java:649) ~[spring-rabbit-3.2.8.jar:3.2.8]
	at org.springframework.amqp.rabbit.listener.BlockingQueueConsumer.start(BlockingQueueConsumer.java:636) ~[spring-rabbit-3.2.8.jar:3.2.8]
	at org.springframework.amqp.rabbit.listener.SimpleMessageListenerContainer$AsyncMessageProcessingConsumer.initialize(SimpleMessageListenerContainer.java:1490) ~[spring-rabbit-3.2.8.jar:3.2.8]
	at org.springframework.amqp.rabbit.listener.SimpleMessageListenerContainer$AsyncMessageProcessingConsumer.run(SimpleMessageListenerContainer.java:1328) ~[spring-rabbit-3.2.8.jar:3.2.8]
	at java.base/java.lang.Thread.run(Thread.java:1570) ~[na:na]
Caused by: java.io.IOException: null
	at com.rabbitmq.client.impl.AMQChannel.wrap(AMQChannel.java:140) ~[amqp-client-5.25.0.jar:5.25.0]
	at com.rabbitmq.client.impl.AMQChannel.wrap(AMQChannel.java:136) ~[amqp-client-5.25.0.jar:5.25.0]
	at com.rabbitmq.client.impl.AMQChannel.exnWrappingRpc(AMQChannel.java:158) ~[amqp-client-5.25.0.jar:5.25.0]
	at com.rabbitmq.client.impl.ChannelN.queueDeclarePassive(ChannelN.java:1033) ~[amqp-client-5.25.0.jar:5.25.0]
	at com.rabbitmq.client.impl.ChannelN.queueDeclarePassive(ChannelN.java:47) ~[amqp-client-5.25.0.jar:5.25.0]
	at java.base/jdk.internal.reflect.DirectMethodHandleAccessor.invoke(DirectMethodHandleAccessor.java:103) ~[na:na]
	at java.base/java.lang.reflect.Method.invoke(Method.java:580) ~[na:na]
	at org.springframework.amqp.rabbit.connection.CachingConnectionFactory$CachedChannelInvocationHandler.invoke(CachingConnectionFactory.java:1201) ~[spring-rabbit-3.2.8.jar:3.2.8]
	at jdk.proxy2/jdk.proxy2.$Proxy230.queueDeclarePassive(Unknown Source) ~[na:na]
	at org.springframework.amqp.rabbit.listener.BlockingQueueConsumer.attemptPassiveDeclarations(BlockingQueueConsumer.java:750) ~[spring-rabbit-3.2.8.jar:3.2.8]
	... 5 common frames omitted
Caused by: com.rabbitmq.client.ShutdownSignalException: channel error; protocol method: #method<channel.close>(reply-code=404, reply-text=NOT_FOUND - no queue 'springCloudBus.anonymous.8N74X9lwRiehREOImpPZrg' in vhost 'dwtkuyzt', class-id=50, method-id=10)
	at com.rabbitmq.utility.ValueOrException.getValue(ValueOrException.java:66) ~[amqp-client-5.25.0.jar:5.25.0]
	at com.rabbitmq.utility.BlockingValueOrException.uninterruptibleGetValue(BlockingValueOrException.java:36) ~[amqp-client-5.25.0.jar:5.25.0]
	at com.rabbitmq.client.impl.AMQChannel$BlockingRpcContinuation.getReply(AMQChannel.java:552) ~[amqp-client-5.25.0.jar:5.25.0]
	at com.rabbitmq.client.impl.AMQChannel.privateRpc(AMQChannel.java:316) ~[amqp-client-5.25.0.jar:5.25.0]
	at com.rabbitmq.client.impl.AMQChannel.exnWrappingRpc(AMQChannel.java:152) ~[amqp-client-5.25.0.jar:5.25.0]
	... 12 common frames omitted
Caused by: com.rabbitmq.client.ShutdownSignalException: channel error; protocol method: #method<channel.close>(reply-code=404, reply-text=NOT_FOUND - no queue 'springCloudBus.anonymous.8N74X9lwRiehREOImpPZrg' in vhost 'dwtkuyzt', class-id=50, method-id=10)
	at com.rabbitmq.client.impl.ChannelN.asyncShutdown(ChannelN.java:528) ~[amqp-client-5.25.0.jar:5.25.0]
	at com.rabbitmq.client.impl.ChannelN.processAsync(ChannelN.java:349) ~[amqp-client-5.25.0.jar:5.25.0]
	at com.rabbitmq.client.impl.AMQChannel.handleCompleteInboundCommand(AMQChannel.java:193) ~[amqp-client-5.25.0.jar:5.25.0]
	at com.rabbitmq.client.impl.AMQChannel.handleFrame(AMQChannel.java:125) ~[amqp-client-5.25.0.jar:5.25.0]
	at com.rabbitmq.client.impl.AMQConnection.readFrame(AMQConnection.java:761) ~[amqp-client-5.25.0.jar:5.25.0]
	at com.rabbitmq.client.impl.AMQConnection.access$400(AMQConnection.java:48) ~[amqp-client-5.25.0.jar:5.25.0]
	at com.rabbitmq.client.impl.AMQConnection$MainLoop.run(AMQConnection.java:688) ~[amqp-client-5.25.0.jar:5.25.0]
	... 1 common frames omitted

2025-11-24T22:40:54.408+05:30  WARN 74399 --- [order-service] [springCloudBus.anonymous.8N74X9lwRiehREOImpPZrg-37] [                                                 ] o.s.a.r.listener.BlockingQueueConsumer   : Failed to declare queue: springCloudBus.anonymous.8N74X9lwRiehREOImpPZrg
2025-11-24T22:40:54.409+05:30  WARN 74399 --- [order-service] [springCloudBus.anonymous.8N74X9lwRiehREOImpPZrg-37] [                                                 ] o.s.a.r.listener.BlockingQueueConsumer   : Queue declaration failed; retries left=2

org.springframework.amqp.rabbit.listener.BlockingQueueConsumer$DeclarationException: Failed to declare queue(s):[springCloudBus.anonymous.8N74X9lwRiehREOImpPZrg]
	at org.springframework.amqp.rabbit.listener.BlockingQueueConsumer.attemptPassiveDeclarations(BlockingQueueConsumer.java:772) ~[spring-rabbit-3.2.8.jar:3.2.8]
	at org.springframework.amqp.rabbit.listener.BlockingQueueConsumer.passiveDeclarations(BlockingQueueConsumer.java:649) ~[spring-rabbit-3.2.8.jar:3.2.8]
	at org.springframework.amqp.rabbit.listener.BlockingQueueConsumer.start(BlockingQueueConsumer.java:636) ~[spring-rabbit-3.2.8.jar:3.2.8]
	at org.springframework.amqp.rabbit.listener.SimpleMessageListenerContainer$AsyncMessageProcessingConsumer.initialize(SimpleMessageListenerContainer.java:1490) ~[spring-rabbit-3.2.8.jar:3.2.8]
	at org.springframework.amqp.rabbit.listener.SimpleMessageListenerContainer$AsyncMessageProcessingConsumer.run(SimpleMessageListenerContainer.java:1328) ~[spring-rabbit-3.2.8.jar:3.2.8]
	at java.base/java.lang.Thread.run(Thread.java:1570) ~[na:na]
Caused by: java.io.IOException: null
	at com.rabbitmq.client.impl.AMQChannel.wrap(AMQChannel.java:140) ~[amqp-client-5.25.0.jar:5.25.0]
	at com.rabbitmq.client.impl.AMQChannel.wrap(AMQChannel.java:136) ~[amqp-client-5.25.0.jar:5.25.0]
	at com.rabbitmq.client.impl.AMQChannel.exnWrappingRpc(AMQChannel.java:158) ~[amqp-client-5.25.0.jar:5.25.0]
	at com.rabbitmq.client.impl.ChannelN.queueDeclarePassive(ChannelN.java:1033) ~[amqp-client-5.25.0.jar:5.25.0]
	at com.rabbitmq.client.impl.ChannelN.queueDeclarePassive(ChannelN.java:47) ~[amqp-client-5.25.0.jar:5.25.0]
	at java.base/jdk.internal.reflect.DirectMethodHandleAccessor.invoke(DirectMethodHandleAccessor.java:103) ~[na:na]
	at java.base/java.lang.reflect.Method.invoke(Method.java:580) ~[na:na]
	at org.springframework.amqp.rabbit.connection.CachingConnectionFactory$CachedChannelInvocationHandler.invoke(CachingConnectionFactory.java:1201) ~[spring-rabbit-3.2.8.jar:3.2.8]
	at jdk.proxy2/jdk.proxy2.$Proxy230.queueDeclarePassive(Unknown Source) ~[na:na]
	at org.springframework.amqp.rabbit.listener.BlockingQueueConsumer.attemptPassiveDeclarations(BlockingQueueConsumer.java:750) ~[spring-rabbit-3.2.8.jar:3.2.8]
	... 5 common frames omitted
Caused by: com.rabbitmq.client.ShutdownSignalException: channel error; protocol method: #method<channel.close>(reply-code=404, reply-text=NOT_FOUND - no queue 'springCloudBus.anonymous.8N74X9lwRiehREOImpPZrg' in vhost 'dwtkuyzt', class-id=50, method-id=10)
	at com.rabbitmq.utility.ValueOrException.getValue(ValueOrException.java:66) ~[amqp-client-5.25.0.jar:5.25.0]
	at com.rabbitmq.utility.BlockingValueOrException.uninterruptibleGetValue(BlockingValueOrException.java:36) ~[amqp-client-5.25.0.jar:5.25.0]
	at com.rabbitmq.client.impl.AMQChannel$BlockingRpcContinuation.getReply(AMQChannel.java:552) ~[amqp-client-5.25.0.jar:5.25.0]
	at com.rabbitmq.client.impl.AMQChannel.privateRpc(AMQChannel.java:316) ~[amqp-client-5.25.0.jar:5.25.0]
	at com.rabbitmq.client.impl.AMQChannel.exnWrappingRpc(AMQChannel.java:152) ~[amqp-client-5.25.0.jar:5.25.0]
	... 12 common frames omitted
Caused by: com.rabbitmq.client.ShutdownSignalException: channel error; protocol method: #method<channel.close>(reply-code=404, reply-text=NOT_FOUND - no queue 'springCloudBus.anonymous.8N74X9lwRiehREOImpPZrg' in vhost 'dwtkuyzt', class-id=50, method-id=10)
	at com.rabbitmq.client.impl.ChannelN.asyncShutdown(ChannelN.java:528) ~[amqp-client-5.25.0.jar:5.25.0]
	at com.rabbitmq.client.impl.ChannelN.processAsync(ChannelN.java:349) ~[amqp-client-5.25.0.jar:5.25.0]
	at com.rabbitmq.client.impl.AMQChannel.handleCompleteInboundCommand(AMQChannel.java:193) ~[amqp-client-5.25.0.jar:5.25.0]
	at com.rabbitmq.client.impl.AMQChannel.handleFrame(AMQChannel.java:125) ~[amqp-client-5.25.0.jar:5.25.0]
	at com.rabbitmq.client.impl.AMQConnection.readFrame(AMQConnection.java:761) ~[amqp-client-5.25.0.jar:5.25.0]
	at com.rabbitmq.client.impl.AMQConnection.access$400(AMQConnection.java:48) ~[amqp-client-5.25.0.jar:5.25.0]
	at com.rabbitmq.client.impl.AMQConnection$MainLoop.run(AMQConnection.java:688) ~[amqp-client-5.25.0.jar:5.25.0]
	... 1 common frames omitted

2025-11-24T22:40:59.973+05:30  WARN 74399 --- [order-service] [springCloudBus.anonymous.8N74X9lwRiehREOImpPZrg-37] [                                                 ] o.s.a.r.listener.BlockingQueueConsumer   : Failed to declare queue: springCloudBus.anonymous.8N74X9lwRiehREOImpPZrg
2025-11-24T22:40:59.974+05:30  WARN 74399 --- [order-service] [springCloudBus.anonymous.8N74X9lwRiehREOImpPZrg-37] [                                                 ] o.s.a.r.listener.BlockingQueueConsumer   : Queue declaration failed; retries left=1

org.springframework.amqp.rabbit.listener.BlockingQueueConsumer$DeclarationException: Failed to declare queue(s):[springCloudBus.anonymous.8N74X9lwRiehREOImpPZrg]
	at org.springframework.amqp.rabbit.listener.BlockingQueueConsumer.attemptPassiveDeclarations(BlockingQueueConsumer.java:772) ~[spring-rabbit-3.2.8.jar:3.2.8]
	at org.springframework.amqp.rabbit.listener.BlockingQueueConsumer.passiveDeclarations(BlockingQueueConsumer.java:649) ~[spring-rabbit-3.2.8.jar:3.2.8]
	at org.springframework.amqp.rabbit.listener.BlockingQueueConsumer.start(BlockingQueueConsumer.java:636) ~[spring-rabbit-3.2.8.jar:3.2.8]
	at org.springframework.amqp.rabbit.listener.SimpleMessageListenerContainer$AsyncMessageProcessingConsumer.initialize(SimpleMessageListenerContainer.java:1490) ~[spring-rabbit-3.2.8.jar:3.2.8]
	at org.springframework.amqp.rabbit.listener.SimpleMessageListenerContainer$AsyncMessageProcessingConsumer.run(SimpleMessageListenerContainer.java:1328) ~[spring-rabbit-3.2.8.jar:3.2.8]
	at java.base/java.lang.Thread.run(Thread.java:1570) ~[na:na]
Caused by: java.io.IOException: null
	at com.rabbitmq.client.impl.AMQChannel.wrap(AMQChannel.java:140) ~[amqp-client-5.25.0.jar:5.25.0]
	at com.rabbitmq.client.impl.AMQChannel.wrap(AMQChannel.java:136) ~[amqp-client-5.25.0.jar:5.25.0]
	at com.rabbitmq.client.impl.AMQChannel.exnWrappingRpc(AMQChannel.java:158) ~[amqp-client-5.25.0.jar:5.25.0]
	at com.rabbitmq.client.impl.ChannelN.queueDeclarePassive(ChannelN.java:1033) ~[amqp-client-5.25.0.jar:5.25.0]
	at com.rabbitmq.client.impl.ChannelN.queueDeclarePassive(ChannelN.java:47) ~[amqp-client-5.25.0.jar:5.25.0]
	at java.base/jdk.internal.reflect.DirectMethodHandleAccessor.invoke(DirectMethodHandleAccessor.java:103) ~[na:na]
	at java.base/java.lang.reflect.Method.invoke(Method.java:580) ~[na:na]
	at org.springframework.amqp.rabbit.connection.CachingConnectionFactory$CachedChannelInvocationHandler.invoke(CachingConnectionFactory.java:1201) ~[spring-rabbit-3.2.8.jar:3.2.8]
	at jdk.proxy2/jdk.proxy2.$Proxy230.queueDeclarePassive(Unknown Source) ~[na:na]
	at org.springframework.amqp.rabbit.listener.BlockingQueueConsumer.attemptPassiveDeclarations(BlockingQueueConsumer.java:750) ~[spring-rabbit-3.2.8.jar:3.2.8]
	... 5 common frames omitted
Caused by: com.rabbitmq.client.ShutdownSignalException: channel error; protocol method: #method<channel.close>(reply-code=404, reply-text=NOT_FOUND - no queue 'springCloudBus.anonymous.8N74X9lwRiehREOImpPZrg' in vhost 'dwtkuyzt', class-id=50, method-id=10)
	at com.rabbitmq.utility.ValueOrException.getValue(ValueOrException.java:66) ~[amqp-client-5.25.0.jar:5.25.0]
	at com.rabbitmq.utility.BlockingValueOrException.uninterruptibleGetValue(BlockingValueOrException.java:36) ~[amqp-client-5.25.0.jar:5.25.0]
	at com.rabbitmq.client.impl.AMQChannel$BlockingRpcContinuation.getReply(AMQChannel.java:552) ~[amqp-client-5.25.0.jar:5.25.0]
	at com.rabbitmq.client.impl.AMQChannel.privateRpc(AMQChannel.java:316) ~[amqp-client-5.25.0.jar:5.25.0]
	at com.rabbitmq.client.impl.AMQChannel.exnWrappingRpc(AMQChannel.java:152) ~[amqp-client-5.25.0.jar:5.25.0]
	... 12 common frames omitted
Caused by: com.rabbitmq.client.ShutdownSignalException: channel error; protocol method: #method<channel.close>(reply-code=404, reply-text=NOT_FOUND - no queue 'springCloudBus.anonymous.8N74X9lwRiehREOImpPZrg' in vhost 'dwtkuyzt', class-id=50, method-id=10)
	at com.rabbitmq.client.impl.ChannelN.asyncShutdown(ChannelN.java:528) ~[amqp-client-5.25.0.jar:5.25.0]
	at com.rabbitmq.client.impl.ChannelN.processAsync(ChannelN.java:349) ~[amqp-client-5.25.0.jar:5.25.0]
	at com.rabbitmq.client.impl.AMQChannel.handleCompleteInboundCommand(AMQChannel.java:193) ~[amqp-client-5.25.0.jar:5.25.0]
	at com.rabbitmq.client.impl.AMQChannel.handleFrame(AMQChannel.java:125) ~[amqp-client-5.25.0.jar:5.25.0]
	at com.rabbitmq.client.impl.AMQConnection.readFrame(AMQConnection.java:761) ~[amqp-client-5.25.0.jar:5.25.0]
	at com.rabbitmq.client.impl.AMQConnection.access$400(AMQConnection.java:48) ~[amqp-client-5.25.0.jar:5.25.0]
	at com.rabbitmq.client.impl.AMQConnection$MainLoop.run(AMQConnection.java:688) ~[amqp-client-5.25.0.jar:5.25.0]
	... 1 common frames omitted

2025-11-24T22:41:05.605+05:30  WARN 74399 --- [order-service] [springCloudBus.anonymous.8N74X9lwRiehREOImpPZrg-37] [                                                 ] o.s.a.r.listener.BlockingQueueConsumer   : Failed to declare queue: springCloudBus.anonymous.8N74X9lwRiehREOImpPZrg
2025-11-24T22:41:10.695+05:30 ERROR 74399 --- [order-service] [springCloudBus.anonymous.8N74X9lwRiehREOImpPZrg-37] [                                                 ] o.s.a.r.l.SimpleMessageListenerContainer : Consumer threw missing queues exception, fatal=false

org.springframework.amqp.rabbit.listener.QueuesNotAvailableException: Cannot prepare queue for listener. Either the queue doesn't exist or the broker will not allow us to use it.
	at org.springframework.amqp.rabbit.listener.BlockingQueueConsumer.handleDeclarationException(BlockingQueueConsumer.java:722) ~[spring-rabbit-3.2.8.jar:3.2.8]
	at org.springframework.amqp.rabbit.listener.BlockingQueueConsumer.passiveDeclarations(BlockingQueueConsumer.java:656) ~[spring-rabbit-3.2.8.jar:3.2.8]
	at org.springframework.amqp.rabbit.listener.BlockingQueueConsumer.start(BlockingQueueConsumer.java:636) ~[spring-rabbit-3.2.8.jar:3.2.8]
	at org.springframework.amqp.rabbit.listener.SimpleMessageListenerContainer$AsyncMessageProcessingConsumer.initialize(SimpleMessageListenerContainer.java:1490) ~[spring-rabbit-3.2.8.jar:3.2.8]
	at org.springframework.amqp.rabbit.listener.SimpleMessageListenerContainer$AsyncMessageProcessingConsumer.run(SimpleMessageListenerContainer.java:1328) ~[spring-rabbit-3.2.8.jar:3.2.8]
	at java.base/java.lang.Thread.run(Thread.java:1570) ~[na:na]
Caused by: org.springframework.amqp.rabbit.listener.BlockingQueueConsumer$DeclarationException: Failed to declare queue(s):[springCloudBus.anonymous.8N74X9lwRiehREOImpPZrg]
	at org.springframework.amqp.rabbit.listener.BlockingQueueConsumer.attemptPassiveDeclarations(BlockingQueueConsumer.java:772) ~[spring-rabbit-3.2.8.jar:3.2.8]
	at org.springframework.amqp.rabbit.listener.BlockingQueueConsumer.passiveDeclarations(BlockingQueueConsumer.java:649) ~[spring-rabbit-3.2.8.jar:3.2.8]
	... 4 common frames omitted
Caused by: java.io.IOException: null
	at com.rabbitmq.client.impl.AMQChannel.wrap(AMQChannel.java:140) ~[amqp-client-5.25.0.jar:5.25.0]
	at com.rabbitmq.client.impl.AMQChannel.wrap(AMQChannel.java:136) ~[amqp-client-5.25.0.jar:5.25.0]
	at com.rabbitmq.client.impl.AMQChannel.exnWrappingRpc(AMQChannel.java:158) ~[amqp-client-5.25.0.jar:5.25.0]
	at com.rabbitmq.client.impl.ChannelN.queueDeclarePassive(ChannelN.java:1033) ~[amqp-client-5.25.0.jar:5.25.0]
	at com.rabbitmq.client.impl.ChannelN.queueDeclarePassive(ChannelN.java:47) ~[amqp-client-5.25.0.jar:5.25.0]
	at java.base/jdk.internal.reflect.DirectMethodHandleAccessor.invoke(DirectMethodHandleAccessor.java:103) ~[na:na]
	at java.base/java.lang.reflect.Method.invoke(Method.java:580) ~[na:na]
	at org.springframework.amqp.rabbit.connection.CachingConnectionFactory$CachedChannelInvocationHandler.invoke(CachingConnectionFactory.java:1201) ~[spring-rabbit-3.2.8.jar:3.2.8]
	at jdk.proxy2/jdk.proxy2.$Proxy230.queueDeclarePassive(Unknown Source) ~[na:na]
	at org.springframework.amqp.rabbit.listener.BlockingQueueConsumer.attemptPassiveDeclarations(BlockingQueueConsumer.java:750) ~[spring-rabbit-3.2.8.jar:3.2.8]
	... 5 common frames omitted
Caused by: com.rabbitmq.client.ShutdownSignalException: channel error; protocol method: #method<channel.close>(reply-code=404, reply-text=NOT_FOUND - no queue 'springCloudBus.anonymous.8N74X9lwRiehREOImpPZrg' in vhost 'dwtkuyzt', class-id=50, method-id=10)
	at com.rabbitmq.utility.ValueOrException.getValue(ValueOrException.java:66) ~[amqp-client-5.25.0.jar:5.25.0]
	at com.rabbitmq.utility.BlockingValueOrException.uninterruptibleGetValue(BlockingValueOrException.java:36) ~[amqp-client-5.25.0.jar:5.25.0]
	at com.rabbitmq.client.impl.AMQChannel$BlockingRpcContinuation.getReply(AMQChannel.java:552) ~[amqp-client-5.25.0.jar:5.25.0]
	at com.rabbitmq.client.impl.AMQChannel.privateRpc(AMQChannel.java:316) ~[amqp-client-5.25.0.jar:5.25.0]
	at com.rabbitmq.client.impl.AMQChannel.exnWrappingRpc(AMQChannel.java:152) ~[amqp-client-5.25.0.jar:5.25.0]
	... 12 common frames omitted
Caused by: com.rabbitmq.client.ShutdownSignalException: channel error; protocol method: #method<channel.close>(reply-code=404, reply-text=NOT_FOUND - no queue 'springCloudBus.anonymous.8N74X9lwRiehREOImpPZrg' in vhost 'dwtkuyzt', class-id=50, method-id=10)
	at com.rabbitmq.client.impl.ChannelN.asyncShutdown(ChannelN.java:528) ~[amqp-client-5.25.0.jar:5.25.0]
	at com.rabbitmq.client.impl.ChannelN.processAsync(ChannelN.java:349) ~[amqp-client-5.25.0.jar:5.25.0]
	at com.rabbitmq.client.impl.AMQChannel.handleCompleteInboundCommand(AMQChannel.java:193) ~[amqp-client-5.25.0.jar:5.25.0]
	at com.rabbitmq.client.impl.AMQChannel.handleFrame(AMQChannel.java:125) ~[amqp-client-5.25.0.jar:5.25.0]
	at com.rabbitmq.client.impl.AMQConnection.readFrame(AMQConnection.java:761) ~[amqp-client-5.25.0.jar:5.25.0]
	at com.rabbitmq.client.impl.AMQConnection.access$400(AMQConnection.java:48) ~[amqp-client-5.25.0.jar:5.25.0]
	at com.rabbitmq.client.impl.AMQConnection$MainLoop.run(AMQConnection.java:688) ~[amqp-client-5.25.0.jar:5.25.0]
	... 1 common frames omitted

2025-11-24T22:41:10.699+05:30  INFO 74399 --- [order-service] [springCloudBus.anonymous.8N74X9lwRiehREOImpPZrg-37] [                                                 ] o.s.a.r.l.SimpleMessageListenerContainer : Restarting Consumer@6bfc9667: tags=[[]], channel=Cached Rabbit Channel: AMQChannel(amqp://dwtkuyzt@35.153.225.39:5672/dwtkuyzt,1), conn: Proxy@63e64174 Shared Rabbit Connection: SimpleConnection@718c61c0 [delegate=amqp://dwtkuyzt@35.153.225.39:5672/dwtkuyzt, localPort=61556], acknowledgeMode=AUTO local queue size=0
2025-11-24T22:41:11.783+05:30  WARN 74399 --- [order-service] [springCloudBus.anonymous.8N74X9lwRiehREOImpPZrg-38] [                                                 ] o.s.a.r.listener.BlockingQueueConsumer   : Failed to declare queue: springCloudBus.anonymous.8N74X9lwRiehREOImpPZrg
2025-11-24T22:41:11.783+05:30  WARN 74399 --- [order-service] [springCloudBus.anonymous.8N74X9lwRiehREOImpPZrg-38] [                                                 ] o.s.a.r.listener.BlockingQueueConsumer   : Queue declaration failed; retries left=3

org.springframework.amqp.rabbit.listener.BlockingQueueConsumer$DeclarationException: Failed to declare queue(s):[springCloudBus.anonymous.8N74X9lwRiehREOImpPZrg]
	at org.springframework.amqp.rabbit.listener.BlockingQueueConsumer.attemptPassiveDeclarations(BlockingQueueConsumer.java:772) ~[spring-rabbit-3.2.8.jar:3.2.8]
	at org.springframework.amqp.rabbit.listener.BlockingQueueConsumer.passiveDeclarations(BlockingQueueConsumer.java:649) ~[spring-rabbit-3.2.8.jar:3.2.8]
	at org.springframework.amqp.rabbit.listener.BlockingQueueConsumer.start(BlockingQueueConsumer.java:636) ~[spring-rabbit-3.2.8.jar:3.2.8]
	at org.springframework.amqp.rabbit.listener.SimpleMessageListenerContainer$AsyncMessageProcessingConsumer.initialize(SimpleMessageListenerContainer.java:1490) ~[spring-rabbit-3.2.8.jar:3.2.8]
	at org.springframework.amqp.rabbit.listener.SimpleMessageListenerContainer$AsyncMessageProcessingConsumer.run(SimpleMessageListenerContainer.java:1328) ~[spring-rabbit-3.2.8.jar:3.2.8]
	at java.base/java.lang.Thread.run(Thread.java:1570) ~[na:na]
Caused by: java.io.IOException: null
	at com.rabbitmq.client.impl.AMQChannel.wrap(AMQChannel.java:140) ~[amqp-client-5.25.0.jar:5.25.0]
	at com.rabbitmq.client.impl.AMQChannel.wrap(AMQChannel.java:136) ~[amqp-client-5.25.0.jar:5.25.0]
	at com.rabbitmq.client.impl.AMQChannel.exnWrappingRpc(AMQChannel.java:158) ~[amqp-client-5.25.0.jar:5.25.0]
	at com.rabbitmq.client.impl.ChannelN.queueDeclarePassive(ChannelN.java:1033) ~[amqp-client-5.25.0.jar:5.25.0]
	at com.rabbitmq.client.impl.ChannelN.queueDeclarePassive(ChannelN.java:47) ~[amqp-client-5.25.0.jar:5.25.0]
	at java.base/jdk.internal.reflect.DirectMethodHandleAccessor.invoke(DirectMethodHandleAccessor.java:103) ~[na:na]
	at java.base/java.lang.reflect.Method.invoke(Method.java:580) ~[na:na]
	at org.springframework.amqp.rabbit.connection.CachingConnectionFactory$CachedChannelInvocationHandler.invoke(CachingConnectionFactory.java:1201) ~[spring-rabbit-3.2.8.jar:3.2.8]
	at jdk.proxy2/jdk.proxy2.$Proxy230.queueDeclarePassive(Unknown Source) ~[na:na]
	at org.springframework.amqp.rabbit.listener.BlockingQueueConsumer.attemptPassiveDeclarations(BlockingQueueConsumer.java:750) ~[spring-rabbit-3.2.8.jar:3.2.8]
	... 5 common frames omitted
Caused by: com.rabbitmq.client.ShutdownSignalException: channel error; protocol method: #method<channel.close>(reply-code=404, reply-text=NOT_FOUND - no queue 'springCloudBus.anonymous.8N74X9lwRiehREOImpPZrg' in vhost 'dwtkuyzt', class-id=50, method-id=10)
	at com.rabbitmq.utility.ValueOrException.getValue(ValueOrException.java:66) ~[amqp-client-5.25.0.jar:5.25.0]
	at com.rabbitmq.utility.BlockingValueOrException.uninterruptibleGetValue(BlockingValueOrException.java:36) ~[amqp-client-5.25.0.jar:5.25.0]
	at com.rabbitmq.client.impl.AMQChannel$BlockingRpcContinuation.getReply(AMQChannel.java:552) ~[amqp-client-5.25.0.jar:5.25.0]
	at com.rabbitmq.client.impl.AMQChannel.privateRpc(AMQChannel.java:316) ~[amqp-client-5.25.0.jar:5.25.0]
	at com.rabbitmq.client.impl.AMQChannel.exnWrappingRpc(AMQChannel.java:152) ~[amqp-client-5.25.0.jar:5.25.0]
	... 12 common frames omitted
Caused by: com.rabbitmq.client.ShutdownSignalException: channel error; protocol method: #method<channel.close>(reply-code=404, reply-text=NOT_FOUND - no queue 'springCloudBus.anonymous.8N74X9lwRiehREOImpPZrg' in vhost 'dwtkuyzt', class-id=50, method-id=10)
	at com.rabbitmq.client.impl.ChannelN.asyncShutdown(ChannelN.java:528) ~[amqp-client-5.25.0.jar:5.25.0]
	at com.rabbitmq.client.impl.ChannelN.processAsync(ChannelN.java:349) ~[amqp-client-5.25.0.jar:5.25.0]
	at com.rabbitmq.client.impl.AMQChannel.handleCompleteInboundCommand(AMQChannel.java:193) ~[amqp-client-5.25.0.jar:5.25.0]
	at com.rabbitmq.client.impl.AMQChannel.handleFrame(AMQChannel.java:125) ~[amqp-client-5.25.0.jar:5.25.0]
	at com.rabbitmq.client.impl.AMQConnection.readFrame(AMQConnection.java:761) ~[amqp-client-5.25.0.jar:5.25.0]
	at com.rabbitmq.client.impl.AMQConnection.access$400(AMQConnection.java:48) ~[amqp-client-5.25.0.jar:5.25.0]
	at com.rabbitmq.client.impl.AMQConnection$MainLoop.run(AMQConnection.java:688) ~[amqp-client-5.25.0.jar:5.25.0]
	... 1 common frames omitted

2025-11-24T22:41:17.318+05:30  WARN 74399 --- [order-service] [springCloudBus.anonymous.8N74X9lwRiehREOImpPZrg-38] [                                                 ] o.s.a.r.listener.BlockingQueueConsumer   : Failed to declare queue: springCloudBus.anonymous.8N74X9lwRiehREOImpPZrg
2025-11-24T22:41:17.319+05:30  WARN 74399 --- [order-service] [springCloudBus.anonymous.8N74X9lwRiehREOImpPZrg-38] [                                                 ] o.s.a.r.listener.BlockingQueueConsumer   : Queue declaration failed; retries left=2

org.springframework.amqp.rabbit.listener.BlockingQueueConsumer$DeclarationException: Failed to declare queue(s):[springCloudBus.anonymous.8N74X9lwRiehREOImpPZrg]
	at org.springframework.amqp.rabbit.listener.BlockingQueueConsumer.attemptPassiveDeclarations(BlockingQueueConsumer.java:772) ~[spring-rabbit-3.2.8.jar:3.2.8]
	at org.springframework.amqp.rabbit.listener.BlockingQueueConsumer.passiveDeclarations(BlockingQueueConsumer.java:649) ~[spring-rabbit-3.2.8.jar:3.2.8]
	at org.springframework.amqp.rabbit.listener.BlockingQueueConsumer.start(BlockingQueueConsumer.java:636) ~[spring-rabbit-3.2.8.jar:3.2.8]
	at org.springframework.amqp.rabbit.listener.SimpleMessageListenerContainer$AsyncMessageProcessingConsumer.initialize(SimpleMessageListenerContainer.java:1490) ~[spring-rabbit-3.2.8.jar:3.2.8]
	at org.springframework.amqp.rabbit.listener.SimpleMessageListenerContainer$AsyncMessageProcessingConsumer.run(SimpleMessageListenerContainer.java:1328) ~[spring-rabbit-3.2.8.jar:3.2.8]
	at java.base/java.lang.Thread.run(Thread.java:1570) ~[na:na]
Caused by: java.io.IOException: null
	at com.rabbitmq.client.impl.AMQChannel.wrap(AMQChannel.java:140) ~[amqp-client-5.25.0.jar:5.25.0]
	at com.rabbitmq.client.impl.AMQChannel.wrap(AMQChannel.java:136) ~[amqp-client-5.25.0.jar:5.25.0]
	at com.rabbitmq.client.impl.AMQChannel.exnWrappingRpc(AMQChannel.java:158) ~[amqp-client-5.25.0.jar:5.25.0]
	at com.rabbitmq.client.impl.ChannelN.queueDeclarePassive(ChannelN.java:1033) ~[amqp-client-5.25.0.jar:5.25.0]
	at com.rabbitmq.client.impl.ChannelN.queueDeclarePassive(ChannelN.java:47) ~[amqp-client-5.25.0.jar:5.25.0]
	at java.base/jdk.internal.reflect.DirectMethodHandleAccessor.invoke(DirectMethodHandleAccessor.java:103) ~[na:na]
	at java.base/java.lang.reflect.Method.invoke(Method.java:580) ~[na:na]
	at org.springframework.amqp.rabbit.connection.CachingConnectionFactory$CachedChannelInvocationHandler.invoke(CachingConnectionFactory.java:1201) ~[spring-rabbit-3.2.8.jar:3.2.8]
	at jdk.proxy2/jdk.proxy2.$Proxy230.queueDeclarePassive(Unknown Source) ~[na:na]
	at org.springframework.amqp.rabbit.listener.BlockingQueueConsumer.attemptPassiveDeclarations(BlockingQueueConsumer.java:750) ~[spring-rabbit-3.2.8.jar:3.2.8]
	... 5 common frames omitted
Caused by: com.rabbitmq.client.ShutdownSignalException: channel error; protocol method: #method<channel.close>(reply-code=404, reply-text=NOT_FOUND - no queue 'springCloudBus.anonymous.8N74X9lwRiehREOImpPZrg' in vhost 'dwtkuyzt', class-id=50, method-id=10)
	at com.rabbitmq.utility.ValueOrException.getValue(ValueOrException.java:66) ~[amqp-client-5.25.0.jar:5.25.0]
	at com.rabbitmq.utility.BlockingValueOrException.uninterruptibleGetValue(BlockingValueOrException.java:36) ~[amqp-client-5.25.0.jar:5.25.0]
	at com.rabbitmq.client.impl.AMQChannel$BlockingRpcContinuation.getReply(AMQChannel.java:552) ~[amqp-client-5.25.0.jar:5.25.0]
	at com.rabbitmq.client.impl.AMQChannel.privateRpc(AMQChannel.java:316) ~[amqp-client-5.25.0.jar:5.25.0]
	at com.rabbitmq.client.impl.AMQChannel.exnWrappingRpc(AMQChannel.java:152) ~[amqp-client-5.25.0.jar:5.25.0]
	... 12 common frames omitted
Caused by: com.rabbitmq.client.ShutdownSignalException: channel error; protocol method: #method<channel.close>(reply-code=404, reply-text=NOT_FOUND - no queue 'springCloudBus.anonymous.8N74X9lwRiehREOImpPZrg' in vhost 'dwtkuyzt', class-id=50, method-id=10)
	at com.rabbitmq.client.impl.ChannelN.asyncShutdown(ChannelN.java:528) ~[amqp-client-5.25.0.jar:5.25.0]
	at com.rabbitmq.client.impl.ChannelN.processAsync(ChannelN.java:349) ~[amqp-client-5.25.0.jar:5.25.0]
	at com.rabbitmq.client.impl.AMQChannel.handleCompleteInboundCommand(AMQChannel.java:193) ~[amqp-client-5.25.0.jar:5.25.0]
	at com.rabbitmq.client.impl.AMQChannel.handleFrame(AMQChannel.java:125) ~[amqp-client-5.25.0.jar:5.25.0]
	at com.rabbitmq.client.impl.AMQConnection.readFrame(AMQConnection.java:761) ~[amqp-client-5.25.0.jar:5.25.0]
	at com.rabbitmq.client.impl.AMQConnection.access$400(AMQConnection.java:48) ~[amqp-client-5.25.0.jar:5.25.0]
	at com.rabbitmq.client.impl.AMQConnection$MainLoop.run(AMQConnection.java:688) ~[amqp-client-5.25.0.jar:5.25.0]
	... 1 common frames omitted

2025-11-24T22:41:22.861+05:30  WARN 74399 --- [order-service] [springCloudBus.anonymous.8N74X9lwRiehREOImpPZrg-38] [                                                 ] o.s.a.r.listener.BlockingQueueConsumer   : Failed to declare queue: springCloudBus.anonymous.8N74X9lwRiehREOImpPZrg
2025-11-24T22:41:22.862+05:30  WARN 74399 --- [order-service] [springCloudBus.anonymous.8N74X9lwRiehREOImpPZrg-38] [                                                 ] o.s.a.r.listener.BlockingQueueConsumer   : Queue declaration failed; retries left=1

org.springframework.amqp.rabbit.listener.BlockingQueueConsumer$DeclarationException: Failed to declare queue(s):[springCloudBus.anonymous.8N74X9lwRiehREOImpPZrg]
	at org.springframework.amqp.rabbit.listener.BlockingQueueConsumer.attemptPassiveDeclarations(BlockingQueueConsumer.java:772) ~[spring-rabbit-3.2.8.jar:3.2.8]
	at org.springframework.amqp.rabbit.listener.BlockingQueueConsumer.passiveDeclarations(BlockingQueueConsumer.java:649) ~[spring-rabbit-3.2.8.jar:3.2.8]
	at org.springframework.amqp.rabbit.listener.BlockingQueueConsumer.start(BlockingQueueConsumer.java:636) ~[spring-rabbit-3.2.8.jar:3.2.8]
	at org.springframework.amqp.rabbit.listener.SimpleMessageListenerContainer$AsyncMessageProcessingConsumer.initialize(SimpleMessageListenerContainer.java:1490) ~[spring-rabbit-3.2.8.jar:3.2.8]
	at org.springframework.amqp.rabbit.listener.SimpleMessageListenerContainer$AsyncMessageProcessingConsumer.run(SimpleMessageListenerContainer.java:1328) ~[spring-rabbit-3.2.8.jar:3.2.8]
	at java.base/java.lang.Thread.run(Thread.java:1570) ~[na:na]
Caused by: java.io.IOException: null
	at com.rabbitmq.client.impl.AMQChannel.wrap(AMQChannel.java:140) ~[amqp-client-5.25.0.jar:5.25.0]
	at com.rabbitmq.client.impl.AMQChannel.wrap(AMQChannel.java:136) ~[amqp-client-5.25.0.jar:5.25.0]
	at com.rabbitmq.client.impl.AMQChannel.exnWrappingRpc(AMQChannel.java:158) ~[amqp-client-5.25.0.jar:5.25.0]
	at com.rabbitmq.client.impl.ChannelN.queueDeclarePassive(ChannelN.java:1033) ~[amqp-client-5.25.0.jar:5.25.0]
	at com.rabbitmq.client.impl.ChannelN.queueDeclarePassive(ChannelN.java:47) ~[amqp-client-5.25.0.jar:5.25.0]
	at java.base/jdk.internal.reflect.DirectMethodHandleAccessor.invoke(DirectMethodHandleAccessor.java:103) ~[na:na]
	at java.base/java.lang.reflect.Method.invoke(Method.java:580) ~[na:na]
	at org.springframework.amqp.rabbit.connection.CachingConnectionFactory$CachedChannelInvocationHandler.invoke(CachingConnectionFactory.java:1201) ~[spring-rabbit-3.2.8.jar:3.2.8]
	at jdk.proxy2/jdk.proxy2.$Proxy230.queueDeclarePassive(Unknown Source) ~[na:na]
	at org.springframework.amqp.rabbit.listener.BlockingQueueConsumer.attemptPassiveDeclarations(BlockingQueueConsumer.java:750) ~[spring-rabbit-3.2.8.jar:3.2.8]
	... 5 common frames omitted
Caused by: com.rabbitmq.client.ShutdownSignalException: channel error; protocol method: #method<channel.close>(reply-code=404, reply-text=NOT_FOUND - no queue 'springCloudBus.anonymous.8N74X9lwRiehREOImpPZrg' in vhost 'dwtkuyzt', class-id=50, method-id=10)
	at com.rabbitmq.utility.ValueOrException.getValue(ValueOrException.java:66) ~[amqp-client-5.25.0.jar:5.25.0]
	at com.rabbitmq.utility.BlockingValueOrException.uninterruptibleGetValue(BlockingValueOrException.java:36) ~[amqp-client-5.25.0.jar:5.25.0]
	at com.rabbitmq.client.impl.AMQChannel$BlockingRpcContinuation.getReply(AMQChannel.java:552) ~[amqp-client-5.25.0.jar:5.25.0]
	at com.rabbitmq.client.impl.AMQChannel.privateRpc(AMQChannel.java:316) ~[amqp-client-5.25.0.jar:5.25.0]
	at com.rabbitmq.client.impl.AMQChannel.exnWrappingRpc(AMQChannel.java:152) ~[amqp-client-5.25.0.jar:5.25.0]
	... 12 common frames omitted
Caused by: com.rabbitmq.client.ShutdownSignalException: channel error; protocol method: #method<channel.close>(reply-code=404, reply-text=NOT_FOUND - no queue 'springCloudBus.anonymous.8N74X9lwRiehREOImpPZrg' in vhost 'dwtkuyzt', class-id=50, method-id=10)
	at com.rabbitmq.client.impl.ChannelN.asyncShutdown(ChannelN.java:528) ~[amqp-client-5.25.0.jar:5.25.0]
	at com.rabbitmq.client.impl.ChannelN.processAsync(ChannelN.java:349) ~[amqp-client-5.25.0.jar:5.25.0]
	at com.rabbitmq.client.impl.AMQChannel.handleCompleteInboundCommand(AMQChannel.java:193) ~[amqp-client-5.25.0.jar:5.25.0]
	at com.rabbitmq.client.impl.AMQChannel.handleFrame(AMQChannel.java:125) ~[amqp-client-5.25.0.jar:5.25.0]
	at com.rabbitmq.client.impl.AMQConnection.readFrame(AMQConnection.java:761) ~[amqp-client-5.25.0.jar:5.25.0]
	at com.rabbitmq.client.impl.AMQConnection.access$400(AMQConnection.java:48) ~[amqp-client-5.25.0.jar:5.25.0]
	at com.rabbitmq.client.impl.AMQConnection$MainLoop.run(AMQConnection.java:688) ~[amqp-client-5.25.0.jar:5.25.0]
	... 1 common frames omitted

2025-11-24T22:41:28.405+05:30  WARN 74399 --- [order-service] [springCloudBus.anonymous.8N74X9lwRiehREOImpPZrg-38] [                                                 ] o.s.a.r.listener.BlockingQueueConsumer   : Failed to declare queue: springCloudBus.anonymous.8N74X9lwRiehREOImpPZrg
2025-11-24T22:41:33.489+05:30 ERROR 74399 --- [order-service] [springCloudBus.anonymous.8N74X9lwRiehREOImpPZrg-38] [                                                 ] o.s.a.r.l.SimpleMessageListenerContainer : Consumer threw missing queues exception, fatal=false

org.springframework.amqp.rabbit.listener.QueuesNotAvailableException: Cannot prepare queue for listener. Either the queue doesn't exist or the broker will not allow us to use it.
	at org.springframework.amqp.rabbit.listener.BlockingQueueConsumer.handleDeclarationException(BlockingQueueConsumer.java:722) ~[spring-rabbit-3.2.8.jar:3.2.8]
	at org.springframework.amqp.rabbit.listener.BlockingQueueConsumer.passiveDeclarations(BlockingQueueConsumer.java:656) ~[spring-rabbit-3.2.8.jar:3.2.8]
	at org.springframework.amqp.rabbit.listener.BlockingQueueConsumer.start(BlockingQueueConsumer.java:636) ~[spring-rabbit-3.2.8.jar:3.2.8]
	at org.springframework.amqp.rabbit.listener.SimpleMessageListenerContainer$AsyncMessageProcessingConsumer.initialize(SimpleMessageListenerContainer.java:1490) ~[spring-rabbit-3.2.8.jar:3.2.8]
	at org.springframework.amqp.rabbit.listener.SimpleMessageListenerContainer$AsyncMessageProcessingConsumer.run(SimpleMessageListenerContainer.java:1328) ~[spring-rabbit-3.2.8.jar:3.2.8]
	at java.base/java.lang.Thread.run(Thread.java:1570) ~[na:na]
Caused by: org.springframework.amqp.rabbit.listener.BlockingQueueConsumer$DeclarationException: Failed to declare queue(s):[springCloudBus.anonymous.8N74X9lwRiehREOImpPZrg]
	at org.springframework.amqp.rabbit.listener.BlockingQueueConsumer.attemptPassiveDeclarations(BlockingQueueConsumer.java:772) ~[spring-rabbit-3.2.8.jar:3.2.8]
	at org.springframework.amqp.rabbit.listener.BlockingQueueConsumer.passiveDeclarations(BlockingQueueConsumer.java:649) ~[spring-rabbit-3.2.8.jar:3.2.8]
	... 4 common frames omitted
Caused by: java.io.IOException: null
	at com.rabbitmq.client.impl.AMQChannel.wrap(AMQChannel.java:140) ~[amqp-client-5.25.0.jar:5.25.0]
	at com.rabbitmq.client.impl.AMQChannel.wrap(AMQChannel.java:136) ~[amqp-client-5.25.0.jar:5.25.0]
	at com.rabbitmq.client.impl.AMQChannel.exnWrappingRpc(AMQChannel.java:158) ~[amqp-client-5.25.0.jar:5.25.0]
	at com.rabbitmq.client.impl.ChannelN.queueDeclarePassive(ChannelN.java:1033) ~[amqp-client-5.25.0.jar:5.25.0]
	at com.rabbitmq.client.impl.ChannelN.queueDeclarePassive(ChannelN.java:47) ~[amqp-client-5.25.0.jar:5.25.0]
	at java.base/jdk.internal.reflect.DirectMethodHandleAccessor.invoke(DirectMethodHandleAccessor.java:103) ~[na:na]
	at java.base/java.lang.reflect.Method.invoke(Method.java:580) ~[na:na]
	at org.springframework.amqp.rabbit.connection.CachingConnectionFactory$CachedChannelInvocationHandler.invoke(CachingConnectionFactory.java:1201) ~[spring-rabbit-3.2.8.jar:3.2.8]
	at jdk.proxy2/jdk.proxy2.$Proxy230.queueDeclarePassive(Unknown Source) ~[na:na]
	at org.springframework.amqp.rabbit.listener.BlockingQueueConsumer.attemptPassiveDeclarations(BlockingQueueConsumer.java:750) ~[spring-rabbit-3.2.8.jar:3.2.8]
	... 5 common frames omitted
Caused by: com.rabbitmq.client.ShutdownSignalException: channel error; protocol method: #method<channel.close>(reply-code=404, reply-text=NOT_FOUND - no queue 'springCloudBus.anonymous.8N74X9lwRiehREOImpPZrg' in vhost 'dwtkuyzt', class-id=50, method-id=10)
	at com.rabbitmq.utility.ValueOrException.getValue(ValueOrException.java:66) ~[amqp-client-5.25.0.jar:5.25.0]
	at com.rabbitmq.utility.BlockingValueOrException.uninterruptibleGetValue(BlockingValueOrException.java:36) ~[amqp-client-5.25.0.jar:5.25.0]
	at com.rabbitmq.client.impl.AMQChannel$BlockingRpcContinuation.getReply(AMQChannel.java:552) ~[amqp-client-5.25.0.jar:5.25.0]
	at com.rabbitmq.client.impl.AMQChannel.privateRpc(AMQChannel.java:316) ~[amqp-client-5.25.0.jar:5.25.0]
	at com.rabbitmq.client.impl.AMQChannel.exnWrappingRpc(AMQChannel.java:152) ~[amqp-client-5.25.0.jar:5.25.0]
	... 12 common frames omitted
Caused by: com.rabbitmq.client.ShutdownSignalException: channel error; protocol method: #method<channel.close>(reply-code=404, reply-text=NOT_FOUND - no queue 'springCloudBus.anonymous.8N74X9lwRiehREOImpPZrg' in vhost 'dwtkuyzt', class-id=50, method-id=10)
	at com.rabbitmq.client.impl.ChannelN.asyncShutdown(ChannelN.java:528) ~[amqp-client-5.25.0.jar:5.25.0]
	at com.rabbitmq.client.impl.ChannelN.processAsync(ChannelN.java:349) ~[amqp-client-5.25.0.jar:5.25.0]
	at com.rabbitmq.client.impl.AMQChannel.handleCompleteInboundCommand(AMQChannel.java:193) ~[amqp-client-5.25.0.jar:5.25.0]
	at com.rabbitmq.client.impl.AMQChannel.handleFrame(AMQChannel.java:125) ~[amqp-client-5.25.0.jar:5.25.0]
	at com.rabbitmq.client.impl.AMQConnection.readFrame(AMQConnection.java:761) ~[amqp-client-5.25.0.jar:5.25.0]
	at com.rabbitmq.client.impl.AMQConnection.access$400(AMQConnection.java:48) ~[amqp-client-5.25.0.jar:5.25.0]
	at com.rabbitmq.client.impl.AMQConnection$MainLoop.run(AMQConnection.java:688) ~[amqp-client-5.25.0.jar:5.25.0]
	... 1 common frames omitted

2025-11-24T22:41:33.491+05:30  INFO 74399 --- [order-service] [springCloudBus.anonymous.8N74X9lwRiehREOImpPZrg-38] [                                                 ] o.s.a.r.l.SimpleMessageListenerContainer : Restarting Consumer@311415e: tags=[[]], channel=Cached Rabbit Channel: AMQChannel(amqp://dwtkuyzt@35.153.225.39:5672/dwtkuyzt,1), conn: Proxy@63e64174 Shared Rabbit Connection: SimpleConnection@718c61c0 [delegate=amqp://dwtkuyzt@35.153.225.39:5672/dwtkuyzt, localPort=61556], acknowledgeMode=AUTO local queue size=0
2025-11-24T22:41:34.564+05:30  WARN 74399 --- [order-service] [springCloudBus.anonymous.8N74X9lwRiehREOImpPZrg-39] [                                                 ] o.s.a.r.listener.BlockingQueueConsumer   : Failed to declare queue: springCloudBus.anonymous.8N74X9lwRiehREOImpPZrg
2025-11-24T22:41:34.565+05:30  WARN 74399 --- [order-service] [springCloudBus.anonymous.8N74X9lwRiehREOImpPZrg-39] [                                                 ] o.s.a.r.listener.BlockingQueueConsumer   : Queue declaration failed; retries left=3

org.springframework.amqp.rabbit.listener.BlockingQueueConsumer$DeclarationException: Failed to declare queue(s):[springCloudBus.anonymous.8N74X9lwRiehREOImpPZrg]
	at org.springframework.amqp.rabbit.listener.BlockingQueueConsumer.attemptPassiveDeclarations(BlockingQueueConsumer.java:772) ~[spring-rabbit-3.2.8.jar:3.2.8]
	at org.springframework.amqp.rabbit.listener.BlockingQueueConsumer.passiveDeclarations(BlockingQueueConsumer.java:649) ~[spring-rabbit-3.2.8.jar:3.2.8]
	at org.springframework.amqp.rabbit.listener.BlockingQueueConsumer.start(BlockingQueueConsumer.java:636) ~[spring-rabbit-3.2.8.jar:3.2.8]
	at org.springframework.amqp.rabbit.listener.SimpleMessageListenerContainer$AsyncMessageProcessingConsumer.initialize(SimpleMessageListenerContainer.java:1490) ~[spring-rabbit-3.2.8.jar:3.2.8]
	at org.springframework.amqp.rabbit.listener.SimpleMessageListenerContainer$AsyncMessageProcessingConsumer.run(SimpleMessageListenerContainer.java:1328) ~[spring-rabbit-3.2.8.jar:3.2.8]
	at java.base/java.lang.Thread.run(Thread.java:1570) ~[na:na]
Caused by: java.io.IOException: null
	at com.rabbitmq.client.impl.AMQChannel.wrap(AMQChannel.java:140) ~[amqp-client-5.25.0.jar:5.25.0]
	at com.rabbitmq.client.impl.AMQChannel.wrap(AMQChannel.java:136) ~[amqp-client-5.25.0.jar:5.25.0]
	at com.rabbitmq.client.impl.AMQChannel.exnWrappingRpc(AMQChannel.java:158) ~[amqp-client-5.25.0.jar:5.25.0]
	at com.rabbitmq.client.impl.ChannelN.queueDeclarePassive(ChannelN.java:1033) ~[amqp-client-5.25.0.jar:5.25.0]
	at com.rabbitmq.client.impl.ChannelN.queueDeclarePassive(ChannelN.java:47) ~[amqp-client-5.25.0.jar:5.25.0]
	at java.base/jdk.internal.reflect.DirectMethodHandleAccessor.invoke(DirectMethodHandleAccessor.java:103) ~[na:na]
	at java.base/java.lang.reflect.Method.invoke(Method.java:580) ~[na:na]
	at org.springframework.amqp.rabbit.connection.CachingConnectionFactory$CachedChannelInvocationHandler.invoke(CachingConnectionFactory.java:1201) ~[spring-rabbit-3.2.8.jar:3.2.8]
	at jdk.proxy2/jdk.proxy2.$Proxy230.queueDeclarePassive(Unknown Source) ~[na:na]
	at org.springframework.amqp.rabbit.listener.BlockingQueueConsumer.attemptPassiveDeclarations(BlockingQueueConsumer.java:750) ~[spring-rabbit-3.2.8.jar:3.2.8]
	... 5 common frames omitted
Caused by: com.rabbitmq.client.ShutdownSignalException: channel error; protocol method: #method<channel.close>(reply-code=404, reply-text=NOT_FOUND - no queue 'springCloudBus.anonymous.8N74X9lwRiehREOImpPZrg' in vhost 'dwtkuyzt', class-id=50, method-id=10)
	at com.rabbitmq.utility.ValueOrException.getValue(ValueOrException.java:66) ~[amqp-client-5.25.0.jar:5.25.0]
	at com.rabbitmq.utility.BlockingValueOrException.uninterruptibleGetValue(BlockingValueOrException.java:36) ~[amqp-client-5.25.0.jar:5.25.0]
	at com.rabbitmq.client.impl.AMQChannel$BlockingRpcContinuation.getReply(AMQChannel.java:552) ~[amqp-client-5.25.0.jar:5.25.0]
	at com.rabbitmq.client.impl.AMQChannel.privateRpc(AMQChannel.java:316) ~[amqp-client-5.25.0.jar:5.25.0]
	at com.rabbitmq.client.impl.AMQChannel.exnWrappingRpc(AMQChannel.java:152) ~[amqp-client-5.25.0.jar:5.25.0]
	... 12 common frames omitted
Caused by: com.rabbitmq.client.ShutdownSignalException: channel error; protocol method: #method<channel.close>(reply-code=404, reply-text=NOT_FOUND - no queue 'springCloudBus.anonymous.8N74X9lwRiehREOImpPZrg' in vhost 'dwtkuyzt', class-id=50, method-id=10)
	at com.rabbitmq.client.impl.ChannelN.asyncShutdown(ChannelN.java:528) ~[amqp-client-5.25.0.jar:5.25.0]
	at com.rabbitmq.client.impl.ChannelN.processAsync(ChannelN.java:349) ~[amqp-client-5.25.0.jar:5.25.0]
	at com.rabbitmq.client.impl.AMQChannel.handleCompleteInboundCommand(AMQChannel.java:193) ~[amqp-client-5.25.0.jar:5.25.0]
	at com.rabbitmq.client.impl.AMQChannel.handleFrame(AMQChannel.java:125) ~[amqp-client-5.25.0.jar:5.25.0]
	at com.rabbitmq.client.impl.AMQConnection.readFrame(AMQConnection.java:761) ~[amqp-client-5.25.0.jar:5.25.0]
	at com.rabbitmq.client.impl.AMQConnection.access$400(AMQConnection.java:48) ~[amqp-client-5.25.0.jar:5.25.0]
	at com.rabbitmq.client.impl.AMQConnection$MainLoop.run(AMQConnection.java:688) ~[amqp-client-5.25.0.jar:5.25.0]
	... 1 common frames omitted

2025-11-24T22:41:40.104+05:30  WARN 74399 --- [order-service] [springCloudBus.anonymous.8N74X9lwRiehREOImpPZrg-39] [                                                 ] o.s.a.r.listener.BlockingQueueConsumer   : Failed to declare queue: springCloudBus.anonymous.8N74X9lwRiehREOImpPZrg
2025-11-24T22:41:40.106+05:30  WARN 74399 --- [order-service] [springCloudBus.anonymous.8N74X9lwRiehREOImpPZrg-39] [                                                 ] o.s.a.r.listener.BlockingQueueConsumer   : Queue declaration failed; retries left=2

org.springframework.amqp.rabbit.listener.BlockingQueueConsumer$DeclarationException: Failed to declare queue(s):[springCloudBus.anonymous.8N74X9lwRiehREOImpPZrg]
	at org.springframework.amqp.rabbit.listener.BlockingQueueConsumer.attemptPassiveDeclarations(BlockingQueueConsumer.java:772) ~[spring-rabbit-3.2.8.jar:3.2.8]
	at org.springframework.amqp.rabbit.listener.BlockingQueueConsumer.passiveDeclarations(BlockingQueueConsumer.java:649) ~[spring-rabbit-3.2.8.jar:3.2.8]
	at org.springframework.amqp.rabbit.listener.BlockingQueueConsumer.start(BlockingQueueConsumer.java:636) ~[spring-rabbit-3.2.8.jar:3.2.8]
	at org.springframework.amqp.rabbit.listener.SimpleMessageListenerContainer$AsyncMessageProcessingConsumer.initialize(SimpleMessageListenerContainer.java:1490) ~[spring-rabbit-3.2.8.jar:3.2.8]
	at org.springframework.amqp.rabbit.listener.SimpleMessageListenerContainer$AsyncMessageProcessingConsumer.run(SimpleMessageListenerContainer.java:1328) ~[spring-rabbit-3.2.8.jar:3.2.8]
	at java.base/java.lang.Thread.run(Thread.java:1570) ~[na:na]
Caused by: java.io.IOException: null
	at com.rabbitmq.client.impl.AMQChannel.wrap(AMQChannel.java:140) ~[amqp-client-5.25.0.jar:5.25.0]
	at com.rabbitmq.client.impl.AMQChannel.wrap(AMQChannel.java:136) ~[amqp-client-5.25.0.jar:5.25.0]
	at com.rabbitmq.client.impl.AMQChannel.exnWrappingRpc(AMQChannel.java:158) ~[amqp-client-5.25.0.jar:5.25.0]
	at com.rabbitmq.client.impl.ChannelN.queueDeclarePassive(ChannelN.java:1033) ~[amqp-client-5.25.0.jar:5.25.0]
	at com.rabbitmq.client.impl.ChannelN.queueDeclarePassive(ChannelN.java:47) ~[amqp-client-5.25.0.jar:5.25.0]
	at java.base/jdk.internal.reflect.DirectMethodHandleAccessor.invoke(DirectMethodHandleAccessor.java:103) ~[na:na]
	at java.base/java.lang.reflect.Method.invoke(Method.java:580) ~[na:na]
	at org.springframework.amqp.rabbit.connection.CachingConnectionFactory$CachedChannelInvocationHandler.invoke(CachingConnectionFactory.java:1201) ~[spring-rabbit-3.2.8.jar:3.2.8]
	at jdk.proxy2/jdk.proxy2.$Proxy230.queueDeclarePassive(Unknown Source) ~[na:na]
	at org.springframework.amqp.rabbit.listener.BlockingQueueConsumer.attemptPassiveDeclarations(BlockingQueueConsumer.java:750) ~[spring-rabbit-3.2.8.jar:3.2.8]
	... 5 common frames omitted
Caused by: com.rabbitmq.client.ShutdownSignalException: channel error; protocol method: #method<channel.close>(reply-code=404, reply-text=NOT_FOUND - no queue 'springCloudBus.anonymous.8N74X9lwRiehREOImpPZrg' in vhost 'dwtkuyzt', class-id=50, method-id=10)
	at com.rabbitmq.utility.ValueOrException.getValue(ValueOrException.java:66) ~[amqp-client-5.25.0.jar:5.25.0]
	at com.rabbitmq.utility.BlockingValueOrException.uninterruptibleGetValue(BlockingValueOrException.java:36) ~[amqp-client-5.25.0.jar:5.25.0]
	at com.rabbitmq.client.impl.AMQChannel$BlockingRpcContinuation.getReply(AMQChannel.java:552) ~[amqp-client-5.25.0.jar:5.25.0]
	at com.rabbitmq.client.impl.AMQChannel.privateRpc(AMQChannel.java:316) ~[amqp-client-5.25.0.jar:5.25.0]
	at com.rabbitmq.client.impl.AMQChannel.exnWrappingRpc(AMQChannel.java:152) ~[amqp-client-5.25.0.jar:5.25.0]
	... 12 common frames omitted
Caused by: com.rabbitmq.client.ShutdownSignalException: channel error; protocol method: #method<channel.close>(reply-code=404, reply-text=NOT_FOUND - no queue 'springCloudBus.anonymous.8N74X9lwRiehREOImpPZrg' in vhost 'dwtkuyzt', class-id=50, method-id=10)
	at com.rabbitmq.client.impl.ChannelN.asyncShutdown(ChannelN.java:528) ~[amqp-client-5.25.0.jar:5.25.0]
	at com.rabbitmq.client.impl.ChannelN.processAsync(ChannelN.java:349) ~[amqp-client-5.25.0.jar:5.25.0]
	at com.rabbitmq.client.impl.AMQChannel.handleCompleteInboundCommand(AMQChannel.java:193) ~[amqp-client-5.25.0.jar:5.25.0]
	at com.rabbitmq.client.impl.AMQChannel.handleFrame(AMQChannel.java:125) ~[amqp-client-5.25.0.jar:5.25.0]
	at com.rabbitmq.client.impl.AMQConnection.readFrame(AMQConnection.java:761) ~[amqp-client-5.25.0.jar:5.25.0]
	at com.rabbitmq.client.impl.AMQConnection.access$400(AMQConnection.java:48) ~[amqp-client-5.25.0.jar:5.25.0]
	at com.rabbitmq.client.impl.AMQConnection$MainLoop.run(AMQConnection.java:688) ~[amqp-client-5.25.0.jar:5.25.0]
	... 1 common frames omitted

2025-11-24T22:41:45.646+05:30  WARN 74399 --- [order-service] [springCloudBus.anonymous.8N74X9lwRiehREOImpPZrg-39] [                                                 ] o.s.a.r.listener.BlockingQueueConsumer   : Failed to declare queue: springCloudBus.anonymous.8N74X9lwRiehREOImpPZrg
2025-11-24T22:41:45.647+05:30  WARN 74399 --- [order-service] [springCloudBus.anonymous.8N74X9lwRiehREOImpPZrg-39] [                                                 ] o.s.a.r.listener.BlockingQueueConsumer   : Queue declaration failed; retries left=1

org.springframework.amqp.rabbit.listener.BlockingQueueConsumer$DeclarationException: Failed to declare queue(s):[springCloudBus.anonymous.8N74X9lwRiehREOImpPZrg]
	at org.springframework.amqp.rabbit.listener.BlockingQueueConsumer.attemptPassiveDeclarations(BlockingQueueConsumer.java:772) ~[spring-rabbit-3.2.8.jar:3.2.8]
	at org.springframework.amqp.rabbit.listener.BlockingQueueConsumer.passiveDeclarations(BlockingQueueConsumer.java:649) ~[spring-rabbit-3.2.8.jar:3.2.8]
	at org.springframework.amqp.rabbit.listener.BlockingQueueConsumer.start(BlockingQueueConsumer.java:636) ~[spring-rabbit-3.2.8.jar:3.2.8]
	at org.springframework.amqp.rabbit.listener.SimpleMessageListenerContainer$AsyncMessageProcessingConsumer.initialize(SimpleMessageListenerContainer.java:1490) ~[spring-rabbit-3.2.8.jar:3.2.8]
	at org.springframework.amqp.rabbit.listener.SimpleMessageListenerContainer$AsyncMessageProcessingConsumer.run(SimpleMessageListenerContainer.java:1328) ~[spring-rabbit-3.2.8.jar:3.2.8]
	at java.base/java.lang.Thread.run(Thread.java:1570) ~[na:na]
Caused by: java.io.IOException: null
	at com.rabbitmq.client.impl.AMQChannel.wrap(AMQChannel.java:140) ~[amqp-client-5.25.0.jar:5.25.0]
	at com.rabbitmq.client.impl.AMQChannel.wrap(AMQChannel.java:136) ~[amqp-client-5.25.0.jar:5.25.0]
	at com.rabbitmq.client.impl.AMQChannel.exnWrappingRpc(AMQChannel.java:158) ~[amqp-client-5.25.0.jar:5.25.0]
	at com.rabbitmq.client.impl.ChannelN.queueDeclarePassive(ChannelN.java:1033) ~[amqp-client-5.25.0.jar:5.25.0]
	at com.rabbitmq.client.impl.ChannelN.queueDeclarePassive(ChannelN.java:47) ~[amqp-client-5.25.0.jar:5.25.0]
	at java.base/jdk.internal.reflect.DirectMethodHandleAccessor.invoke(DirectMethodHandleAccessor.java:103) ~[na:na]
	at java.base/java.lang.reflect.Method.invoke(Method.java:580) ~[na:na]
	at org.springframework.amqp.rabbit.connection.CachingConnectionFactory$CachedChannelInvocationHandler.invoke(CachingConnectionFactory.java:1201) ~[spring-rabbit-3.2.8.jar:3.2.8]
	at jdk.proxy2/jdk.proxy2.$Proxy230.queueDeclarePassive(Unknown Source) ~[na:na]
	at org.springframework.amqp.rabbit.listener.BlockingQueueConsumer.attemptPassiveDeclarations(BlockingQueueConsumer.java:750) ~[spring-rabbit-3.2.8.jar:3.2.8]
	... 5 common frames omitted
Caused by: com.rabbitmq.client.ShutdownSignalException: channel error; protocol method: #method<channel.close>(reply-code=404, reply-text=NOT_FOUND - no queue 'springCloudBus.anonymous.8N74X9lwRiehREOImpPZrg' in vhost 'dwtkuyzt', class-id=50, method-id=10)
	at com.rabbitmq.utility.ValueOrException.getValue(ValueOrException.java:66) ~[amqp-client-5.25.0.jar:5.25.0]
	at com.rabbitmq.utility.BlockingValueOrException.uninterruptibleGetValue(BlockingValueOrException.java:36) ~[amqp-client-5.25.0.jar:5.25.0]
	at com.rabbitmq.client.impl.AMQChannel$BlockingRpcContinuation.getReply(AMQChannel.java:552) ~[amqp-client-5.25.0.jar:5.25.0]
	at com.rabbitmq.client.impl.AMQChannel.privateRpc(AMQChannel.java:316) ~[amqp-client-5.25.0.jar:5.25.0]
	at com.rabbitmq.client.impl.AMQChannel.exnWrappingRpc(AMQChannel.java:152) ~[amqp-client-5.25.0.jar:5.25.0]
	... 12 common frames omitted
Caused by: com.rabbitmq.client.ShutdownSignalException: channel error; protocol method: #method<channel.close>(reply-code=404, reply-text=NOT_FOUND - no queue 'springCloudBus.anonymous.8N74X9lwRiehREOImpPZrg' in vhost 'dwtkuyzt', class-id=50, method-id=10)
	at com.rabbitmq.client.impl.ChannelN.asyncShutdown(ChannelN.java:528) ~[amqp-client-5.25.0.jar:5.25.0]
	at com.rabbitmq.client.impl.ChannelN.processAsync(ChannelN.java:349) ~[amqp-client-5.25.0.jar:5.25.0]
	at com.rabbitmq.client.impl.AMQChannel.handleCompleteInboundCommand(AMQChannel.java:193) ~[amqp-client-5.25.0.jar:5.25.0]
	at com.rabbitmq.client.impl.AMQChannel.handleFrame(AMQChannel.java:125) ~[amqp-client-5.25.0.jar:5.25.0]
	at com.rabbitmq.client.impl.AMQConnection.readFrame(AMQConnection.java:761) ~[amqp-client-5.25.0.jar:5.25.0]
	at com.rabbitmq.client.impl.AMQConnection.access$400(AMQConnection.java:48) ~[amqp-client-5.25.0.jar:5.25.0]
	at com.rabbitmq.client.impl.AMQConnection$MainLoop.run(AMQConnection.java:688) ~[amqp-client-5.25.0.jar:5.25.0]
	... 1 common frames omitted

2025-11-24T22:41:51.183+05:30  WARN 74399 --- [order-service] [springCloudBus.anonymous.8N74X9lwRiehREOImpPZrg-39] [                                                 ] o.s.a.r.listener.BlockingQueueConsumer   : Failed to declare queue: springCloudBus.anonymous.8N74X9lwRiehREOImpPZrg
2025-11-24T22:41:56.259+05:30 ERROR 74399 --- [order-service] [springCloudBus.anonymous.8N74X9lwRiehREOImpPZrg-39] [                                                 ] o.s.a.r.l.SimpleMessageListenerContainer : Consumer threw missing queues exception, fatal=false

org.springframework.amqp.rabbit.listener.QueuesNotAvailableException: Cannot prepare queue for listener. Either the queue doesn't exist or the broker will not allow us to use it.
	at org.springframework.amqp.rabbit.listener.BlockingQueueConsumer.handleDeclarationException(BlockingQueueConsumer.java:722) ~[spring-rabbit-3.2.8.jar:3.2.8]
	at org.springframework.amqp.rabbit.listener.BlockingQueueConsumer.passiveDeclarations(BlockingQueueConsumer.java:656) ~[spring-rabbit-3.2.8.jar:3.2.8]
	at org.springframework.amqp.rabbit.listener.BlockingQueueConsumer.start(BlockingQueueConsumer.java:636) ~[spring-rabbit-3.2.8.jar:3.2.8]
	at org.springframework.amqp.rabbit.listener.SimpleMessageListenerContainer$AsyncMessageProcessingConsumer.initialize(SimpleMessageListenerContainer.java:1490) ~[spring-rabbit-3.2.8.jar:3.2.8]
	at org.springframework.amqp.rabbit.listener.SimpleMessageListenerContainer$AsyncMessageProcessingConsumer.run(SimpleMessageListenerContainer.java:1328) ~[spring-rabbit-3.2.8.jar:3.2.8]
	at java.base/java.lang.Thread.run(Thread.java:1570) ~[na:na]
Caused by: org.springframework.amqp.rabbit.listener.BlockingQueueConsumer$DeclarationException: Failed to declare queue(s):[springCloudBus.anonymous.8N74X9lwRiehREOImpPZrg]
	at org.springframework.amqp.rabbit.listener.BlockingQueueConsumer.attemptPassiveDeclarations(BlockingQueueConsumer.java:772) ~[spring-rabbit-3.2.8.jar:3.2.8]
	at org.springframework.amqp.rabbit.listener.BlockingQueueConsumer.passiveDeclarations(BlockingQueueConsumer.java:649) ~[spring-rabbit-3.2.8.jar:3.2.8]
	... 4 common frames omitted
Caused by: java.io.IOException: null
	at com.rabbitmq.client.impl.AMQChannel.wrap(AMQChannel.java:140) ~[amqp-client-5.25.0.jar:5.25.0]
	at com.rabbitmq.client.impl.AMQChannel.wrap(AMQChannel.java:136) ~[amqp-client-5.25.0.jar:5.25.0]
	at com.rabbitmq.client.impl.AMQChannel.exnWrappingRpc(AMQChannel.java:158) ~[amqp-client-5.25.0.jar:5.25.0]
	at com.rabbitmq.client.impl.ChannelN.queueDeclarePassive(ChannelN.java:1033) ~[amqp-client-5.25.0.jar:5.25.0]
	at com.rabbitmq.client.impl.ChannelN.queueDeclarePassive(ChannelN.java:47) ~[amqp-client-5.25.0.jar:5.25.0]
	at java.base/jdk.internal.reflect.DirectMethodHandleAccessor.invoke(DirectMethodHandleAccessor.java:103) ~[na:na]
	at java.base/java.lang.reflect.Method.invoke(Method.java:580) ~[na:na]
	at org.springframework.amqp.rabbit.connection.CachingConnectionFactory$CachedChannelInvocationHandler.invoke(CachingConnectionFactory.java:1201) ~[spring-rabbit-3.2.8.jar:3.2.8]
	at jdk.proxy2/jdk.proxy2.$Proxy230.queueDeclarePassive(Unknown Source) ~[na:na]
	at org.springframework.amqp.rabbit.listener.BlockingQueueConsumer.attemptPassiveDeclarations(BlockingQueueConsumer.java:750) ~[spring-rabbit-3.2.8.jar:3.2.8]
	... 5 common frames omitted
Caused by: com.rabbitmq.client.ShutdownSignalException: channel error; protocol method: #method<channel.close>(reply-code=404, reply-text=NOT_FOUND - no queue 'springCloudBus.anonymous.8N74X9lwRiehREOImpPZrg' in vhost 'dwtkuyzt', class-id=50, method-id=10)
	at com.rabbitmq.utility.ValueOrException.getValue(ValueOrException.java:66) ~[amqp-client-5.25.0.jar:5.25.0]
	at com.rabbitmq.utility.BlockingValueOrException.uninterruptibleGetValue(BlockingValueOrException.java:36) ~[amqp-client-5.25.0.jar:5.25.0]
	at com.rabbitmq.client.impl.AMQChannel$BlockingRpcContinuation.getReply(AMQChannel.java:552) ~[amqp-client-5.25.0.jar:5.25.0]
	at com.rabbitmq.client.impl.AMQChannel.privateRpc(AMQChannel.java:316) ~[amqp-client-5.25.0.jar:5.25.0]
	at com.rabbitmq.client.impl.AMQChannel.exnWrappingRpc(AMQChannel.java:152) ~[amqp-client-5.25.0.jar:5.25.0]
	... 12 common frames omitted
Caused by: com.rabbitmq.client.ShutdownSignalException: channel error; protocol method: #method<channel.close>(reply-code=404, reply-text=NOT_FOUND - no queue 'springCloudBus.anonymous.8N74X9lwRiehREOImpPZrg' in vhost 'dwtkuyzt', class-id=50, method-id=10)
	at com.rabbitmq.client.impl.ChannelN.asyncShutdown(ChannelN.java:528) ~[amqp-client-5.25.0.jar:5.25.0]
	at com.rabbitmq.client.impl.ChannelN.processAsync(ChannelN.java:349) ~[amqp-client-5.25.0.jar:5.25.0]
	at com.rabbitmq.client.impl.AMQChannel.handleCompleteInboundCommand(AMQChannel.java:193) ~[amqp-client-5.25.0.jar:5.25.0]
	at com.rabbitmq.client.impl.AMQChannel.handleFrame(AMQChannel.java:125) ~[amqp-client-5.25.0.jar:5.25.0]
	at com.rabbitmq.client.impl.AMQConnection.readFrame(AMQConnection.java:761) ~[amqp-client-5.25.0.jar:5.25.0]
	at com.rabbitmq.client.impl.AMQConnection.access$400(AMQConnection.java:48) ~[amqp-client-5.25.0.jar:5.25.0]
	at com.rabbitmq.client.impl.AMQConnection$MainLoop.run(AMQConnection.java:688) ~[amqp-client-5.25.0.jar:5.25.0]
	... 1 common frames omitted

2025-11-24T22:41:56.264+05:30  INFO 74399 --- [order-service] [springCloudBus.anonymous.8N74X9lwRiehREOImpPZrg-39] [                                                 ] o.s.a.r.l.SimpleMessageListenerContainer : Restarting Consumer@c0b4ab5: tags=[[]], channel=Cached Rabbit Channel: AMQChannel(amqp://dwtkuyzt@35.153.225.39:5672/dwtkuyzt,1), conn: Proxy@63e64174 Shared Rabbit Connection: SimpleConnection@718c61c0 [delegate=amqp://dwtkuyzt@35.153.225.39:5672/dwtkuyzt, localPort=61556], acknowledgeMode=AUTO local queue size=0
2025-11-24T22:41:57.367+05:30  WARN 74399 --- [order-service] [springCloudBus.anonymous.8N74X9lwRiehREOImpPZrg-40] [                                                 ] o.s.a.r.listener.BlockingQueueConsumer   : Failed to declare queue: springCloudBus.anonymous.8N74X9lwRiehREOImpPZrg
2025-11-24T22:41:57.367+05:30  WARN 74399 --- [order-service] [springCloudBus.anonymous.8N74X9lwRiehREOImpPZrg-40] [                                                 ] o.s.a.r.listener.BlockingQueueConsumer   : Queue declaration failed; retries left=3

org.springframework.amqp.rabbit.listener.BlockingQueueConsumer$DeclarationException: Failed to declare queue(s):[springCloudBus.anonymous.8N74X9lwRiehREOImpPZrg]
	at org.springframework.amqp.rabbit.listener.BlockingQueueConsumer.attemptPassiveDeclarations(BlockingQueueConsumer.java:772) ~[spring-rabbit-3.2.8.jar:3.2.8]
	at org.springframework.amqp.rabbit.listener.BlockingQueueConsumer.passiveDeclarations(BlockingQueueConsumer.java:649) ~[spring-rabbit-3.2.8.jar:3.2.8]
	at org.springframework.amqp.rabbit.listener.BlockingQueueConsumer.start(BlockingQueueConsumer.java:636) ~[spring-rabbit-3.2.8.jar:3.2.8]
	at org.springframework.amqp.rabbit.listener.SimpleMessageListenerContainer$AsyncMessageProcessingConsumer.initialize(SimpleMessageListenerContainer.java:1490) ~[spring-rabbit-3.2.8.jar:3.2.8]
	at org.springframework.amqp.rabbit.listener.SimpleMessageListenerContainer$AsyncMessageProcessingConsumer.run(SimpleMessageListenerContainer.java:1328) ~[spring-rabbit-3.2.8.jar:3.2.8]
	at java.base/java.lang.Thread.run(Thread.java:1570) ~[na:na]
Caused by: java.io.IOException: null
	at com.rabbitmq.client.impl.AMQChannel.wrap(AMQChannel.java:140) ~[amqp-client-5.25.0.jar:5.25.0]
	at com.rabbitmq.client.impl.AMQChannel.wrap(AMQChannel.java:136) ~[amqp-client-5.25.0.jar:5.25.0]
	at com.rabbitmq.client.impl.AMQChannel.exnWrappingRpc(AMQChannel.java:158) ~[amqp-client-5.25.0.jar:5.25.0]
	at com.rabbitmq.client.impl.ChannelN.queueDeclarePassive(ChannelN.java:1033) ~[amqp-client-5.25.0.jar:5.25.0]
	at com.rabbitmq.client.impl.ChannelN.queueDeclarePassive(ChannelN.java:47) ~[amqp-client-5.25.0.jar:5.25.0]
	at java.base/jdk.internal.reflect.DirectMethodHandleAccessor.invoke(DirectMethodHandleAccessor.java:103) ~[na:na]
	at java.base/java.lang.reflect.Method.invoke(Method.java:580) ~[na:na]
	at org.springframework.amqp.rabbit.connection.CachingConnectionFactory$CachedChannelInvocationHandler.invoke(CachingConnectionFactory.java:1201) ~[spring-rabbit-3.2.8.jar:3.2.8]
	at jdk.proxy2/jdk.proxy2.$Proxy230.queueDeclarePassive(Unknown Source) ~[na:na]
	at org.springframework.amqp.rabbit.listener.BlockingQueueConsumer.attemptPassiveDeclarations(BlockingQueueConsumer.java:750) ~[spring-rabbit-3.2.8.jar:3.2.8]
	... 5 common frames omitted
Caused by: com.rabbitmq.client.ShutdownSignalException: channel error; protocol method: #method<channel.close>(reply-code=404, reply-text=NOT_FOUND - no queue 'springCloudBus.anonymous.8N74X9lwRiehREOImpPZrg' in vhost 'dwtkuyzt', class-id=50, method-id=10)
	at com.rabbitmq.utility.ValueOrException.getValue(ValueOrException.java:66) ~[amqp-client-5.25.0.jar:5.25.0]
	at com.rabbitmq.utility.BlockingValueOrException.uninterruptibleGetValue(BlockingValueOrException.java:36) ~[amqp-client-5.25.0.jar:5.25.0]
	at com.rabbitmq.client.impl.AMQChannel$BlockingRpcContinuation.getReply(AMQChannel.java:552) ~[amqp-client-5.25.0.jar:5.25.0]
	at com.rabbitmq.client.impl.AMQChannel.privateRpc(AMQChannel.java:316) ~[amqp-client-5.25.0.jar:5.25.0]
	at com.rabbitmq.client.impl.AMQChannel.exnWrappingRpc(AMQChannel.java:152) ~[amqp-client-5.25.0.jar:5.25.0]
	... 12 common frames omitted
Caused by: com.rabbitmq.client.ShutdownSignalException: channel error; protocol method: #method<channel.close>(reply-code=404, reply-text=NOT_FOUND - no queue 'springCloudBus.anonymous.8N74X9lwRiehREOImpPZrg' in vhost 'dwtkuyzt', class-id=50, method-id=10)
	at com.rabbitmq.client.impl.ChannelN.asyncShutdown(ChannelN.java:528) ~[amqp-client-5.25.0.jar:5.25.0]
	at com.rabbitmq.client.impl.ChannelN.processAsync(ChannelN.java:349) ~[amqp-client-5.25.0.jar:5.25.0]
	at com.rabbitmq.client.impl.AMQChannel.handleCompleteInboundCommand(AMQChannel.java:193) ~[amqp-client-5.25.0.jar:5.25.0]
	at com.rabbitmq.client.impl.AMQChannel.handleFrame(AMQChannel.java:125) ~[amqp-client-5.25.0.jar:5.25.0]
	at com.rabbitmq.client.impl.AMQConnection.readFrame(AMQConnection.java:761) ~[amqp-client-5.25.0.jar:5.25.0]
	at com.rabbitmq.client.impl.AMQConnection.access$400(AMQConnection.java:48) ~[amqp-client-5.25.0.jar:5.25.0]
	at com.rabbitmq.client.impl.AMQConnection$MainLoop.run(AMQConnection.java:688) ~[amqp-client-5.25.0.jar:5.25.0]
	... 1 common frames omitted

2025-11-24T22:42:03.053+05:30  WARN 74399 --- [order-service] [springCloudBus.anonymous.8N74X9lwRiehREOImpPZrg-40] [                                                 ] o.s.a.r.listener.BlockingQueueConsumer   : Failed to declare queue: springCloudBus.anonymous.8N74X9lwRiehREOImpPZrg
2025-11-24T22:42:03.053+05:30  WARN 74399 --- [order-service] [springCloudBus.anonymous.8N74X9lwRiehREOImpPZrg-40] [                                                 ] o.s.a.r.listener.BlockingQueueConsumer   : Queue declaration failed; retries left=2

org.springframework.amqp.rabbit.listener.BlockingQueueConsumer$DeclarationException: Failed to declare queue(s):[springCloudBus.anonymous.8N74X9lwRiehREOImpPZrg]
	at org.springframework.amqp.rabbit.listener.BlockingQueueConsumer.attemptPassiveDeclarations(BlockingQueueConsumer.java:772) ~[spring-rabbit-3.2.8.jar:3.2.8]
	at org.springframework.amqp.rabbit.listener.BlockingQueueConsumer.passiveDeclarations(BlockingQueueConsumer.java:649) ~[spring-rabbit-3.2.8.jar:3.2.8]
	at org.springframework.amqp.rabbit.listener.BlockingQueueConsumer.start(BlockingQueueConsumer.java:636) ~[spring-rabbit-3.2.8.jar:3.2.8]
	at org.springframework.amqp.rabbit.listener.SimpleMessageListenerContainer$AsyncMessageProcessingConsumer.initialize(SimpleMessageListenerContainer.java:1490) ~[spring-rabbit-3.2.8.jar:3.2.8]
	at org.springframework.amqp.rabbit.listener.SimpleMessageListenerContainer$AsyncMessageProcessingConsumer.run(SimpleMessageListenerContainer.java:1328) ~[spring-rabbit-3.2.8.jar:3.2.8]
	at java.base/java.lang.Thread.run(Thread.java:1570) ~[na:na]
Caused by: java.io.IOException: null
	at com.rabbitmq.client.impl.AMQChannel.wrap(AMQChannel.java:140) ~[amqp-client-5.25.0.jar:5.25.0]
	at com.rabbitmq.client.impl.AMQChannel.wrap(AMQChannel.java:136) ~[amqp-client-5.25.0.jar:5.25.0]
	at com.rabbitmq.client.impl.AMQChannel.exnWrappingRpc(AMQChannel.java:158) ~[amqp-client-5.25.0.jar:5.25.0]
	at com.rabbitmq.client.impl.ChannelN.queueDeclarePassive(ChannelN.java:1033) ~[amqp-client-5.25.0.jar:5.25.0]
	at com.rabbitmq.client.impl.ChannelN.queueDeclarePassive(ChannelN.java:47) ~[amqp-client-5.25.0.jar:5.25.0]
	at java.base/jdk.internal.reflect.DirectMethodHandleAccessor.invoke(DirectMethodHandleAccessor.java:103) ~[na:na]
	at java.base/java.lang.reflect.Method.invoke(Method.java:580) ~[na:na]
	at org.springframework.amqp.rabbit.connection.CachingConnectionFactory$CachedChannelInvocationHandler.invoke(CachingConnectionFactory.java:1201) ~[spring-rabbit-3.2.8.jar:3.2.8]
	at jdk.proxy2/jdk.proxy2.$Proxy230.queueDeclarePassive(Unknown Source) ~[na:na]
	at org.springframework.amqp.rabbit.listener.BlockingQueueConsumer.attemptPassiveDeclarations(BlockingQueueConsumer.java:750) ~[spring-rabbit-3.2.8.jar:3.2.8]
	... 5 common frames omitted
Caused by: com.rabbitmq.client.ShutdownSignalException: channel error; protocol method: #method<channel.close>(reply-code=404, reply-text=NOT_FOUND - no queue 'springCloudBus.anonymous.8N74X9lwRiehREOImpPZrg' in vhost 'dwtkuyzt', class-id=50, method-id=10)
	at com.rabbitmq.utility.ValueOrException.getValue(ValueOrException.java:66) ~[amqp-client-5.25.0.jar:5.25.0]
	at com.rabbitmq.utility.BlockingValueOrException.uninterruptibleGetValue(BlockingValueOrException.java:36) ~[amqp-client-5.25.0.jar:5.25.0]
	at com.rabbitmq.client.impl.AMQChannel$BlockingRpcContinuation.getReply(AMQChannel.java:552) ~[amqp-client-5.25.0.jar:5.25.0]
	at com.rabbitmq.client.impl.AMQChannel.privateRpc(AMQChannel.java:316) ~[amqp-client-5.25.0.jar:5.25.0]
	at com.rabbitmq.client.impl.AMQChannel.exnWrappingRpc(AMQChannel.java:152) ~[amqp-client-5.25.0.jar:5.25.0]
	... 12 common frames omitted
Caused by: com.rabbitmq.client.ShutdownSignalException: channel error; protocol method: #method<channel.close>(reply-code=404, reply-text=NOT_FOUND - no queue 'springCloudBus.anonymous.8N74X9lwRiehREOImpPZrg' in vhost 'dwtkuyzt', class-id=50, method-id=10)
	at com.rabbitmq.client.impl.ChannelN.asyncShutdown(ChannelN.java:528) ~[amqp-client-5.25.0.jar:5.25.0]
	at com.rabbitmq.client.impl.ChannelN.processAsync(ChannelN.java:349) ~[amqp-client-5.25.0.jar:5.25.0]
	at com.rabbitmq.client.impl.AMQChannel.handleCompleteInboundCommand(AMQChannel.java:193) ~[amqp-client-5.25.0.jar:5.25.0]
	at com.rabbitmq.client.impl.AMQChannel.handleFrame(AMQChannel.java:125) ~[amqp-client-5.25.0.jar:5.25.0]
	at com.rabbitmq.client.impl.AMQConnection.readFrame(AMQConnection.java:761) ~[amqp-client-5.25.0.jar:5.25.0]
	at com.rabbitmq.client.impl.AMQConnection.access$400(AMQConnection.java:48) ~[amqp-client-5.25.0.jar:5.25.0]
	at com.rabbitmq.client.impl.AMQConnection$MainLoop.run(AMQConnection.java:688) ~[amqp-client-5.25.0.jar:5.25.0]
	... 1 common frames omitted

2025-11-24T22:42:08.596+05:30  WARN 74399 --- [order-service] [springCloudBus.anonymous.8N74X9lwRiehREOImpPZrg-40] [                                                 ] o.s.a.r.listener.BlockingQueueConsumer   : Failed to declare queue: springCloudBus.anonymous.8N74X9lwRiehREOImpPZrg
2025-11-24T22:42:08.596+05:30  WARN 74399 --- [order-service] [springCloudBus.anonymous.8N74X9lwRiehREOImpPZrg-40] [                                                 ] o.s.a.r.listener.BlockingQueueConsumer   : Queue declaration failed; retries left=1

org.springframework.amqp.rabbit.listener.BlockingQueueConsumer$DeclarationException: Failed to declare queue(s):[springCloudBus.anonymous.8N74X9lwRiehREOImpPZrg]
	at org.springframework.amqp.rabbit.listener.BlockingQueueConsumer.attemptPassiveDeclarations(BlockingQueueConsumer.java:772) ~[spring-rabbit-3.2.8.jar:3.2.8]
	at org.springframework.amqp.rabbit.listener.BlockingQueueConsumer.passiveDeclarations(BlockingQueueConsumer.java:649) ~[spring-rabbit-3.2.8.jar:3.2.8]
	at org.springframework.amqp.rabbit.listener.BlockingQueueConsumer.start(BlockingQueueConsumer.java:636) ~[spring-rabbit-3.2.8.jar:3.2.8]
	at org.springframework.amqp.rabbit.listener.SimpleMessageListenerContainer$AsyncMessageProcessingConsumer.initialize(SimpleMessageListenerContainer.java:1490) ~[spring-rabbit-3.2.8.jar:3.2.8]
	at org.springframework.amqp.rabbit.listener.SimpleMessageListenerContainer$AsyncMessageProcessingConsumer.run(SimpleMessageListenerContainer.java:1328) ~[spring-rabbit-3.2.8.jar:3.2.8]
	at java.base/java.lang.Thread.run(Thread.java:1570) ~[na:na]
Caused by: java.io.IOException: null
	at com.rabbitmq.client.impl.AMQChannel.wrap(AMQChannel.java:140) ~[amqp-client-5.25.0.jar:5.25.0]
	at com.rabbitmq.client.impl.AMQChannel.wrap(AMQChannel.java:136) ~[amqp-client-5.25.0.jar:5.25.0]
	at com.rabbitmq.client.impl.AMQChannel.exnWrappingRpc(AMQChannel.java:158) ~[amqp-client-5.25.0.jar:5.25.0]
	at com.rabbitmq.client.impl.ChannelN.queueDeclarePassive(ChannelN.java:1033) ~[amqp-client-5.25.0.jar:5.25.0]
	at com.rabbitmq.client.impl.ChannelN.queueDeclarePassive(ChannelN.java:47) ~[amqp-client-5.25.0.jar:5.25.0]
	at java.base/jdk.internal.reflect.DirectMethodHandleAccessor.invoke(DirectMethodHandleAccessor.java:103) ~[na:na]
	at java.base/java.lang.reflect.Method.invoke(Method.java:580) ~[na:na]
	at org.springframework.amqp.rabbit.connection.CachingConnectionFactory$CachedChannelInvocationHandler.invoke(CachingConnectionFactory.java:1201) ~[spring-rabbit-3.2.8.jar:3.2.8]
	at jdk.proxy2/jdk.proxy2.$Proxy230.queueDeclarePassive(Unknown Source) ~[na:na]
	at org.springframework.amqp.rabbit.listener.BlockingQueueConsumer.attemptPassiveDeclarations(BlockingQueueConsumer.java:750) ~[spring-rabbit-3.2.8.jar:3.2.8]
	... 5 common frames omitted
Caused by: com.rabbitmq.client.ShutdownSignalException: channel error; protocol method: #method<channel.close>(reply-code=404, reply-text=NOT_FOUND - no queue 'springCloudBus.anonymous.8N74X9lwRiehREOImpPZrg' in vhost 'dwtkuyzt', class-id=50, method-id=10)
	at com.rabbitmq.utility.ValueOrException.getValue(ValueOrException.java:66) ~[amqp-client-5.25.0.jar:5.25.0]
	at com.rabbitmq.utility.BlockingValueOrException.uninterruptibleGetValue(BlockingValueOrException.java:36) ~[amqp-client-5.25.0.jar:5.25.0]
	at com.rabbitmq.client.impl.AMQChannel$BlockingRpcContinuation.getReply(AMQChannel.java:552) ~[amqp-client-5.25.0.jar:5.25.0]
	at com.rabbitmq.client.impl.AMQChannel.privateRpc(AMQChannel.java:316) ~[amqp-client-5.25.0.jar:5.25.0]
	at com.rabbitmq.client.impl.AMQChannel.exnWrappingRpc(AMQChannel.java:152) ~[amqp-client-5.25.0.jar:5.25.0]
	... 12 common frames omitted
Caused by: com.rabbitmq.client.ShutdownSignalException: channel error; protocol method: #method<channel.close>(reply-code=404, reply-text=NOT_FOUND - no queue 'springCloudBus.anonymous.8N74X9lwRiehREOImpPZrg' in vhost 'dwtkuyzt', class-id=50, method-id=10)
	at com.rabbitmq.client.impl.ChannelN.asyncShutdown(ChannelN.java:528) ~[amqp-client-5.25.0.jar:5.25.0]
	at com.rabbitmq.client.impl.ChannelN.processAsync(ChannelN.java:349) ~[amqp-client-5.25.0.jar:5.25.0]
	at com.rabbitmq.client.impl.AMQChannel.handleCompleteInboundCommand(AMQChannel.java:193) ~[amqp-client-5.25.0.jar:5.25.0]
	at com.rabbitmq.client.impl.AMQChannel.handleFrame(AMQChannel.java:125) ~[amqp-client-5.25.0.jar:5.25.0]
	at com.rabbitmq.client.impl.AMQConnection.readFrame(AMQConnection.java:761) ~[amqp-client-5.25.0.jar:5.25.0]
	at com.rabbitmq.client.impl.AMQConnection.access$400(AMQConnection.java:48) ~[amqp-client-5.25.0.jar:5.25.0]
	at com.rabbitmq.client.impl.AMQConnection$MainLoop.run(AMQConnection.java:688) ~[amqp-client-5.25.0.jar:5.25.0]
	... 1 common frames omitted

2025-11-24T22:42:14.140+05:30  WARN 74399 --- [order-service] [springCloudBus.anonymous.8N74X9lwRiehREOImpPZrg-40] [                                                 ] o.s.a.r.listener.BlockingQueueConsumer   : Failed to declare queue: springCloudBus.anonymous.8N74X9lwRiehREOImpPZrg
2025-11-24T22:42:19.230+05:30 ERROR 74399 --- [order-service] [springCloudBus.anonymous.8N74X9lwRiehREOImpPZrg-40] [                                                 ] o.s.a.r.l.SimpleMessageListenerContainer : Consumer threw missing queues exception, fatal=false

org.springframework.amqp.rabbit.listener.QueuesNotAvailableException: Cannot prepare queue for listener. Either the queue doesn't exist or the broker will not allow us to use it.
	at org.springframework.amqp.rabbit.listener.BlockingQueueConsumer.handleDeclarationException(BlockingQueueConsumer.java:722) ~[spring-rabbit-3.2.8.jar:3.2.8]
	at org.springframework.amqp.rabbit.listener.BlockingQueueConsumer.passiveDeclarations(BlockingQueueConsumer.java:656) ~[spring-rabbit-3.2.8.jar:3.2.8]
	at org.springframework.amqp.rabbit.listener.BlockingQueueConsumer.start(BlockingQueueConsumer.java:636) ~[spring-rabbit-3.2.8.jar:3.2.8]
	at org.springframework.amqp.rabbit.listener.SimpleMessageListenerContainer$AsyncMessageProcessingConsumer.initialize(SimpleMessageListenerContainer.java:1490) ~[spring-rabbit-3.2.8.jar:3.2.8]
	at org.springframework.amqp.rabbit.listener.SimpleMessageListenerContainer$AsyncMessageProcessingConsumer.run(SimpleMessageListenerContainer.java:1328) ~[spring-rabbit-3.2.8.jar:3.2.8]
	at java.base/java.lang.Thread.run(Thread.java:1570) ~[na:na]
Caused by: org.springframework.amqp.rabbit.listener.BlockingQueueConsumer$DeclarationException: Failed to declare queue(s):[springCloudBus.anonymous.8N74X9lwRiehREOImpPZrg]
	at org.springframework.amqp.rabbit.listener.BlockingQueueConsumer.attemptPassiveDeclarations(BlockingQueueConsumer.java:772) ~[spring-rabbit-3.2.8.jar:3.2.8]
	at org.springframework.amqp.rabbit.listener.BlockingQueueConsumer.passiveDeclarations(BlockingQueueConsumer.java:649) ~[spring-rabbit-3.2.8.jar:3.2.8]
	... 4 common frames omitted
Caused by: java.io.IOException: null
	at com.rabbitmq.client.impl.AMQChannel.wrap(AMQChannel.java:140) ~[amqp-client-5.25.0.jar:5.25.0]
	at com.rabbitmq.client.impl.AMQChannel.wrap(AMQChannel.java:136) ~[amqp-client-5.25.0.jar:5.25.0]
	at com.rabbitmq.client.impl.AMQChannel.exnWrappingRpc(AMQChannel.java:158) ~[amqp-client-5.25.0.jar:5.25.0]
	at com.rabbitmq.client.impl.ChannelN.queueDeclarePassive(ChannelN.java:1033) ~[amqp-client-5.25.0.jar:5.25.0]
	at com.rabbitmq.client.impl.ChannelN.queueDeclarePassive(ChannelN.java:47) ~[amqp-client-5.25.0.jar:5.25.0]
	at java.base/jdk.internal.reflect.DirectMethodHandleAccessor.invoke(DirectMethodHandleAccessor.java:103) ~[na:na]
	at java.base/java.lang.reflect.Method.invoke(Method.java:580) ~[na:na]
	at org.springframework.amqp.rabbit.connection.CachingConnectionFactory$CachedChannelInvocationHandler.invoke(CachingConnectionFactory.java:1201) ~[spring-rabbit-3.2.8.jar:3.2.8]
	at jdk.proxy2/jdk.proxy2.$Proxy230.queueDeclarePassive(Unknown Source) ~[na:na]
	at org.springframework.amqp.rabbit.listener.BlockingQueueConsumer.attemptPassiveDeclarations(BlockingQueueConsumer.java:750) ~[spring-rabbit-3.2.8.jar:3.2.8]
	... 5 common frames omitted
Caused by: com.rabbitmq.client.ShutdownSignalException: channel error; protocol method: #method<channel.close>(reply-code=404, reply-text=NOT_FOUND - no queue 'springCloudBus.anonymous.8N74X9lwRiehREOImpPZrg' in vhost 'dwtkuyzt', class-id=50, method-id=10)
	at com.rabbitmq.utility.ValueOrException.getValue(ValueOrException.java:66) ~[amqp-client-5.25.0.jar:5.25.0]
	at com.rabbitmq.utility.BlockingValueOrException.uninterruptibleGetValue(BlockingValueOrException.java:36) ~[amqp-client-5.25.0.jar:5.25.0]
	at com.rabbitmq.client.impl.AMQChannel$BlockingRpcContinuation.getReply(AMQChannel.java:552) ~[amqp-client-5.25.0.jar:5.25.0]
	at com.rabbitmq.client.impl.AMQChannel.privateRpc(AMQChannel.java:316) ~[amqp-client-5.25.0.jar:5.25.0]
	at com.rabbitmq.client.impl.AMQChannel.exnWrappingRpc(AMQChannel.java:152) ~[amqp-client-5.25.0.jar:5.25.0]
	... 12 common frames omitted
Caused by: com.rabbitmq.client.ShutdownSignalException: channel error; protocol method: #method<channel.close>(reply-code=404, reply-text=NOT_FOUND - no queue 'springCloudBus.anonymous.8N74X9lwRiehREOImpPZrg' in vhost 'dwtkuyzt', class-id=50, method-id=10)
	at com.rabbitmq.client.impl.ChannelN.asyncShutdown(ChannelN.java:528) ~[amqp-client-5.25.0.jar:5.25.0]
	at com.rabbitmq.client.impl.ChannelN.processAsync(ChannelN.java:349) ~[amqp-client-5.25.0.jar:5.25.0]
	at com.rabbitmq.client.impl.AMQChannel.handleCompleteInboundCommand(AMQChannel.java:193) ~[amqp-client-5.25.0.jar:5.25.0]
	at com.rabbitmq.client.impl.AMQChannel.handleFrame(AMQChannel.java:125) ~[amqp-client-5.25.0.jar:5.25.0]
	at com.rabbitmq.client.impl.AMQConnection.readFrame(AMQConnection.java:761) ~[amqp-client-5.25.0.jar:5.25.0]
	at com.rabbitmq.client.impl.AMQConnection.access$400(AMQConnection.java:48) ~[amqp-client-5.25.0.jar:5.25.0]
	at com.rabbitmq.client.impl.AMQConnection$MainLoop.run(AMQConnection.java:688) ~[amqp-client-5.25.0.jar:5.25.0]
	... 1 common frames omitted

2025-11-24T22:42:19.233+05:30  INFO 74399 --- [order-service] [springCloudBus.anonymous.8N74X9lwRiehREOImpPZrg-40] [                                                 ] o.s.a.r.l.SimpleMessageListenerContainer : Restarting Consumer@44597611: tags=[[]], channel=Cached Rabbit Channel: AMQChannel(amqp://dwtkuyzt@35.153.225.39:5672/dwtkuyzt,1), conn: Proxy@63e64174 Shared Rabbit Connection: SimpleConnection@718c61c0 [delegate=amqp://dwtkuyzt@35.153.225.39:5672/dwtkuyzt, localPort=61556], acknowledgeMode=AUTO local queue size=0
2025-11-24T22:42:20.282+05:30  WARN 74399 --- [order-service] [AMQP Connection 35.153.225.39:5672] [                                                 ] c.r.c.impl.ForgivingExceptionHandler     : An unexpected connection driver error occurred (Exception message: Connection reset)
2025-11-24T22:42:20.303+05:30  INFO 74399 --- [order-service] [springCloudBus.anonymous.8N74X9lwRiehREOImpPZrg-41] [                                                 ] o.s.a.r.c.CachingConnectionFactory       : Attempting to connect to: [chimpanzee-01.rmq.cloudamqp.com:5672]
2025-11-24T22:42:21.320+05:30  INFO 74399 --- [order-service] [springCloudBus.anonymous.8N74X9lwRiehREOImpPZrg-41] [                                                 ] o.s.a.r.c.CachingConnectionFactory       : Created new connection: rabbitConnectionFactory#379ec201:2/SimpleConnection@702eb9e7 [delegate=amqp://dwtkuyzt@35.153.225.39:5672/dwtkuyzt, localPort=63378]
2025-11-24T22:42:22.261+05:30  INFO 74399 --- [order-service] [springCloudBus.anonymous.8N74X9lwRiehREOImpPZrg-41] [                                                 ] o.s.amqp.rabbit.core.RabbitAdmin         : Auto-declaring a non-durable, auto-delete, or exclusive Queue (springCloudBus.anonymous.8N74X9lwRiehREOImpPZrg) durable:false, auto-delete:true, exclusive:true. It will be redeclared if the broker stops and is restarted while the connection factory is alive, but all messages will be lost.
2025-11-24T22:45:27.122+05:30  INFO 74399 --- [order-service] [AsyncResolver-bootstrap-executor-%d] [                                                 ] c.n.d.s.r.aws.ConfigClusterResolver      : Resolving eureka endpoints via configuration
2025-11-24T22:47:01.828+05:30  INFO 74399 --- [order-service] [http-nio-8083-exec-2] [6924930dfd9be1cef17392222882b51d-c7d776e51c751302] o.s.c.s.m.DirectWithAttributesChannel    : Channel 'order-service.createOrder-out-0' has 1 subscriber(s).
2025-11-24T22:47:01.859+05:30  INFO 74399 --- [order-service] [http-nio-8083-exec-2] [6924930dfd9be1cef17392222882b51d-d1c3b92639e4355e] o.s.a.r.c.CachingConnectionFactory       : Attempting to connect to: [chimpanzee-01.rmq.cloudamqp.com:5672]
2025-11-24T22:47:02.885+05:30  INFO 74399 --- [order-service] [http-nio-8083-exec-2] [6924930dfd9be1cef17392222882b51d-d1c3b92639e4355e] o.s.a.r.c.CachingConnectionFactory       : Created new connection: rabbitConnectionFactory.publisher#614fb53c:0/SimpleConnection@42acee7f [delegate=amqp://dwtkuyzt@35.153.225.39:5672/dwtkuyzt, localPort=64065]
2025-11-24T22:47:03.595+05:30  INFO 74399 --- [order-service] [http-nio-8083-exec-2] [6924930dfd9be1cef17392222882b51d-d1c3b92639e4355e] o.s.amqp.rabbit.core.RabbitAdmin         : Auto-declaring a non-durable, auto-delete, or exclusive Queue (springCloudBus.anonymous.8N74X9lwRiehREOImpPZrg) durable:false, auto-delete:true, exclusive:true. It will be redeclared if the broker stops and is restarted while the connection factory is alive, but all messages will be lost.
2025-11-24T22:50:27.125+05:30  INFO 74399 --- [order-service] [AsyncResolver-bootstrap-executor-%d] [                                                 ] c.n.d.s.r.aws.ConfigClusterResolver      : Resolving eureka endpoints via configuration
