2025-11-24T22:36:49.284+05:30  WARN 27539 --- [product-service] [springCloudBus.anonymous.K4HVOzN0Sr2CwjXw5PXxig-105] [                                                 ] o.s.a.r.listener.BlockingQueueConsumer   : Failed to declare queue: springCloudBus.anonymous.K4HVOzN0Sr2CwjXw5PXxig
2025-11-24T22:36:54.391+05:30 ERROR 27539 --- [product-service] [springCloudBus.anonymous.K4HVOzN0Sr2CwjXw5PXxig-105] [                                                 ] o.s.a.r.l.SimpleMessageListenerContainer : Consumer threw missing queues exception, fatal=false

org.springframework.amqp.rabbit.listener.QueuesNotAvailableException: Cannot prepare queue for listener. Either the queue doesn't exist or the broker will not allow us to use it.
	at org.springframework.amqp.rabbit.listener.BlockingQueueConsumer.handleDeclarationException(BlockingQueueConsumer.java:722) ~[spring-rabbit-3.2.8.jar:3.2.8]
	at org.springframework.amqp.rabbit.listener.BlockingQueueConsumer.passiveDeclarations(BlockingQueueConsumer.java:656) ~[spring-rabbit-3.2.8.jar:3.2.8]
	at org.springframework.amqp.rabbit.listener.BlockingQueueConsumer.start(BlockingQueueConsumer.java:636) ~[spring-rabbit-3.2.8.jar:3.2.8]
	at org.springframework.amqp.rabbit.listener.SimpleMessageListenerContainer$AsyncMessageProcessingConsumer.initialize(SimpleMessageListenerContainer.java:1490) ~[spring-rabbit-3.2.8.jar:3.2.8]
	at org.springframework.amqp.rabbit.listener.SimpleMessageListenerContainer$AsyncMessageProcessingConsumer.run(SimpleMessageListenerContainer.java:1328) ~[spring-rabbit-3.2.8.jar:3.2.8]
	at java.base/java.lang.Thread.run(Thread.java:1570) ~[na:na]
Caused by: org.springframework.amqp.rabbit.listener.BlockingQueueConsumer$DeclarationException: Failed to declare queue(s):[springCloudBus.anonymous.K4HVOzN0Sr2CwjXw5PXxig]
	at org.springframework.amqp.rabbit.listener.BlockingQueueConsumer.attemptPassiveDeclarations(BlockingQueueConsumer.java:772) ~[spring-rabbit-3.2.8.jar:3.2.8]
	at org.springframework.amqp.rabbit.listener.BlockingQueueConsumer.passiveDeclarations(BlockingQueueConsumer.java:649) ~[spring-rabbit-3.2.8.jar:3.2.8]
	... 4 common frames omitted
Caused by: java.io.IOException: null
	at com.rabbitmq.client.impl.AMQChannel.wrap(AMQChannel.java:140) ~[amqp-client-5.25.0.jar:5.25.0]
	at com.rabbitmq.client.impl.AMQChannel.wrap(AMQChannel.java:136) ~[amqp-client-5.25.0.jar:5.25.0]
	at com.rabbitmq.client.impl.AMQChannel.exnWrappingRpc(AMQChannel.java:158) ~[amqp-client-5.25.0.jar:5.25.0]
	at com.rabbitmq.client.impl.ChannelN.queueDeclarePassive(ChannelN.java:1033) ~[amqp-client-5.25.0.jar:5.25.0]
	at com.rabbitmq.client.impl.ChannelN.queueDeclarePassive(ChannelN.java:47) ~[amqp-client-5.25.0.jar:5.25.0]
	at java.base/jdk.internal.reflect.DirectMethodHandleAccessor.invoke(DirectMethodHandleAccessor.java:103) ~[na:na]
	at java.base/java.lang.reflect.Method.invoke(Method.java:580) ~[na:na]
	at org.springframework.amqp.rabbit.connection.CachingConnectionFactory$CachedChannelInvocationHandler.invoke(CachingConnectionFactory.java:1201) ~[spring-rabbit-3.2.8.jar:3.2.8]
	at jdk.proxy2/jdk.proxy2.$Proxy215.queueDeclarePassive(Unknown Source) ~[na:na]
	at org.springframework.amqp.rabbit.listener.BlockingQueueConsumer.attemptPassiveDeclarations(BlockingQueueConsumer.java:750) ~[spring-rabbit-3.2.8.jar:3.2.8]
	... 5 common frames omitted
Caused by: com.rabbitmq.client.ShutdownSignalException: channel error; protocol method: #method<channel.close>(reply-code=404, reply-text=NOT_FOUND - no queue 'springCloudBus.anonymous.K4HVOzN0Sr2CwjXw5PXxig' in vhost 'dwtkuyzt', class-id=50, method-id=10)
	at com.rabbitmq.utility.ValueOrException.getValue(ValueOrException.java:66) ~[amqp-client-5.25.0.jar:5.25.0]
	at com.rabbitmq.utility.BlockingValueOrException.uninterruptibleGetValue(BlockingValueOrException.java:36) ~[amqp-client-5.25.0.jar:5.25.0]
	at com.rabbitmq.client.impl.AMQChannel$BlockingRpcContinuation.getReply(AMQChannel.java:552) ~[amqp-client-5.25.0.jar:5.25.0]
	at com.rabbitmq.client.impl.AMQChannel.privateRpc(AMQChannel.java:316) ~[amqp-client-5.25.0.jar:5.25.0]
	at com.rabbitmq.client.impl.AMQChannel.exnWrappingRpc(AMQChannel.java:152) ~[amqp-client-5.25.0.jar:5.25.0]
	... 12 common frames omitted
Caused by: com.rabbitmq.client.ShutdownSignalException: channel error; protocol method: #method<channel.close>(reply-code=404, reply-text=NOT_FOUND - no queue 'springCloudBus.anonymous.K4HVOzN0Sr2CwjXw5PXxig' in vhost 'dwtkuyzt', class-id=50, method-id=10)
	at com.rabbitmq.client.impl.ChannelN.asyncShutdown(ChannelN.java:528) ~[amqp-client-5.25.0.jar:5.25.0]
	at com.rabbitmq.client.impl.ChannelN.processAsync(ChannelN.java:349) ~[amqp-client-5.25.0.jar:5.25.0]
	at com.rabbitmq.client.impl.AMQChannel.handleCompleteInboundCommand(AMQChannel.java:193) ~[amqp-client-5.25.0.jar:5.25.0]
	at com.rabbitmq.client.impl.AMQChannel.handleFrame(AMQChannel.java:125) ~[amqp-client-5.25.0.jar:5.25.0]
	at com.rabbitmq.client.impl.AMQConnection.readFrame(AMQConnection.java:761) ~[amqp-client-5.25.0.jar:5.25.0]
	at com.rabbitmq.client.impl.AMQConnection.access$400(AMQConnection.java:48) ~[amqp-client-5.25.0.jar:5.25.0]
	at com.rabbitmq.client.impl.AMQConnection$MainLoop.run(AMQConnection.java:688) ~[amqp-client-5.25.0.jar:5.25.0]
	... 1 common frames omitted

2025-11-24T22:36:54.395+05:30  INFO 27539 --- [product-service] [springCloudBus.anonymous.K4HVOzN0Sr2CwjXw5PXxig-105] [                                                 ] o.s.a.r.l.SimpleMessageListenerContainer : Restarting Consumer@3a79869c: tags=[[]], channel=Cached Rabbit Channel: AMQChannel(amqp://dwtkuyzt@35.153.225.39:5672/dwtkuyzt,1), conn: Proxy@276b6159 Shared Rabbit Connection: SimpleConnection@3c1ed920 [delegate=amqp://dwtkuyzt@35.153.225.39:5672/dwtkuyzt, localPort=61539], acknowledgeMode=AUTO local queue size=0
2025-11-24T22:36:55.501+05:30  WARN 27539 --- [product-service] [springCloudBus.anonymous.K4HVOzN0Sr2CwjXw5PXxig-106] [                                                 ] o.s.a.r.listener.BlockingQueueConsumer   : Failed to declare queue: springCloudBus.anonymous.K4HVOzN0Sr2CwjXw5PXxig
2025-11-24T22:36:55.501+05:30  WARN 27539 --- [product-service] [springCloudBus.anonymous.K4HVOzN0Sr2CwjXw5PXxig-106] [                                                 ] o.s.a.r.listener.BlockingQueueConsumer   : Queue declaration failed; retries left=3

org.springframework.amqp.rabbit.listener.BlockingQueueConsumer$DeclarationException: Failed to declare queue(s):[springCloudBus.anonymous.K4HVOzN0Sr2CwjXw5PXxig]
	at org.springframework.amqp.rabbit.listener.BlockingQueueConsumer.attemptPassiveDeclarations(BlockingQueueConsumer.java:772) ~[spring-rabbit-3.2.8.jar:3.2.8]
	at org.springframework.amqp.rabbit.listener.BlockingQueueConsumer.passiveDeclarations(BlockingQueueConsumer.java:649) ~[spring-rabbit-3.2.8.jar:3.2.8]
	at org.springframework.amqp.rabbit.listener.BlockingQueueConsumer.start(BlockingQueueConsumer.java:636) ~[spring-rabbit-3.2.8.jar:3.2.8]
	at org.springframework.amqp.rabbit.listener.SimpleMessageListenerContainer$AsyncMessageProcessingConsumer.initialize(SimpleMessageListenerContainer.java:1490) ~[spring-rabbit-3.2.8.jar:3.2.8]
	at org.springframework.amqp.rabbit.listener.SimpleMessageListenerContainer$AsyncMessageProcessingConsumer.run(SimpleMessageListenerContainer.java:1328) ~[spring-rabbit-3.2.8.jar:3.2.8]
	at java.base/java.lang.Thread.run(Thread.java:1570) ~[na:na]
Caused by: java.io.IOException: null
	at com.rabbitmq.client.impl.AMQChannel.wrap(AMQChannel.java:140) ~[amqp-client-5.25.0.jar:5.25.0]
	at com.rabbitmq.client.impl.AMQChannel.wrap(AMQChannel.java:136) ~[amqp-client-5.25.0.jar:5.25.0]
	at com.rabbitmq.client.impl.AMQChannel.exnWrappingRpc(AMQChannel.java:158) ~[amqp-client-5.25.0.jar:5.25.0]
	at com.rabbitmq.client.impl.ChannelN.queueDeclarePassive(ChannelN.java:1033) ~[amqp-client-5.25.0.jar:5.25.0]
	at com.rabbitmq.client.impl.ChannelN.queueDeclarePassive(ChannelN.java:47) ~[amqp-client-5.25.0.jar:5.25.0]
	at java.base/jdk.internal.reflect.DirectMethodHandleAccessor.invoke(DirectMethodHandleAccessor.java:103) ~[na:na]
	at java.base/java.lang.reflect.Method.invoke(Method.java:580) ~[na:na]
	at org.springframework.amqp.rabbit.connection.CachingConnectionFactory$CachedChannelInvocationHandler.invoke(CachingConnectionFactory.java:1201) ~[spring-rabbit-3.2.8.jar:3.2.8]
	at jdk.proxy2/jdk.proxy2.$Proxy215.queueDeclarePassive(Unknown Source) ~[na:na]
	at org.springframework.amqp.rabbit.listener.BlockingQueueConsumer.attemptPassiveDeclarations(BlockingQueueConsumer.java:750) ~[spring-rabbit-3.2.8.jar:3.2.8]
	... 5 common frames omitted
Caused by: com.rabbitmq.client.ShutdownSignalException: channel error; protocol method: #method<channel.close>(reply-code=404, reply-text=NOT_FOUND - no queue 'springCloudBus.anonymous.K4HVOzN0Sr2CwjXw5PXxig' in vhost 'dwtkuyzt', class-id=50, method-id=10)
	at com.rabbitmq.utility.ValueOrException.getValue(ValueOrException.java:66) ~[amqp-client-5.25.0.jar:5.25.0]
	at com.rabbitmq.utility.BlockingValueOrException.uninterruptibleGetValue(BlockingValueOrException.java:36) ~[amqp-client-5.25.0.jar:5.25.0]
	at com.rabbitmq.client.impl.AMQChannel$BlockingRpcContinuation.getReply(AMQChannel.java:552) ~[amqp-client-5.25.0.jar:5.25.0]
	at com.rabbitmq.client.impl.AMQChannel.privateRpc(AMQChannel.java:316) ~[amqp-client-5.25.0.jar:5.25.0]
	at com.rabbitmq.client.impl.AMQChannel.exnWrappingRpc(AMQChannel.java:152) ~[amqp-client-5.25.0.jar:5.25.0]
	... 12 common frames omitted
Caused by: com.rabbitmq.client.ShutdownSignalException: channel error; protocol method: #method<channel.close>(reply-code=404, reply-text=NOT_FOUND - no queue 'springCloudBus.anonymous.K4HVOzN0Sr2CwjXw5PXxig' in vhost 'dwtkuyzt', class-id=50, method-id=10)
	at com.rabbitmq.client.impl.ChannelN.asyncShutdown(ChannelN.java:528) ~[amqp-client-5.25.0.jar:5.25.0]
	at com.rabbitmq.client.impl.ChannelN.processAsync(ChannelN.java:349) ~[amqp-client-5.25.0.jar:5.25.0]
	at com.rabbitmq.client.impl.AMQChannel.handleCompleteInboundCommand(AMQChannel.java:193) ~[amqp-client-5.25.0.jar:5.25.0]
	at com.rabbitmq.client.impl.AMQChannel.handleFrame(AMQChannel.java:125) ~[amqp-client-5.25.0.jar:5.25.0]
	at com.rabbitmq.client.impl.AMQConnection.readFrame(AMQConnection.java:761) ~[amqp-client-5.25.0.jar:5.25.0]
	at com.rabbitmq.client.impl.AMQConnection.access$400(AMQConnection.java:48) ~[amqp-client-5.25.0.jar:5.25.0]
	at com.rabbitmq.client.impl.AMQConnection$MainLoop.run(AMQConnection.java:688) ~[amqp-client-5.25.0.jar:5.25.0]
	... 1 common frames omitted

2025-11-24T22:37:01.053+05:30  WARN 27539 --- [product-service] [springCloudBus.anonymous.K4HVOzN0Sr2CwjXw5PXxig-106] [                                                 ] o.s.a.r.listener.BlockingQueueConsumer   : Failed to declare queue: springCloudBus.anonymous.K4HVOzN0Sr2CwjXw5PXxig
2025-11-24T22:37:01.053+05:30  WARN 27539 --- [product-service] [springCloudBus.anonymous.K4HVOzN0Sr2CwjXw5PXxig-106] [                                                 ] o.s.a.r.listener.BlockingQueueConsumer   : Queue declaration failed; retries left=2

org.springframework.amqp.rabbit.listener.BlockingQueueConsumer$DeclarationException: Failed to declare queue(s):[springCloudBus.anonymous.K4HVOzN0Sr2CwjXw5PXxig]
	at org.springframework.amqp.rabbit.listener.BlockingQueueConsumer.attemptPassiveDeclarations(BlockingQueueConsumer.java:772) ~[spring-rabbit-3.2.8.jar:3.2.8]
	at org.springframework.amqp.rabbit.listener.BlockingQueueConsumer.passiveDeclarations(BlockingQueueConsumer.java:649) ~[spring-rabbit-3.2.8.jar:3.2.8]
	at org.springframework.amqp.rabbit.listener.BlockingQueueConsumer.start(BlockingQueueConsumer.java:636) ~[spring-rabbit-3.2.8.jar:3.2.8]
	at org.springframework.amqp.rabbit.listener.SimpleMessageListenerContainer$AsyncMessageProcessingConsumer.initialize(SimpleMessageListenerContainer.java:1490) ~[spring-rabbit-3.2.8.jar:3.2.8]
	at org.springframework.amqp.rabbit.listener.SimpleMessageListenerContainer$AsyncMessageProcessingConsumer.run(SimpleMessageListenerContainer.java:1328) ~[spring-rabbit-3.2.8.jar:3.2.8]
	at java.base/java.lang.Thread.run(Thread.java:1570) ~[na:na]
Caused by: java.io.IOException: null
	at com.rabbitmq.client.impl.AMQChannel.wrap(AMQChannel.java:140) ~[amqp-client-5.25.0.jar:5.25.0]
	at com.rabbitmq.client.impl.AMQChannel.wrap(AMQChannel.java:136) ~[amqp-client-5.25.0.jar:5.25.0]
	at com.rabbitmq.client.impl.AMQChannel.exnWrappingRpc(AMQChannel.java:158) ~[amqp-client-5.25.0.jar:5.25.0]
	at com.rabbitmq.client.impl.ChannelN.queueDeclarePassive(ChannelN.java:1033) ~[amqp-client-5.25.0.jar:5.25.0]
	at com.rabbitmq.client.impl.ChannelN.queueDeclarePassive(ChannelN.java:47) ~[amqp-client-5.25.0.jar:5.25.0]
	at java.base/jdk.internal.reflect.DirectMethodHandleAccessor.invoke(DirectMethodHandleAccessor.java:103) ~[na:na]
	at java.base/java.lang.reflect.Method.invoke(Method.java:580) ~[na:na]
	at org.springframework.amqp.rabbit.connection.CachingConnectionFactory$CachedChannelInvocationHandler.invoke(CachingConnectionFactory.java:1201) ~[spring-rabbit-3.2.8.jar:3.2.8]
	at jdk.proxy2/jdk.proxy2.$Proxy215.queueDeclarePassive(Unknown Source) ~[na:na]
	at org.springframework.amqp.rabbit.listener.BlockingQueueConsumer.attemptPassiveDeclarations(BlockingQueueConsumer.java:750) ~[spring-rabbit-3.2.8.jar:3.2.8]
	... 5 common frames omitted
Caused by: com.rabbitmq.client.ShutdownSignalException: channel error; protocol method: #method<channel.close>(reply-code=404, reply-text=NOT_FOUND - no queue 'springCloudBus.anonymous.K4HVOzN0Sr2CwjXw5PXxig' in vhost 'dwtkuyzt', class-id=50, method-id=10)
	at com.rabbitmq.utility.ValueOrException.getValue(ValueOrException.java:66) ~[amqp-client-5.25.0.jar:5.25.0]
	at com.rabbitmq.utility.BlockingValueOrException.uninterruptibleGetValue(BlockingValueOrException.java:36) ~[amqp-client-5.25.0.jar:5.25.0]
	at com.rabbitmq.client.impl.AMQChannel$BlockingRpcContinuation.getReply(AMQChannel.java:552) ~[amqp-client-5.25.0.jar:5.25.0]
	at com.rabbitmq.client.impl.AMQChannel.privateRpc(AMQChannel.java:316) ~[amqp-client-5.25.0.jar:5.25.0]
	at com.rabbitmq.client.impl.AMQChannel.exnWrappingRpc(AMQChannel.java:152) ~[amqp-client-5.25.0.jar:5.25.0]
	... 12 common frames omitted
Caused by: com.rabbitmq.client.ShutdownSignalException: channel error; protocol method: #method<channel.close>(reply-code=404, reply-text=NOT_FOUND - no queue 'springCloudBus.anonymous.K4HVOzN0Sr2CwjXw5PXxig' in vhost 'dwtkuyzt', class-id=50, method-id=10)
	at com.rabbitmq.client.impl.ChannelN.asyncShutdown(ChannelN.java:528) ~[amqp-client-5.25.0.jar:5.25.0]
	at com.rabbitmq.client.impl.ChannelN.processAsync(ChannelN.java:349) ~[amqp-client-5.25.0.jar:5.25.0]
	at com.rabbitmq.client.impl.AMQChannel.handleCompleteInboundCommand(AMQChannel.java:193) ~[amqp-client-5.25.0.jar:5.25.0]
	at com.rabbitmq.client.impl.AMQChannel.handleFrame(AMQChannel.java:125) ~[amqp-client-5.25.0.jar:5.25.0]
	at com.rabbitmq.client.impl.AMQConnection.readFrame(AMQConnection.java:761) ~[amqp-client-5.25.0.jar:5.25.0]
	at com.rabbitmq.client.impl.AMQConnection.access$400(AMQConnection.java:48) ~[amqp-client-5.25.0.jar:5.25.0]
	at com.rabbitmq.client.impl.AMQConnection$MainLoop.run(AMQConnection.java:688) ~[amqp-client-5.25.0.jar:5.25.0]
	... 1 common frames omitted

2025-11-24T22:37:06.611+05:30  WARN 27539 --- [product-service] [springCloudBus.anonymous.K4HVOzN0Sr2CwjXw5PXxig-106] [                                                 ] o.s.a.r.listener.BlockingQueueConsumer   : Failed to declare queue: springCloudBus.anonymous.K4HVOzN0Sr2CwjXw5PXxig
2025-11-24T22:37:06.612+05:30  WARN 27539 --- [product-service] [springCloudBus.anonymous.K4HVOzN0Sr2CwjXw5PXxig-106] [                                                 ] o.s.a.r.listener.BlockingQueueConsumer   : Queue declaration failed; retries left=1

org.springframework.amqp.rabbit.listener.BlockingQueueConsumer$DeclarationException: Failed to declare queue(s):[springCloudBus.anonymous.K4HVOzN0Sr2CwjXw5PXxig]
	at org.springframework.amqp.rabbit.listener.BlockingQueueConsumer.attemptPassiveDeclarations(BlockingQueueConsumer.java:772) ~[spring-rabbit-3.2.8.jar:3.2.8]
	at org.springframework.amqp.rabbit.listener.BlockingQueueConsumer.passiveDeclarations(BlockingQueueConsumer.java:649) ~[spring-rabbit-3.2.8.jar:3.2.8]
	at org.springframework.amqp.rabbit.listener.BlockingQueueConsumer.start(BlockingQueueConsumer.java:636) ~[spring-rabbit-3.2.8.jar:3.2.8]
	at org.springframework.amqp.rabbit.listener.SimpleMessageListenerContainer$AsyncMessageProcessingConsumer.initialize(SimpleMessageListenerContainer.java:1490) ~[spring-rabbit-3.2.8.jar:3.2.8]
	at org.springframework.amqp.rabbit.listener.SimpleMessageListenerContainer$AsyncMessageProcessingConsumer.run(SimpleMessageListenerContainer.java:1328) ~[spring-rabbit-3.2.8.jar:3.2.8]
	at java.base/java.lang.Thread.run(Thread.java:1570) ~[na:na]
Caused by: java.io.IOException: null
	at com.rabbitmq.client.impl.AMQChannel.wrap(AMQChannel.java:140) ~[amqp-client-5.25.0.jar:5.25.0]
	at com.rabbitmq.client.impl.AMQChannel.wrap(AMQChannel.java:136) ~[amqp-client-5.25.0.jar:5.25.0]
	at com.rabbitmq.client.impl.AMQChannel.exnWrappingRpc(AMQChannel.java:158) ~[amqp-client-5.25.0.jar:5.25.0]
	at com.rabbitmq.client.impl.ChannelN.queueDeclarePassive(ChannelN.java:1033) ~[amqp-client-5.25.0.jar:5.25.0]
	at com.rabbitmq.client.impl.ChannelN.queueDeclarePassive(ChannelN.java:47) ~[amqp-client-5.25.0.jar:5.25.0]
	at java.base/jdk.internal.reflect.DirectMethodHandleAccessor.invoke(DirectMethodHandleAccessor.java:103) ~[na:na]
	at java.base/java.lang.reflect.Method.invoke(Method.java:580) ~[na:na]
	at org.springframework.amqp.rabbit.connection.CachingConnectionFactory$CachedChannelInvocationHandler.invoke(CachingConnectionFactory.java:1201) ~[spring-rabbit-3.2.8.jar:3.2.8]
	at jdk.proxy2/jdk.proxy2.$Proxy215.queueDeclarePassive(Unknown Source) ~[na:na]
	at org.springframework.amqp.rabbit.listener.BlockingQueueConsumer.attemptPassiveDeclarations(BlockingQueueConsumer.java:750) ~[spring-rabbit-3.2.8.jar:3.2.8]
	... 5 common frames omitted
Caused by: com.rabbitmq.client.ShutdownSignalException: channel error; protocol method: #method<channel.close>(reply-code=404, reply-text=NOT_FOUND - no queue 'springCloudBus.anonymous.K4HVOzN0Sr2CwjXw5PXxig' in vhost 'dwtkuyzt', class-id=50, method-id=10)
	at com.rabbitmq.utility.ValueOrException.getValue(ValueOrException.java:66) ~[amqp-client-5.25.0.jar:5.25.0]
	at com.rabbitmq.utility.BlockingValueOrException.uninterruptibleGetValue(BlockingValueOrException.java:36) ~[amqp-client-5.25.0.jar:5.25.0]
	at com.rabbitmq.client.impl.AMQChannel$BlockingRpcContinuation.getReply(AMQChannel.java:552) ~[amqp-client-5.25.0.jar:5.25.0]
	at com.rabbitmq.client.impl.AMQChannel.privateRpc(AMQChannel.java:316) ~[amqp-client-5.25.0.jar:5.25.0]
	at com.rabbitmq.client.impl.AMQChannel.exnWrappingRpc(AMQChannel.java:152) ~[amqp-client-5.25.0.jar:5.25.0]
	... 12 common frames omitted
Caused by: com.rabbitmq.client.ShutdownSignalException: channel error; protocol method: #method<channel.close>(reply-code=404, reply-text=NOT_FOUND - no queue 'springCloudBus.anonymous.K4HVOzN0Sr2CwjXw5PXxig' in vhost 'dwtkuyzt', class-id=50, method-id=10)
	at com.rabbitmq.client.impl.ChannelN.asyncShutdown(ChannelN.java:528) ~[amqp-client-5.25.0.jar:5.25.0]
	at com.rabbitmq.client.impl.ChannelN.processAsync(ChannelN.java:349) ~[amqp-client-5.25.0.jar:5.25.0]
	at com.rabbitmq.client.impl.AMQChannel.handleCompleteInboundCommand(AMQChannel.java:193) ~[amqp-client-5.25.0.jar:5.25.0]
	at com.rabbitmq.client.impl.AMQChannel.handleFrame(AMQChannel.java:125) ~[amqp-client-5.25.0.jar:5.25.0]
	at com.rabbitmq.client.impl.AMQConnection.readFrame(AMQConnection.java:761) ~[amqp-client-5.25.0.jar:5.25.0]
	at com.rabbitmq.client.impl.AMQConnection.access$400(AMQConnection.java:48) ~[amqp-client-5.25.0.jar:5.25.0]
	at com.rabbitmq.client.impl.AMQConnection$MainLoop.run(AMQConnection.java:688) ~[amqp-client-5.25.0.jar:5.25.0]
	... 1 common frames omitted

2025-11-24T22:37:12.198+05:30  WARN 27539 --- [product-service] [springCloudBus.anonymous.K4HVOzN0Sr2CwjXw5PXxig-106] [                                                 ] o.s.a.r.listener.BlockingQueueConsumer   : Failed to declare queue: springCloudBus.anonymous.K4HVOzN0Sr2CwjXw5PXxig
2025-11-24T22:37:17.278+05:30 ERROR 27539 --- [product-service] [springCloudBus.anonymous.K4HVOzN0Sr2CwjXw5PXxig-106] [                                                 ] o.s.a.r.l.SimpleMessageListenerContainer : Consumer threw missing queues exception, fatal=false

org.springframework.amqp.rabbit.listener.QueuesNotAvailableException: Cannot prepare queue for listener. Either the queue doesn't exist or the broker will not allow us to use it.
	at org.springframework.amqp.rabbit.listener.BlockingQueueConsumer.handleDeclarationException(BlockingQueueConsumer.java:722) ~[spring-rabbit-3.2.8.jar:3.2.8]
	at org.springframework.amqp.rabbit.listener.BlockingQueueConsumer.passiveDeclarations(BlockingQueueConsumer.java:656) ~[spring-rabbit-3.2.8.jar:3.2.8]
	at org.springframework.amqp.rabbit.listener.BlockingQueueConsumer.start(BlockingQueueConsumer.java:636) ~[spring-rabbit-3.2.8.jar:3.2.8]
	at org.springframework.amqp.rabbit.listener.SimpleMessageListenerContainer$AsyncMessageProcessingConsumer.initialize(SimpleMessageListenerContainer.java:1490) ~[spring-rabbit-3.2.8.jar:3.2.8]
	at org.springframework.amqp.rabbit.listener.SimpleMessageListenerContainer$AsyncMessageProcessingConsumer.run(SimpleMessageListenerContainer.java:1328) ~[spring-rabbit-3.2.8.jar:3.2.8]
	at java.base/java.lang.Thread.run(Thread.java:1570) ~[na:na]
Caused by: org.springframework.amqp.rabbit.listener.BlockingQueueConsumer$DeclarationException: Failed to declare queue(s):[springCloudBus.anonymous.K4HVOzN0Sr2CwjXw5PXxig]
	at org.springframework.amqp.rabbit.listener.BlockingQueueConsumer.attemptPassiveDeclarations(BlockingQueueConsumer.java:772) ~[spring-rabbit-3.2.8.jar:3.2.8]
	at org.springframework.amqp.rabbit.listener.BlockingQueueConsumer.passiveDeclarations(BlockingQueueConsumer.java:649) ~[spring-rabbit-3.2.8.jar:3.2.8]
	... 4 common frames omitted
Caused by: java.io.IOException: null
	at com.rabbitmq.client.impl.AMQChannel.wrap(AMQChannel.java:140) ~[amqp-client-5.25.0.jar:5.25.0]
	at com.rabbitmq.client.impl.AMQChannel.wrap(AMQChannel.java:136) ~[amqp-client-5.25.0.jar:5.25.0]
	at com.rabbitmq.client.impl.AMQChannel.exnWrappingRpc(AMQChannel.java:158) ~[amqp-client-5.25.0.jar:5.25.0]
	at com.rabbitmq.client.impl.ChannelN.queueDeclarePassive(ChannelN.java:1033) ~[amqp-client-5.25.0.jar:5.25.0]
	at com.rabbitmq.client.impl.ChannelN.queueDeclarePassive(ChannelN.java:47) ~[amqp-client-5.25.0.jar:5.25.0]
	at java.base/jdk.internal.reflect.DirectMethodHandleAccessor.invoke(DirectMethodHandleAccessor.java:103) ~[na:na]
	at java.base/java.lang.reflect.Method.invoke(Method.java:580) ~[na:na]
	at org.springframework.amqp.rabbit.connection.CachingConnectionFactory$CachedChannelInvocationHandler.invoke(CachingConnectionFactory.java:1201) ~[spring-rabbit-3.2.8.jar:3.2.8]
	at jdk.proxy2/jdk.proxy2.$Proxy215.queueDeclarePassive(Unknown Source) ~[na:na]
	at org.springframework.amqp.rabbit.listener.BlockingQueueConsumer.attemptPassiveDeclarations(BlockingQueueConsumer.java:750) ~[spring-rabbit-3.2.8.jar:3.2.8]
	... 5 common frames omitted
Caused by: com.rabbitmq.client.ShutdownSignalException: channel error; protocol method: #method<channel.close>(reply-code=404, reply-text=NOT_FOUND - no queue 'springCloudBus.anonymous.K4HVOzN0Sr2CwjXw5PXxig' in vhost 'dwtkuyzt', class-id=50, method-id=10)
	at com.rabbitmq.utility.ValueOrException.getValue(ValueOrException.java:66) ~[amqp-client-5.25.0.jar:5.25.0]
	at com.rabbitmq.utility.BlockingValueOrException.uninterruptibleGetValue(BlockingValueOrException.java:36) ~[amqp-client-5.25.0.jar:5.25.0]
	at com.rabbitmq.client.impl.AMQChannel$BlockingRpcContinuation.getReply(AMQChannel.java:552) ~[amqp-client-5.25.0.jar:5.25.0]
	at com.rabbitmq.client.impl.AMQChannel.privateRpc(AMQChannel.java:316) ~[amqp-client-5.25.0.jar:5.25.0]
	at com.rabbitmq.client.impl.AMQChannel.exnWrappingRpc(AMQChannel.java:152) ~[amqp-client-5.25.0.jar:5.25.0]
	... 12 common frames omitted
Caused by: com.rabbitmq.client.ShutdownSignalException: channel error; protocol method: #method<channel.close>(reply-code=404, reply-text=NOT_FOUND - no queue 'springCloudBus.anonymous.K4HVOzN0Sr2CwjXw5PXxig' in vhost 'dwtkuyzt', class-id=50, method-id=10)
	at com.rabbitmq.client.impl.ChannelN.asyncShutdown(ChannelN.java:528) ~[amqp-client-5.25.0.jar:5.25.0]
	at com.rabbitmq.client.impl.ChannelN.processAsync(ChannelN.java:349) ~[amqp-client-5.25.0.jar:5.25.0]
	at com.rabbitmq.client.impl.AMQChannel.handleCompleteInboundCommand(AMQChannel.java:193) ~[amqp-client-5.25.0.jar:5.25.0]
	at com.rabbitmq.client.impl.AMQChannel.handleFrame(AMQChannel.java:125) ~[amqp-client-5.25.0.jar:5.25.0]
	at com.rabbitmq.client.impl.AMQConnection.readFrame(AMQConnection.java:761) ~[amqp-client-5.25.0.jar:5.25.0]
	at com.rabbitmq.client.impl.AMQConnection.access$400(AMQConnection.java:48) ~[amqp-client-5.25.0.jar:5.25.0]
	at com.rabbitmq.client.impl.AMQConnection$MainLoop.run(AMQConnection.java:688) ~[amqp-client-5.25.0.jar:5.25.0]
	... 1 common frames omitted

2025-11-24T22:37:17.279+05:30  INFO 27539 --- [product-service] [springCloudBus.anonymous.K4HVOzN0Sr2CwjXw5PXxig-106] [                                                 ] o.s.a.r.l.SimpleMessageListenerContainer : Restarting Consumer@57bd7e5d: tags=[[]], channel=Cached Rabbit Channel: AMQChannel(amqp://dwtkuyzt@35.153.225.39:5672/dwtkuyzt,1), conn: Proxy@276b6159 Shared Rabbit Connection: SimpleConnection@3c1ed920 [delegate=amqp://dwtkuyzt@35.153.225.39:5672/dwtkuyzt, localPort=61539], acknowledgeMode=AUTO local queue size=0
2025-11-24T22:37:18.448+05:30  WARN 27539 --- [product-service] [springCloudBus.anonymous.K4HVOzN0Sr2CwjXw5PXxig-107] [                                                 ] o.s.a.r.listener.BlockingQueueConsumer   : Failed to declare queue: springCloudBus.anonymous.K4HVOzN0Sr2CwjXw5PXxig
2025-11-24T22:37:18.448+05:30  WARN 27539 --- [product-service] [springCloudBus.anonymous.K4HVOzN0Sr2CwjXw5PXxig-107] [                                                 ] o.s.a.r.listener.BlockingQueueConsumer   : Queue declaration failed; retries left=3

org.springframework.amqp.rabbit.listener.BlockingQueueConsumer$DeclarationException: Failed to declare queue(s):[springCloudBus.anonymous.K4HVOzN0Sr2CwjXw5PXxig]
	at org.springframework.amqp.rabbit.listener.BlockingQueueConsumer.attemptPassiveDeclarations(BlockingQueueConsumer.java:772) ~[spring-rabbit-3.2.8.jar:3.2.8]
	at org.springframework.amqp.rabbit.listener.BlockingQueueConsumer.passiveDeclarations(BlockingQueueConsumer.java:649) ~[spring-rabbit-3.2.8.jar:3.2.8]
	at org.springframework.amqp.rabbit.listener.BlockingQueueConsumer.start(BlockingQueueConsumer.java:636) ~[spring-rabbit-3.2.8.jar:3.2.8]
	at org.springframework.amqp.rabbit.listener.SimpleMessageListenerContainer$AsyncMessageProcessingConsumer.initialize(SimpleMessageListenerContainer.java:1490) ~[spring-rabbit-3.2.8.jar:3.2.8]
	at org.springframework.amqp.rabbit.listener.SimpleMessageListenerContainer$AsyncMessageProcessingConsumer.run(SimpleMessageListenerContainer.java:1328) ~[spring-rabbit-3.2.8.jar:3.2.8]
	at java.base/java.lang.Thread.run(Thread.java:1570) ~[na:na]
Caused by: java.io.IOException: null
	at com.rabbitmq.client.impl.AMQChannel.wrap(AMQChannel.java:140) ~[amqp-client-5.25.0.jar:5.25.0]
	at com.rabbitmq.client.impl.AMQChannel.wrap(AMQChannel.java:136) ~[amqp-client-5.25.0.jar:5.25.0]
	at com.rabbitmq.client.impl.AMQChannel.exnWrappingRpc(AMQChannel.java:158) ~[amqp-client-5.25.0.jar:5.25.0]
	at com.rabbitmq.client.impl.ChannelN.queueDeclarePassive(ChannelN.java:1033) ~[amqp-client-5.25.0.jar:5.25.0]
	at com.rabbitmq.client.impl.ChannelN.queueDeclarePassive(ChannelN.java:47) ~[amqp-client-5.25.0.jar:5.25.0]
	at java.base/jdk.internal.reflect.DirectMethodHandleAccessor.invoke(DirectMethodHandleAccessor.java:103) ~[na:na]
	at java.base/java.lang.reflect.Method.invoke(Method.java:580) ~[na:na]
	at org.springframework.amqp.rabbit.connection.CachingConnectionFactory$CachedChannelInvocationHandler.invoke(CachingConnectionFactory.java:1201) ~[spring-rabbit-3.2.8.jar:3.2.8]
	at jdk.proxy2/jdk.proxy2.$Proxy215.queueDeclarePassive(Unknown Source) ~[na:na]
	at org.springframework.amqp.rabbit.listener.BlockingQueueConsumer.attemptPassiveDeclarations(BlockingQueueConsumer.java:750) ~[spring-rabbit-3.2.8.jar:3.2.8]
	... 5 common frames omitted
Caused by: com.rabbitmq.client.ShutdownSignalException: channel error; protocol method: #method<channel.close>(reply-code=404, reply-text=NOT_FOUND - no queue 'springCloudBus.anonymous.K4HVOzN0Sr2CwjXw5PXxig' in vhost 'dwtkuyzt', class-id=50, method-id=10)
	at com.rabbitmq.utility.ValueOrException.getValue(ValueOrException.java:66) ~[amqp-client-5.25.0.jar:5.25.0]
	at com.rabbitmq.utility.BlockingValueOrException.uninterruptibleGetValue(BlockingValueOrException.java:36) ~[amqp-client-5.25.0.jar:5.25.0]
	at com.rabbitmq.client.impl.AMQChannel$BlockingRpcContinuation.getReply(AMQChannel.java:552) ~[amqp-client-5.25.0.jar:5.25.0]
	at com.rabbitmq.client.impl.AMQChannel.privateRpc(AMQChannel.java:316) ~[amqp-client-5.25.0.jar:5.25.0]
	at com.rabbitmq.client.impl.AMQChannel.exnWrappingRpc(AMQChannel.java:152) ~[amqp-client-5.25.0.jar:5.25.0]
	... 12 common frames omitted
Caused by: com.rabbitmq.client.ShutdownSignalException: channel error; protocol method: #method<channel.close>(reply-code=404, reply-text=NOT_FOUND - no queue 'springCloudBus.anonymous.K4HVOzN0Sr2CwjXw5PXxig' in vhost 'dwtkuyzt', class-id=50, method-id=10)
	at com.rabbitmq.client.impl.ChannelN.asyncShutdown(ChannelN.java:528) ~[amqp-client-5.25.0.jar:5.25.0]
	at com.rabbitmq.client.impl.ChannelN.processAsync(ChannelN.java:349) ~[amqp-client-5.25.0.jar:5.25.0]
	at com.rabbitmq.client.impl.AMQChannel.handleCompleteInboundCommand(AMQChannel.java:193) ~[amqp-client-5.25.0.jar:5.25.0]
	at com.rabbitmq.client.impl.AMQChannel.handleFrame(AMQChannel.java:125) ~[amqp-client-5.25.0.jar:5.25.0]
	at com.rabbitmq.client.impl.AMQConnection.readFrame(AMQConnection.java:761) ~[amqp-client-5.25.0.jar:5.25.0]
	at com.rabbitmq.client.impl.AMQConnection.access$400(AMQConnection.java:48) ~[amqp-client-5.25.0.jar:5.25.0]
	at com.rabbitmq.client.impl.AMQConnection$MainLoop.run(AMQConnection.java:688) ~[amqp-client-5.25.0.jar:5.25.0]
	... 1 common frames omitted

2025-11-24T22:37:24.014+05:30  WARN 27539 --- [product-service] [springCloudBus.anonymous.K4HVOzN0Sr2CwjXw5PXxig-107] [                                                 ] o.s.a.r.listener.BlockingQueueConsumer   : Failed to declare queue: springCloudBus.anonymous.K4HVOzN0Sr2CwjXw5PXxig
2025-11-24T22:37:24.014+05:30  WARN 27539 --- [product-service] [springCloudBus.anonymous.K4HVOzN0Sr2CwjXw5PXxig-107] [                                                 ] o.s.a.r.listener.BlockingQueueConsumer   : Queue declaration failed; retries left=2

org.springframework.amqp.rabbit.listener.BlockingQueueConsumer$DeclarationException: Failed to declare queue(s):[springCloudBus.anonymous.K4HVOzN0Sr2CwjXw5PXxig]
	at org.springframework.amqp.rabbit.listener.BlockingQueueConsumer.attemptPassiveDeclarations(BlockingQueueConsumer.java:772) ~[spring-rabbit-3.2.8.jar:3.2.8]
	at org.springframework.amqp.rabbit.listener.BlockingQueueConsumer.passiveDeclarations(BlockingQueueConsumer.java:649) ~[spring-rabbit-3.2.8.jar:3.2.8]
	at org.springframework.amqp.rabbit.listener.BlockingQueueConsumer.start(BlockingQueueConsumer.java:636) ~[spring-rabbit-3.2.8.jar:3.2.8]
	at org.springframework.amqp.rabbit.listener.SimpleMessageListenerContainer$AsyncMessageProcessingConsumer.initialize(SimpleMessageListenerContainer.java:1490) ~[spring-rabbit-3.2.8.jar:3.2.8]
	at org.springframework.amqp.rabbit.listener.SimpleMessageListenerContainer$AsyncMessageProcessingConsumer.run(SimpleMessageListenerContainer.java:1328) ~[spring-rabbit-3.2.8.jar:3.2.8]
	at java.base/java.lang.Thread.run(Thread.java:1570) ~[na:na]
Caused by: java.io.IOException: null
	at com.rabbitmq.client.impl.AMQChannel.wrap(AMQChannel.java:140) ~[amqp-client-5.25.0.jar:5.25.0]
	at com.rabbitmq.client.impl.AMQChannel.wrap(AMQChannel.java:136) ~[amqp-client-5.25.0.jar:5.25.0]
	at com.rabbitmq.client.impl.AMQChannel.exnWrappingRpc(AMQChannel.java:158) ~[amqp-client-5.25.0.jar:5.25.0]
	at com.rabbitmq.client.impl.ChannelN.queueDeclarePassive(ChannelN.java:1033) ~[amqp-client-5.25.0.jar:5.25.0]
	at com.rabbitmq.client.impl.ChannelN.queueDeclarePassive(ChannelN.java:47) ~[amqp-client-5.25.0.jar:5.25.0]
	at java.base/jdk.internal.reflect.DirectMethodHandleAccessor.invoke(DirectMethodHandleAccessor.java:103) ~[na:na]
	at java.base/java.lang.reflect.Method.invoke(Method.java:580) ~[na:na]
	at org.springframework.amqp.rabbit.connection.CachingConnectionFactory$CachedChannelInvocationHandler.invoke(CachingConnectionFactory.java:1201) ~[spring-rabbit-3.2.8.jar:3.2.8]
	at jdk.proxy2/jdk.proxy2.$Proxy215.queueDeclarePassive(Unknown Source) ~[na:na]
	at org.springframework.amqp.rabbit.listener.BlockingQueueConsumer.attemptPassiveDeclarations(BlockingQueueConsumer.java:750) ~[spring-rabbit-3.2.8.jar:3.2.8]
	... 5 common frames omitted
Caused by: com.rabbitmq.client.ShutdownSignalException: channel error; protocol method: #method<channel.close>(reply-code=404, reply-text=NOT_FOUND - no queue 'springCloudBus.anonymous.K4HVOzN0Sr2CwjXw5PXxig' in vhost 'dwtkuyzt', class-id=50, method-id=10)
	at com.rabbitmq.utility.ValueOrException.getValue(ValueOrException.java:66) ~[amqp-client-5.25.0.jar:5.25.0]
	at com.rabbitmq.utility.BlockingValueOrException.uninterruptibleGetValue(BlockingValueOrException.java:36) ~[amqp-client-5.25.0.jar:5.25.0]
	at com.rabbitmq.client.impl.AMQChannel$BlockingRpcContinuation.getReply(AMQChannel.java:552) ~[amqp-client-5.25.0.jar:5.25.0]
	at com.rabbitmq.client.impl.AMQChannel.privateRpc(AMQChannel.java:316) ~[amqp-client-5.25.0.jar:5.25.0]
	at com.rabbitmq.client.impl.AMQChannel.exnWrappingRpc(AMQChannel.java:152) ~[amqp-client-5.25.0.jar:5.25.0]
	... 12 common frames omitted
Caused by: com.rabbitmq.client.ShutdownSignalException: channel error; protocol method: #method<channel.close>(reply-code=404, reply-text=NOT_FOUND - no queue 'springCloudBus.anonymous.K4HVOzN0Sr2CwjXw5PXxig' in vhost 'dwtkuyzt', class-id=50, method-id=10)
	at com.rabbitmq.client.impl.ChannelN.asyncShutdown(ChannelN.java:528) ~[amqp-client-5.25.0.jar:5.25.0]
	at com.rabbitmq.client.impl.ChannelN.processAsync(ChannelN.java:349) ~[amqp-client-5.25.0.jar:5.25.0]
	at com.rabbitmq.client.impl.AMQChannel.handleCompleteInboundCommand(AMQChannel.java:193) ~[amqp-client-5.25.0.jar:5.25.0]
	at com.rabbitmq.client.impl.AMQChannel.handleFrame(AMQChannel.java:125) ~[amqp-client-5.25.0.jar:5.25.0]
	at com.rabbitmq.client.impl.AMQConnection.readFrame(AMQConnection.java:761) ~[amqp-client-5.25.0.jar:5.25.0]
	at com.rabbitmq.client.impl.AMQConnection.access$400(AMQConnection.java:48) ~[amqp-client-5.25.0.jar:5.25.0]
	at com.rabbitmq.client.impl.AMQConnection$MainLoop.run(AMQConnection.java:688) ~[amqp-client-5.25.0.jar:5.25.0]
	... 1 common frames omitted

2025-11-24T22:37:29.571+05:30  WARN 27539 --- [product-service] [springCloudBus.anonymous.K4HVOzN0Sr2CwjXw5PXxig-107] [                                                 ] o.s.a.r.listener.BlockingQueueConsumer   : Failed to declare queue: springCloudBus.anonymous.K4HVOzN0Sr2CwjXw5PXxig
2025-11-24T22:37:29.571+05:30  WARN 27539 --- [product-service] [springCloudBus.anonymous.K4HVOzN0Sr2CwjXw5PXxig-107] [                                                 ] o.s.a.r.listener.BlockingQueueConsumer   : Queue declaration failed; retries left=1

org.springframework.amqp.rabbit.listener.BlockingQueueConsumer$DeclarationException: Failed to declare queue(s):[springCloudBus.anonymous.K4HVOzN0Sr2CwjXw5PXxig]
	at org.springframework.amqp.rabbit.listener.BlockingQueueConsumer.attemptPassiveDeclarations(BlockingQueueConsumer.java:772) ~[spring-rabbit-3.2.8.jar:3.2.8]
	at org.springframework.amqp.rabbit.listener.BlockingQueueConsumer.passiveDeclarations(BlockingQueueConsumer.java:649) ~[spring-rabbit-3.2.8.jar:3.2.8]
	at org.springframework.amqp.rabbit.listener.BlockingQueueConsumer.start(BlockingQueueConsumer.java:636) ~[spring-rabbit-3.2.8.jar:3.2.8]
	at org.springframework.amqp.rabbit.listener.SimpleMessageListenerContainer$AsyncMessageProcessingConsumer.initialize(SimpleMessageListenerContainer.java:1490) ~[spring-rabbit-3.2.8.jar:3.2.8]
	at org.springframework.amqp.rabbit.listener.SimpleMessageListenerContainer$AsyncMessageProcessingConsumer.run(SimpleMessageListenerContainer.java:1328) ~[spring-rabbit-3.2.8.jar:3.2.8]
	at java.base/java.lang.Thread.run(Thread.java:1570) ~[na:na]
Caused by: java.io.IOException: null
	at com.rabbitmq.client.impl.AMQChannel.wrap(AMQChannel.java:140) ~[amqp-client-5.25.0.jar:5.25.0]
	at com.rabbitmq.client.impl.AMQChannel.wrap(AMQChannel.java:136) ~[amqp-client-5.25.0.jar:5.25.0]
	at com.rabbitmq.client.impl.AMQChannel.exnWrappingRpc(AMQChannel.java:158) ~[amqp-client-5.25.0.jar:5.25.0]
	at com.rabbitmq.client.impl.ChannelN.queueDeclarePassive(ChannelN.java:1033) ~[amqp-client-5.25.0.jar:5.25.0]
	at com.rabbitmq.client.impl.ChannelN.queueDeclarePassive(ChannelN.java:47) ~[amqp-client-5.25.0.jar:5.25.0]
	at java.base/jdk.internal.reflect.DirectMethodHandleAccessor.invoke(DirectMethodHandleAccessor.java:103) ~[na:na]
	at java.base/java.lang.reflect.Method.invoke(Method.java:580) ~[na:na]
	at org.springframework.amqp.rabbit.connection.CachingConnectionFactory$CachedChannelInvocationHandler.invoke(CachingConnectionFactory.java:1201) ~[spring-rabbit-3.2.8.jar:3.2.8]
	at jdk.proxy2/jdk.proxy2.$Proxy215.queueDeclarePassive(Unknown Source) ~[na:na]
	at org.springframework.amqp.rabbit.listener.BlockingQueueConsumer.attemptPassiveDeclarations(BlockingQueueConsumer.java:750) ~[spring-rabbit-3.2.8.jar:3.2.8]
	... 5 common frames omitted
Caused by: com.rabbitmq.client.ShutdownSignalException: channel error; protocol method: #method<channel.close>(reply-code=404, reply-text=NOT_FOUND - no queue 'springCloudBus.anonymous.K4HVOzN0Sr2CwjXw5PXxig' in vhost 'dwtkuyzt', class-id=50, method-id=10)
	at com.rabbitmq.utility.ValueOrException.getValue(ValueOrException.java:66) ~[amqp-client-5.25.0.jar:5.25.0]
	at com.rabbitmq.utility.BlockingValueOrException.uninterruptibleGetValue(BlockingValueOrException.java:36) ~[amqp-client-5.25.0.jar:5.25.0]
	at com.rabbitmq.client.impl.AMQChannel$BlockingRpcContinuation.getReply(AMQChannel.java:552) ~[amqp-client-5.25.0.jar:5.25.0]
	at com.rabbitmq.client.impl.AMQChannel.privateRpc(AMQChannel.java:316) ~[amqp-client-5.25.0.jar:5.25.0]
	at com.rabbitmq.client.impl.AMQChannel.exnWrappingRpc(AMQChannel.java:152) ~[amqp-client-5.25.0.jar:5.25.0]
	... 12 common frames omitted
Caused by: com.rabbitmq.client.ShutdownSignalException: channel error; protocol method: #method<channel.close>(reply-code=404, reply-text=NOT_FOUND - no queue 'springCloudBus.anonymous.K4HVOzN0Sr2CwjXw5PXxig' in vhost 'dwtkuyzt', class-id=50, method-id=10)
	at com.rabbitmq.client.impl.ChannelN.asyncShutdown(ChannelN.java:528) ~[amqp-client-5.25.0.jar:5.25.0]
	at com.rabbitmq.client.impl.ChannelN.processAsync(ChannelN.java:349) ~[amqp-client-5.25.0.jar:5.25.0]
	at com.rabbitmq.client.impl.AMQChannel.handleCompleteInboundCommand(AMQChannel.java:193) ~[amqp-client-5.25.0.jar:5.25.0]
	at com.rabbitmq.client.impl.AMQChannel.handleFrame(AMQChannel.java:125) ~[amqp-client-5.25.0.jar:5.25.0]
	at com.rabbitmq.client.impl.AMQConnection.readFrame(AMQConnection.java:761) ~[amqp-client-5.25.0.jar:5.25.0]
	at com.rabbitmq.client.impl.AMQConnection.access$400(AMQConnection.java:48) ~[amqp-client-5.25.0.jar:5.25.0]
	at com.rabbitmq.client.impl.AMQConnection$MainLoop.run(AMQConnection.java:688) ~[amqp-client-5.25.0.jar:5.25.0]
	... 1 common frames omitted

2025-11-24T22:37:35.129+05:30  WARN 27539 --- [product-service] [springCloudBus.anonymous.K4HVOzN0Sr2CwjXw5PXxig-107] [                                                 ] o.s.a.r.listener.BlockingQueueConsumer   : Failed to declare queue: springCloudBus.anonymous.K4HVOzN0Sr2CwjXw5PXxig
2025-11-24T22:37:40.202+05:30 ERROR 27539 --- [product-service] [springCloudBus.anonymous.K4HVOzN0Sr2CwjXw5PXxig-107] [                                                 ] o.s.a.r.l.SimpleMessageListenerContainer : Consumer threw missing queues exception, fatal=false

org.springframework.amqp.rabbit.listener.QueuesNotAvailableException: Cannot prepare queue for listener. Either the queue doesn't exist or the broker will not allow us to use it.
	at org.springframework.amqp.rabbit.listener.BlockingQueueConsumer.handleDeclarationException(BlockingQueueConsumer.java:722) ~[spring-rabbit-3.2.8.jar:3.2.8]
	at org.springframework.amqp.rabbit.listener.BlockingQueueConsumer.passiveDeclarations(BlockingQueueConsumer.java:656) ~[spring-rabbit-3.2.8.jar:3.2.8]
	at org.springframework.amqp.rabbit.listener.BlockingQueueConsumer.start(BlockingQueueConsumer.java:636) ~[spring-rabbit-3.2.8.jar:3.2.8]
	at org.springframework.amqp.rabbit.listener.SimpleMessageListenerContainer$AsyncMessageProcessingConsumer.initialize(SimpleMessageListenerContainer.java:1490) ~[spring-rabbit-3.2.8.jar:3.2.8]
	at org.springframework.amqp.rabbit.listener.SimpleMessageListenerContainer$AsyncMessageProcessingConsumer.run(SimpleMessageListenerContainer.java:1328) ~[spring-rabbit-3.2.8.jar:3.2.8]
	at java.base/java.lang.Thread.run(Thread.java:1570) ~[na:na]
Caused by: org.springframework.amqp.rabbit.listener.BlockingQueueConsumer$DeclarationException: Failed to declare queue(s):[springCloudBus.anonymous.K4HVOzN0Sr2CwjXw5PXxig]
	at org.springframework.amqp.rabbit.listener.BlockingQueueConsumer.attemptPassiveDeclarations(BlockingQueueConsumer.java:772) ~[spring-rabbit-3.2.8.jar:3.2.8]
	at org.springframework.amqp.rabbit.listener.BlockingQueueConsumer.passiveDeclarations(BlockingQueueConsumer.java:649) ~[spring-rabbit-3.2.8.jar:3.2.8]
	... 4 common frames omitted
Caused by: java.io.IOException: null
	at com.rabbitmq.client.impl.AMQChannel.wrap(AMQChannel.java:140) ~[amqp-client-5.25.0.jar:5.25.0]
	at com.rabbitmq.client.impl.AMQChannel.wrap(AMQChannel.java:136) ~[amqp-client-5.25.0.jar:5.25.0]
	at com.rabbitmq.client.impl.AMQChannel.exnWrappingRpc(AMQChannel.java:158) ~[amqp-client-5.25.0.jar:5.25.0]
	at com.rabbitmq.client.impl.ChannelN.queueDeclarePassive(ChannelN.java:1033) ~[amqp-client-5.25.0.jar:5.25.0]
	at com.rabbitmq.client.impl.ChannelN.queueDeclarePassive(ChannelN.java:47) ~[amqp-client-5.25.0.jar:5.25.0]
	at java.base/jdk.internal.reflect.DirectMethodHandleAccessor.invoke(DirectMethodHandleAccessor.java:103) ~[na:na]
	at java.base/java.lang.reflect.Method.invoke(Method.java:580) ~[na:na]
	at org.springframework.amqp.rabbit.connection.CachingConnectionFactory$CachedChannelInvocationHandler.invoke(CachingConnectionFactory.java:1201) ~[spring-rabbit-3.2.8.jar:3.2.8]
	at jdk.proxy2/jdk.proxy2.$Proxy215.queueDeclarePassive(Unknown Source) ~[na:na]
	at org.springframework.amqp.rabbit.listener.BlockingQueueConsumer.attemptPassiveDeclarations(BlockingQueueConsumer.java:750) ~[spring-rabbit-3.2.8.jar:3.2.8]
	... 5 common frames omitted
Caused by: com.rabbitmq.client.ShutdownSignalException: channel error; protocol method: #method<channel.close>(reply-code=404, reply-text=NOT_FOUND - no queue 'springCloudBus.anonymous.K4HVOzN0Sr2CwjXw5PXxig' in vhost 'dwtkuyzt', class-id=50, method-id=10)
	at com.rabbitmq.utility.ValueOrException.getValue(ValueOrException.java:66) ~[amqp-client-5.25.0.jar:5.25.0]
	at com.rabbitmq.utility.BlockingValueOrException.uninterruptibleGetValue(BlockingValueOrException.java:36) ~[amqp-client-5.25.0.jar:5.25.0]
	at com.rabbitmq.client.impl.AMQChannel$BlockingRpcContinuation.getReply(AMQChannel.java:552) ~[amqp-client-5.25.0.jar:5.25.0]
	at com.rabbitmq.client.impl.AMQChannel.privateRpc(AMQChannel.java:316) ~[amqp-client-5.25.0.jar:5.25.0]
	at com.rabbitmq.client.impl.AMQChannel.exnWrappingRpc(AMQChannel.java:152) ~[amqp-client-5.25.0.jar:5.25.0]
	... 12 common frames omitted
Caused by: com.rabbitmq.client.ShutdownSignalException: channel error; protocol method: #method<channel.close>(reply-code=404, reply-text=NOT_FOUND - no queue 'springCloudBus.anonymous.K4HVOzN0Sr2CwjXw5PXxig' in vhost 'dwtkuyzt', class-id=50, method-id=10)
	at com.rabbitmq.client.impl.ChannelN.asyncShutdown(ChannelN.java:528) ~[amqp-client-5.25.0.jar:5.25.0]
	at com.rabbitmq.client.impl.ChannelN.processAsync(ChannelN.java:349) ~[amqp-client-5.25.0.jar:5.25.0]
	at com.rabbitmq.client.impl.AMQChannel.handleCompleteInboundCommand(AMQChannel.java:193) ~[amqp-client-5.25.0.jar:5.25.0]
	at com.rabbitmq.client.impl.AMQChannel.handleFrame(AMQChannel.java:125) ~[amqp-client-5.25.0.jar:5.25.0]
	at com.rabbitmq.client.impl.AMQConnection.readFrame(AMQConnection.java:761) ~[amqp-client-5.25.0.jar:5.25.0]
	at com.rabbitmq.client.impl.AMQConnection.access$400(AMQConnection.java:48) ~[amqp-client-5.25.0.jar:5.25.0]
	at com.rabbitmq.client.impl.AMQConnection$MainLoop.run(AMQConnection.java:688) ~[amqp-client-5.25.0.jar:5.25.0]
	... 1 common frames omitted

2025-11-24T22:37:40.204+05:30  INFO 27539 --- [product-service] [springCloudBus.anonymous.K4HVOzN0Sr2CwjXw5PXxig-107] [                                                 ] o.s.a.r.l.SimpleMessageListenerContainer : Restarting Consumer@17bd585c: tags=[[]], channel=Cached Rabbit Channel: AMQChannel(amqp://dwtkuyzt@35.153.225.39:5672/dwtkuyzt,1), conn: Proxy@276b6159 Shared Rabbit Connection: SimpleConnection@3c1ed920 [delegate=amqp://dwtkuyzt@35.153.225.39:5672/dwtkuyzt, localPort=61539], acknowledgeMode=AUTO local queue size=0
2025-11-24T22:37:41.313+05:30  WARN 27539 --- [product-service] [springCloudBus.anonymous.K4HVOzN0Sr2CwjXw5PXxig-108] [                                                 ] o.s.a.r.listener.BlockingQueueConsumer   : Failed to declare queue: springCloudBus.anonymous.K4HVOzN0Sr2CwjXw5PXxig
2025-11-24T22:37:41.313+05:30  WARN 27539 --- [product-service] [springCloudBus.anonymous.K4HVOzN0Sr2CwjXw5PXxig-108] [                                                 ] o.s.a.r.listener.BlockingQueueConsumer   : Queue declaration failed; retries left=3

org.springframework.amqp.rabbit.listener.BlockingQueueConsumer$DeclarationException: Failed to declare queue(s):[springCloudBus.anonymous.K4HVOzN0Sr2CwjXw5PXxig]
	at org.springframework.amqp.rabbit.listener.BlockingQueueConsumer.attemptPassiveDeclarations(BlockingQueueConsumer.java:772) ~[spring-rabbit-3.2.8.jar:3.2.8]
	at org.springframework.amqp.rabbit.listener.BlockingQueueConsumer.passiveDeclarations(BlockingQueueConsumer.java:649) ~[spring-rabbit-3.2.8.jar:3.2.8]
	at org.springframework.amqp.rabbit.listener.BlockingQueueConsumer.start(BlockingQueueConsumer.java:636) ~[spring-rabbit-3.2.8.jar:3.2.8]
	at org.springframework.amqp.rabbit.listener.SimpleMessageListenerContainer$AsyncMessageProcessingConsumer.initialize(SimpleMessageListenerContainer.java:1490) ~[spring-rabbit-3.2.8.jar:3.2.8]
	at org.springframework.amqp.rabbit.listener.SimpleMessageListenerContainer$AsyncMessageProcessingConsumer.run(SimpleMessageListenerContainer.java:1328) ~[spring-rabbit-3.2.8.jar:3.2.8]
	at java.base/java.lang.Thread.run(Thread.java:1570) ~[na:na]
Caused by: java.io.IOException: null
	at com.rabbitmq.client.impl.AMQChannel.wrap(AMQChannel.java:140) ~[amqp-client-5.25.0.jar:5.25.0]
	at com.rabbitmq.client.impl.AMQChannel.wrap(AMQChannel.java:136) ~[amqp-client-5.25.0.jar:5.25.0]
	at com.rabbitmq.client.impl.AMQChannel.exnWrappingRpc(AMQChannel.java:158) ~[amqp-client-5.25.0.jar:5.25.0]
	at com.rabbitmq.client.impl.ChannelN.queueDeclarePassive(ChannelN.java:1033) ~[amqp-client-5.25.0.jar:5.25.0]
	at com.rabbitmq.client.impl.ChannelN.queueDeclarePassive(ChannelN.java:47) ~[amqp-client-5.25.0.jar:5.25.0]
	at java.base/jdk.internal.reflect.DirectMethodHandleAccessor.invoke(DirectMethodHandleAccessor.java:103) ~[na:na]
	at java.base/java.lang.reflect.Method.invoke(Method.java:580) ~[na:na]
	at org.springframework.amqp.rabbit.connection.CachingConnectionFactory$CachedChannelInvocationHandler.invoke(CachingConnectionFactory.java:1201) ~[spring-rabbit-3.2.8.jar:3.2.8]
	at jdk.proxy2/jdk.proxy2.$Proxy215.queueDeclarePassive(Unknown Source) ~[na:na]
	at org.springframework.amqp.rabbit.listener.BlockingQueueConsumer.attemptPassiveDeclarations(BlockingQueueConsumer.java:750) ~[spring-rabbit-3.2.8.jar:3.2.8]
	... 5 common frames omitted
Caused by: com.rabbitmq.client.ShutdownSignalException: channel error; protocol method: #method<channel.close>(reply-code=404, reply-text=NOT_FOUND - no queue 'springCloudBus.anonymous.K4HVOzN0Sr2CwjXw5PXxig' in vhost 'dwtkuyzt', class-id=50, method-id=10)
	at com.rabbitmq.utility.ValueOrException.getValue(ValueOrException.java:66) ~[amqp-client-5.25.0.jar:5.25.0]
	at com.rabbitmq.utility.BlockingValueOrException.uninterruptibleGetValue(BlockingValueOrException.java:36) ~[amqp-client-5.25.0.jar:5.25.0]
	at com.rabbitmq.client.impl.AMQChannel$BlockingRpcContinuation.getReply(AMQChannel.java:552) ~[amqp-client-5.25.0.jar:5.25.0]
	at com.rabbitmq.client.impl.AMQChannel.privateRpc(AMQChannel.java:316) ~[amqp-client-5.25.0.jar:5.25.0]
	at com.rabbitmq.client.impl.AMQChannel.exnWrappingRpc(AMQChannel.java:152) ~[amqp-client-5.25.0.jar:5.25.0]
	... 12 common frames omitted
Caused by: com.rabbitmq.client.ShutdownSignalException: channel error; protocol method: #method<channel.close>(reply-code=404, reply-text=NOT_FOUND - no queue 'springCloudBus.anonymous.K4HVOzN0Sr2CwjXw5PXxig' in vhost 'dwtkuyzt', class-id=50, method-id=10)
	at com.rabbitmq.client.impl.ChannelN.asyncShutdown(ChannelN.java:528) ~[amqp-client-5.25.0.jar:5.25.0]
	at com.rabbitmq.client.impl.ChannelN.processAsync(ChannelN.java:349) ~[amqp-client-5.25.0.jar:5.25.0]
	at com.rabbitmq.client.impl.AMQChannel.handleCompleteInboundCommand(AMQChannel.java:193) ~[amqp-client-5.25.0.jar:5.25.0]
	at com.rabbitmq.client.impl.AMQChannel.handleFrame(AMQChannel.java:125) ~[amqp-client-5.25.0.jar:5.25.0]
	at com.rabbitmq.client.impl.AMQConnection.readFrame(AMQConnection.java:761) ~[amqp-client-5.25.0.jar:5.25.0]
	at com.rabbitmq.client.impl.AMQConnection.access$400(AMQConnection.java:48) ~[amqp-client-5.25.0.jar:5.25.0]
	at com.rabbitmq.client.impl.AMQConnection$MainLoop.run(AMQConnection.java:688) ~[amqp-client-5.25.0.jar:5.25.0]
	... 1 common frames omitted

2025-11-24T22:37:46.870+05:30  WARN 27539 --- [product-service] [springCloudBus.anonymous.K4HVOzN0Sr2CwjXw5PXxig-108] [                                                 ] o.s.a.r.listener.BlockingQueueConsumer   : Failed to declare queue: springCloudBus.anonymous.K4HVOzN0Sr2CwjXw5PXxig
2025-11-24T22:37:46.871+05:30  WARN 27539 --- [product-service] [springCloudBus.anonymous.K4HVOzN0Sr2CwjXw5PXxig-108] [                                                 ] o.s.a.r.listener.BlockingQueueConsumer   : Queue declaration failed; retries left=2

org.springframework.amqp.rabbit.listener.BlockingQueueConsumer$DeclarationException: Failed to declare queue(s):[springCloudBus.anonymous.K4HVOzN0Sr2CwjXw5PXxig]
	at org.springframework.amqp.rabbit.listener.BlockingQueueConsumer.attemptPassiveDeclarations(BlockingQueueConsumer.java:772) ~[spring-rabbit-3.2.8.jar:3.2.8]
	at org.springframework.amqp.rabbit.listener.BlockingQueueConsumer.passiveDeclarations(BlockingQueueConsumer.java:649) ~[spring-rabbit-3.2.8.jar:3.2.8]
	at org.springframework.amqp.rabbit.listener.BlockingQueueConsumer.start(BlockingQueueConsumer.java:636) ~[spring-rabbit-3.2.8.jar:3.2.8]
	at org.springframework.amqp.rabbit.listener.SimpleMessageListenerContainer$AsyncMessageProcessingConsumer.initialize(SimpleMessageListenerContainer.java:1490) ~[spring-rabbit-3.2.8.jar:3.2.8]
	at org.springframework.amqp.rabbit.listener.SimpleMessageListenerContainer$AsyncMessageProcessingConsumer.run(SimpleMessageListenerContainer.java:1328) ~[spring-rabbit-3.2.8.jar:3.2.8]
	at java.base/java.lang.Thread.run(Thread.java:1570) ~[na:na]
Caused by: java.io.IOException: null
	at com.rabbitmq.client.impl.AMQChannel.wrap(AMQChannel.java:140) ~[amqp-client-5.25.0.jar:5.25.0]
	at com.rabbitmq.client.impl.AMQChannel.wrap(AMQChannel.java:136) ~[amqp-client-5.25.0.jar:5.25.0]
	at com.rabbitmq.client.impl.AMQChannel.exnWrappingRpc(AMQChannel.java:158) ~[amqp-client-5.25.0.jar:5.25.0]
	at com.rabbitmq.client.impl.ChannelN.queueDeclarePassive(ChannelN.java:1033) ~[amqp-client-5.25.0.jar:5.25.0]
	at com.rabbitmq.client.impl.ChannelN.queueDeclarePassive(ChannelN.java:47) ~[amqp-client-5.25.0.jar:5.25.0]
	at java.base/jdk.internal.reflect.DirectMethodHandleAccessor.invoke(DirectMethodHandleAccessor.java:103) ~[na:na]
	at java.base/java.lang.reflect.Method.invoke(Method.java:580) ~[na:na]
	at org.springframework.amqp.rabbit.connection.CachingConnectionFactory$CachedChannelInvocationHandler.invoke(CachingConnectionFactory.java:1201) ~[spring-rabbit-3.2.8.jar:3.2.8]
	at jdk.proxy2/jdk.proxy2.$Proxy215.queueDeclarePassive(Unknown Source) ~[na:na]
	at org.springframework.amqp.rabbit.listener.BlockingQueueConsumer.attemptPassiveDeclarations(BlockingQueueConsumer.java:750) ~[spring-rabbit-3.2.8.jar:3.2.8]
	... 5 common frames omitted
Caused by: com.rabbitmq.client.ShutdownSignalException: channel error; protocol method: #method<channel.close>(reply-code=404, reply-text=NOT_FOUND - no queue 'springCloudBus.anonymous.K4HVOzN0Sr2CwjXw5PXxig' in vhost 'dwtkuyzt', class-id=50, method-id=10)
	at com.rabbitmq.utility.ValueOrException.getValue(ValueOrException.java:66) ~[amqp-client-5.25.0.jar:5.25.0]
	at com.rabbitmq.utility.BlockingValueOrException.uninterruptibleGetValue(BlockingValueOrException.java:36) ~[amqp-client-5.25.0.jar:5.25.0]
	at com.rabbitmq.client.impl.AMQChannel$BlockingRpcContinuation.getReply(AMQChannel.java:552) ~[amqp-client-5.25.0.jar:5.25.0]
	at com.rabbitmq.client.impl.AMQChannel.privateRpc(AMQChannel.java:316) ~[amqp-client-5.25.0.jar:5.25.0]
	at com.rabbitmq.client.impl.AMQChannel.exnWrappingRpc(AMQChannel.java:152) ~[amqp-client-5.25.0.jar:5.25.0]
	... 12 common frames omitted
Caused by: com.rabbitmq.client.ShutdownSignalException: channel error; protocol method: #method<channel.close>(reply-code=404, reply-text=NOT_FOUND - no queue 'springCloudBus.anonymous.K4HVOzN0Sr2CwjXw5PXxig' in vhost 'dwtkuyzt', class-id=50, method-id=10)
	at com.rabbitmq.client.impl.ChannelN.asyncShutdown(ChannelN.java:528) ~[amqp-client-5.25.0.jar:5.25.0]
	at com.rabbitmq.client.impl.ChannelN.processAsync(ChannelN.java:349) ~[amqp-client-5.25.0.jar:5.25.0]
	at com.rabbitmq.client.impl.AMQChannel.handleCompleteInboundCommand(AMQChannel.java:193) ~[amqp-client-5.25.0.jar:5.25.0]
	at com.rabbitmq.client.impl.AMQChannel.handleFrame(AMQChannel.java:125) ~[amqp-client-5.25.0.jar:5.25.0]
	at com.rabbitmq.client.impl.AMQConnection.readFrame(AMQConnection.java:761) ~[amqp-client-5.25.0.jar:5.25.0]
	at com.rabbitmq.client.impl.AMQConnection.access$400(AMQConnection.java:48) ~[amqp-client-5.25.0.jar:5.25.0]
	at com.rabbitmq.client.impl.AMQConnection$MainLoop.run(AMQConnection.java:688) ~[amqp-client-5.25.0.jar:5.25.0]
	... 1 common frames omitted

2025-11-24T22:37:52.426+05:30  WARN 27539 --- [product-service] [springCloudBus.anonymous.K4HVOzN0Sr2CwjXw5PXxig-108] [                                                 ] o.s.a.r.listener.BlockingQueueConsumer   : Failed to declare queue: springCloudBus.anonymous.K4HVOzN0Sr2CwjXw5PXxig
2025-11-24T22:37:52.427+05:30  WARN 27539 --- [product-service] [springCloudBus.anonymous.K4HVOzN0Sr2CwjXw5PXxig-108] [                                                 ] o.s.a.r.listener.BlockingQueueConsumer   : Queue declaration failed; retries left=1

org.springframework.amqp.rabbit.listener.BlockingQueueConsumer$DeclarationException: Failed to declare queue(s):[springCloudBus.anonymous.K4HVOzN0Sr2CwjXw5PXxig]
	at org.springframework.amqp.rabbit.listener.BlockingQueueConsumer.attemptPassiveDeclarations(BlockingQueueConsumer.java:772) ~[spring-rabbit-3.2.8.jar:3.2.8]
	at org.springframework.amqp.rabbit.listener.BlockingQueueConsumer.passiveDeclarations(BlockingQueueConsumer.java:649) ~[spring-rabbit-3.2.8.jar:3.2.8]
	at org.springframework.amqp.rabbit.listener.BlockingQueueConsumer.start(BlockingQueueConsumer.java:636) ~[spring-rabbit-3.2.8.jar:3.2.8]
	at org.springframework.amqp.rabbit.listener.SimpleMessageListenerContainer$AsyncMessageProcessingConsumer.initialize(SimpleMessageListenerContainer.java:1490) ~[spring-rabbit-3.2.8.jar:3.2.8]
	at org.springframework.amqp.rabbit.listener.SimpleMessageListenerContainer$AsyncMessageProcessingConsumer.run(SimpleMessageListenerContainer.java:1328) ~[spring-rabbit-3.2.8.jar:3.2.8]
	at java.base/java.lang.Thread.run(Thread.java:1570) ~[na:na]
Caused by: java.io.IOException: null
	at com.rabbitmq.client.impl.AMQChannel.wrap(AMQChannel.java:140) ~[amqp-client-5.25.0.jar:5.25.0]
	at com.rabbitmq.client.impl.AMQChannel.wrap(AMQChannel.java:136) ~[amqp-client-5.25.0.jar:5.25.0]
	at com.rabbitmq.client.impl.AMQChannel.exnWrappingRpc(AMQChannel.java:158) ~[amqp-client-5.25.0.jar:5.25.0]
	at com.rabbitmq.client.impl.ChannelN.queueDeclarePassive(ChannelN.java:1033) ~[amqp-client-5.25.0.jar:5.25.0]
	at com.rabbitmq.client.impl.ChannelN.queueDeclarePassive(ChannelN.java:47) ~[amqp-client-5.25.0.jar:5.25.0]
	at java.base/jdk.internal.reflect.DirectMethodHandleAccessor.invoke(DirectMethodHandleAccessor.java:103) ~[na:na]
	at java.base/java.lang.reflect.Method.invoke(Method.java:580) ~[na:na]
	at org.springframework.amqp.rabbit.connection.CachingConnectionFactory$CachedChannelInvocationHandler.invoke(CachingConnectionFactory.java:1201) ~[spring-rabbit-3.2.8.jar:3.2.8]
	at jdk.proxy2/jdk.proxy2.$Proxy215.queueDeclarePassive(Unknown Source) ~[na:na]
	at org.springframework.amqp.rabbit.listener.BlockingQueueConsumer.attemptPassiveDeclarations(BlockingQueueConsumer.java:750) ~[spring-rabbit-3.2.8.jar:3.2.8]
	... 5 common frames omitted
Caused by: com.rabbitmq.client.ShutdownSignalException: channel error; protocol method: #method<channel.close>(reply-code=404, reply-text=NOT_FOUND - no queue 'springCloudBus.anonymous.K4HVOzN0Sr2CwjXw5PXxig' in vhost 'dwtkuyzt', class-id=50, method-id=10)
	at com.rabbitmq.utility.ValueOrException.getValue(ValueOrException.java:66) ~[amqp-client-5.25.0.jar:5.25.0]
	at com.rabbitmq.utility.BlockingValueOrException.uninterruptibleGetValue(BlockingValueOrException.java:36) ~[amqp-client-5.25.0.jar:5.25.0]
	at com.rabbitmq.client.impl.AMQChannel$BlockingRpcContinuation.getReply(AMQChannel.java:552) ~[amqp-client-5.25.0.jar:5.25.0]
	at com.rabbitmq.client.impl.AMQChannel.privateRpc(AMQChannel.java:316) ~[amqp-client-5.25.0.jar:5.25.0]
	at com.rabbitmq.client.impl.AMQChannel.exnWrappingRpc(AMQChannel.java:152) ~[amqp-client-5.25.0.jar:5.25.0]
	... 12 common frames omitted
Caused by: com.rabbitmq.client.ShutdownSignalException: channel error; protocol method: #method<channel.close>(reply-code=404, reply-text=NOT_FOUND - no queue 'springCloudBus.anonymous.K4HVOzN0Sr2CwjXw5PXxig' in vhost 'dwtkuyzt', class-id=50, method-id=10)
	at com.rabbitmq.client.impl.ChannelN.asyncShutdown(ChannelN.java:528) ~[amqp-client-5.25.0.jar:5.25.0]
	at com.rabbitmq.client.impl.ChannelN.processAsync(ChannelN.java:349) ~[amqp-client-5.25.0.jar:5.25.0]
	at com.rabbitmq.client.impl.AMQChannel.handleCompleteInboundCommand(AMQChannel.java:193) ~[amqp-client-5.25.0.jar:5.25.0]
	at com.rabbitmq.client.impl.AMQChannel.handleFrame(AMQChannel.java:125) ~[amqp-client-5.25.0.jar:5.25.0]
	at com.rabbitmq.client.impl.AMQConnection.readFrame(AMQConnection.java:761) ~[amqp-client-5.25.0.jar:5.25.0]
	at com.rabbitmq.client.impl.AMQConnection.access$400(AMQConnection.java:48) ~[amqp-client-5.25.0.jar:5.25.0]
	at com.rabbitmq.client.impl.AMQConnection$MainLoop.run(AMQConnection.java:688) ~[amqp-client-5.25.0.jar:5.25.0]
	... 1 common frames omitted

2025-11-24T22:37:57.986+05:30  WARN 27539 --- [product-service] [springCloudBus.anonymous.K4HVOzN0Sr2CwjXw5PXxig-108] [                                                 ] o.s.a.r.listener.BlockingQueueConsumer   : Failed to declare queue: springCloudBus.anonymous.K4HVOzN0Sr2CwjXw5PXxig
2025-11-24T22:38:03.068+05:30 ERROR 27539 --- [product-service] [springCloudBus.anonymous.K4HVOzN0Sr2CwjXw5PXxig-108] [                                                 ] o.s.a.r.l.SimpleMessageListenerContainer : Consumer threw missing queues exception, fatal=false

org.springframework.amqp.rabbit.listener.QueuesNotAvailableException: Cannot prepare queue for listener. Either the queue doesn't exist or the broker will not allow us to use it.
	at org.springframework.amqp.rabbit.listener.BlockingQueueConsumer.handleDeclarationException(BlockingQueueConsumer.java:722) ~[spring-rabbit-3.2.8.jar:3.2.8]
	at org.springframework.amqp.rabbit.listener.BlockingQueueConsumer.passiveDeclarations(BlockingQueueConsumer.java:656) ~[spring-rabbit-3.2.8.jar:3.2.8]
	at org.springframework.amqp.rabbit.listener.BlockingQueueConsumer.start(BlockingQueueConsumer.java:636) ~[spring-rabbit-3.2.8.jar:3.2.8]
	at org.springframework.amqp.rabbit.listener.SimpleMessageListenerContainer$AsyncMessageProcessingConsumer.initialize(SimpleMessageListenerContainer.java:1490) ~[spring-rabbit-3.2.8.jar:3.2.8]
	at org.springframework.amqp.rabbit.listener.SimpleMessageListenerContainer$AsyncMessageProcessingConsumer.run(SimpleMessageListenerContainer.java:1328) ~[spring-rabbit-3.2.8.jar:3.2.8]
	at java.base/java.lang.Thread.run(Thread.java:1570) ~[na:na]
Caused by: org.springframework.amqp.rabbit.listener.BlockingQueueConsumer$DeclarationException: Failed to declare queue(s):[springCloudBus.anonymous.K4HVOzN0Sr2CwjXw5PXxig]
	at org.springframework.amqp.rabbit.listener.BlockingQueueConsumer.attemptPassiveDeclarations(BlockingQueueConsumer.java:772) ~[spring-rabbit-3.2.8.jar:3.2.8]
	at org.springframework.amqp.rabbit.listener.BlockingQueueConsumer.passiveDeclarations(BlockingQueueConsumer.java:649) ~[spring-rabbit-3.2.8.jar:3.2.8]
	... 4 common frames omitted
Caused by: java.io.IOException: null
	at com.rabbitmq.client.impl.AMQChannel.wrap(AMQChannel.java:140) ~[amqp-client-5.25.0.jar:5.25.0]
	at com.rabbitmq.client.impl.AMQChannel.wrap(AMQChannel.java:136) ~[amqp-client-5.25.0.jar:5.25.0]
	at com.rabbitmq.client.impl.AMQChannel.exnWrappingRpc(AMQChannel.java:158) ~[amqp-client-5.25.0.jar:5.25.0]
	at com.rabbitmq.client.impl.ChannelN.queueDeclarePassive(ChannelN.java:1033) ~[amqp-client-5.25.0.jar:5.25.0]
	at com.rabbitmq.client.impl.ChannelN.queueDeclarePassive(ChannelN.java:47) ~[amqp-client-5.25.0.jar:5.25.0]
	at java.base/jdk.internal.reflect.DirectMethodHandleAccessor.invoke(DirectMethodHandleAccessor.java:103) ~[na:na]
	at java.base/java.lang.reflect.Method.invoke(Method.java:580) ~[na:na]
	at org.springframework.amqp.rabbit.connection.CachingConnectionFactory$CachedChannelInvocationHandler.invoke(CachingConnectionFactory.java:1201) ~[spring-rabbit-3.2.8.jar:3.2.8]
	at jdk.proxy2/jdk.proxy2.$Proxy215.queueDeclarePassive(Unknown Source) ~[na:na]
	at org.springframework.amqp.rabbit.listener.BlockingQueueConsumer.attemptPassiveDeclarations(BlockingQueueConsumer.java:750) ~[spring-rabbit-3.2.8.jar:3.2.8]
	... 5 common frames omitted
Caused by: com.rabbitmq.client.ShutdownSignalException: channel error; protocol method: #method<channel.close>(reply-code=404, reply-text=NOT_FOUND - no queue 'springCloudBus.anonymous.K4HVOzN0Sr2CwjXw5PXxig' in vhost 'dwtkuyzt', class-id=50, method-id=10)
	at com.rabbitmq.utility.ValueOrException.getValue(ValueOrException.java:66) ~[amqp-client-5.25.0.jar:5.25.0]
	at com.rabbitmq.utility.BlockingValueOrException.uninterruptibleGetValue(BlockingValueOrException.java:36) ~[amqp-client-5.25.0.jar:5.25.0]
	at com.rabbitmq.client.impl.AMQChannel$BlockingRpcContinuation.getReply(AMQChannel.java:552) ~[amqp-client-5.25.0.jar:5.25.0]
	at com.rabbitmq.client.impl.AMQChannel.privateRpc(AMQChannel.java:316) ~[amqp-client-5.25.0.jar:5.25.0]
	at com.rabbitmq.client.impl.AMQChannel.exnWrappingRpc(AMQChannel.java:152) ~[amqp-client-5.25.0.jar:5.25.0]
	... 12 common frames omitted
Caused by: com.rabbitmq.client.ShutdownSignalException: channel error; protocol method: #method<channel.close>(reply-code=404, reply-text=NOT_FOUND - no queue 'springCloudBus.anonymous.K4HVOzN0Sr2CwjXw5PXxig' in vhost 'dwtkuyzt', class-id=50, method-id=10)
	at com.rabbitmq.client.impl.ChannelN.asyncShutdown(ChannelN.java:528) ~[amqp-client-5.25.0.jar:5.25.0]
	at com.rabbitmq.client.impl.ChannelN.processAsync(ChannelN.java:349) ~[amqp-client-5.25.0.jar:5.25.0]
	at com.rabbitmq.client.impl.AMQChannel.handleCompleteInboundCommand(AMQChannel.java:193) ~[amqp-client-5.25.0.jar:5.25.0]
	at com.rabbitmq.client.impl.AMQChannel.handleFrame(AMQChannel.java:125) ~[amqp-client-5.25.0.jar:5.25.0]
	at com.rabbitmq.client.impl.AMQConnection.readFrame(AMQConnection.java:761) ~[amqp-client-5.25.0.jar:5.25.0]
	at com.rabbitmq.client.impl.AMQConnection.access$400(AMQConnection.java:48) ~[amqp-client-5.25.0.jar:5.25.0]
	at com.rabbitmq.client.impl.AMQConnection$MainLoop.run(AMQConnection.java:688) ~[amqp-client-5.25.0.jar:5.25.0]
	... 1 common frames omitted

2025-11-24T22:38:03.083+05:30  INFO 27539 --- [product-service] [springCloudBus.anonymous.K4HVOzN0Sr2CwjXw5PXxig-108] [                                                 ] o.s.a.r.l.SimpleMessageListenerContainer : Restarting Consumer@39e822ce: tags=[[]], channel=Cached Rabbit Channel: AMQChannel(amqp://dwtkuyzt@35.153.225.39:5672/dwtkuyzt,1), conn: Proxy@276b6159 Shared Rabbit Connection: SimpleConnection@3c1ed920 [delegate=amqp://dwtkuyzt@35.153.225.39:5672/dwtkuyzt, localPort=61539], acknowledgeMode=AUTO local queue size=0
2025-11-24T22:38:04.208+05:30  WARN 27539 --- [product-service] [springCloudBus.anonymous.K4HVOzN0Sr2CwjXw5PXxig-109] [                                                 ] o.s.a.r.listener.BlockingQueueConsumer   : Failed to declare queue: springCloudBus.anonymous.K4HVOzN0Sr2CwjXw5PXxig
2025-11-24T22:38:04.208+05:30  WARN 27539 --- [product-service] [springCloudBus.anonymous.K4HVOzN0Sr2CwjXw5PXxig-109] [                                                 ] o.s.a.r.listener.BlockingQueueConsumer   : Queue declaration failed; retries left=3

org.springframework.amqp.rabbit.listener.BlockingQueueConsumer$DeclarationException: Failed to declare queue(s):[springCloudBus.anonymous.K4HVOzN0Sr2CwjXw5PXxig]
	at org.springframework.amqp.rabbit.listener.BlockingQueueConsumer.attemptPassiveDeclarations(BlockingQueueConsumer.java:772) ~[spring-rabbit-3.2.8.jar:3.2.8]
	at org.springframework.amqp.rabbit.listener.BlockingQueueConsumer.passiveDeclarations(BlockingQueueConsumer.java:649) ~[spring-rabbit-3.2.8.jar:3.2.8]
	at org.springframework.amqp.rabbit.listener.BlockingQueueConsumer.start(BlockingQueueConsumer.java:636) ~[spring-rabbit-3.2.8.jar:3.2.8]
	at org.springframework.amqp.rabbit.listener.SimpleMessageListenerContainer$AsyncMessageProcessingConsumer.initialize(SimpleMessageListenerContainer.java:1490) ~[spring-rabbit-3.2.8.jar:3.2.8]
	at org.springframework.amqp.rabbit.listener.SimpleMessageListenerContainer$AsyncMessageProcessingConsumer.run(SimpleMessageListenerContainer.java:1328) ~[spring-rabbit-3.2.8.jar:3.2.8]
	at java.base/java.lang.Thread.run(Thread.java:1570) ~[na:na]
Caused by: java.io.IOException: null
	at com.rabbitmq.client.impl.AMQChannel.wrap(AMQChannel.java:140) ~[amqp-client-5.25.0.jar:5.25.0]
	at com.rabbitmq.client.impl.AMQChannel.wrap(AMQChannel.java:136) ~[amqp-client-5.25.0.jar:5.25.0]
	at com.rabbitmq.client.impl.AMQChannel.exnWrappingRpc(AMQChannel.java:158) ~[amqp-client-5.25.0.jar:5.25.0]
	at com.rabbitmq.client.impl.ChannelN.queueDeclarePassive(ChannelN.java:1033) ~[amqp-client-5.25.0.jar:5.25.0]
	at com.rabbitmq.client.impl.ChannelN.queueDeclarePassive(ChannelN.java:47) ~[amqp-client-5.25.0.jar:5.25.0]
	at java.base/jdk.internal.reflect.DirectMethodHandleAccessor.invoke(DirectMethodHandleAccessor.java:103) ~[na:na]
	at java.base/java.lang.reflect.Method.invoke(Method.java:580) ~[na:na]
	at org.springframework.amqp.rabbit.connection.CachingConnectionFactory$CachedChannelInvocationHandler.invoke(CachingConnectionFactory.java:1201) ~[spring-rabbit-3.2.8.jar:3.2.8]
	at jdk.proxy2/jdk.proxy2.$Proxy215.queueDeclarePassive(Unknown Source) ~[na:na]
	at org.springframework.amqp.rabbit.listener.BlockingQueueConsumer.attemptPassiveDeclarations(BlockingQueueConsumer.java:750) ~[spring-rabbit-3.2.8.jar:3.2.8]
	... 5 common frames omitted
Caused by: com.rabbitmq.client.ShutdownSignalException: channel error; protocol method: #method<channel.close>(reply-code=404, reply-text=NOT_FOUND - no queue 'springCloudBus.anonymous.K4HVOzN0Sr2CwjXw5PXxig' in vhost 'dwtkuyzt', class-id=50, method-id=10)
	at com.rabbitmq.utility.ValueOrException.getValue(ValueOrException.java:66) ~[amqp-client-5.25.0.jar:5.25.0]
	at com.rabbitmq.utility.BlockingValueOrException.uninterruptibleGetValue(BlockingValueOrException.java:36) ~[amqp-client-5.25.0.jar:5.25.0]
	at com.rabbitmq.client.impl.AMQChannel$BlockingRpcContinuation.getReply(AMQChannel.java:552) ~[amqp-client-5.25.0.jar:5.25.0]
	at com.rabbitmq.client.impl.AMQChannel.privateRpc(AMQChannel.java:316) ~[amqp-client-5.25.0.jar:5.25.0]
	at com.rabbitmq.client.impl.AMQChannel.exnWrappingRpc(AMQChannel.java:152) ~[amqp-client-5.25.0.jar:5.25.0]
	... 12 common frames omitted
Caused by: com.rabbitmq.client.ShutdownSignalException: channel error; protocol method: #method<channel.close>(reply-code=404, reply-text=NOT_FOUND - no queue 'springCloudBus.anonymous.K4HVOzN0Sr2CwjXw5PXxig' in vhost 'dwtkuyzt', class-id=50, method-id=10)
	at com.rabbitmq.client.impl.ChannelN.asyncShutdown(ChannelN.java:528) ~[amqp-client-5.25.0.jar:5.25.0]
	at com.rabbitmq.client.impl.ChannelN.processAsync(ChannelN.java:349) ~[amqp-client-5.25.0.jar:5.25.0]
	at com.rabbitmq.client.impl.AMQChannel.handleCompleteInboundCommand(AMQChannel.java:193) ~[amqp-client-5.25.0.jar:5.25.0]
	at com.rabbitmq.client.impl.AMQChannel.handleFrame(AMQChannel.java:125) ~[amqp-client-5.25.0.jar:5.25.0]
	at com.rabbitmq.client.impl.AMQConnection.readFrame(AMQConnection.java:761) ~[amqp-client-5.25.0.jar:5.25.0]
	at com.rabbitmq.client.impl.AMQConnection.access$400(AMQConnection.java:48) ~[amqp-client-5.25.0.jar:5.25.0]
	at com.rabbitmq.client.impl.AMQConnection$MainLoop.run(AMQConnection.java:688) ~[amqp-client-5.25.0.jar:5.25.0]
	... 1 common frames omitted

2025-11-24T22:38:09.762+05:30  WARN 27539 --- [product-service] [springCloudBus.anonymous.K4HVOzN0Sr2CwjXw5PXxig-109] [                                                 ] o.s.a.r.listener.BlockingQueueConsumer   : Failed to declare queue: springCloudBus.anonymous.K4HVOzN0Sr2CwjXw5PXxig
2025-11-24T22:38:09.763+05:30  WARN 27539 --- [product-service] [springCloudBus.anonymous.K4HVOzN0Sr2CwjXw5PXxig-109] [                                                 ] o.s.a.r.listener.BlockingQueueConsumer   : Queue declaration failed; retries left=2

org.springframework.amqp.rabbit.listener.BlockingQueueConsumer$DeclarationException: Failed to declare queue(s):[springCloudBus.anonymous.K4HVOzN0Sr2CwjXw5PXxig]
	at org.springframework.amqp.rabbit.listener.BlockingQueueConsumer.attemptPassiveDeclarations(BlockingQueueConsumer.java:772) ~[spring-rabbit-3.2.8.jar:3.2.8]
	at org.springframework.amqp.rabbit.listener.BlockingQueueConsumer.passiveDeclarations(BlockingQueueConsumer.java:649) ~[spring-rabbit-3.2.8.jar:3.2.8]
	at org.springframework.amqp.rabbit.listener.BlockingQueueConsumer.start(BlockingQueueConsumer.java:636) ~[spring-rabbit-3.2.8.jar:3.2.8]
	at org.springframework.amqp.rabbit.listener.SimpleMessageListenerContainer$AsyncMessageProcessingConsumer.initialize(SimpleMessageListenerContainer.java:1490) ~[spring-rabbit-3.2.8.jar:3.2.8]
	at org.springframework.amqp.rabbit.listener.SimpleMessageListenerContainer$AsyncMessageProcessingConsumer.run(SimpleMessageListenerContainer.java:1328) ~[spring-rabbit-3.2.8.jar:3.2.8]
	at java.base/java.lang.Thread.run(Thread.java:1570) ~[na:na]
Caused by: java.io.IOException: null
	at com.rabbitmq.client.impl.AMQChannel.wrap(AMQChannel.java:140) ~[amqp-client-5.25.0.jar:5.25.0]
	at com.rabbitmq.client.impl.AMQChannel.wrap(AMQChannel.java:136) ~[amqp-client-5.25.0.jar:5.25.0]
	at com.rabbitmq.client.impl.AMQChannel.exnWrappingRpc(AMQChannel.java:158) ~[amqp-client-5.25.0.jar:5.25.0]
	at com.rabbitmq.client.impl.ChannelN.queueDeclarePassive(ChannelN.java:1033) ~[amqp-client-5.25.0.jar:5.25.0]
	at com.rabbitmq.client.impl.ChannelN.queueDeclarePassive(ChannelN.java:47) ~[amqp-client-5.25.0.jar:5.25.0]
	at java.base/jdk.internal.reflect.DirectMethodHandleAccessor.invoke(DirectMethodHandleAccessor.java:103) ~[na:na]
	at java.base/java.lang.reflect.Method.invoke(Method.java:580) ~[na:na]
	at org.springframework.amqp.rabbit.connection.CachingConnectionFactory$CachedChannelInvocationHandler.invoke(CachingConnectionFactory.java:1201) ~[spring-rabbit-3.2.8.jar:3.2.8]
	at jdk.proxy2/jdk.proxy2.$Proxy215.queueDeclarePassive(Unknown Source) ~[na:na]
	at org.springframework.amqp.rabbit.listener.BlockingQueueConsumer.attemptPassiveDeclarations(BlockingQueueConsumer.java:750) ~[spring-rabbit-3.2.8.jar:3.2.8]
	... 5 common frames omitted
Caused by: com.rabbitmq.client.ShutdownSignalException: channel error; protocol method: #method<channel.close>(reply-code=404, reply-text=NOT_FOUND - no queue 'springCloudBus.anonymous.K4HVOzN0Sr2CwjXw5PXxig' in vhost 'dwtkuyzt', class-id=50, method-id=10)
	at com.rabbitmq.utility.ValueOrException.getValue(ValueOrException.java:66) ~[amqp-client-5.25.0.jar:5.25.0]
	at com.rabbitmq.utility.BlockingValueOrException.uninterruptibleGetValue(BlockingValueOrException.java:36) ~[amqp-client-5.25.0.jar:5.25.0]
	at com.rabbitmq.client.impl.AMQChannel$BlockingRpcContinuation.getReply(AMQChannel.java:552) ~[amqp-client-5.25.0.jar:5.25.0]
	at com.rabbitmq.client.impl.AMQChannel.privateRpc(AMQChannel.java:316) ~[amqp-client-5.25.0.jar:5.25.0]
	at com.rabbitmq.client.impl.AMQChannel.exnWrappingRpc(AMQChannel.java:152) ~[amqp-client-5.25.0.jar:5.25.0]
	... 12 common frames omitted
Caused by: com.rabbitmq.client.ShutdownSignalException: channel error; protocol method: #method<channel.close>(reply-code=404, reply-text=NOT_FOUND - no queue 'springCloudBus.anonymous.K4HVOzN0Sr2CwjXw5PXxig' in vhost 'dwtkuyzt', class-id=50, method-id=10)
	at com.rabbitmq.client.impl.ChannelN.asyncShutdown(ChannelN.java:528) ~[amqp-client-5.25.0.jar:5.25.0]
	at com.rabbitmq.client.impl.ChannelN.processAsync(ChannelN.java:349) ~[amqp-client-5.25.0.jar:5.25.0]
	at com.rabbitmq.client.impl.AMQChannel.handleCompleteInboundCommand(AMQChannel.java:193) ~[amqp-client-5.25.0.jar:5.25.0]
	at com.rabbitmq.client.impl.AMQChannel.handleFrame(AMQChannel.java:125) ~[amqp-client-5.25.0.jar:5.25.0]
	at com.rabbitmq.client.impl.AMQConnection.readFrame(AMQConnection.java:761) ~[amqp-client-5.25.0.jar:5.25.0]
	at com.rabbitmq.client.impl.AMQConnection.access$400(AMQConnection.java:48) ~[amqp-client-5.25.0.jar:5.25.0]
	at com.rabbitmq.client.impl.AMQConnection$MainLoop.run(AMQConnection.java:688) ~[amqp-client-5.25.0.jar:5.25.0]
	... 1 common frames omitted

2025-11-24T22:38:15.324+05:30  WARN 27539 --- [product-service] [springCloudBus.anonymous.K4HVOzN0Sr2CwjXw5PXxig-109] [                                                 ] o.s.a.r.listener.BlockingQueueConsumer   : Failed to declare queue: springCloudBus.anonymous.K4HVOzN0Sr2CwjXw5PXxig
2025-11-24T22:38:15.324+05:30  WARN 27539 --- [product-service] [springCloudBus.anonymous.K4HVOzN0Sr2CwjXw5PXxig-109] [                                                 ] o.s.a.r.listener.BlockingQueueConsumer   : Queue declaration failed; retries left=1

org.springframework.amqp.rabbit.listener.BlockingQueueConsumer$DeclarationException: Failed to declare queue(s):[springCloudBus.anonymous.K4HVOzN0Sr2CwjXw5PXxig]
	at org.springframework.amqp.rabbit.listener.BlockingQueueConsumer.attemptPassiveDeclarations(BlockingQueueConsumer.java:772) ~[spring-rabbit-3.2.8.jar:3.2.8]
	at org.springframework.amqp.rabbit.listener.BlockingQueueConsumer.passiveDeclarations(BlockingQueueConsumer.java:649) ~[spring-rabbit-3.2.8.jar:3.2.8]
	at org.springframework.amqp.rabbit.listener.BlockingQueueConsumer.start(BlockingQueueConsumer.java:636) ~[spring-rabbit-3.2.8.jar:3.2.8]
	at org.springframework.amqp.rabbit.listener.SimpleMessageListenerContainer$AsyncMessageProcessingConsumer.initialize(SimpleMessageListenerContainer.java:1490) ~[spring-rabbit-3.2.8.jar:3.2.8]
	at org.springframework.amqp.rabbit.listener.SimpleMessageListenerContainer$AsyncMessageProcessingConsumer.run(SimpleMessageListenerContainer.java:1328) ~[spring-rabbit-3.2.8.jar:3.2.8]
	at java.base/java.lang.Thread.run(Thread.java:1570) ~[na:na]
Caused by: java.io.IOException: null
	at com.rabbitmq.client.impl.AMQChannel.wrap(AMQChannel.java:140) ~[amqp-client-5.25.0.jar:5.25.0]
	at com.rabbitmq.client.impl.AMQChannel.wrap(AMQChannel.java:136) ~[amqp-client-5.25.0.jar:5.25.0]
	at com.rabbitmq.client.impl.AMQChannel.exnWrappingRpc(AMQChannel.java:158) ~[amqp-client-5.25.0.jar:5.25.0]
	at com.rabbitmq.client.impl.ChannelN.queueDeclarePassive(ChannelN.java:1033) ~[amqp-client-5.25.0.jar:5.25.0]
	at com.rabbitmq.client.impl.ChannelN.queueDeclarePassive(ChannelN.java:47) ~[amqp-client-5.25.0.jar:5.25.0]
	at java.base/jdk.internal.reflect.DirectMethodHandleAccessor.invoke(DirectMethodHandleAccessor.java:103) ~[na:na]
	at java.base/java.lang.reflect.Method.invoke(Method.java:580) ~[na:na]
	at org.springframework.amqp.rabbit.connection.CachingConnectionFactory$CachedChannelInvocationHandler.invoke(CachingConnectionFactory.java:1201) ~[spring-rabbit-3.2.8.jar:3.2.8]
	at jdk.proxy2/jdk.proxy2.$Proxy215.queueDeclarePassive(Unknown Source) ~[na:na]
	at org.springframework.amqp.rabbit.listener.BlockingQueueConsumer.attemptPassiveDeclarations(BlockingQueueConsumer.java:750) ~[spring-rabbit-3.2.8.jar:3.2.8]
	... 5 common frames omitted
Caused by: com.rabbitmq.client.ShutdownSignalException: channel error; protocol method: #method<channel.close>(reply-code=404, reply-text=NOT_FOUND - no queue 'springCloudBus.anonymous.K4HVOzN0Sr2CwjXw5PXxig' in vhost 'dwtkuyzt', class-id=50, method-id=10)
	at com.rabbitmq.utility.ValueOrException.getValue(ValueOrException.java:66) ~[amqp-client-5.25.0.jar:5.25.0]
	at com.rabbitmq.utility.BlockingValueOrException.uninterruptibleGetValue(BlockingValueOrException.java:36) ~[amqp-client-5.25.0.jar:5.25.0]
	at com.rabbitmq.client.impl.AMQChannel$BlockingRpcContinuation.getReply(AMQChannel.java:552) ~[amqp-client-5.25.0.jar:5.25.0]
	at com.rabbitmq.client.impl.AMQChannel.privateRpc(AMQChannel.java:316) ~[amqp-client-5.25.0.jar:5.25.0]
	at com.rabbitmq.client.impl.AMQChannel.exnWrappingRpc(AMQChannel.java:152) ~[amqp-client-5.25.0.jar:5.25.0]
	... 12 common frames omitted
Caused by: com.rabbitmq.client.ShutdownSignalException: channel error; protocol method: #method<channel.close>(reply-code=404, reply-text=NOT_FOUND - no queue 'springCloudBus.anonymous.K4HVOzN0Sr2CwjXw5PXxig' in vhost 'dwtkuyzt', class-id=50, method-id=10)
	at com.rabbitmq.client.impl.ChannelN.asyncShutdown(ChannelN.java:528) ~[amqp-client-5.25.0.jar:5.25.0]
	at com.rabbitmq.client.impl.ChannelN.processAsync(ChannelN.java:349) ~[amqp-client-5.25.0.jar:5.25.0]
	at com.rabbitmq.client.impl.AMQChannel.handleCompleteInboundCommand(AMQChannel.java:193) ~[amqp-client-5.25.0.jar:5.25.0]
	at com.rabbitmq.client.impl.AMQChannel.handleFrame(AMQChannel.java:125) ~[amqp-client-5.25.0.jar:5.25.0]
	at com.rabbitmq.client.impl.AMQConnection.readFrame(AMQConnection.java:761) ~[amqp-client-5.25.0.jar:5.25.0]
	at com.rabbitmq.client.impl.AMQConnection.access$400(AMQConnection.java:48) ~[amqp-client-5.25.0.jar:5.25.0]
	at com.rabbitmq.client.impl.AMQConnection$MainLoop.run(AMQConnection.java:688) ~[amqp-client-5.25.0.jar:5.25.0]
	... 1 common frames omitted

2025-11-24T22:38:20.882+05:30  WARN 27539 --- [product-service] [springCloudBus.anonymous.K4HVOzN0Sr2CwjXw5PXxig-109] [                                                 ] o.s.a.r.listener.BlockingQueueConsumer   : Failed to declare queue: springCloudBus.anonymous.K4HVOzN0Sr2CwjXw5PXxig
2025-11-24T22:38:25.970+05:30 ERROR 27539 --- [product-service] [springCloudBus.anonymous.K4HVOzN0Sr2CwjXw5PXxig-109] [                                                 ] o.s.a.r.l.SimpleMessageListenerContainer : Consumer threw missing queues exception, fatal=false

org.springframework.amqp.rabbit.listener.QueuesNotAvailableException: Cannot prepare queue for listener. Either the queue doesn't exist or the broker will not allow us to use it.
	at org.springframework.amqp.rabbit.listener.BlockingQueueConsumer.handleDeclarationException(BlockingQueueConsumer.java:722) ~[spring-rabbit-3.2.8.jar:3.2.8]
	at org.springframework.amqp.rabbit.listener.BlockingQueueConsumer.passiveDeclarations(BlockingQueueConsumer.java:656) ~[spring-rabbit-3.2.8.jar:3.2.8]
	at org.springframework.amqp.rabbit.listener.BlockingQueueConsumer.start(BlockingQueueConsumer.java:636) ~[spring-rabbit-3.2.8.jar:3.2.8]
	at org.springframework.amqp.rabbit.listener.SimpleMessageListenerContainer$AsyncMessageProcessingConsumer.initialize(SimpleMessageListenerContainer.java:1490) ~[spring-rabbit-3.2.8.jar:3.2.8]
	at org.springframework.amqp.rabbit.listener.SimpleMessageListenerContainer$AsyncMessageProcessingConsumer.run(SimpleMessageListenerContainer.java:1328) ~[spring-rabbit-3.2.8.jar:3.2.8]
	at java.base/java.lang.Thread.run(Thread.java:1570) ~[na:na]
Caused by: org.springframework.amqp.rabbit.listener.BlockingQueueConsumer$DeclarationException: Failed to declare queue(s):[springCloudBus.anonymous.K4HVOzN0Sr2CwjXw5PXxig]
	at org.springframework.amqp.rabbit.listener.BlockingQueueConsumer.attemptPassiveDeclarations(BlockingQueueConsumer.java:772) ~[spring-rabbit-3.2.8.jar:3.2.8]
	at org.springframework.amqp.rabbit.listener.BlockingQueueConsumer.passiveDeclarations(BlockingQueueConsumer.java:649) ~[spring-rabbit-3.2.8.jar:3.2.8]
	... 4 common frames omitted
Caused by: java.io.IOException: null
	at com.rabbitmq.client.impl.AMQChannel.wrap(AMQChannel.java:140) ~[amqp-client-5.25.0.jar:5.25.0]
	at com.rabbitmq.client.impl.AMQChannel.wrap(AMQChannel.java:136) ~[amqp-client-5.25.0.jar:5.25.0]
	at com.rabbitmq.client.impl.AMQChannel.exnWrappingRpc(AMQChannel.java:158) ~[amqp-client-5.25.0.jar:5.25.0]
	at com.rabbitmq.client.impl.ChannelN.queueDeclarePassive(ChannelN.java:1033) ~[amqp-client-5.25.0.jar:5.25.0]
	at com.rabbitmq.client.impl.ChannelN.queueDeclarePassive(ChannelN.java:47) ~[amqp-client-5.25.0.jar:5.25.0]
	at java.base/jdk.internal.reflect.DirectMethodHandleAccessor.invoke(DirectMethodHandleAccessor.java:103) ~[na:na]
	at java.base/java.lang.reflect.Method.invoke(Method.java:580) ~[na:na]
	at org.springframework.amqp.rabbit.connection.CachingConnectionFactory$CachedChannelInvocationHandler.invoke(CachingConnectionFactory.java:1201) ~[spring-rabbit-3.2.8.jar:3.2.8]
	at jdk.proxy2/jdk.proxy2.$Proxy215.queueDeclarePassive(Unknown Source) ~[na:na]
	at org.springframework.amqp.rabbit.listener.BlockingQueueConsumer.attemptPassiveDeclarations(BlockingQueueConsumer.java:750) ~[spring-rabbit-3.2.8.jar:3.2.8]
	... 5 common frames omitted
Caused by: com.rabbitmq.client.ShutdownSignalException: channel error; protocol method: #method<channel.close>(reply-code=404, reply-text=NOT_FOUND - no queue 'springCloudBus.anonymous.K4HVOzN0Sr2CwjXw5PXxig' in vhost 'dwtkuyzt', class-id=50, method-id=10)
	at com.rabbitmq.utility.ValueOrException.getValue(ValueOrException.java:66) ~[amqp-client-5.25.0.jar:5.25.0]
	at com.rabbitmq.utility.BlockingValueOrException.uninterruptibleGetValue(BlockingValueOrException.java:36) ~[amqp-client-5.25.0.jar:5.25.0]
	at com.rabbitmq.client.impl.AMQChannel$BlockingRpcContinuation.getReply(AMQChannel.java:552) ~[amqp-client-5.25.0.jar:5.25.0]
	at com.rabbitmq.client.impl.AMQChannel.privateRpc(AMQChannel.java:316) ~[amqp-client-5.25.0.jar:5.25.0]
	at com.rabbitmq.client.impl.AMQChannel.exnWrappingRpc(AMQChannel.java:152) ~[amqp-client-5.25.0.jar:5.25.0]
	... 12 common frames omitted
Caused by: com.rabbitmq.client.ShutdownSignalException: channel error; protocol method: #method<channel.close>(reply-code=404, reply-text=NOT_FOUND - no queue 'springCloudBus.anonymous.K4HVOzN0Sr2CwjXw5PXxig' in vhost 'dwtkuyzt', class-id=50, method-id=10)
	at com.rabbitmq.client.impl.ChannelN.asyncShutdown(ChannelN.java:528) ~[amqp-client-5.25.0.jar:5.25.0]
	at com.rabbitmq.client.impl.ChannelN.processAsync(ChannelN.java:349) ~[amqp-client-5.25.0.jar:5.25.0]
	at com.rabbitmq.client.impl.AMQChannel.handleCompleteInboundCommand(AMQChannel.java:193) ~[amqp-client-5.25.0.jar:5.25.0]
	at com.rabbitmq.client.impl.AMQChannel.handleFrame(AMQChannel.java:125) ~[amqp-client-5.25.0.jar:5.25.0]
	at com.rabbitmq.client.impl.AMQConnection.readFrame(AMQConnection.java:761) ~[amqp-client-5.25.0.jar:5.25.0]
	at com.rabbitmq.client.impl.AMQConnection.access$400(AMQConnection.java:48) ~[amqp-client-5.25.0.jar:5.25.0]
	at com.rabbitmq.client.impl.AMQConnection$MainLoop.run(AMQConnection.java:688) ~[amqp-client-5.25.0.jar:5.25.0]
	... 1 common frames omitted

2025-11-24T22:38:25.973+05:30  INFO 27539 --- [product-service] [springCloudBus.anonymous.K4HVOzN0Sr2CwjXw5PXxig-109] [                                                 ] o.s.a.r.l.SimpleMessageListenerContainer : Restarting Consumer@5c483f80: tags=[[]], channel=Cached Rabbit Channel: AMQChannel(amqp://dwtkuyzt@35.153.225.39:5672/dwtkuyzt,1), conn: Proxy@276b6159 Shared Rabbit Connection: SimpleConnection@3c1ed920 [delegate=amqp://dwtkuyzt@35.153.225.39:5672/dwtkuyzt, localPort=61539], acknowledgeMode=AUTO local queue size=0
2025-11-24T22:38:27.092+05:30  WARN 27539 --- [product-service] [springCloudBus.anonymous.K4HVOzN0Sr2CwjXw5PXxig-110] [                                                 ] o.s.a.r.listener.BlockingQueueConsumer   : Failed to declare queue: springCloudBus.anonymous.K4HVOzN0Sr2CwjXw5PXxig
2025-11-24T22:38:27.093+05:30  WARN 27539 --- [product-service] [springCloudBus.anonymous.K4HVOzN0Sr2CwjXw5PXxig-110] [                                                 ] o.s.a.r.listener.BlockingQueueConsumer   : Queue declaration failed; retries left=3

org.springframework.amqp.rabbit.listener.BlockingQueueConsumer$DeclarationException: Failed to declare queue(s):[springCloudBus.anonymous.K4HVOzN0Sr2CwjXw5PXxig]
	at org.springframework.amqp.rabbit.listener.BlockingQueueConsumer.attemptPassiveDeclarations(BlockingQueueConsumer.java:772) ~[spring-rabbit-3.2.8.jar:3.2.8]
	at org.springframework.amqp.rabbit.listener.BlockingQueueConsumer.passiveDeclarations(BlockingQueueConsumer.java:649) ~[spring-rabbit-3.2.8.jar:3.2.8]
	at org.springframework.amqp.rabbit.listener.BlockingQueueConsumer.start(BlockingQueueConsumer.java:636) ~[spring-rabbit-3.2.8.jar:3.2.8]
	at org.springframework.amqp.rabbit.listener.SimpleMessageListenerContainer$AsyncMessageProcessingConsumer.initialize(SimpleMessageListenerContainer.java:1490) ~[spring-rabbit-3.2.8.jar:3.2.8]
	at org.springframework.amqp.rabbit.listener.SimpleMessageListenerContainer$AsyncMessageProcessingConsumer.run(SimpleMessageListenerContainer.java:1328) ~[spring-rabbit-3.2.8.jar:3.2.8]
	at java.base/java.lang.Thread.run(Thread.java:1570) ~[na:na]
Caused by: java.io.IOException: null
	at com.rabbitmq.client.impl.AMQChannel.wrap(AMQChannel.java:140) ~[amqp-client-5.25.0.jar:5.25.0]
	at com.rabbitmq.client.impl.AMQChannel.wrap(AMQChannel.java:136) ~[amqp-client-5.25.0.jar:5.25.0]
	at com.rabbitmq.client.impl.AMQChannel.exnWrappingRpc(AMQChannel.java:158) ~[amqp-client-5.25.0.jar:5.25.0]
	at com.rabbitmq.client.impl.ChannelN.queueDeclarePassive(ChannelN.java:1033) ~[amqp-client-5.25.0.jar:5.25.0]
	at com.rabbitmq.client.impl.ChannelN.queueDeclarePassive(ChannelN.java:47) ~[amqp-client-5.25.0.jar:5.25.0]
	at java.base/jdk.internal.reflect.DirectMethodHandleAccessor.invoke(DirectMethodHandleAccessor.java:103) ~[na:na]
	at java.base/java.lang.reflect.Method.invoke(Method.java:580) ~[na:na]
	at org.springframework.amqp.rabbit.connection.CachingConnectionFactory$CachedChannelInvocationHandler.invoke(CachingConnectionFactory.java:1201) ~[spring-rabbit-3.2.8.jar:3.2.8]
	at jdk.proxy2/jdk.proxy2.$Proxy215.queueDeclarePassive(Unknown Source) ~[na:na]
	at org.springframework.amqp.rabbit.listener.BlockingQueueConsumer.attemptPassiveDeclarations(BlockingQueueConsumer.java:750) ~[spring-rabbit-3.2.8.jar:3.2.8]
	... 5 common frames omitted
Caused by: com.rabbitmq.client.ShutdownSignalException: channel error; protocol method: #method<channel.close>(reply-code=404, reply-text=NOT_FOUND - no queue 'springCloudBus.anonymous.K4HVOzN0Sr2CwjXw5PXxig' in vhost 'dwtkuyzt', class-id=50, method-id=10)
	at com.rabbitmq.utility.ValueOrException.getValue(ValueOrException.java:66) ~[amqp-client-5.25.0.jar:5.25.0]
	at com.rabbitmq.utility.BlockingValueOrException.uninterruptibleGetValue(BlockingValueOrException.java:36) ~[amqp-client-5.25.0.jar:5.25.0]
	at com.rabbitmq.client.impl.AMQChannel$BlockingRpcContinuation.getReply(AMQChannel.java:552) ~[amqp-client-5.25.0.jar:5.25.0]
	at com.rabbitmq.client.impl.AMQChannel.privateRpc(AMQChannel.java:316) ~[amqp-client-5.25.0.jar:5.25.0]
	at com.rabbitmq.client.impl.AMQChannel.exnWrappingRpc(AMQChannel.java:152) ~[amqp-client-5.25.0.jar:5.25.0]
	... 12 common frames omitted
Caused by: com.rabbitmq.client.ShutdownSignalException: channel error; protocol method: #method<channel.close>(reply-code=404, reply-text=NOT_FOUND - no queue 'springCloudBus.anonymous.K4HVOzN0Sr2CwjXw5PXxig' in vhost 'dwtkuyzt', class-id=50, method-id=10)
	at com.rabbitmq.client.impl.ChannelN.asyncShutdown(ChannelN.java:528) ~[amqp-client-5.25.0.jar:5.25.0]
	at com.rabbitmq.client.impl.ChannelN.processAsync(ChannelN.java:349) ~[amqp-client-5.25.0.jar:5.25.0]
	at com.rabbitmq.client.impl.AMQChannel.handleCompleteInboundCommand(AMQChannel.java:193) ~[amqp-client-5.25.0.jar:5.25.0]
	at com.rabbitmq.client.impl.AMQChannel.handleFrame(AMQChannel.java:125) ~[amqp-client-5.25.0.jar:5.25.0]
	at com.rabbitmq.client.impl.AMQConnection.readFrame(AMQConnection.java:761) ~[amqp-client-5.25.0.jar:5.25.0]
	at com.rabbitmq.client.impl.AMQConnection.access$400(AMQConnection.java:48) ~[amqp-client-5.25.0.jar:5.25.0]
	at com.rabbitmq.client.impl.AMQConnection$MainLoop.run(AMQConnection.java:688) ~[amqp-client-5.25.0.jar:5.25.0]
	... 1 common frames omitted

2025-11-24T22:38:32.648+05:30  WARN 27539 --- [product-service] [springCloudBus.anonymous.K4HVOzN0Sr2CwjXw5PXxig-110] [                                                 ] o.s.a.r.listener.BlockingQueueConsumer   : Failed to declare queue: springCloudBus.anonymous.K4HVOzN0Sr2CwjXw5PXxig
2025-11-24T22:38:32.648+05:30  WARN 27539 --- [product-service] [springCloudBus.anonymous.K4HVOzN0Sr2CwjXw5PXxig-110] [                                                 ] o.s.a.r.listener.BlockingQueueConsumer   : Queue declaration failed; retries left=2

org.springframework.amqp.rabbit.listener.BlockingQueueConsumer$DeclarationException: Failed to declare queue(s):[springCloudBus.anonymous.K4HVOzN0Sr2CwjXw5PXxig]
	at org.springframework.amqp.rabbit.listener.BlockingQueueConsumer.attemptPassiveDeclarations(BlockingQueueConsumer.java:772) ~[spring-rabbit-3.2.8.jar:3.2.8]
	at org.springframework.amqp.rabbit.listener.BlockingQueueConsumer.passiveDeclarations(BlockingQueueConsumer.java:649) ~[spring-rabbit-3.2.8.jar:3.2.8]
	at org.springframework.amqp.rabbit.listener.BlockingQueueConsumer.start(BlockingQueueConsumer.java:636) ~[spring-rabbit-3.2.8.jar:3.2.8]
	at org.springframework.amqp.rabbit.listener.SimpleMessageListenerContainer$AsyncMessageProcessingConsumer.initialize(SimpleMessageListenerContainer.java:1490) ~[spring-rabbit-3.2.8.jar:3.2.8]
	at org.springframework.amqp.rabbit.listener.SimpleMessageListenerContainer$AsyncMessageProcessingConsumer.run(SimpleMessageListenerContainer.java:1328) ~[spring-rabbit-3.2.8.jar:3.2.8]
	at java.base/java.lang.Thread.run(Thread.java:1570) ~[na:na]
Caused by: java.io.IOException: null
	at com.rabbitmq.client.impl.AMQChannel.wrap(AMQChannel.java:140) ~[amqp-client-5.25.0.jar:5.25.0]
	at com.rabbitmq.client.impl.AMQChannel.wrap(AMQChannel.java:136) ~[amqp-client-5.25.0.jar:5.25.0]
	at com.rabbitmq.client.impl.AMQChannel.exnWrappingRpc(AMQChannel.java:158) ~[amqp-client-5.25.0.jar:5.25.0]
	at com.rabbitmq.client.impl.ChannelN.queueDeclarePassive(ChannelN.java:1033) ~[amqp-client-5.25.0.jar:5.25.0]
	at com.rabbitmq.client.impl.ChannelN.queueDeclarePassive(ChannelN.java:47) ~[amqp-client-5.25.0.jar:5.25.0]
	at java.base/jdk.internal.reflect.DirectMethodHandleAccessor.invoke(DirectMethodHandleAccessor.java:103) ~[na:na]
	at java.base/java.lang.reflect.Method.invoke(Method.java:580) ~[na:na]
	at org.springframework.amqp.rabbit.connection.CachingConnectionFactory$CachedChannelInvocationHandler.invoke(CachingConnectionFactory.java:1201) ~[spring-rabbit-3.2.8.jar:3.2.8]
	at jdk.proxy2/jdk.proxy2.$Proxy215.queueDeclarePassive(Unknown Source) ~[na:na]
	at org.springframework.amqp.rabbit.listener.BlockingQueueConsumer.attemptPassiveDeclarations(BlockingQueueConsumer.java:750) ~[spring-rabbit-3.2.8.jar:3.2.8]
	... 5 common frames omitted
Caused by: com.rabbitmq.client.ShutdownSignalException: channel error; protocol method: #method<channel.close>(reply-code=404, reply-text=NOT_FOUND - no queue 'springCloudBus.anonymous.K4HVOzN0Sr2CwjXw5PXxig' in vhost 'dwtkuyzt', class-id=50, method-id=10)
	at com.rabbitmq.utility.ValueOrException.getValue(ValueOrException.java:66) ~[amqp-client-5.25.0.jar:5.25.0]
	at com.rabbitmq.utility.BlockingValueOrException.uninterruptibleGetValue(BlockingValueOrException.java:36) ~[amqp-client-5.25.0.jar:5.25.0]
	at com.rabbitmq.client.impl.AMQChannel$BlockingRpcContinuation.getReply(AMQChannel.java:552) ~[amqp-client-5.25.0.jar:5.25.0]
	at com.rabbitmq.client.impl.AMQChannel.privateRpc(AMQChannel.java:316) ~[amqp-client-5.25.0.jar:5.25.0]
	at com.rabbitmq.client.impl.AMQChannel.exnWrappingRpc(AMQChannel.java:152) ~[amqp-client-5.25.0.jar:5.25.0]
	... 12 common frames omitted
Caused by: com.rabbitmq.client.ShutdownSignalException: channel error; protocol method: #method<channel.close>(reply-code=404, reply-text=NOT_FOUND - no queue 'springCloudBus.anonymous.K4HVOzN0Sr2CwjXw5PXxig' in vhost 'dwtkuyzt', class-id=50, method-id=10)
	at com.rabbitmq.client.impl.ChannelN.asyncShutdown(ChannelN.java:528) ~[amqp-client-5.25.0.jar:5.25.0]
	at com.rabbitmq.client.impl.ChannelN.processAsync(ChannelN.java:349) ~[amqp-client-5.25.0.jar:5.25.0]
	at com.rabbitmq.client.impl.AMQChannel.handleCompleteInboundCommand(AMQChannel.java:193) ~[amqp-client-5.25.0.jar:5.25.0]
	at com.rabbitmq.client.impl.AMQChannel.handleFrame(AMQChannel.java:125) ~[amqp-client-5.25.0.jar:5.25.0]
	at com.rabbitmq.client.impl.AMQConnection.readFrame(AMQConnection.java:761) ~[amqp-client-5.25.0.jar:5.25.0]
	at com.rabbitmq.client.impl.AMQConnection.access$400(AMQConnection.java:48) ~[amqp-client-5.25.0.jar:5.25.0]
	at com.rabbitmq.client.impl.AMQConnection$MainLoop.run(AMQConnection.java:688) ~[amqp-client-5.25.0.jar:5.25.0]
	... 1 common frames omitted

2025-11-24T22:38:38.205+05:30  WARN 27539 --- [product-service] [springCloudBus.anonymous.K4HVOzN0Sr2CwjXw5PXxig-110] [                                                 ] o.s.a.r.listener.BlockingQueueConsumer   : Failed to declare queue: springCloudBus.anonymous.K4HVOzN0Sr2CwjXw5PXxig
2025-11-24T22:38:38.206+05:30  WARN 27539 --- [product-service] [springCloudBus.anonymous.K4HVOzN0Sr2CwjXw5PXxig-110] [                                                 ] o.s.a.r.listener.BlockingQueueConsumer   : Queue declaration failed; retries left=1

org.springframework.amqp.rabbit.listener.BlockingQueueConsumer$DeclarationException: Failed to declare queue(s):[springCloudBus.anonymous.K4HVOzN0Sr2CwjXw5PXxig]
	at org.springframework.amqp.rabbit.listener.BlockingQueueConsumer.attemptPassiveDeclarations(BlockingQueueConsumer.java:772) ~[spring-rabbit-3.2.8.jar:3.2.8]
	at org.springframework.amqp.rabbit.listener.BlockingQueueConsumer.passiveDeclarations(BlockingQueueConsumer.java:649) ~[spring-rabbit-3.2.8.jar:3.2.8]
	at org.springframework.amqp.rabbit.listener.BlockingQueueConsumer.start(BlockingQueueConsumer.java:636) ~[spring-rabbit-3.2.8.jar:3.2.8]
	at org.springframework.amqp.rabbit.listener.SimpleMessageListenerContainer$AsyncMessageProcessingConsumer.initialize(SimpleMessageListenerContainer.java:1490) ~[spring-rabbit-3.2.8.jar:3.2.8]
	at org.springframework.amqp.rabbit.listener.SimpleMessageListenerContainer$AsyncMessageProcessingConsumer.run(SimpleMessageListenerContainer.java:1328) ~[spring-rabbit-3.2.8.jar:3.2.8]
	at java.base/java.lang.Thread.run(Thread.java:1570) ~[na:na]
Caused by: java.io.IOException: null
	at com.rabbitmq.client.impl.AMQChannel.wrap(AMQChannel.java:140) ~[amqp-client-5.25.0.jar:5.25.0]
	at com.rabbitmq.client.impl.AMQChannel.wrap(AMQChannel.java:136) ~[amqp-client-5.25.0.jar:5.25.0]
	at com.rabbitmq.client.impl.AMQChannel.exnWrappingRpc(AMQChannel.java:158) ~[amqp-client-5.25.0.jar:5.25.0]
	at com.rabbitmq.client.impl.ChannelN.queueDeclarePassive(ChannelN.java:1033) ~[amqp-client-5.25.0.jar:5.25.0]
	at com.rabbitmq.client.impl.ChannelN.queueDeclarePassive(ChannelN.java:47) ~[amqp-client-5.25.0.jar:5.25.0]
	at java.base/jdk.internal.reflect.DirectMethodHandleAccessor.invoke(DirectMethodHandleAccessor.java:103) ~[na:na]
	at java.base/java.lang.reflect.Method.invoke(Method.java:580) ~[na:na]
	at org.springframework.amqp.rabbit.connection.CachingConnectionFactory$CachedChannelInvocationHandler.invoke(CachingConnectionFactory.java:1201) ~[spring-rabbit-3.2.8.jar:3.2.8]
	at jdk.proxy2/jdk.proxy2.$Proxy215.queueDeclarePassive(Unknown Source) ~[na:na]
	at org.springframework.amqp.rabbit.listener.BlockingQueueConsumer.attemptPassiveDeclarations(BlockingQueueConsumer.java:750) ~[spring-rabbit-3.2.8.jar:3.2.8]
	... 5 common frames omitted
Caused by: com.rabbitmq.client.ShutdownSignalException: channel error; protocol method: #method<channel.close>(reply-code=404, reply-text=NOT_FOUND - no queue 'springCloudBus.anonymous.K4HVOzN0Sr2CwjXw5PXxig' in vhost 'dwtkuyzt', class-id=50, method-id=10)
	at com.rabbitmq.utility.ValueOrException.getValue(ValueOrException.java:66) ~[amqp-client-5.25.0.jar:5.25.0]
	at com.rabbitmq.utility.BlockingValueOrException.uninterruptibleGetValue(BlockingValueOrException.java:36) ~[amqp-client-5.25.0.jar:5.25.0]
	at com.rabbitmq.client.impl.AMQChannel$BlockingRpcContinuation.getReply(AMQChannel.java:552) ~[amqp-client-5.25.0.jar:5.25.0]
	at com.rabbitmq.client.impl.AMQChannel.privateRpc(AMQChannel.java:316) ~[amqp-client-5.25.0.jar:5.25.0]
	at com.rabbitmq.client.impl.AMQChannel.exnWrappingRpc(AMQChannel.java:152) ~[amqp-client-5.25.0.jar:5.25.0]
	... 12 common frames omitted
Caused by: com.rabbitmq.client.ShutdownSignalException: channel error; protocol method: #method<channel.close>(reply-code=404, reply-text=NOT_FOUND - no queue 'springCloudBus.anonymous.K4HVOzN0Sr2CwjXw5PXxig' in vhost 'dwtkuyzt', class-id=50, method-id=10)
	at com.rabbitmq.client.impl.ChannelN.asyncShutdown(ChannelN.java:528) ~[amqp-client-5.25.0.jar:5.25.0]
	at com.rabbitmq.client.impl.ChannelN.processAsync(ChannelN.java:349) ~[amqp-client-5.25.0.jar:5.25.0]
	at com.rabbitmq.client.impl.AMQChannel.handleCompleteInboundCommand(AMQChannel.java:193) ~[amqp-client-5.25.0.jar:5.25.0]
	at com.rabbitmq.client.impl.AMQChannel.handleFrame(AMQChannel.java:125) ~[amqp-client-5.25.0.jar:5.25.0]
	at com.rabbitmq.client.impl.AMQConnection.readFrame(AMQConnection.java:761) ~[amqp-client-5.25.0.jar:5.25.0]
	at com.rabbitmq.client.impl.AMQConnection.access$400(AMQConnection.java:48) ~[amqp-client-5.25.0.jar:5.25.0]
	at com.rabbitmq.client.impl.AMQConnection$MainLoop.run(AMQConnection.java:688) ~[amqp-client-5.25.0.jar:5.25.0]
	... 1 common frames omitted

2025-11-24T22:38:43.764+05:30  WARN 27539 --- [product-service] [springCloudBus.anonymous.K4HVOzN0Sr2CwjXw5PXxig-110] [                                                 ] o.s.a.r.listener.BlockingQueueConsumer   : Failed to declare queue: springCloudBus.anonymous.K4HVOzN0Sr2CwjXw5PXxig
2025-11-24T22:38:48.846+05:30 ERROR 27539 --- [product-service] [springCloudBus.anonymous.K4HVOzN0Sr2CwjXw5PXxig-110] [                                                 ] o.s.a.r.l.SimpleMessageListenerContainer : Consumer threw missing queues exception, fatal=false

org.springframework.amqp.rabbit.listener.QueuesNotAvailableException: Cannot prepare queue for listener. Either the queue doesn't exist or the broker will not allow us to use it.
	at org.springframework.amqp.rabbit.listener.BlockingQueueConsumer.handleDeclarationException(BlockingQueueConsumer.java:722) ~[spring-rabbit-3.2.8.jar:3.2.8]
	at org.springframework.amqp.rabbit.listener.BlockingQueueConsumer.passiveDeclarations(BlockingQueueConsumer.java:656) ~[spring-rabbit-3.2.8.jar:3.2.8]
	at org.springframework.amqp.rabbit.listener.BlockingQueueConsumer.start(BlockingQueueConsumer.java:636) ~[spring-rabbit-3.2.8.jar:3.2.8]
	at org.springframework.amqp.rabbit.listener.SimpleMessageListenerContainer$AsyncMessageProcessingConsumer.initialize(SimpleMessageListenerContainer.java:1490) ~[spring-rabbit-3.2.8.jar:3.2.8]
	at org.springframework.amqp.rabbit.listener.SimpleMessageListenerContainer$AsyncMessageProcessingConsumer.run(SimpleMessageListenerContainer.java:1328) ~[spring-rabbit-3.2.8.jar:3.2.8]
	at java.base/java.lang.Thread.run(Thread.java:1570) ~[na:na]
Caused by: org.springframework.amqp.rabbit.listener.BlockingQueueConsumer$DeclarationException: Failed to declare queue(s):[springCloudBus.anonymous.K4HVOzN0Sr2CwjXw5PXxig]
	at org.springframework.amqp.rabbit.listener.BlockingQueueConsumer.attemptPassiveDeclarations(BlockingQueueConsumer.java:772) ~[spring-rabbit-3.2.8.jar:3.2.8]
	at org.springframework.amqp.rabbit.listener.BlockingQueueConsumer.passiveDeclarations(BlockingQueueConsumer.java:649) ~[spring-rabbit-3.2.8.jar:3.2.8]
	... 4 common frames omitted
Caused by: java.io.IOException: null
	at com.rabbitmq.client.impl.AMQChannel.wrap(AMQChannel.java:140) ~[amqp-client-5.25.0.jar:5.25.0]
	at com.rabbitmq.client.impl.AMQChannel.wrap(AMQChannel.java:136) ~[amqp-client-5.25.0.jar:5.25.0]
	at com.rabbitmq.client.impl.AMQChannel.exnWrappingRpc(AMQChannel.java:158) ~[amqp-client-5.25.0.jar:5.25.0]
	at com.rabbitmq.client.impl.ChannelN.queueDeclarePassive(ChannelN.java:1033) ~[amqp-client-5.25.0.jar:5.25.0]
	at com.rabbitmq.client.impl.ChannelN.queueDeclarePassive(ChannelN.java:47) ~[amqp-client-5.25.0.jar:5.25.0]
	at java.base/jdk.internal.reflect.DirectMethodHandleAccessor.invoke(DirectMethodHandleAccessor.java:103) ~[na:na]
	at java.base/java.lang.reflect.Method.invoke(Method.java:580) ~[na:na]
	at org.springframework.amqp.rabbit.connection.CachingConnectionFactory$CachedChannelInvocationHandler.invoke(CachingConnectionFactory.java:1201) ~[spring-rabbit-3.2.8.jar:3.2.8]
	at jdk.proxy2/jdk.proxy2.$Proxy215.queueDeclarePassive(Unknown Source) ~[na:na]
	at org.springframework.amqp.rabbit.listener.BlockingQueueConsumer.attemptPassiveDeclarations(BlockingQueueConsumer.java:750) ~[spring-rabbit-3.2.8.jar:3.2.8]
	... 5 common frames omitted
Caused by: com.rabbitmq.client.ShutdownSignalException: channel error; protocol method: #method<channel.close>(reply-code=404, reply-text=NOT_FOUND - no queue 'springCloudBus.anonymous.K4HVOzN0Sr2CwjXw5PXxig' in vhost 'dwtkuyzt', class-id=50, method-id=10)
	at com.rabbitmq.utility.ValueOrException.getValue(ValueOrException.java:66) ~[amqp-client-5.25.0.jar:5.25.0]
	at com.rabbitmq.utility.BlockingValueOrException.uninterruptibleGetValue(BlockingValueOrException.java:36) ~[amqp-client-5.25.0.jar:5.25.0]
	at com.rabbitmq.client.impl.AMQChannel$BlockingRpcContinuation.getReply(AMQChannel.java:552) ~[amqp-client-5.25.0.jar:5.25.0]
	at com.rabbitmq.client.impl.AMQChannel.privateRpc(AMQChannel.java:316) ~[amqp-client-5.25.0.jar:5.25.0]
	at com.rabbitmq.client.impl.AMQChannel.exnWrappingRpc(AMQChannel.java:152) ~[amqp-client-5.25.0.jar:5.25.0]
	... 12 common frames omitted
Caused by: com.rabbitmq.client.ShutdownSignalException: channel error; protocol method: #method<channel.close>(reply-code=404, reply-text=NOT_FOUND - no queue 'springCloudBus.anonymous.K4HVOzN0Sr2CwjXw5PXxig' in vhost 'dwtkuyzt', class-id=50, method-id=10)
	at com.rabbitmq.client.impl.ChannelN.asyncShutdown(ChannelN.java:528) ~[amqp-client-5.25.0.jar:5.25.0]
	at com.rabbitmq.client.impl.ChannelN.processAsync(ChannelN.java:349) ~[amqp-client-5.25.0.jar:5.25.0]
	at com.rabbitmq.client.impl.AMQChannel.handleCompleteInboundCommand(AMQChannel.java:193) ~[amqp-client-5.25.0.jar:5.25.0]
	at com.rabbitmq.client.impl.AMQChannel.handleFrame(AMQChannel.java:125) ~[amqp-client-5.25.0.jar:5.25.0]
	at com.rabbitmq.client.impl.AMQConnection.readFrame(AMQConnection.java:761) ~[amqp-client-5.25.0.jar:5.25.0]
	at com.rabbitmq.client.impl.AMQConnection.access$400(AMQConnection.java:48) ~[amqp-client-5.25.0.jar:5.25.0]
	at com.rabbitmq.client.impl.AMQConnection$MainLoop.run(AMQConnection.java:688) ~[amqp-client-5.25.0.jar:5.25.0]
	... 1 common frames omitted

2025-11-24T22:38:48.848+05:30  INFO 27539 --- [product-service] [springCloudBus.anonymous.K4HVOzN0Sr2CwjXw5PXxig-110] [                                                 ] o.s.a.r.l.SimpleMessageListenerContainer : Restarting Consumer@6aef36ff: tags=[[]], channel=Cached Rabbit Channel: AMQChannel(amqp://dwtkuyzt@35.153.225.39:5672/dwtkuyzt,1), conn: Proxy@276b6159 Shared Rabbit Connection: SimpleConnection@3c1ed920 [delegate=amqp://dwtkuyzt@35.153.225.39:5672/dwtkuyzt, localPort=61539], acknowledgeMode=AUTO local queue size=0
2025-11-24T22:38:50.065+05:30  WARN 27539 --- [product-service] [springCloudBus.anonymous.K4HVOzN0Sr2CwjXw5PXxig-111] [                                                 ] o.s.a.r.listener.BlockingQueueConsumer   : Failed to declare queue: springCloudBus.anonymous.K4HVOzN0Sr2CwjXw5PXxig
2025-11-24T22:38:50.066+05:30  WARN 27539 --- [product-service] [springCloudBus.anonymous.K4HVOzN0Sr2CwjXw5PXxig-111] [                                                 ] o.s.a.r.listener.BlockingQueueConsumer   : Queue declaration failed; retries left=3

org.springframework.amqp.rabbit.listener.BlockingQueueConsumer$DeclarationException: Failed to declare queue(s):[springCloudBus.anonymous.K4HVOzN0Sr2CwjXw5PXxig]
	at org.springframework.amqp.rabbit.listener.BlockingQueueConsumer.attemptPassiveDeclarations(BlockingQueueConsumer.java:772) ~[spring-rabbit-3.2.8.jar:3.2.8]
	at org.springframework.amqp.rabbit.listener.BlockingQueueConsumer.passiveDeclarations(BlockingQueueConsumer.java:649) ~[spring-rabbit-3.2.8.jar:3.2.8]
	at org.springframework.amqp.rabbit.listener.BlockingQueueConsumer.start(BlockingQueueConsumer.java:636) ~[spring-rabbit-3.2.8.jar:3.2.8]
	at org.springframework.amqp.rabbit.listener.SimpleMessageListenerContainer$AsyncMessageProcessingConsumer.initialize(SimpleMessageListenerContainer.java:1490) ~[spring-rabbit-3.2.8.jar:3.2.8]
	at org.springframework.amqp.rabbit.listener.SimpleMessageListenerContainer$AsyncMessageProcessingConsumer.run(SimpleMessageListenerContainer.java:1328) ~[spring-rabbit-3.2.8.jar:3.2.8]
	at java.base/java.lang.Thread.run(Thread.java:1570) ~[na:na]
Caused by: java.io.IOException: null
	at com.rabbitmq.client.impl.AMQChannel.wrap(AMQChannel.java:140) ~[amqp-client-5.25.0.jar:5.25.0]
	at com.rabbitmq.client.impl.AMQChannel.wrap(AMQChannel.java:136) ~[amqp-client-5.25.0.jar:5.25.0]
	at com.rabbitmq.client.impl.AMQChannel.exnWrappingRpc(AMQChannel.java:158) ~[amqp-client-5.25.0.jar:5.25.0]
	at com.rabbitmq.client.impl.ChannelN.queueDeclarePassive(ChannelN.java:1033) ~[amqp-client-5.25.0.jar:5.25.0]
	at com.rabbitmq.client.impl.ChannelN.queueDeclarePassive(ChannelN.java:47) ~[amqp-client-5.25.0.jar:5.25.0]
	at java.base/jdk.internal.reflect.DirectMethodHandleAccessor.invoke(DirectMethodHandleAccessor.java:103) ~[na:na]
	at java.base/java.lang.reflect.Method.invoke(Method.java:580) ~[na:na]
	at org.springframework.amqp.rabbit.connection.CachingConnectionFactory$CachedChannelInvocationHandler.invoke(CachingConnectionFactory.java:1201) ~[spring-rabbit-3.2.8.jar:3.2.8]
	at jdk.proxy2/jdk.proxy2.$Proxy215.queueDeclarePassive(Unknown Source) ~[na:na]
	at org.springframework.amqp.rabbit.listener.BlockingQueueConsumer.attemptPassiveDeclarations(BlockingQueueConsumer.java:750) ~[spring-rabbit-3.2.8.jar:3.2.8]
	... 5 common frames omitted
Caused by: com.rabbitmq.client.ShutdownSignalException: channel error; protocol method: #method<channel.close>(reply-code=404, reply-text=NOT_FOUND - no queue 'springCloudBus.anonymous.K4HVOzN0Sr2CwjXw5PXxig' in vhost 'dwtkuyzt', class-id=50, method-id=10)
	at com.rabbitmq.utility.ValueOrException.getValue(ValueOrException.java:66) ~[amqp-client-5.25.0.jar:5.25.0]
	at com.rabbitmq.utility.BlockingValueOrException.uninterruptibleGetValue(BlockingValueOrException.java:36) ~[amqp-client-5.25.0.jar:5.25.0]
	at com.rabbitmq.client.impl.AMQChannel$BlockingRpcContinuation.getReply(AMQChannel.java:552) ~[amqp-client-5.25.0.jar:5.25.0]
	at com.rabbitmq.client.impl.AMQChannel.privateRpc(AMQChannel.java:316) ~[amqp-client-5.25.0.jar:5.25.0]
	at com.rabbitmq.client.impl.AMQChannel.exnWrappingRpc(AMQChannel.java:152) ~[amqp-client-5.25.0.jar:5.25.0]
	... 12 common frames omitted
Caused by: com.rabbitmq.client.ShutdownSignalException: channel error; protocol method: #method<channel.close>(reply-code=404, reply-text=NOT_FOUND - no queue 'springCloudBus.anonymous.K4HVOzN0Sr2CwjXw5PXxig' in vhost 'dwtkuyzt', class-id=50, method-id=10)
	at com.rabbitmq.client.impl.ChannelN.asyncShutdown(ChannelN.java:528) ~[amqp-client-5.25.0.jar:5.25.0]
	at com.rabbitmq.client.impl.ChannelN.processAsync(ChannelN.java:349) ~[amqp-client-5.25.0.jar:5.25.0]
	at com.rabbitmq.client.impl.AMQChannel.handleCompleteInboundCommand(AMQChannel.java:193) ~[amqp-client-5.25.0.jar:5.25.0]
	at com.rabbitmq.client.impl.AMQChannel.handleFrame(AMQChannel.java:125) ~[amqp-client-5.25.0.jar:5.25.0]
	at com.rabbitmq.client.impl.AMQConnection.readFrame(AMQConnection.java:761) ~[amqp-client-5.25.0.jar:5.25.0]
	at com.rabbitmq.client.impl.AMQConnection.access$400(AMQConnection.java:48) ~[amqp-client-5.25.0.jar:5.25.0]
	at com.rabbitmq.client.impl.AMQConnection$MainLoop.run(AMQConnection.java:688) ~[amqp-client-5.25.0.jar:5.25.0]
	... 1 common frames omitted

2025-11-24T22:38:55.620+05:30  WARN 27539 --- [product-service] [springCloudBus.anonymous.K4HVOzN0Sr2CwjXw5PXxig-111] [                                                 ] o.s.a.r.listener.BlockingQueueConsumer   : Failed to declare queue: springCloudBus.anonymous.K4HVOzN0Sr2CwjXw5PXxig
2025-11-24T22:38:55.620+05:30  WARN 27539 --- [product-service] [springCloudBus.anonymous.K4HVOzN0Sr2CwjXw5PXxig-111] [                                                 ] o.s.a.r.listener.BlockingQueueConsumer   : Queue declaration failed; retries left=2

org.springframework.amqp.rabbit.listener.BlockingQueueConsumer$DeclarationException: Failed to declare queue(s):[springCloudBus.anonymous.K4HVOzN0Sr2CwjXw5PXxig]
	at org.springframework.amqp.rabbit.listener.BlockingQueueConsumer.attemptPassiveDeclarations(BlockingQueueConsumer.java:772) ~[spring-rabbit-3.2.8.jar:3.2.8]
	at org.springframework.amqp.rabbit.listener.BlockingQueueConsumer.passiveDeclarations(BlockingQueueConsumer.java:649) ~[spring-rabbit-3.2.8.jar:3.2.8]
	at org.springframework.amqp.rabbit.listener.BlockingQueueConsumer.start(BlockingQueueConsumer.java:636) ~[spring-rabbit-3.2.8.jar:3.2.8]
	at org.springframework.amqp.rabbit.listener.SimpleMessageListenerContainer$AsyncMessageProcessingConsumer.initialize(SimpleMessageListenerContainer.java:1490) ~[spring-rabbit-3.2.8.jar:3.2.8]
	at org.springframework.amqp.rabbit.listener.SimpleMessageListenerContainer$AsyncMessageProcessingConsumer.run(SimpleMessageListenerContainer.java:1328) ~[spring-rabbit-3.2.8.jar:3.2.8]
	at java.base/java.lang.Thread.run(Thread.java:1570) ~[na:na]
Caused by: java.io.IOException: null
	at com.rabbitmq.client.impl.AMQChannel.wrap(AMQChannel.java:140) ~[amqp-client-5.25.0.jar:5.25.0]
	at com.rabbitmq.client.impl.AMQChannel.wrap(AMQChannel.java:136) ~[amqp-client-5.25.0.jar:5.25.0]
	at com.rabbitmq.client.impl.AMQChannel.exnWrappingRpc(AMQChannel.java:158) ~[amqp-client-5.25.0.jar:5.25.0]
	at com.rabbitmq.client.impl.ChannelN.queueDeclarePassive(ChannelN.java:1033) ~[amqp-client-5.25.0.jar:5.25.0]
	at com.rabbitmq.client.impl.ChannelN.queueDeclarePassive(ChannelN.java:47) ~[amqp-client-5.25.0.jar:5.25.0]
	at java.base/jdk.internal.reflect.DirectMethodHandleAccessor.invoke(DirectMethodHandleAccessor.java:103) ~[na:na]
	at java.base/java.lang.reflect.Method.invoke(Method.java:580) ~[na:na]
	at org.springframework.amqp.rabbit.connection.CachingConnectionFactory$CachedChannelInvocationHandler.invoke(CachingConnectionFactory.java:1201) ~[spring-rabbit-3.2.8.jar:3.2.8]
	at jdk.proxy2/jdk.proxy2.$Proxy215.queueDeclarePassive(Unknown Source) ~[na:na]
	at org.springframework.amqp.rabbit.listener.BlockingQueueConsumer.attemptPassiveDeclarations(BlockingQueueConsumer.java:750) ~[spring-rabbit-3.2.8.jar:3.2.8]
	... 5 common frames omitted
Caused by: com.rabbitmq.client.ShutdownSignalException: channel error; protocol method: #method<channel.close>(reply-code=404, reply-text=NOT_FOUND - no queue 'springCloudBus.anonymous.K4HVOzN0Sr2CwjXw5PXxig' in vhost 'dwtkuyzt', class-id=50, method-id=10)
	at com.rabbitmq.utility.ValueOrException.getValue(ValueOrException.java:66) ~[amqp-client-5.25.0.jar:5.25.0]
	at com.rabbitmq.utility.BlockingValueOrException.uninterruptibleGetValue(BlockingValueOrException.java:36) ~[amqp-client-5.25.0.jar:5.25.0]
	at com.rabbitmq.client.impl.AMQChannel$BlockingRpcContinuation.getReply(AMQChannel.java:552) ~[amqp-client-5.25.0.jar:5.25.0]
	at com.rabbitmq.client.impl.AMQChannel.privateRpc(AMQChannel.java:316) ~[amqp-client-5.25.0.jar:5.25.0]
	at com.rabbitmq.client.impl.AMQChannel.exnWrappingRpc(AMQChannel.java:152) ~[amqp-client-5.25.0.jar:5.25.0]
	... 12 common frames omitted
Caused by: com.rabbitmq.client.ShutdownSignalException: channel error; protocol method: #method<channel.close>(reply-code=404, reply-text=NOT_FOUND - no queue 'springCloudBus.anonymous.K4HVOzN0Sr2CwjXw5PXxig' in vhost 'dwtkuyzt', class-id=50, method-id=10)
	at com.rabbitmq.client.impl.ChannelN.asyncShutdown(ChannelN.java:528) ~[amqp-client-5.25.0.jar:5.25.0]
	at com.rabbitmq.client.impl.ChannelN.processAsync(ChannelN.java:349) ~[amqp-client-5.25.0.jar:5.25.0]
	at com.rabbitmq.client.impl.AMQChannel.handleCompleteInboundCommand(AMQChannel.java:193) ~[amqp-client-5.25.0.jar:5.25.0]
	at com.rabbitmq.client.impl.AMQChannel.handleFrame(AMQChannel.java:125) ~[amqp-client-5.25.0.jar:5.25.0]
	at com.rabbitmq.client.impl.AMQConnection.readFrame(AMQConnection.java:761) ~[amqp-client-5.25.0.jar:5.25.0]
	at com.rabbitmq.client.impl.AMQConnection.access$400(AMQConnection.java:48) ~[amqp-client-5.25.0.jar:5.25.0]
	at com.rabbitmq.client.impl.AMQConnection$MainLoop.run(AMQConnection.java:688) ~[amqp-client-5.25.0.jar:5.25.0]
	... 1 common frames omitted

2025-11-24T22:39:01.187+05:30  WARN 27539 --- [product-service] [springCloudBus.anonymous.K4HVOzN0Sr2CwjXw5PXxig-111] [                                                 ] o.s.a.r.listener.BlockingQueueConsumer   : Failed to declare queue: springCloudBus.anonymous.K4HVOzN0Sr2CwjXw5PXxig
2025-11-24T22:39:01.188+05:30  WARN 27539 --- [product-service] [springCloudBus.anonymous.K4HVOzN0Sr2CwjXw5PXxig-111] [                                                 ] o.s.a.r.listener.BlockingQueueConsumer   : Queue declaration failed; retries left=1

org.springframework.amqp.rabbit.listener.BlockingQueueConsumer$DeclarationException: Failed to declare queue(s):[springCloudBus.anonymous.K4HVOzN0Sr2CwjXw5PXxig]
	at org.springframework.amqp.rabbit.listener.BlockingQueueConsumer.attemptPassiveDeclarations(BlockingQueueConsumer.java:772) ~[spring-rabbit-3.2.8.jar:3.2.8]
	at org.springframework.amqp.rabbit.listener.BlockingQueueConsumer.passiveDeclarations(BlockingQueueConsumer.java:649) ~[spring-rabbit-3.2.8.jar:3.2.8]
	at org.springframework.amqp.rabbit.listener.BlockingQueueConsumer.start(BlockingQueueConsumer.java:636) ~[spring-rabbit-3.2.8.jar:3.2.8]
	at org.springframework.amqp.rabbit.listener.SimpleMessageListenerContainer$AsyncMessageProcessingConsumer.initialize(SimpleMessageListenerContainer.java:1490) ~[spring-rabbit-3.2.8.jar:3.2.8]
	at org.springframework.amqp.rabbit.listener.SimpleMessageListenerContainer$AsyncMessageProcessingConsumer.run(SimpleMessageListenerContainer.java:1328) ~[spring-rabbit-3.2.8.jar:3.2.8]
	at java.base/java.lang.Thread.run(Thread.java:1570) ~[na:na]
Caused by: java.io.IOException: null
	at com.rabbitmq.client.impl.AMQChannel.wrap(AMQChannel.java:140) ~[amqp-client-5.25.0.jar:5.25.0]
	at com.rabbitmq.client.impl.AMQChannel.wrap(AMQChannel.java:136) ~[amqp-client-5.25.0.jar:5.25.0]
	at com.rabbitmq.client.impl.AMQChannel.exnWrappingRpc(AMQChannel.java:158) ~[amqp-client-5.25.0.jar:5.25.0]
	at com.rabbitmq.client.impl.ChannelN.queueDeclarePassive(ChannelN.java:1033) ~[amqp-client-5.25.0.jar:5.25.0]
	at com.rabbitmq.client.impl.ChannelN.queueDeclarePassive(ChannelN.java:47) ~[amqp-client-5.25.0.jar:5.25.0]
	at java.base/jdk.internal.reflect.DirectMethodHandleAccessor.invoke(DirectMethodHandleAccessor.java:103) ~[na:na]
	at java.base/java.lang.reflect.Method.invoke(Method.java:580) ~[na:na]
	at org.springframework.amqp.rabbit.connection.CachingConnectionFactory$CachedChannelInvocationHandler.invoke(CachingConnectionFactory.java:1201) ~[spring-rabbit-3.2.8.jar:3.2.8]
	at jdk.proxy2/jdk.proxy2.$Proxy215.queueDeclarePassive(Unknown Source) ~[na:na]
	at org.springframework.amqp.rabbit.listener.BlockingQueueConsumer.attemptPassiveDeclarations(BlockingQueueConsumer.java:750) ~[spring-rabbit-3.2.8.jar:3.2.8]
	... 5 common frames omitted
Caused by: com.rabbitmq.client.ShutdownSignalException: channel error; protocol method: #method<channel.close>(reply-code=404, reply-text=NOT_FOUND - no queue 'springCloudBus.anonymous.K4HVOzN0Sr2CwjXw5PXxig' in vhost 'dwtkuyzt', class-id=50, method-id=10)
	at com.rabbitmq.utility.ValueOrException.getValue(ValueOrException.java:66) ~[amqp-client-5.25.0.jar:5.25.0]
	at com.rabbitmq.utility.BlockingValueOrException.uninterruptibleGetValue(BlockingValueOrException.java:36) ~[amqp-client-5.25.0.jar:5.25.0]
	at com.rabbitmq.client.impl.AMQChannel$BlockingRpcContinuation.getReply(AMQChannel.java:552) ~[amqp-client-5.25.0.jar:5.25.0]
	at com.rabbitmq.client.impl.AMQChannel.privateRpc(AMQChannel.java:316) ~[amqp-client-5.25.0.jar:5.25.0]
	at com.rabbitmq.client.impl.AMQChannel.exnWrappingRpc(AMQChannel.java:152) ~[amqp-client-5.25.0.jar:5.25.0]
	... 12 common frames omitted
Caused by: com.rabbitmq.client.ShutdownSignalException: channel error; protocol method: #method<channel.close>(reply-code=404, reply-text=NOT_FOUND - no queue 'springCloudBus.anonymous.K4HVOzN0Sr2CwjXw5PXxig' in vhost 'dwtkuyzt', class-id=50, method-id=10)
	at com.rabbitmq.client.impl.ChannelN.asyncShutdown(ChannelN.java:528) ~[amqp-client-5.25.0.jar:5.25.0]
	at com.rabbitmq.client.impl.ChannelN.processAsync(ChannelN.java:349) ~[amqp-client-5.25.0.jar:5.25.0]
	at com.rabbitmq.client.impl.AMQChannel.handleCompleteInboundCommand(AMQChannel.java:193) ~[amqp-client-5.25.0.jar:5.25.0]
	at com.rabbitmq.client.impl.AMQChannel.handleFrame(AMQChannel.java:125) ~[amqp-client-5.25.0.jar:5.25.0]
	at com.rabbitmq.client.impl.AMQConnection.readFrame(AMQConnection.java:761) ~[amqp-client-5.25.0.jar:5.25.0]
	at com.rabbitmq.client.impl.AMQConnection.access$400(AMQConnection.java:48) ~[amqp-client-5.25.0.jar:5.25.0]
	at com.rabbitmq.client.impl.AMQConnection$MainLoop.run(AMQConnection.java:688) ~[amqp-client-5.25.0.jar:5.25.0]
	... 1 common frames omitted

2025-11-24T22:39:06.742+05:30  WARN 27539 --- [product-service] [springCloudBus.anonymous.K4HVOzN0Sr2CwjXw5PXxig-111] [                                                 ] o.s.a.r.listener.BlockingQueueConsumer   : Failed to declare queue: springCloudBus.anonymous.K4HVOzN0Sr2CwjXw5PXxig
2025-11-24T22:39:11.827+05:30 ERROR 27539 --- [product-service] [springCloudBus.anonymous.K4HVOzN0Sr2CwjXw5PXxig-111] [                                                 ] o.s.a.r.l.SimpleMessageListenerContainer : Consumer threw missing queues exception, fatal=false

org.springframework.amqp.rabbit.listener.QueuesNotAvailableException: Cannot prepare queue for listener. Either the queue doesn't exist or the broker will not allow us to use it.
	at org.springframework.amqp.rabbit.listener.BlockingQueueConsumer.handleDeclarationException(BlockingQueueConsumer.java:722) ~[spring-rabbit-3.2.8.jar:3.2.8]
	at org.springframework.amqp.rabbit.listener.BlockingQueueConsumer.passiveDeclarations(BlockingQueueConsumer.java:656) ~[spring-rabbit-3.2.8.jar:3.2.8]
	at org.springframework.amqp.rabbit.listener.BlockingQueueConsumer.start(BlockingQueueConsumer.java:636) ~[spring-rabbit-3.2.8.jar:3.2.8]
	at org.springframework.amqp.rabbit.listener.SimpleMessageListenerContainer$AsyncMessageProcessingConsumer.initialize(SimpleMessageListenerContainer.java:1490) ~[spring-rabbit-3.2.8.jar:3.2.8]
	at org.springframework.amqp.rabbit.listener.SimpleMessageListenerContainer$AsyncMessageProcessingConsumer.run(SimpleMessageListenerContainer.java:1328) ~[spring-rabbit-3.2.8.jar:3.2.8]
	at java.base/java.lang.Thread.run(Thread.java:1570) ~[na:na]
Caused by: org.springframework.amqp.rabbit.listener.BlockingQueueConsumer$DeclarationException: Failed to declare queue(s):[springCloudBus.anonymous.K4HVOzN0Sr2CwjXw5PXxig]
	at org.springframework.amqp.rabbit.listener.BlockingQueueConsumer.attemptPassiveDeclarations(BlockingQueueConsumer.java:772) ~[spring-rabbit-3.2.8.jar:3.2.8]
	at org.springframework.amqp.rabbit.listener.BlockingQueueConsumer.passiveDeclarations(BlockingQueueConsumer.java:649) ~[spring-rabbit-3.2.8.jar:3.2.8]
	... 4 common frames omitted
Caused by: java.io.IOException: null
	at com.rabbitmq.client.impl.AMQChannel.wrap(AMQChannel.java:140) ~[amqp-client-5.25.0.jar:5.25.0]
	at com.rabbitmq.client.impl.AMQChannel.wrap(AMQChannel.java:136) ~[amqp-client-5.25.0.jar:5.25.0]
	at com.rabbitmq.client.impl.AMQChannel.exnWrappingRpc(AMQChannel.java:158) ~[amqp-client-5.25.0.jar:5.25.0]
	at com.rabbitmq.client.impl.ChannelN.queueDeclarePassive(ChannelN.java:1033) ~[amqp-client-5.25.0.jar:5.25.0]
	at com.rabbitmq.client.impl.ChannelN.queueDeclarePassive(ChannelN.java:47) ~[amqp-client-5.25.0.jar:5.25.0]
	at java.base/jdk.internal.reflect.DirectMethodHandleAccessor.invoke(DirectMethodHandleAccessor.java:103) ~[na:na]
	at java.base/java.lang.reflect.Method.invoke(Method.java:580) ~[na:na]
	at org.springframework.amqp.rabbit.connection.CachingConnectionFactory$CachedChannelInvocationHandler.invoke(CachingConnectionFactory.java:1201) ~[spring-rabbit-3.2.8.jar:3.2.8]
	at jdk.proxy2/jdk.proxy2.$Proxy215.queueDeclarePassive(Unknown Source) ~[na:na]
	at org.springframework.amqp.rabbit.listener.BlockingQueueConsumer.attemptPassiveDeclarations(BlockingQueueConsumer.java:750) ~[spring-rabbit-3.2.8.jar:3.2.8]
	... 5 common frames omitted
Caused by: com.rabbitmq.client.ShutdownSignalException: channel error; protocol method: #method<channel.close>(reply-code=404, reply-text=NOT_FOUND - no queue 'springCloudBus.anonymous.K4HVOzN0Sr2CwjXw5PXxig' in vhost 'dwtkuyzt', class-id=50, method-id=10)
	at com.rabbitmq.utility.ValueOrException.getValue(ValueOrException.java:66) ~[amqp-client-5.25.0.jar:5.25.0]
	at com.rabbitmq.utility.BlockingValueOrException.uninterruptibleGetValue(BlockingValueOrException.java:36) ~[amqp-client-5.25.0.jar:5.25.0]
	at com.rabbitmq.client.impl.AMQChannel$BlockingRpcContinuation.getReply(AMQChannel.java:552) ~[amqp-client-5.25.0.jar:5.25.0]
	at com.rabbitmq.client.impl.AMQChannel.privateRpc(AMQChannel.java:316) ~[amqp-client-5.25.0.jar:5.25.0]
	at com.rabbitmq.client.impl.AMQChannel.exnWrappingRpc(AMQChannel.java:152) ~[amqp-client-5.25.0.jar:5.25.0]
	... 12 common frames omitted
Caused by: com.rabbitmq.client.ShutdownSignalException: channel error; protocol method: #method<channel.close>(reply-code=404, reply-text=NOT_FOUND - no queue 'springCloudBus.anonymous.K4HVOzN0Sr2CwjXw5PXxig' in vhost 'dwtkuyzt', class-id=50, method-id=10)
	at com.rabbitmq.client.impl.ChannelN.asyncShutdown(ChannelN.java:528) ~[amqp-client-5.25.0.jar:5.25.0]
	at com.rabbitmq.client.impl.ChannelN.processAsync(ChannelN.java:349) ~[amqp-client-5.25.0.jar:5.25.0]
	at com.rabbitmq.client.impl.AMQChannel.handleCompleteInboundCommand(AMQChannel.java:193) ~[amqp-client-5.25.0.jar:5.25.0]
	at com.rabbitmq.client.impl.AMQChannel.handleFrame(AMQChannel.java:125) ~[amqp-client-5.25.0.jar:5.25.0]
	at com.rabbitmq.client.impl.AMQConnection.readFrame(AMQConnection.java:761) ~[amqp-client-5.25.0.jar:5.25.0]
	at com.rabbitmq.client.impl.AMQConnection.access$400(AMQConnection.java:48) ~[amqp-client-5.25.0.jar:5.25.0]
	at com.rabbitmq.client.impl.AMQConnection$MainLoop.run(AMQConnection.java:688) ~[amqp-client-5.25.0.jar:5.25.0]
	... 1 common frames omitted

2025-11-24T22:39:11.832+05:30  INFO 27539 --- [product-service] [springCloudBus.anonymous.K4HVOzN0Sr2CwjXw5PXxig-111] [                                                 ] o.s.a.r.l.SimpleMessageListenerContainer : Restarting Consumer@3b21a2c0: tags=[[]], channel=Cached Rabbit Channel: AMQChannel(amqp://dwtkuyzt@35.153.225.39:5672/dwtkuyzt,1), conn: Proxy@276b6159 Shared Rabbit Connection: SimpleConnection@3c1ed920 [delegate=amqp://dwtkuyzt@35.153.225.39:5672/dwtkuyzt, localPort=61539], acknowledgeMode=AUTO local queue size=0
2025-11-24T22:39:12.944+05:30  WARN 27539 --- [product-service] [springCloudBus.anonymous.K4HVOzN0Sr2CwjXw5PXxig-112] [                                                 ] o.s.a.r.listener.BlockingQueueConsumer   : Failed to declare queue: springCloudBus.anonymous.K4HVOzN0Sr2CwjXw5PXxig
2025-11-24T22:39:12.944+05:30  WARN 27539 --- [product-service] [springCloudBus.anonymous.K4HVOzN0Sr2CwjXw5PXxig-112] [                                                 ] o.s.a.r.listener.BlockingQueueConsumer   : Queue declaration failed; retries left=3

org.springframework.amqp.rabbit.listener.BlockingQueueConsumer$DeclarationException: Failed to declare queue(s):[springCloudBus.anonymous.K4HVOzN0Sr2CwjXw5PXxig]
	at org.springframework.amqp.rabbit.listener.BlockingQueueConsumer.attemptPassiveDeclarations(BlockingQueueConsumer.java:772) ~[spring-rabbit-3.2.8.jar:3.2.8]
	at org.springframework.amqp.rabbit.listener.BlockingQueueConsumer.passiveDeclarations(BlockingQueueConsumer.java:649) ~[spring-rabbit-3.2.8.jar:3.2.8]
	at org.springframework.amqp.rabbit.listener.BlockingQueueConsumer.start(BlockingQueueConsumer.java:636) ~[spring-rabbit-3.2.8.jar:3.2.8]
	at org.springframework.amqp.rabbit.listener.SimpleMessageListenerContainer$AsyncMessageProcessingConsumer.initialize(SimpleMessageListenerContainer.java:1490) ~[spring-rabbit-3.2.8.jar:3.2.8]
	at org.springframework.amqp.rabbit.listener.SimpleMessageListenerContainer$AsyncMessageProcessingConsumer.run(SimpleMessageListenerContainer.java:1328) ~[spring-rabbit-3.2.8.jar:3.2.8]
	at java.base/java.lang.Thread.run(Thread.java:1570) ~[na:na]
Caused by: java.io.IOException: null
	at com.rabbitmq.client.impl.AMQChannel.wrap(AMQChannel.java:140) ~[amqp-client-5.25.0.jar:5.25.0]
	at com.rabbitmq.client.impl.AMQChannel.wrap(AMQChannel.java:136) ~[amqp-client-5.25.0.jar:5.25.0]
	at com.rabbitmq.client.impl.AMQChannel.exnWrappingRpc(AMQChannel.java:158) ~[amqp-client-5.25.0.jar:5.25.0]
	at com.rabbitmq.client.impl.ChannelN.queueDeclarePassive(ChannelN.java:1033) ~[amqp-client-5.25.0.jar:5.25.0]
	at com.rabbitmq.client.impl.ChannelN.queueDeclarePassive(ChannelN.java:47) ~[amqp-client-5.25.0.jar:5.25.0]
	at java.base/jdk.internal.reflect.DirectMethodHandleAccessor.invoke(DirectMethodHandleAccessor.java:103) ~[na:na]
	at java.base/java.lang.reflect.Method.invoke(Method.java:580) ~[na:na]
	at org.springframework.amqp.rabbit.connection.CachingConnectionFactory$CachedChannelInvocationHandler.invoke(CachingConnectionFactory.java:1201) ~[spring-rabbit-3.2.8.jar:3.2.8]
	at jdk.proxy2/jdk.proxy2.$Proxy215.queueDeclarePassive(Unknown Source) ~[na:na]
	at org.springframework.amqp.rabbit.listener.BlockingQueueConsumer.attemptPassiveDeclarations(BlockingQueueConsumer.java:750) ~[spring-rabbit-3.2.8.jar:3.2.8]
	... 5 common frames omitted
Caused by: com.rabbitmq.client.ShutdownSignalException: channel error; protocol method: #method<channel.close>(reply-code=404, reply-text=NOT_FOUND - no queue 'springCloudBus.anonymous.K4HVOzN0Sr2CwjXw5PXxig' in vhost 'dwtkuyzt', class-id=50, method-id=10)
	at com.rabbitmq.utility.ValueOrException.getValue(ValueOrException.java:66) ~[amqp-client-5.25.0.jar:5.25.0]
	at com.rabbitmq.utility.BlockingValueOrException.uninterruptibleGetValue(BlockingValueOrException.java:36) ~[amqp-client-5.25.0.jar:5.25.0]
	at com.rabbitmq.client.impl.AMQChannel$BlockingRpcContinuation.getReply(AMQChannel.java:552) ~[amqp-client-5.25.0.jar:5.25.0]
	at com.rabbitmq.client.impl.AMQChannel.privateRpc(AMQChannel.java:316) ~[amqp-client-5.25.0.jar:5.25.0]
	at com.rabbitmq.client.impl.AMQChannel.exnWrappingRpc(AMQChannel.java:152) ~[amqp-client-5.25.0.jar:5.25.0]
	... 12 common frames omitted
Caused by: com.rabbitmq.client.ShutdownSignalException: channel error; protocol method: #method<channel.close>(reply-code=404, reply-text=NOT_FOUND - no queue 'springCloudBus.anonymous.K4HVOzN0Sr2CwjXw5PXxig' in vhost 'dwtkuyzt', class-id=50, method-id=10)
	at com.rabbitmq.client.impl.ChannelN.asyncShutdown(ChannelN.java:528) ~[amqp-client-5.25.0.jar:5.25.0]
	at com.rabbitmq.client.impl.ChannelN.processAsync(ChannelN.java:349) ~[amqp-client-5.25.0.jar:5.25.0]
	at com.rabbitmq.client.impl.AMQChannel.handleCompleteInboundCommand(AMQChannel.java:193) ~[amqp-client-5.25.0.jar:5.25.0]
	at com.rabbitmq.client.impl.AMQChannel.handleFrame(AMQChannel.java:125) ~[amqp-client-5.25.0.jar:5.25.0]
	at com.rabbitmq.client.impl.AMQConnection.readFrame(AMQConnection.java:761) ~[amqp-client-5.25.0.jar:5.25.0]
	at com.rabbitmq.client.impl.AMQConnection.access$400(AMQConnection.java:48) ~[amqp-client-5.25.0.jar:5.25.0]
	at com.rabbitmq.client.impl.AMQConnection$MainLoop.run(AMQConnection.java:688) ~[amqp-client-5.25.0.jar:5.25.0]
	... 1 common frames omitted

2025-11-24T22:39:18.497+05:30  WARN 27539 --- [product-service] [springCloudBus.anonymous.K4HVOzN0Sr2CwjXw5PXxig-112] [                                                 ] o.s.a.r.listener.BlockingQueueConsumer   : Failed to declare queue: springCloudBus.anonymous.K4HVOzN0Sr2CwjXw5PXxig
2025-11-24T22:39:18.498+05:30  WARN 27539 --- [product-service] [springCloudBus.anonymous.K4HVOzN0Sr2CwjXw5PXxig-112] [                                                 ] o.s.a.r.listener.BlockingQueueConsumer   : Queue declaration failed; retries left=2

org.springframework.amqp.rabbit.listener.BlockingQueueConsumer$DeclarationException: Failed to declare queue(s):[springCloudBus.anonymous.K4HVOzN0Sr2CwjXw5PXxig]
	at org.springframework.amqp.rabbit.listener.BlockingQueueConsumer.attemptPassiveDeclarations(BlockingQueueConsumer.java:772) ~[spring-rabbit-3.2.8.jar:3.2.8]
	at org.springframework.amqp.rabbit.listener.BlockingQueueConsumer.passiveDeclarations(BlockingQueueConsumer.java:649) ~[spring-rabbit-3.2.8.jar:3.2.8]
	at org.springframework.amqp.rabbit.listener.BlockingQueueConsumer.start(BlockingQueueConsumer.java:636) ~[spring-rabbit-3.2.8.jar:3.2.8]
	at org.springframework.amqp.rabbit.listener.SimpleMessageListenerContainer$AsyncMessageProcessingConsumer.initialize(SimpleMessageListenerContainer.java:1490) ~[spring-rabbit-3.2.8.jar:3.2.8]
	at org.springframework.amqp.rabbit.listener.SimpleMessageListenerContainer$AsyncMessageProcessingConsumer.run(SimpleMessageListenerContainer.java:1328) ~[spring-rabbit-3.2.8.jar:3.2.8]
	at java.base/java.lang.Thread.run(Thread.java:1570) ~[na:na]
Caused by: java.io.IOException: null
	at com.rabbitmq.client.impl.AMQChannel.wrap(AMQChannel.java:140) ~[amqp-client-5.25.0.jar:5.25.0]
	at com.rabbitmq.client.impl.AMQChannel.wrap(AMQChannel.java:136) ~[amqp-client-5.25.0.jar:5.25.0]
	at com.rabbitmq.client.impl.AMQChannel.exnWrappingRpc(AMQChannel.java:158) ~[amqp-client-5.25.0.jar:5.25.0]
	at com.rabbitmq.client.impl.ChannelN.queueDeclarePassive(ChannelN.java:1033) ~[amqp-client-5.25.0.jar:5.25.0]
	at com.rabbitmq.client.impl.ChannelN.queueDeclarePassive(ChannelN.java:47) ~[amqp-client-5.25.0.jar:5.25.0]
	at java.base/jdk.internal.reflect.DirectMethodHandleAccessor.invoke(DirectMethodHandleAccessor.java:103) ~[na:na]
	at java.base/java.lang.reflect.Method.invoke(Method.java:580) ~[na:na]
	at org.springframework.amqp.rabbit.connection.CachingConnectionFactory$CachedChannelInvocationHandler.invoke(CachingConnectionFactory.java:1201) ~[spring-rabbit-3.2.8.jar:3.2.8]
	at jdk.proxy2/jdk.proxy2.$Proxy215.queueDeclarePassive(Unknown Source) ~[na:na]
	at org.springframework.amqp.rabbit.listener.BlockingQueueConsumer.attemptPassiveDeclarations(BlockingQueueConsumer.java:750) ~[spring-rabbit-3.2.8.jar:3.2.8]
	... 5 common frames omitted
Caused by: com.rabbitmq.client.ShutdownSignalException: channel error; protocol method: #method<channel.close>(reply-code=404, reply-text=NOT_FOUND - no queue 'springCloudBus.anonymous.K4HVOzN0Sr2CwjXw5PXxig' in vhost 'dwtkuyzt', class-id=50, method-id=10)
	at com.rabbitmq.utility.ValueOrException.getValue(ValueOrException.java:66) ~[amqp-client-5.25.0.jar:5.25.0]
	at com.rabbitmq.utility.BlockingValueOrException.uninterruptibleGetValue(BlockingValueOrException.java:36) ~[amqp-client-5.25.0.jar:5.25.0]
	at com.rabbitmq.client.impl.AMQChannel$BlockingRpcContinuation.getReply(AMQChannel.java:552) ~[amqp-client-5.25.0.jar:5.25.0]
	at com.rabbitmq.client.impl.AMQChannel.privateRpc(AMQChannel.java:316) ~[amqp-client-5.25.0.jar:5.25.0]
	at com.rabbitmq.client.impl.AMQChannel.exnWrappingRpc(AMQChannel.java:152) ~[amqp-client-5.25.0.jar:5.25.0]
	... 12 common frames omitted
Caused by: com.rabbitmq.client.ShutdownSignalException: channel error; protocol method: #method<channel.close>(reply-code=404, reply-text=NOT_FOUND - no queue 'springCloudBus.anonymous.K4HVOzN0Sr2CwjXw5PXxig' in vhost 'dwtkuyzt', class-id=50, method-id=10)
	at com.rabbitmq.client.impl.ChannelN.asyncShutdown(ChannelN.java:528) ~[amqp-client-5.25.0.jar:5.25.0]
	at com.rabbitmq.client.impl.ChannelN.processAsync(ChannelN.java:349) ~[amqp-client-5.25.0.jar:5.25.0]
	at com.rabbitmq.client.impl.AMQChannel.handleCompleteInboundCommand(AMQChannel.java:193) ~[amqp-client-5.25.0.jar:5.25.0]
	at com.rabbitmq.client.impl.AMQChannel.handleFrame(AMQChannel.java:125) ~[amqp-client-5.25.0.jar:5.25.0]
	at com.rabbitmq.client.impl.AMQConnection.readFrame(AMQConnection.java:761) ~[amqp-client-5.25.0.jar:5.25.0]
	at com.rabbitmq.client.impl.AMQConnection.access$400(AMQConnection.java:48) ~[amqp-client-5.25.0.jar:5.25.0]
	at com.rabbitmq.client.impl.AMQConnection$MainLoop.run(AMQConnection.java:688) ~[amqp-client-5.25.0.jar:5.25.0]
	... 1 common frames omitted

2025-11-24T22:39:24.053+05:30  WARN 27539 --- [product-service] [springCloudBus.anonymous.K4HVOzN0Sr2CwjXw5PXxig-112] [                                                 ] o.s.a.r.listener.BlockingQueueConsumer   : Failed to declare queue: springCloudBus.anonymous.K4HVOzN0Sr2CwjXw5PXxig
2025-11-24T22:39:24.053+05:30  WARN 27539 --- [product-service] [springCloudBus.anonymous.K4HVOzN0Sr2CwjXw5PXxig-112] [                                                 ] o.s.a.r.listener.BlockingQueueConsumer   : Queue declaration failed; retries left=1

org.springframework.amqp.rabbit.listener.BlockingQueueConsumer$DeclarationException: Failed to declare queue(s):[springCloudBus.anonymous.K4HVOzN0Sr2CwjXw5PXxig]
	at org.springframework.amqp.rabbit.listener.BlockingQueueConsumer.attemptPassiveDeclarations(BlockingQueueConsumer.java:772) ~[spring-rabbit-3.2.8.jar:3.2.8]
	at org.springframework.amqp.rabbit.listener.BlockingQueueConsumer.passiveDeclarations(BlockingQueueConsumer.java:649) ~[spring-rabbit-3.2.8.jar:3.2.8]
	at org.springframework.amqp.rabbit.listener.BlockingQueueConsumer.start(BlockingQueueConsumer.java:636) ~[spring-rabbit-3.2.8.jar:3.2.8]
	at org.springframework.amqp.rabbit.listener.SimpleMessageListenerContainer$AsyncMessageProcessingConsumer.initialize(SimpleMessageListenerContainer.java:1490) ~[spring-rabbit-3.2.8.jar:3.2.8]
	at org.springframework.amqp.rabbit.listener.SimpleMessageListenerContainer$AsyncMessageProcessingConsumer.run(SimpleMessageListenerContainer.java:1328) ~[spring-rabbit-3.2.8.jar:3.2.8]
	at java.base/java.lang.Thread.run(Thread.java:1570) ~[na:na]
Caused by: java.io.IOException: null
	at com.rabbitmq.client.impl.AMQChannel.wrap(AMQChannel.java:140) ~[amqp-client-5.25.0.jar:5.25.0]
	at com.rabbitmq.client.impl.AMQChannel.wrap(AMQChannel.java:136) ~[amqp-client-5.25.0.jar:5.25.0]
	at com.rabbitmq.client.impl.AMQChannel.exnWrappingRpc(AMQChannel.java:158) ~[amqp-client-5.25.0.jar:5.25.0]
	at com.rabbitmq.client.impl.ChannelN.queueDeclarePassive(ChannelN.java:1033) ~[amqp-client-5.25.0.jar:5.25.0]
	at com.rabbitmq.client.impl.ChannelN.queueDeclarePassive(ChannelN.java:47) ~[amqp-client-5.25.0.jar:5.25.0]
	at java.base/jdk.internal.reflect.DirectMethodHandleAccessor.invoke(DirectMethodHandleAccessor.java:103) ~[na:na]
	at java.base/java.lang.reflect.Method.invoke(Method.java:580) ~[na:na]
	at org.springframework.amqp.rabbit.connection.CachingConnectionFactory$CachedChannelInvocationHandler.invoke(CachingConnectionFactory.java:1201) ~[spring-rabbit-3.2.8.jar:3.2.8]
	at jdk.proxy2/jdk.proxy2.$Proxy215.queueDeclarePassive(Unknown Source) ~[na:na]
	at org.springframework.amqp.rabbit.listener.BlockingQueueConsumer.attemptPassiveDeclarations(BlockingQueueConsumer.java:750) ~[spring-rabbit-3.2.8.jar:3.2.8]
	... 5 common frames omitted
Caused by: com.rabbitmq.client.ShutdownSignalException: channel error; protocol method: #method<channel.close>(reply-code=404, reply-text=NOT_FOUND - no queue 'springCloudBus.anonymous.K4HVOzN0Sr2CwjXw5PXxig' in vhost 'dwtkuyzt', class-id=50, method-id=10)
	at com.rabbitmq.utility.ValueOrException.getValue(ValueOrException.java:66) ~[amqp-client-5.25.0.jar:5.25.0]
	at com.rabbitmq.utility.BlockingValueOrException.uninterruptibleGetValue(BlockingValueOrException.java:36) ~[amqp-client-5.25.0.jar:5.25.0]
	at com.rabbitmq.client.impl.AMQChannel$BlockingRpcContinuation.getReply(AMQChannel.java:552) ~[amqp-client-5.25.0.jar:5.25.0]
	at com.rabbitmq.client.impl.AMQChannel.privateRpc(AMQChannel.java:316) ~[amqp-client-5.25.0.jar:5.25.0]
	at com.rabbitmq.client.impl.AMQChannel.exnWrappingRpc(AMQChannel.java:152) ~[amqp-client-5.25.0.jar:5.25.0]
	... 12 common frames omitted
Caused by: com.rabbitmq.client.ShutdownSignalException: channel error; protocol method: #method<channel.close>(reply-code=404, reply-text=NOT_FOUND - no queue 'springCloudBus.anonymous.K4HVOzN0Sr2CwjXw5PXxig' in vhost 'dwtkuyzt', class-id=50, method-id=10)
	at com.rabbitmq.client.impl.ChannelN.asyncShutdown(ChannelN.java:528) ~[amqp-client-5.25.0.jar:5.25.0]
	at com.rabbitmq.client.impl.ChannelN.processAsync(ChannelN.java:349) ~[amqp-client-5.25.0.jar:5.25.0]
	at com.rabbitmq.client.impl.AMQChannel.handleCompleteInboundCommand(AMQChannel.java:193) ~[amqp-client-5.25.0.jar:5.25.0]
	at com.rabbitmq.client.impl.AMQChannel.handleFrame(AMQChannel.java:125) ~[amqp-client-5.25.0.jar:5.25.0]
	at com.rabbitmq.client.impl.AMQConnection.readFrame(AMQConnection.java:761) ~[amqp-client-5.25.0.jar:5.25.0]
	at com.rabbitmq.client.impl.AMQConnection.access$400(AMQConnection.java:48) ~[amqp-client-5.25.0.jar:5.25.0]
	at com.rabbitmq.client.impl.AMQConnection$MainLoop.run(AMQConnection.java:688) ~[amqp-client-5.25.0.jar:5.25.0]
	... 1 common frames omitted

2025-11-24T22:39:29.611+05:30  WARN 27539 --- [product-service] [springCloudBus.anonymous.K4HVOzN0Sr2CwjXw5PXxig-112] [                                                 ] o.s.a.r.listener.BlockingQueueConsumer   : Failed to declare queue: springCloudBus.anonymous.K4HVOzN0Sr2CwjXw5PXxig
2025-11-24T22:39:34.688+05:30 ERROR 27539 --- [product-service] [springCloudBus.anonymous.K4HVOzN0Sr2CwjXw5PXxig-112] [                                                 ] o.s.a.r.l.SimpleMessageListenerContainer : Consumer threw missing queues exception, fatal=false

org.springframework.amqp.rabbit.listener.QueuesNotAvailableException: Cannot prepare queue for listener. Either the queue doesn't exist or the broker will not allow us to use it.
	at org.springframework.amqp.rabbit.listener.BlockingQueueConsumer.handleDeclarationException(BlockingQueueConsumer.java:722) ~[spring-rabbit-3.2.8.jar:3.2.8]
	at org.springframework.amqp.rabbit.listener.BlockingQueueConsumer.passiveDeclarations(BlockingQueueConsumer.java:656) ~[spring-rabbit-3.2.8.jar:3.2.8]
	at org.springframework.amqp.rabbit.listener.BlockingQueueConsumer.start(BlockingQueueConsumer.java:636) ~[spring-rabbit-3.2.8.jar:3.2.8]
	at org.springframework.amqp.rabbit.listener.SimpleMessageListenerContainer$AsyncMessageProcessingConsumer.initialize(SimpleMessageListenerContainer.java:1490) ~[spring-rabbit-3.2.8.jar:3.2.8]
	at org.springframework.amqp.rabbit.listener.SimpleMessageListenerContainer$AsyncMessageProcessingConsumer.run(SimpleMessageListenerContainer.java:1328) ~[spring-rabbit-3.2.8.jar:3.2.8]
	at java.base/java.lang.Thread.run(Thread.java:1570) ~[na:na]
Caused by: org.springframework.amqp.rabbit.listener.BlockingQueueConsumer$DeclarationException: Failed to declare queue(s):[springCloudBus.anonymous.K4HVOzN0Sr2CwjXw5PXxig]
	at org.springframework.amqp.rabbit.listener.BlockingQueueConsumer.attemptPassiveDeclarations(BlockingQueueConsumer.java:772) ~[spring-rabbit-3.2.8.jar:3.2.8]
	at org.springframework.amqp.rabbit.listener.BlockingQueueConsumer.passiveDeclarations(BlockingQueueConsumer.java:649) ~[spring-rabbit-3.2.8.jar:3.2.8]
	... 4 common frames omitted
Caused by: java.io.IOException: null
	at com.rabbitmq.client.impl.AMQChannel.wrap(AMQChannel.java:140) ~[amqp-client-5.25.0.jar:5.25.0]
	at com.rabbitmq.client.impl.AMQChannel.wrap(AMQChannel.java:136) ~[amqp-client-5.25.0.jar:5.25.0]
	at com.rabbitmq.client.impl.AMQChannel.exnWrappingRpc(AMQChannel.java:158) ~[amqp-client-5.25.0.jar:5.25.0]
	at com.rabbitmq.client.impl.ChannelN.queueDeclarePassive(ChannelN.java:1033) ~[amqp-client-5.25.0.jar:5.25.0]
	at com.rabbitmq.client.impl.ChannelN.queueDeclarePassive(ChannelN.java:47) ~[amqp-client-5.25.0.jar:5.25.0]
	at java.base/jdk.internal.reflect.DirectMethodHandleAccessor.invoke(DirectMethodHandleAccessor.java:103) ~[na:na]
	at java.base/java.lang.reflect.Method.invoke(Method.java:580) ~[na:na]
	at org.springframework.amqp.rabbit.connection.CachingConnectionFactory$CachedChannelInvocationHandler.invoke(CachingConnectionFactory.java:1201) ~[spring-rabbit-3.2.8.jar:3.2.8]
	at jdk.proxy2/jdk.proxy2.$Proxy215.queueDeclarePassive(Unknown Source) ~[na:na]
	at org.springframework.amqp.rabbit.listener.BlockingQueueConsumer.attemptPassiveDeclarations(BlockingQueueConsumer.java:750) ~[spring-rabbit-3.2.8.jar:3.2.8]
	... 5 common frames omitted
Caused by: com.rabbitmq.client.ShutdownSignalException: channel error; protocol method: #method<channel.close>(reply-code=404, reply-text=NOT_FOUND - no queue 'springCloudBus.anonymous.K4HVOzN0Sr2CwjXw5PXxig' in vhost 'dwtkuyzt', class-id=50, method-id=10)
	at com.rabbitmq.utility.ValueOrException.getValue(ValueOrException.java:66) ~[amqp-client-5.25.0.jar:5.25.0]
	at com.rabbitmq.utility.BlockingValueOrException.uninterruptibleGetValue(BlockingValueOrException.java:36) ~[amqp-client-5.25.0.jar:5.25.0]
	at com.rabbitmq.client.impl.AMQChannel$BlockingRpcContinuation.getReply(AMQChannel.java:552) ~[amqp-client-5.25.0.jar:5.25.0]
	at com.rabbitmq.client.impl.AMQChannel.privateRpc(AMQChannel.java:316) ~[amqp-client-5.25.0.jar:5.25.0]
	at com.rabbitmq.client.impl.AMQChannel.exnWrappingRpc(AMQChannel.java:152) ~[amqp-client-5.25.0.jar:5.25.0]
	... 12 common frames omitted
Caused by: com.rabbitmq.client.ShutdownSignalException: channel error; protocol method: #method<channel.close>(reply-code=404, reply-text=NOT_FOUND - no queue 'springCloudBus.anonymous.K4HVOzN0Sr2CwjXw5PXxig' in vhost 'dwtkuyzt', class-id=50, method-id=10)
	at com.rabbitmq.client.impl.ChannelN.asyncShutdown(ChannelN.java:528) ~[amqp-client-5.25.0.jar:5.25.0]
	at com.rabbitmq.client.impl.ChannelN.processAsync(ChannelN.java:349) ~[amqp-client-5.25.0.jar:5.25.0]
	at com.rabbitmq.client.impl.AMQChannel.handleCompleteInboundCommand(AMQChannel.java:193) ~[amqp-client-5.25.0.jar:5.25.0]
	at com.rabbitmq.client.impl.AMQChannel.handleFrame(AMQChannel.java:125) ~[amqp-client-5.25.0.jar:5.25.0]
	at com.rabbitmq.client.impl.AMQConnection.readFrame(AMQConnection.java:761) ~[amqp-client-5.25.0.jar:5.25.0]
	at com.rabbitmq.client.impl.AMQConnection.access$400(AMQConnection.java:48) ~[amqp-client-5.25.0.jar:5.25.0]
	at com.rabbitmq.client.impl.AMQConnection$MainLoop.run(AMQConnection.java:688) ~[amqp-client-5.25.0.jar:5.25.0]
	... 1 common frames omitted

2025-11-24T22:39:34.691+05:30  INFO 27539 --- [product-service] [springCloudBus.anonymous.K4HVOzN0Sr2CwjXw5PXxig-112] [                                                 ] o.s.a.r.l.SimpleMessageListenerContainer : Restarting Consumer@3bb290a7: tags=[[]], channel=Cached Rabbit Channel: AMQChannel(amqp://dwtkuyzt@35.153.225.39:5672/dwtkuyzt,1), conn: Proxy@276b6159 Shared Rabbit Connection: SimpleConnection@3c1ed920 [delegate=amqp://dwtkuyzt@35.153.225.39:5672/dwtkuyzt, localPort=61539], acknowledgeMode=AUTO local queue size=0
2025-11-24T22:39:35.875+05:30  WARN 27539 --- [product-service] [springCloudBus.anonymous.K4HVOzN0Sr2CwjXw5PXxig-113] [                                                 ] o.s.a.r.listener.BlockingQueueConsumer   : Failed to declare queue: springCloudBus.anonymous.K4HVOzN0Sr2CwjXw5PXxig
2025-11-24T22:39:35.875+05:30  WARN 27539 --- [product-service] [springCloudBus.anonymous.K4HVOzN0Sr2CwjXw5PXxig-113] [                                                 ] o.s.a.r.listener.BlockingQueueConsumer   : Queue declaration failed; retries left=3

org.springframework.amqp.rabbit.listener.BlockingQueueConsumer$DeclarationException: Failed to declare queue(s):[springCloudBus.anonymous.K4HVOzN0Sr2CwjXw5PXxig]
	at org.springframework.amqp.rabbit.listener.BlockingQueueConsumer.attemptPassiveDeclarations(BlockingQueueConsumer.java:772) ~[spring-rabbit-3.2.8.jar:3.2.8]
	at org.springframework.amqp.rabbit.listener.BlockingQueueConsumer.passiveDeclarations(BlockingQueueConsumer.java:649) ~[spring-rabbit-3.2.8.jar:3.2.8]
	at org.springframework.amqp.rabbit.listener.BlockingQueueConsumer.start(BlockingQueueConsumer.java:636) ~[spring-rabbit-3.2.8.jar:3.2.8]
	at org.springframework.amqp.rabbit.listener.SimpleMessageListenerContainer$AsyncMessageProcessingConsumer.initialize(SimpleMessageListenerContainer.java:1490) ~[spring-rabbit-3.2.8.jar:3.2.8]
	at org.springframework.amqp.rabbit.listener.SimpleMessageListenerContainer$AsyncMessageProcessingConsumer.run(SimpleMessageListenerContainer.java:1328) ~[spring-rabbit-3.2.8.jar:3.2.8]
	at java.base/java.lang.Thread.run(Thread.java:1570) ~[na:na]
Caused by: java.io.IOException: null
	at com.rabbitmq.client.impl.AMQChannel.wrap(AMQChannel.java:140) ~[amqp-client-5.25.0.jar:5.25.0]
	at com.rabbitmq.client.impl.AMQChannel.wrap(AMQChannel.java:136) ~[amqp-client-5.25.0.jar:5.25.0]
	at com.rabbitmq.client.impl.AMQChannel.exnWrappingRpc(AMQChannel.java:158) ~[amqp-client-5.25.0.jar:5.25.0]
	at com.rabbitmq.client.impl.ChannelN.queueDeclarePassive(ChannelN.java:1033) ~[amqp-client-5.25.0.jar:5.25.0]
	at com.rabbitmq.client.impl.ChannelN.queueDeclarePassive(ChannelN.java:47) ~[amqp-client-5.25.0.jar:5.25.0]
	at java.base/jdk.internal.reflect.DirectMethodHandleAccessor.invoke(DirectMethodHandleAccessor.java:103) ~[na:na]
	at java.base/java.lang.reflect.Method.invoke(Method.java:580) ~[na:na]
	at org.springframework.amqp.rabbit.connection.CachingConnectionFactory$CachedChannelInvocationHandler.invoke(CachingConnectionFactory.java:1201) ~[spring-rabbit-3.2.8.jar:3.2.8]
	at jdk.proxy2/jdk.proxy2.$Proxy215.queueDeclarePassive(Unknown Source) ~[na:na]
	at org.springframework.amqp.rabbit.listener.BlockingQueueConsumer.attemptPassiveDeclarations(BlockingQueueConsumer.java:750) ~[spring-rabbit-3.2.8.jar:3.2.8]
	... 5 common frames omitted
Caused by: com.rabbitmq.client.ShutdownSignalException: channel error; protocol method: #method<channel.close>(reply-code=404, reply-text=NOT_FOUND - no queue 'springCloudBus.anonymous.K4HVOzN0Sr2CwjXw5PXxig' in vhost 'dwtkuyzt', class-id=50, method-id=10)
	at com.rabbitmq.utility.ValueOrException.getValue(ValueOrException.java:66) ~[amqp-client-5.25.0.jar:5.25.0]
	at com.rabbitmq.utility.BlockingValueOrException.uninterruptibleGetValue(BlockingValueOrException.java:36) ~[amqp-client-5.25.0.jar:5.25.0]
	at com.rabbitmq.client.impl.AMQChannel$BlockingRpcContinuation.getReply(AMQChannel.java:552) ~[amqp-client-5.25.0.jar:5.25.0]
	at com.rabbitmq.client.impl.AMQChannel.privateRpc(AMQChannel.java:316) ~[amqp-client-5.25.0.jar:5.25.0]
	at com.rabbitmq.client.impl.AMQChannel.exnWrappingRpc(AMQChannel.java:152) ~[amqp-client-5.25.0.jar:5.25.0]
	... 12 common frames omitted
Caused by: com.rabbitmq.client.ShutdownSignalException: channel error; protocol method: #method<channel.close>(reply-code=404, reply-text=NOT_FOUND - no queue 'springCloudBus.anonymous.K4HVOzN0Sr2CwjXw5PXxig' in vhost 'dwtkuyzt', class-id=50, method-id=10)
	at com.rabbitmq.client.impl.ChannelN.asyncShutdown(ChannelN.java:528) ~[amqp-client-5.25.0.jar:5.25.0]
	at com.rabbitmq.client.impl.ChannelN.processAsync(ChannelN.java:349) ~[amqp-client-5.25.0.jar:5.25.0]
	at com.rabbitmq.client.impl.AMQChannel.handleCompleteInboundCommand(AMQChannel.java:193) ~[amqp-client-5.25.0.jar:5.25.0]
	at com.rabbitmq.client.impl.AMQChannel.handleFrame(AMQChannel.java:125) ~[amqp-client-5.25.0.jar:5.25.0]
	at com.rabbitmq.client.impl.AMQConnection.readFrame(AMQConnection.java:761) ~[amqp-client-5.25.0.jar:5.25.0]
	at com.rabbitmq.client.impl.AMQConnection.access$400(AMQConnection.java:48) ~[amqp-client-5.25.0.jar:5.25.0]
	at com.rabbitmq.client.impl.AMQConnection$MainLoop.run(AMQConnection.java:688) ~[amqp-client-5.25.0.jar:5.25.0]
	... 1 common frames omitted

2025-11-24T22:39:41.431+05:30  WARN 27539 --- [product-service] [springCloudBus.anonymous.K4HVOzN0Sr2CwjXw5PXxig-113] [                                                 ] o.s.a.r.listener.BlockingQueueConsumer   : Failed to declare queue: springCloudBus.anonymous.K4HVOzN0Sr2CwjXw5PXxig
2025-11-24T22:39:41.432+05:30  WARN 27539 --- [product-service] [springCloudBus.anonymous.K4HVOzN0Sr2CwjXw5PXxig-113] [                                                 ] o.s.a.r.listener.BlockingQueueConsumer   : Queue declaration failed; retries left=2

org.springframework.amqp.rabbit.listener.BlockingQueueConsumer$DeclarationException: Failed to declare queue(s):[springCloudBus.anonymous.K4HVOzN0Sr2CwjXw5PXxig]
	at org.springframework.amqp.rabbit.listener.BlockingQueueConsumer.attemptPassiveDeclarations(BlockingQueueConsumer.java:772) ~[spring-rabbit-3.2.8.jar:3.2.8]
	at org.springframework.amqp.rabbit.listener.BlockingQueueConsumer.passiveDeclarations(BlockingQueueConsumer.java:649) ~[spring-rabbit-3.2.8.jar:3.2.8]
	at org.springframework.amqp.rabbit.listener.BlockingQueueConsumer.start(BlockingQueueConsumer.java:636) ~[spring-rabbit-3.2.8.jar:3.2.8]
	at org.springframework.amqp.rabbit.listener.SimpleMessageListenerContainer$AsyncMessageProcessingConsumer.initialize(SimpleMessageListenerContainer.java:1490) ~[spring-rabbit-3.2.8.jar:3.2.8]
	at org.springframework.amqp.rabbit.listener.SimpleMessageListenerContainer$AsyncMessageProcessingConsumer.run(SimpleMessageListenerContainer.java:1328) ~[spring-rabbit-3.2.8.jar:3.2.8]
	at java.base/java.lang.Thread.run(Thread.java:1570) ~[na:na]
Caused by: java.io.IOException: null
	at com.rabbitmq.client.impl.AMQChannel.wrap(AMQChannel.java:140) ~[amqp-client-5.25.0.jar:5.25.0]
	at com.rabbitmq.client.impl.AMQChannel.wrap(AMQChannel.java:136) ~[amqp-client-5.25.0.jar:5.25.0]
	at com.rabbitmq.client.impl.AMQChannel.exnWrappingRpc(AMQChannel.java:158) ~[amqp-client-5.25.0.jar:5.25.0]
	at com.rabbitmq.client.impl.ChannelN.queueDeclarePassive(ChannelN.java:1033) ~[amqp-client-5.25.0.jar:5.25.0]
	at com.rabbitmq.client.impl.ChannelN.queueDeclarePassive(ChannelN.java:47) ~[amqp-client-5.25.0.jar:5.25.0]
	at java.base/jdk.internal.reflect.DirectMethodHandleAccessor.invoke(DirectMethodHandleAccessor.java:103) ~[na:na]
	at java.base/java.lang.reflect.Method.invoke(Method.java:580) ~[na:na]
	at org.springframework.amqp.rabbit.connection.CachingConnectionFactory$CachedChannelInvocationHandler.invoke(CachingConnectionFactory.java:1201) ~[spring-rabbit-3.2.8.jar:3.2.8]
	at jdk.proxy2/jdk.proxy2.$Proxy215.queueDeclarePassive(Unknown Source) ~[na:na]
	at org.springframework.amqp.rabbit.listener.BlockingQueueConsumer.attemptPassiveDeclarations(BlockingQueueConsumer.java:750) ~[spring-rabbit-3.2.8.jar:3.2.8]
	... 5 common frames omitted
Caused by: com.rabbitmq.client.ShutdownSignalException: channel error; protocol method: #method<channel.close>(reply-code=404, reply-text=NOT_FOUND - no queue 'springCloudBus.anonymous.K4HVOzN0Sr2CwjXw5PXxig' in vhost 'dwtkuyzt', class-id=50, method-id=10)
	at com.rabbitmq.utility.ValueOrException.getValue(ValueOrException.java:66) ~[amqp-client-5.25.0.jar:5.25.0]
	at com.rabbitmq.utility.BlockingValueOrException.uninterruptibleGetValue(BlockingValueOrException.java:36) ~[amqp-client-5.25.0.jar:5.25.0]
	at com.rabbitmq.client.impl.AMQChannel$BlockingRpcContinuation.getReply(AMQChannel.java:552) ~[amqp-client-5.25.0.jar:5.25.0]
	at com.rabbitmq.client.impl.AMQChannel.privateRpc(AMQChannel.java:316) ~[amqp-client-5.25.0.jar:5.25.0]
	at com.rabbitmq.client.impl.AMQChannel.exnWrappingRpc(AMQChannel.java:152) ~[amqp-client-5.25.0.jar:5.25.0]
	... 12 common frames omitted
Caused by: com.rabbitmq.client.ShutdownSignalException: channel error; protocol method: #method<channel.close>(reply-code=404, reply-text=NOT_FOUND - no queue 'springCloudBus.anonymous.K4HVOzN0Sr2CwjXw5PXxig' in vhost 'dwtkuyzt', class-id=50, method-id=10)
	at com.rabbitmq.client.impl.ChannelN.asyncShutdown(ChannelN.java:528) ~[amqp-client-5.25.0.jar:5.25.0]
	at com.rabbitmq.client.impl.ChannelN.processAsync(ChannelN.java:349) ~[amqp-client-5.25.0.jar:5.25.0]
	at com.rabbitmq.client.impl.AMQChannel.handleCompleteInboundCommand(AMQChannel.java:193) ~[amqp-client-5.25.0.jar:5.25.0]
	at com.rabbitmq.client.impl.AMQChannel.handleFrame(AMQChannel.java:125) ~[amqp-client-5.25.0.jar:5.25.0]
	at com.rabbitmq.client.impl.AMQConnection.readFrame(AMQConnection.java:761) ~[amqp-client-5.25.0.jar:5.25.0]
	at com.rabbitmq.client.impl.AMQConnection.access$400(AMQConnection.java:48) ~[amqp-client-5.25.0.jar:5.25.0]
	at com.rabbitmq.client.impl.AMQConnection$MainLoop.run(AMQConnection.java:688) ~[amqp-client-5.25.0.jar:5.25.0]
	... 1 common frames omitted

2025-11-24T22:39:47.063+05:30  WARN 27539 --- [product-service] [springCloudBus.anonymous.K4HVOzN0Sr2CwjXw5PXxig-113] [                                                 ] o.s.a.r.listener.BlockingQueueConsumer   : Failed to declare queue: springCloudBus.anonymous.K4HVOzN0Sr2CwjXw5PXxig
2025-11-24T22:39:47.064+05:30  WARN 27539 --- [product-service] [springCloudBus.anonymous.K4HVOzN0Sr2CwjXw5PXxig-113] [                                                 ] o.s.a.r.listener.BlockingQueueConsumer   : Queue declaration failed; retries left=1

org.springframework.amqp.rabbit.listener.BlockingQueueConsumer$DeclarationException: Failed to declare queue(s):[springCloudBus.anonymous.K4HVOzN0Sr2CwjXw5PXxig]
	at org.springframework.amqp.rabbit.listener.BlockingQueueConsumer.attemptPassiveDeclarations(BlockingQueueConsumer.java:772) ~[spring-rabbit-3.2.8.jar:3.2.8]
	at org.springframework.amqp.rabbit.listener.BlockingQueueConsumer.passiveDeclarations(BlockingQueueConsumer.java:649) ~[spring-rabbit-3.2.8.jar:3.2.8]
	at org.springframework.amqp.rabbit.listener.BlockingQueueConsumer.start(BlockingQueueConsumer.java:636) ~[spring-rabbit-3.2.8.jar:3.2.8]
	at org.springframework.amqp.rabbit.listener.SimpleMessageListenerContainer$AsyncMessageProcessingConsumer.initialize(SimpleMessageListenerContainer.java:1490) ~[spring-rabbit-3.2.8.jar:3.2.8]
	at org.springframework.amqp.rabbit.listener.SimpleMessageListenerContainer$AsyncMessageProcessingConsumer.run(SimpleMessageListenerContainer.java:1328) ~[spring-rabbit-3.2.8.jar:3.2.8]
	at java.base/java.lang.Thread.run(Thread.java:1570) ~[na:na]
Caused by: java.io.IOException: null
	at com.rabbitmq.client.impl.AMQChannel.wrap(AMQChannel.java:140) ~[amqp-client-5.25.0.jar:5.25.0]
	at com.rabbitmq.client.impl.AMQChannel.wrap(AMQChannel.java:136) ~[amqp-client-5.25.0.jar:5.25.0]
	at com.rabbitmq.client.impl.AMQChannel.exnWrappingRpc(AMQChannel.java:158) ~[amqp-client-5.25.0.jar:5.25.0]
	at com.rabbitmq.client.impl.ChannelN.queueDeclarePassive(ChannelN.java:1033) ~[amqp-client-5.25.0.jar:5.25.0]
	at com.rabbitmq.client.impl.ChannelN.queueDeclarePassive(ChannelN.java:47) ~[amqp-client-5.25.0.jar:5.25.0]
	at java.base/jdk.internal.reflect.DirectMethodHandleAccessor.invoke(DirectMethodHandleAccessor.java:103) ~[na:na]
	at java.base/java.lang.reflect.Method.invoke(Method.java:580) ~[na:na]
	at org.springframework.amqp.rabbit.connection.CachingConnectionFactory$CachedChannelInvocationHandler.invoke(CachingConnectionFactory.java:1201) ~[spring-rabbit-3.2.8.jar:3.2.8]
	at jdk.proxy2/jdk.proxy2.$Proxy215.queueDeclarePassive(Unknown Source) ~[na:na]
	at org.springframework.amqp.rabbit.listener.BlockingQueueConsumer.attemptPassiveDeclarations(BlockingQueueConsumer.java:750) ~[spring-rabbit-3.2.8.jar:3.2.8]
	... 5 common frames omitted
Caused by: com.rabbitmq.client.ShutdownSignalException: channel error; protocol method: #method<channel.close>(reply-code=404, reply-text=NOT_FOUND - no queue 'springCloudBus.anonymous.K4HVOzN0Sr2CwjXw5PXxig' in vhost 'dwtkuyzt', class-id=50, method-id=10)
	at com.rabbitmq.utility.ValueOrException.getValue(ValueOrException.java:66) ~[amqp-client-5.25.0.jar:5.25.0]
	at com.rabbitmq.utility.BlockingValueOrException.uninterruptibleGetValue(BlockingValueOrException.java:36) ~[amqp-client-5.25.0.jar:5.25.0]
	at com.rabbitmq.client.impl.AMQChannel$BlockingRpcContinuation.getReply(AMQChannel.java:552) ~[amqp-client-5.25.0.jar:5.25.0]
	at com.rabbitmq.client.impl.AMQChannel.privateRpc(AMQChannel.java:316) ~[amqp-client-5.25.0.jar:5.25.0]
	at com.rabbitmq.client.impl.AMQChannel.exnWrappingRpc(AMQChannel.java:152) ~[amqp-client-5.25.0.jar:5.25.0]
	... 12 common frames omitted
Caused by: com.rabbitmq.client.ShutdownSignalException: channel error; protocol method: #method<channel.close>(reply-code=404, reply-text=NOT_FOUND - no queue 'springCloudBus.anonymous.K4HVOzN0Sr2CwjXw5PXxig' in vhost 'dwtkuyzt', class-id=50, method-id=10)
	at com.rabbitmq.client.impl.ChannelN.asyncShutdown(ChannelN.java:528) ~[amqp-client-5.25.0.jar:5.25.0]
	at com.rabbitmq.client.impl.ChannelN.processAsync(ChannelN.java:349) ~[amqp-client-5.25.0.jar:5.25.0]
	at com.rabbitmq.client.impl.AMQChannel.handleCompleteInboundCommand(AMQChannel.java:193) ~[amqp-client-5.25.0.jar:5.25.0]
	at com.rabbitmq.client.impl.AMQChannel.handleFrame(AMQChannel.java:125) ~[amqp-client-5.25.0.jar:5.25.0]
	at com.rabbitmq.client.impl.AMQConnection.readFrame(AMQConnection.java:761) ~[amqp-client-5.25.0.jar:5.25.0]
	at com.rabbitmq.client.impl.AMQConnection.access$400(AMQConnection.java:48) ~[amqp-client-5.25.0.jar:5.25.0]
	at com.rabbitmq.client.impl.AMQConnection$MainLoop.run(AMQConnection.java:688) ~[amqp-client-5.25.0.jar:5.25.0]
	... 1 common frames omitted

2025-11-24T22:39:52.626+05:30  WARN 27539 --- [product-service] [springCloudBus.anonymous.K4HVOzN0Sr2CwjXw5PXxig-113] [                                                 ] o.s.a.r.listener.BlockingQueueConsumer   : Failed to declare queue: springCloudBus.anonymous.K4HVOzN0Sr2CwjXw5PXxig
2025-11-24T22:39:57.706+05:30 ERROR 27539 --- [product-service] [springCloudBus.anonymous.K4HVOzN0Sr2CwjXw5PXxig-113] [                                                 ] o.s.a.r.l.SimpleMessageListenerContainer : Consumer threw missing queues exception, fatal=false

org.springframework.amqp.rabbit.listener.QueuesNotAvailableException: Cannot prepare queue for listener. Either the queue doesn't exist or the broker will not allow us to use it.
	at org.springframework.amqp.rabbit.listener.BlockingQueueConsumer.handleDeclarationException(BlockingQueueConsumer.java:722) ~[spring-rabbit-3.2.8.jar:3.2.8]
	at org.springframework.amqp.rabbit.listener.BlockingQueueConsumer.passiveDeclarations(BlockingQueueConsumer.java:656) ~[spring-rabbit-3.2.8.jar:3.2.8]
	at org.springframework.amqp.rabbit.listener.BlockingQueueConsumer.start(BlockingQueueConsumer.java:636) ~[spring-rabbit-3.2.8.jar:3.2.8]
	at org.springframework.amqp.rabbit.listener.SimpleMessageListenerContainer$AsyncMessageProcessingConsumer.initialize(SimpleMessageListenerContainer.java:1490) ~[spring-rabbit-3.2.8.jar:3.2.8]
	at org.springframework.amqp.rabbit.listener.SimpleMessageListenerContainer$AsyncMessageProcessingConsumer.run(SimpleMessageListenerContainer.java:1328) ~[spring-rabbit-3.2.8.jar:3.2.8]
	at java.base/java.lang.Thread.run(Thread.java:1570) ~[na:na]
Caused by: org.springframework.amqp.rabbit.listener.BlockingQueueConsumer$DeclarationException: Failed to declare queue(s):[springCloudBus.anonymous.K4HVOzN0Sr2CwjXw5PXxig]
	at org.springframework.amqp.rabbit.listener.BlockingQueueConsumer.attemptPassiveDeclarations(BlockingQueueConsumer.java:772) ~[spring-rabbit-3.2.8.jar:3.2.8]
	at org.springframework.amqp.rabbit.listener.BlockingQueueConsumer.passiveDeclarations(BlockingQueueConsumer.java:649) ~[spring-rabbit-3.2.8.jar:3.2.8]
	... 4 common frames omitted
Caused by: java.io.IOException: null
	at com.rabbitmq.client.impl.AMQChannel.wrap(AMQChannel.java:140) ~[amqp-client-5.25.0.jar:5.25.0]
	at com.rabbitmq.client.impl.AMQChannel.wrap(AMQChannel.java:136) ~[amqp-client-5.25.0.jar:5.25.0]
	at com.rabbitmq.client.impl.AMQChannel.exnWrappingRpc(AMQChannel.java:158) ~[amqp-client-5.25.0.jar:5.25.0]
	at com.rabbitmq.client.impl.ChannelN.queueDeclarePassive(ChannelN.java:1033) ~[amqp-client-5.25.0.jar:5.25.0]
	at com.rabbitmq.client.impl.ChannelN.queueDeclarePassive(ChannelN.java:47) ~[amqp-client-5.25.0.jar:5.25.0]
	at java.base/jdk.internal.reflect.DirectMethodHandleAccessor.invoke(DirectMethodHandleAccessor.java:103) ~[na:na]
	at java.base/java.lang.reflect.Method.invoke(Method.java:580) ~[na:na]
	at org.springframework.amqp.rabbit.connection.CachingConnectionFactory$CachedChannelInvocationHandler.invoke(CachingConnectionFactory.java:1201) ~[spring-rabbit-3.2.8.jar:3.2.8]
	at jdk.proxy2/jdk.proxy2.$Proxy215.queueDeclarePassive(Unknown Source) ~[na:na]
	at org.springframework.amqp.rabbit.listener.BlockingQueueConsumer.attemptPassiveDeclarations(BlockingQueueConsumer.java:750) ~[spring-rabbit-3.2.8.jar:3.2.8]
	... 5 common frames omitted
Caused by: com.rabbitmq.client.ShutdownSignalException: channel error; protocol method: #method<channel.close>(reply-code=404, reply-text=NOT_FOUND - no queue 'springCloudBus.anonymous.K4HVOzN0Sr2CwjXw5PXxig' in vhost 'dwtkuyzt', class-id=50, method-id=10)
	at com.rabbitmq.utility.ValueOrException.getValue(ValueOrException.java:66) ~[amqp-client-5.25.0.jar:5.25.0]
	at com.rabbitmq.utility.BlockingValueOrException.uninterruptibleGetValue(BlockingValueOrException.java:36) ~[amqp-client-5.25.0.jar:5.25.0]
	at com.rabbitmq.client.impl.AMQChannel$BlockingRpcContinuation.getReply(AMQChannel.java:552) ~[amqp-client-5.25.0.jar:5.25.0]
	at com.rabbitmq.client.impl.AMQChannel.privateRpc(AMQChannel.java:316) ~[amqp-client-5.25.0.jar:5.25.0]
	at com.rabbitmq.client.impl.AMQChannel.exnWrappingRpc(AMQChannel.java:152) ~[amqp-client-5.25.0.jar:5.25.0]
	... 12 common frames omitted
Caused by: com.rabbitmq.client.ShutdownSignalException: channel error; protocol method: #method<channel.close>(reply-code=404, reply-text=NOT_FOUND - no queue 'springCloudBus.anonymous.K4HVOzN0Sr2CwjXw5PXxig' in vhost 'dwtkuyzt', class-id=50, method-id=10)
	at com.rabbitmq.client.impl.ChannelN.asyncShutdown(ChannelN.java:528) ~[amqp-client-5.25.0.jar:5.25.0]
	at com.rabbitmq.client.impl.ChannelN.processAsync(ChannelN.java:349) ~[amqp-client-5.25.0.jar:5.25.0]
	at com.rabbitmq.client.impl.AMQChannel.handleCompleteInboundCommand(AMQChannel.java:193) ~[amqp-client-5.25.0.jar:5.25.0]
	at com.rabbitmq.client.impl.AMQChannel.handleFrame(AMQChannel.java:125) ~[amqp-client-5.25.0.jar:5.25.0]
	at com.rabbitmq.client.impl.AMQConnection.readFrame(AMQConnection.java:761) ~[amqp-client-5.25.0.jar:5.25.0]
	at com.rabbitmq.client.impl.AMQConnection.access$400(AMQConnection.java:48) ~[amqp-client-5.25.0.jar:5.25.0]
	at com.rabbitmq.client.impl.AMQConnection$MainLoop.run(AMQConnection.java:688) ~[amqp-client-5.25.0.jar:5.25.0]
	... 1 common frames omitted

2025-11-24T22:39:57.710+05:30  INFO 27539 --- [product-service] [springCloudBus.anonymous.K4HVOzN0Sr2CwjXw5PXxig-113] [                                                 ] o.s.a.r.l.SimpleMessageListenerContainer : Restarting Consumer@47aac84: tags=[[]], channel=Cached Rabbit Channel: AMQChannel(amqp://dwtkuyzt@35.153.225.39:5672/dwtkuyzt,1), conn: Proxy@276b6159 Shared Rabbit Connection: SimpleConnection@3c1ed920 [delegate=amqp://dwtkuyzt@35.153.225.39:5672/dwtkuyzt, localPort=61539], acknowledgeMode=AUTO local queue size=0
2025-11-24T22:39:58.943+05:30  WARN 27539 --- [product-service] [springCloudBus.anonymous.K4HVOzN0Sr2CwjXw5PXxig-114] [                                                 ] o.s.a.r.listener.BlockingQueueConsumer   : Failed to declare queue: springCloudBus.anonymous.K4HVOzN0Sr2CwjXw5PXxig
2025-11-24T22:39:58.944+05:30  WARN 27539 --- [product-service] [springCloudBus.anonymous.K4HVOzN0Sr2CwjXw5PXxig-114] [                                                 ] o.s.a.r.listener.BlockingQueueConsumer   : Queue declaration failed; retries left=3

org.springframework.amqp.rabbit.listener.BlockingQueueConsumer$DeclarationException: Failed to declare queue(s):[springCloudBus.anonymous.K4HVOzN0Sr2CwjXw5PXxig]
	at org.springframework.amqp.rabbit.listener.BlockingQueueConsumer.attemptPassiveDeclarations(BlockingQueueConsumer.java:772) ~[spring-rabbit-3.2.8.jar:3.2.8]
	at org.springframework.amqp.rabbit.listener.BlockingQueueConsumer.passiveDeclarations(BlockingQueueConsumer.java:649) ~[spring-rabbit-3.2.8.jar:3.2.8]
	at org.springframework.amqp.rabbit.listener.BlockingQueueConsumer.start(BlockingQueueConsumer.java:636) ~[spring-rabbit-3.2.8.jar:3.2.8]
	at org.springframework.amqp.rabbit.listener.SimpleMessageListenerContainer$AsyncMessageProcessingConsumer.initialize(SimpleMessageListenerContainer.java:1490) ~[spring-rabbit-3.2.8.jar:3.2.8]
	at org.springframework.amqp.rabbit.listener.SimpleMessageListenerContainer$AsyncMessageProcessingConsumer.run(SimpleMessageListenerContainer.java:1328) ~[spring-rabbit-3.2.8.jar:3.2.8]
	at java.base/java.lang.Thread.run(Thread.java:1570) ~[na:na]
Caused by: java.io.IOException: null
	at com.rabbitmq.client.impl.AMQChannel.wrap(AMQChannel.java:140) ~[amqp-client-5.25.0.jar:5.25.0]
	at com.rabbitmq.client.impl.AMQChannel.wrap(AMQChannel.java:136) ~[amqp-client-5.25.0.jar:5.25.0]
	at com.rabbitmq.client.impl.AMQChannel.exnWrappingRpc(AMQChannel.java:158) ~[amqp-client-5.25.0.jar:5.25.0]
	at com.rabbitmq.client.impl.ChannelN.queueDeclarePassive(ChannelN.java:1033) ~[amqp-client-5.25.0.jar:5.25.0]
	at com.rabbitmq.client.impl.ChannelN.queueDeclarePassive(ChannelN.java:47) ~[amqp-client-5.25.0.jar:5.25.0]
	at java.base/jdk.internal.reflect.DirectMethodHandleAccessor.invoke(DirectMethodHandleAccessor.java:103) ~[na:na]
	at java.base/java.lang.reflect.Method.invoke(Method.java:580) ~[na:na]
	at org.springframework.amqp.rabbit.connection.CachingConnectionFactory$CachedChannelInvocationHandler.invoke(CachingConnectionFactory.java:1201) ~[spring-rabbit-3.2.8.jar:3.2.8]
	at jdk.proxy2/jdk.proxy2.$Proxy215.queueDeclarePassive(Unknown Source) ~[na:na]
	at org.springframework.amqp.rabbit.listener.BlockingQueueConsumer.attemptPassiveDeclarations(BlockingQueueConsumer.java:750) ~[spring-rabbit-3.2.8.jar:3.2.8]
	... 5 common frames omitted
Caused by: com.rabbitmq.client.ShutdownSignalException: channel error; protocol method: #method<channel.close>(reply-code=404, reply-text=NOT_FOUND - no queue 'springCloudBus.anonymous.K4HVOzN0Sr2CwjXw5PXxig' in vhost 'dwtkuyzt', class-id=50, method-id=10)
	at com.rabbitmq.utility.ValueOrException.getValue(ValueOrException.java:66) ~[amqp-client-5.25.0.jar:5.25.0]
	at com.rabbitmq.utility.BlockingValueOrException.uninterruptibleGetValue(BlockingValueOrException.java:36) ~[amqp-client-5.25.0.jar:5.25.0]
	at com.rabbitmq.client.impl.AMQChannel$BlockingRpcContinuation.getReply(AMQChannel.java:552) ~[amqp-client-5.25.0.jar:5.25.0]
	at com.rabbitmq.client.impl.AMQChannel.privateRpc(AMQChannel.java:316) ~[amqp-client-5.25.0.jar:5.25.0]
	at com.rabbitmq.client.impl.AMQChannel.exnWrappingRpc(AMQChannel.java:152) ~[amqp-client-5.25.0.jar:5.25.0]
	... 12 common frames omitted
Caused by: com.rabbitmq.client.ShutdownSignalException: channel error; protocol method: #method<channel.close>(reply-code=404, reply-text=NOT_FOUND - no queue 'springCloudBus.anonymous.K4HVOzN0Sr2CwjXw5PXxig' in vhost 'dwtkuyzt', class-id=50, method-id=10)
	at com.rabbitmq.client.impl.ChannelN.asyncShutdown(ChannelN.java:528) ~[amqp-client-5.25.0.jar:5.25.0]
	at com.rabbitmq.client.impl.ChannelN.processAsync(ChannelN.java:349) ~[amqp-client-5.25.0.jar:5.25.0]
	at com.rabbitmq.client.impl.AMQChannel.handleCompleteInboundCommand(AMQChannel.java:193) ~[amqp-client-5.25.0.jar:5.25.0]
	at com.rabbitmq.client.impl.AMQChannel.handleFrame(AMQChannel.java:125) ~[amqp-client-5.25.0.jar:5.25.0]
	at com.rabbitmq.client.impl.AMQConnection.readFrame(AMQConnection.java:761) ~[amqp-client-5.25.0.jar:5.25.0]
	at com.rabbitmq.client.impl.AMQConnection.access$400(AMQConnection.java:48) ~[amqp-client-5.25.0.jar:5.25.0]
	at com.rabbitmq.client.impl.AMQConnection$MainLoop.run(AMQConnection.java:688) ~[amqp-client-5.25.0.jar:5.25.0]
	... 1 common frames omitted

2025-11-24T22:40:04.499+05:30  WARN 27539 --- [product-service] [springCloudBus.anonymous.K4HVOzN0Sr2CwjXw5PXxig-114] [                                                 ] o.s.a.r.listener.BlockingQueueConsumer   : Failed to declare queue: springCloudBus.anonymous.K4HVOzN0Sr2CwjXw5PXxig
2025-11-24T22:40:04.500+05:30  WARN 27539 --- [product-service] [springCloudBus.anonymous.K4HVOzN0Sr2CwjXw5PXxig-114] [                                                 ] o.s.a.r.listener.BlockingQueueConsumer   : Queue declaration failed; retries left=2

org.springframework.amqp.rabbit.listener.BlockingQueueConsumer$DeclarationException: Failed to declare queue(s):[springCloudBus.anonymous.K4HVOzN0Sr2CwjXw5PXxig]
	at org.springframework.amqp.rabbit.listener.BlockingQueueConsumer.attemptPassiveDeclarations(BlockingQueueConsumer.java:772) ~[spring-rabbit-3.2.8.jar:3.2.8]
	at org.springframework.amqp.rabbit.listener.BlockingQueueConsumer.passiveDeclarations(BlockingQueueConsumer.java:649) ~[spring-rabbit-3.2.8.jar:3.2.8]
	at org.springframework.amqp.rabbit.listener.BlockingQueueConsumer.start(BlockingQueueConsumer.java:636) ~[spring-rabbit-3.2.8.jar:3.2.8]
	at org.springframework.amqp.rabbit.listener.SimpleMessageListenerContainer$AsyncMessageProcessingConsumer.initialize(SimpleMessageListenerContainer.java:1490) ~[spring-rabbit-3.2.8.jar:3.2.8]
	at org.springframework.amqp.rabbit.listener.SimpleMessageListenerContainer$AsyncMessageProcessingConsumer.run(SimpleMessageListenerContainer.java:1328) ~[spring-rabbit-3.2.8.jar:3.2.8]
	at java.base/java.lang.Thread.run(Thread.java:1570) ~[na:na]
Caused by: java.io.IOException: null
	at com.rabbitmq.client.impl.AMQChannel.wrap(AMQChannel.java:140) ~[amqp-client-5.25.0.jar:5.25.0]
	at com.rabbitmq.client.impl.AMQChannel.wrap(AMQChannel.java:136) ~[amqp-client-5.25.0.jar:5.25.0]
	at com.rabbitmq.client.impl.AMQChannel.exnWrappingRpc(AMQChannel.java:158) ~[amqp-client-5.25.0.jar:5.25.0]
	at com.rabbitmq.client.impl.ChannelN.queueDeclarePassive(ChannelN.java:1033) ~[amqp-client-5.25.0.jar:5.25.0]
	at com.rabbitmq.client.impl.ChannelN.queueDeclarePassive(ChannelN.java:47) ~[amqp-client-5.25.0.jar:5.25.0]
	at java.base/jdk.internal.reflect.DirectMethodHandleAccessor.invoke(DirectMethodHandleAccessor.java:103) ~[na:na]
	at java.base/java.lang.reflect.Method.invoke(Method.java:580) ~[na:na]
	at org.springframework.amqp.rabbit.connection.CachingConnectionFactory$CachedChannelInvocationHandler.invoke(CachingConnectionFactory.java:1201) ~[spring-rabbit-3.2.8.jar:3.2.8]
	at jdk.proxy2/jdk.proxy2.$Proxy215.queueDeclarePassive(Unknown Source) ~[na:na]
	at org.springframework.amqp.rabbit.listener.BlockingQueueConsumer.attemptPassiveDeclarations(BlockingQueueConsumer.java:750) ~[spring-rabbit-3.2.8.jar:3.2.8]
	... 5 common frames omitted
Caused by: com.rabbitmq.client.ShutdownSignalException: channel error; protocol method: #method<channel.close>(reply-code=404, reply-text=NOT_FOUND - no queue 'springCloudBus.anonymous.K4HVOzN0Sr2CwjXw5PXxig' in vhost 'dwtkuyzt', class-id=50, method-id=10)
	at com.rabbitmq.utility.ValueOrException.getValue(ValueOrException.java:66) ~[amqp-client-5.25.0.jar:5.25.0]
	at com.rabbitmq.utility.BlockingValueOrException.uninterruptibleGetValue(BlockingValueOrException.java:36) ~[amqp-client-5.25.0.jar:5.25.0]
	at com.rabbitmq.client.impl.AMQChannel$BlockingRpcContinuation.getReply(AMQChannel.java:552) ~[amqp-client-5.25.0.jar:5.25.0]
	at com.rabbitmq.client.impl.AMQChannel.privateRpc(AMQChannel.java:316) ~[amqp-client-5.25.0.jar:5.25.0]
	at com.rabbitmq.client.impl.AMQChannel.exnWrappingRpc(AMQChannel.java:152) ~[amqp-client-5.25.0.jar:5.25.0]
	... 12 common frames omitted
Caused by: com.rabbitmq.client.ShutdownSignalException: channel error; protocol method: #method<channel.close>(reply-code=404, reply-text=NOT_FOUND - no queue 'springCloudBus.anonymous.K4HVOzN0Sr2CwjXw5PXxig' in vhost 'dwtkuyzt', class-id=50, method-id=10)
	at com.rabbitmq.client.impl.ChannelN.asyncShutdown(ChannelN.java:528) ~[amqp-client-5.25.0.jar:5.25.0]
	at com.rabbitmq.client.impl.ChannelN.processAsync(ChannelN.java:349) ~[amqp-client-5.25.0.jar:5.25.0]
	at com.rabbitmq.client.impl.AMQChannel.handleCompleteInboundCommand(AMQChannel.java:193) ~[amqp-client-5.25.0.jar:5.25.0]
	at com.rabbitmq.client.impl.AMQChannel.handleFrame(AMQChannel.java:125) ~[amqp-client-5.25.0.jar:5.25.0]
	at com.rabbitmq.client.impl.AMQConnection.readFrame(AMQConnection.java:761) ~[amqp-client-5.25.0.jar:5.25.0]
	at com.rabbitmq.client.impl.AMQConnection.access$400(AMQConnection.java:48) ~[amqp-client-5.25.0.jar:5.25.0]
	at com.rabbitmq.client.impl.AMQConnection$MainLoop.run(AMQConnection.java:688) ~[amqp-client-5.25.0.jar:5.25.0]
	... 1 common frames omitted

2025-11-24T22:40:10.057+05:30  WARN 27539 --- [product-service] [springCloudBus.anonymous.K4HVOzN0Sr2CwjXw5PXxig-114] [                                                 ] o.s.a.r.listener.BlockingQueueConsumer   : Failed to declare queue: springCloudBus.anonymous.K4HVOzN0Sr2CwjXw5PXxig
2025-11-24T22:40:10.058+05:30  WARN 27539 --- [product-service] [springCloudBus.anonymous.K4HVOzN0Sr2CwjXw5PXxig-114] [                                                 ] o.s.a.r.listener.BlockingQueueConsumer   : Queue declaration failed; retries left=1

org.springframework.amqp.rabbit.listener.BlockingQueueConsumer$DeclarationException: Failed to declare queue(s):[springCloudBus.anonymous.K4HVOzN0Sr2CwjXw5PXxig]
	at org.springframework.amqp.rabbit.listener.BlockingQueueConsumer.attemptPassiveDeclarations(BlockingQueueConsumer.java:772) ~[spring-rabbit-3.2.8.jar:3.2.8]
	at org.springframework.amqp.rabbit.listener.BlockingQueueConsumer.passiveDeclarations(BlockingQueueConsumer.java:649) ~[spring-rabbit-3.2.8.jar:3.2.8]
	at org.springframework.amqp.rabbit.listener.BlockingQueueConsumer.start(BlockingQueueConsumer.java:636) ~[spring-rabbit-3.2.8.jar:3.2.8]
	at org.springframework.amqp.rabbit.listener.SimpleMessageListenerContainer$AsyncMessageProcessingConsumer.initialize(SimpleMessageListenerContainer.java:1490) ~[spring-rabbit-3.2.8.jar:3.2.8]
	at org.springframework.amqp.rabbit.listener.SimpleMessageListenerContainer$AsyncMessageProcessingConsumer.run(SimpleMessageListenerContainer.java:1328) ~[spring-rabbit-3.2.8.jar:3.2.8]
	at java.base/java.lang.Thread.run(Thread.java:1570) ~[na:na]
Caused by: java.io.IOException: null
	at com.rabbitmq.client.impl.AMQChannel.wrap(AMQChannel.java:140) ~[amqp-client-5.25.0.jar:5.25.0]
	at com.rabbitmq.client.impl.AMQChannel.wrap(AMQChannel.java:136) ~[amqp-client-5.25.0.jar:5.25.0]
	at com.rabbitmq.client.impl.AMQChannel.exnWrappingRpc(AMQChannel.java:158) ~[amqp-client-5.25.0.jar:5.25.0]
	at com.rabbitmq.client.impl.ChannelN.queueDeclarePassive(ChannelN.java:1033) ~[amqp-client-5.25.0.jar:5.25.0]
	at com.rabbitmq.client.impl.ChannelN.queueDeclarePassive(ChannelN.java:47) ~[amqp-client-5.25.0.jar:5.25.0]
	at java.base/jdk.internal.reflect.DirectMethodHandleAccessor.invoke(DirectMethodHandleAccessor.java:103) ~[na:na]
	at java.base/java.lang.reflect.Method.invoke(Method.java:580) ~[na:na]
	at org.springframework.amqp.rabbit.connection.CachingConnectionFactory$CachedChannelInvocationHandler.invoke(CachingConnectionFactory.java:1201) ~[spring-rabbit-3.2.8.jar:3.2.8]
	at jdk.proxy2/jdk.proxy2.$Proxy215.queueDeclarePassive(Unknown Source) ~[na:na]
	at org.springframework.amqp.rabbit.listener.BlockingQueueConsumer.attemptPassiveDeclarations(BlockingQueueConsumer.java:750) ~[spring-rabbit-3.2.8.jar:3.2.8]
	... 5 common frames omitted
Caused by: com.rabbitmq.client.ShutdownSignalException: channel error; protocol method: #method<channel.close>(reply-code=404, reply-text=NOT_FOUND - no queue 'springCloudBus.anonymous.K4HVOzN0Sr2CwjXw5PXxig' in vhost 'dwtkuyzt', class-id=50, method-id=10)
	at com.rabbitmq.utility.ValueOrException.getValue(ValueOrException.java:66) ~[amqp-client-5.25.0.jar:5.25.0]
	at com.rabbitmq.utility.BlockingValueOrException.uninterruptibleGetValue(BlockingValueOrException.java:36) ~[amqp-client-5.25.0.jar:5.25.0]
	at com.rabbitmq.client.impl.AMQChannel$BlockingRpcContinuation.getReply(AMQChannel.java:552) ~[amqp-client-5.25.0.jar:5.25.0]
	at com.rabbitmq.client.impl.AMQChannel.privateRpc(AMQChannel.java:316) ~[amqp-client-5.25.0.jar:5.25.0]
	at com.rabbitmq.client.impl.AMQChannel.exnWrappingRpc(AMQChannel.java:152) ~[amqp-client-5.25.0.jar:5.25.0]
	... 12 common frames omitted
Caused by: com.rabbitmq.client.ShutdownSignalException: channel error; protocol method: #method<channel.close>(reply-code=404, reply-text=NOT_FOUND - no queue 'springCloudBus.anonymous.K4HVOzN0Sr2CwjXw5PXxig' in vhost 'dwtkuyzt', class-id=50, method-id=10)
	at com.rabbitmq.client.impl.ChannelN.asyncShutdown(ChannelN.java:528) ~[amqp-client-5.25.0.jar:5.25.0]
	at com.rabbitmq.client.impl.ChannelN.processAsync(ChannelN.java:349) ~[amqp-client-5.25.0.jar:5.25.0]
	at com.rabbitmq.client.impl.AMQChannel.handleCompleteInboundCommand(AMQChannel.java:193) ~[amqp-client-5.25.0.jar:5.25.0]
	at com.rabbitmq.client.impl.AMQChannel.handleFrame(AMQChannel.java:125) ~[amqp-client-5.25.0.jar:5.25.0]
	at com.rabbitmq.client.impl.AMQConnection.readFrame(AMQConnection.java:761) ~[amqp-client-5.25.0.jar:5.25.0]
	at com.rabbitmq.client.impl.AMQConnection.access$400(AMQConnection.java:48) ~[amqp-client-5.25.0.jar:5.25.0]
	at com.rabbitmq.client.impl.AMQConnection$MainLoop.run(AMQConnection.java:688) ~[amqp-client-5.25.0.jar:5.25.0]
	... 1 common frames omitted

2025-11-24T22:40:15.621+05:30  WARN 27539 --- [product-service] [springCloudBus.anonymous.K4HVOzN0Sr2CwjXw5PXxig-114] [                                                 ] o.s.a.r.listener.BlockingQueueConsumer   : Failed to declare queue: springCloudBus.anonymous.K4HVOzN0Sr2CwjXw5PXxig
2025-11-24T22:40:20.709+05:30 ERROR 27539 --- [product-service] [springCloudBus.anonymous.K4HVOzN0Sr2CwjXw5PXxig-114] [                                                 ] o.s.a.r.l.SimpleMessageListenerContainer : Consumer threw missing queues exception, fatal=false

org.springframework.amqp.rabbit.listener.QueuesNotAvailableException: Cannot prepare queue for listener. Either the queue doesn't exist or the broker will not allow us to use it.
	at org.springframework.amqp.rabbit.listener.BlockingQueueConsumer.handleDeclarationException(BlockingQueueConsumer.java:722) ~[spring-rabbit-3.2.8.jar:3.2.8]
	at org.springframework.amqp.rabbit.listener.BlockingQueueConsumer.passiveDeclarations(BlockingQueueConsumer.java:656) ~[spring-rabbit-3.2.8.jar:3.2.8]
	at org.springframework.amqp.rabbit.listener.BlockingQueueConsumer.start(BlockingQueueConsumer.java:636) ~[spring-rabbit-3.2.8.jar:3.2.8]
	at org.springframework.amqp.rabbit.listener.SimpleMessageListenerContainer$AsyncMessageProcessingConsumer.initialize(SimpleMessageListenerContainer.java:1490) ~[spring-rabbit-3.2.8.jar:3.2.8]
	at org.springframework.amqp.rabbit.listener.SimpleMessageListenerContainer$AsyncMessageProcessingConsumer.run(SimpleMessageListenerContainer.java:1328) ~[spring-rabbit-3.2.8.jar:3.2.8]
	at java.base/java.lang.Thread.run(Thread.java:1570) ~[na:na]
Caused by: org.springframework.amqp.rabbit.listener.BlockingQueueConsumer$DeclarationException: Failed to declare queue(s):[springCloudBus.anonymous.K4HVOzN0Sr2CwjXw5PXxig]
	at org.springframework.amqp.rabbit.listener.BlockingQueueConsumer.attemptPassiveDeclarations(BlockingQueueConsumer.java:772) ~[spring-rabbit-3.2.8.jar:3.2.8]
	at org.springframework.amqp.rabbit.listener.BlockingQueueConsumer.passiveDeclarations(BlockingQueueConsumer.java:649) ~[spring-rabbit-3.2.8.jar:3.2.8]
	... 4 common frames omitted
Caused by: java.io.IOException: null
	at com.rabbitmq.client.impl.AMQChannel.wrap(AMQChannel.java:140) ~[amqp-client-5.25.0.jar:5.25.0]
	at com.rabbitmq.client.impl.AMQChannel.wrap(AMQChannel.java:136) ~[amqp-client-5.25.0.jar:5.25.0]
	at com.rabbitmq.client.impl.AMQChannel.exnWrappingRpc(AMQChannel.java:158) ~[amqp-client-5.25.0.jar:5.25.0]
	at com.rabbitmq.client.impl.ChannelN.queueDeclarePassive(ChannelN.java:1033) ~[amqp-client-5.25.0.jar:5.25.0]
	at com.rabbitmq.client.impl.ChannelN.queueDeclarePassive(ChannelN.java:47) ~[amqp-client-5.25.0.jar:5.25.0]
	at java.base/jdk.internal.reflect.DirectMethodHandleAccessor.invoke(DirectMethodHandleAccessor.java:103) ~[na:na]
	at java.base/java.lang.reflect.Method.invoke(Method.java:580) ~[na:na]
	at org.springframework.amqp.rabbit.connection.CachingConnectionFactory$CachedChannelInvocationHandler.invoke(CachingConnectionFactory.java:1201) ~[spring-rabbit-3.2.8.jar:3.2.8]
	at jdk.proxy2/jdk.proxy2.$Proxy215.queueDeclarePassive(Unknown Source) ~[na:na]
	at org.springframework.amqp.rabbit.listener.BlockingQueueConsumer.attemptPassiveDeclarations(BlockingQueueConsumer.java:750) ~[spring-rabbit-3.2.8.jar:3.2.8]
	... 5 common frames omitted
Caused by: com.rabbitmq.client.ShutdownSignalException: channel error; protocol method: #method<channel.close>(reply-code=404, reply-text=NOT_FOUND - no queue 'springCloudBus.anonymous.K4HVOzN0Sr2CwjXw5PXxig' in vhost 'dwtkuyzt', class-id=50, method-id=10)
	at com.rabbitmq.utility.ValueOrException.getValue(ValueOrException.java:66) ~[amqp-client-5.25.0.jar:5.25.0]
	at com.rabbitmq.utility.BlockingValueOrException.uninterruptibleGetValue(BlockingValueOrException.java:36) ~[amqp-client-5.25.0.jar:5.25.0]
	at com.rabbitmq.client.impl.AMQChannel$BlockingRpcContinuation.getReply(AMQChannel.java:552) ~[amqp-client-5.25.0.jar:5.25.0]
	at com.rabbitmq.client.impl.AMQChannel.privateRpc(AMQChannel.java:316) ~[amqp-client-5.25.0.jar:5.25.0]
	at com.rabbitmq.client.impl.AMQChannel.exnWrappingRpc(AMQChannel.java:152) ~[amqp-client-5.25.0.jar:5.25.0]
	... 12 common frames omitted
Caused by: com.rabbitmq.client.ShutdownSignalException: channel error; protocol method: #method<channel.close>(reply-code=404, reply-text=NOT_FOUND - no queue 'springCloudBus.anonymous.K4HVOzN0Sr2CwjXw5PXxig' in vhost 'dwtkuyzt', class-id=50, method-id=10)
	at com.rabbitmq.client.impl.ChannelN.asyncShutdown(ChannelN.java:528) ~[amqp-client-5.25.0.jar:5.25.0]
	at com.rabbitmq.client.impl.ChannelN.processAsync(ChannelN.java:349) ~[amqp-client-5.25.0.jar:5.25.0]
	at com.rabbitmq.client.impl.AMQChannel.handleCompleteInboundCommand(AMQChannel.java:193) ~[amqp-client-5.25.0.jar:5.25.0]
	at com.rabbitmq.client.impl.AMQChannel.handleFrame(AMQChannel.java:125) ~[amqp-client-5.25.0.jar:5.25.0]
	at com.rabbitmq.client.impl.AMQConnection.readFrame(AMQConnection.java:761) ~[amqp-client-5.25.0.jar:5.25.0]
	at com.rabbitmq.client.impl.AMQConnection.access$400(AMQConnection.java:48) ~[amqp-client-5.25.0.jar:5.25.0]
	at com.rabbitmq.client.impl.AMQConnection$MainLoop.run(AMQConnection.java:688) ~[amqp-client-5.25.0.jar:5.25.0]
	... 1 common frames omitted

2025-11-24T22:40:20.716+05:30  INFO 27539 --- [product-service] [springCloudBus.anonymous.K4HVOzN0Sr2CwjXw5PXxig-114] [                                                 ] o.s.a.r.l.SimpleMessageListenerContainer : Restarting Consumer@11b40e0b: tags=[[]], channel=Cached Rabbit Channel: AMQChannel(amqp://dwtkuyzt@35.153.225.39:5672/dwtkuyzt,1), conn: Proxy@276b6159 Shared Rabbit Connection: SimpleConnection@3c1ed920 [delegate=amqp://dwtkuyzt@35.153.225.39:5672/dwtkuyzt, localPort=61539], acknowledgeMode=AUTO local queue size=0
2025-11-24T22:40:21.838+05:30  WARN 27539 --- [product-service] [springCloudBus.anonymous.K4HVOzN0Sr2CwjXw5PXxig-115] [                                                 ] o.s.a.r.listener.BlockingQueueConsumer   : Failed to declare queue: springCloudBus.anonymous.K4HVOzN0Sr2CwjXw5PXxig
2025-11-24T22:40:21.838+05:30  WARN 27539 --- [product-service] [springCloudBus.anonymous.K4HVOzN0Sr2CwjXw5PXxig-115] [                                                 ] o.s.a.r.listener.BlockingQueueConsumer   : Queue declaration failed; retries left=3

org.springframework.amqp.rabbit.listener.BlockingQueueConsumer$DeclarationException: Failed to declare queue(s):[springCloudBus.anonymous.K4HVOzN0Sr2CwjXw5PXxig]
	at org.springframework.amqp.rabbit.listener.BlockingQueueConsumer.attemptPassiveDeclarations(BlockingQueueConsumer.java:772) ~[spring-rabbit-3.2.8.jar:3.2.8]
	at org.springframework.amqp.rabbit.listener.BlockingQueueConsumer.passiveDeclarations(BlockingQueueConsumer.java:649) ~[spring-rabbit-3.2.8.jar:3.2.8]
	at org.springframework.amqp.rabbit.listener.BlockingQueueConsumer.start(BlockingQueueConsumer.java:636) ~[spring-rabbit-3.2.8.jar:3.2.8]
	at org.springframework.amqp.rabbit.listener.SimpleMessageListenerContainer$AsyncMessageProcessingConsumer.initialize(SimpleMessageListenerContainer.java:1490) ~[spring-rabbit-3.2.8.jar:3.2.8]
	at org.springframework.amqp.rabbit.listener.SimpleMessageListenerContainer$AsyncMessageProcessingConsumer.run(SimpleMessageListenerContainer.java:1328) ~[spring-rabbit-3.2.8.jar:3.2.8]
	at java.base/java.lang.Thread.run(Thread.java:1570) ~[na:na]
Caused by: java.io.IOException: null
	at com.rabbitmq.client.impl.AMQChannel.wrap(AMQChannel.java:140) ~[amqp-client-5.25.0.jar:5.25.0]
	at com.rabbitmq.client.impl.AMQChannel.wrap(AMQChannel.java:136) ~[amqp-client-5.25.0.jar:5.25.0]
	at com.rabbitmq.client.impl.AMQChannel.exnWrappingRpc(AMQChannel.java:158) ~[amqp-client-5.25.0.jar:5.25.0]
	at com.rabbitmq.client.impl.ChannelN.queueDeclarePassive(ChannelN.java:1033) ~[amqp-client-5.25.0.jar:5.25.0]
	at com.rabbitmq.client.impl.ChannelN.queueDeclarePassive(ChannelN.java:47) ~[amqp-client-5.25.0.jar:5.25.0]
	at java.base/jdk.internal.reflect.DirectMethodHandleAccessor.invoke(DirectMethodHandleAccessor.java:103) ~[na:na]
	at java.base/java.lang.reflect.Method.invoke(Method.java:580) ~[na:na]
	at org.springframework.amqp.rabbit.connection.CachingConnectionFactory$CachedChannelInvocationHandler.invoke(CachingConnectionFactory.java:1201) ~[spring-rabbit-3.2.8.jar:3.2.8]
	at jdk.proxy2/jdk.proxy2.$Proxy215.queueDeclarePassive(Unknown Source) ~[na:na]
	at org.springframework.amqp.rabbit.listener.BlockingQueueConsumer.attemptPassiveDeclarations(BlockingQueueConsumer.java:750) ~[spring-rabbit-3.2.8.jar:3.2.8]
	... 5 common frames omitted
Caused by: com.rabbitmq.client.ShutdownSignalException: channel error; protocol method: #method<channel.close>(reply-code=404, reply-text=NOT_FOUND - no queue 'springCloudBus.anonymous.K4HVOzN0Sr2CwjXw5PXxig' in vhost 'dwtkuyzt', class-id=50, method-id=10)
	at com.rabbitmq.utility.ValueOrException.getValue(ValueOrException.java:66) ~[amqp-client-5.25.0.jar:5.25.0]
	at com.rabbitmq.utility.BlockingValueOrException.uninterruptibleGetValue(BlockingValueOrException.java:36) ~[amqp-client-5.25.0.jar:5.25.0]
	at com.rabbitmq.client.impl.AMQChannel$BlockingRpcContinuation.getReply(AMQChannel.java:552) ~[amqp-client-5.25.0.jar:5.25.0]
	at com.rabbitmq.client.impl.AMQChannel.privateRpc(AMQChannel.java:316) ~[amqp-client-5.25.0.jar:5.25.0]
	at com.rabbitmq.client.impl.AMQChannel.exnWrappingRpc(AMQChannel.java:152) ~[amqp-client-5.25.0.jar:5.25.0]
	... 12 common frames omitted
Caused by: com.rabbitmq.client.ShutdownSignalException: channel error; protocol method: #method<channel.close>(reply-code=404, reply-text=NOT_FOUND - no queue 'springCloudBus.anonymous.K4HVOzN0Sr2CwjXw5PXxig' in vhost 'dwtkuyzt', class-id=50, method-id=10)
	at com.rabbitmq.client.impl.ChannelN.asyncShutdown(ChannelN.java:528) ~[amqp-client-5.25.0.jar:5.25.0]
	at com.rabbitmq.client.impl.ChannelN.processAsync(ChannelN.java:349) ~[amqp-client-5.25.0.jar:5.25.0]
	at com.rabbitmq.client.impl.AMQChannel.handleCompleteInboundCommand(AMQChannel.java:193) ~[amqp-client-5.25.0.jar:5.25.0]
	at com.rabbitmq.client.impl.AMQChannel.handleFrame(AMQChannel.java:125) ~[amqp-client-5.25.0.jar:5.25.0]
	at com.rabbitmq.client.impl.AMQConnection.readFrame(AMQConnection.java:761) ~[amqp-client-5.25.0.jar:5.25.0]
	at com.rabbitmq.client.impl.AMQConnection.access$400(AMQConnection.java:48) ~[amqp-client-5.25.0.jar:5.25.0]
	at com.rabbitmq.client.impl.AMQConnection$MainLoop.run(AMQConnection.java:688) ~[amqp-client-5.25.0.jar:5.25.0]
	... 1 common frames omitted

2025-11-24T22:40:27.396+05:30  WARN 27539 --- [product-service] [springCloudBus.anonymous.K4HVOzN0Sr2CwjXw5PXxig-115] [                                                 ] o.s.a.r.listener.BlockingQueueConsumer   : Failed to declare queue: springCloudBus.anonymous.K4HVOzN0Sr2CwjXw5PXxig
2025-11-24T22:40:27.396+05:30  WARN 27539 --- [product-service] [springCloudBus.anonymous.K4HVOzN0Sr2CwjXw5PXxig-115] [                                                 ] o.s.a.r.listener.BlockingQueueConsumer   : Queue declaration failed; retries left=2

org.springframework.amqp.rabbit.listener.BlockingQueueConsumer$DeclarationException: Failed to declare queue(s):[springCloudBus.anonymous.K4HVOzN0Sr2CwjXw5PXxig]
	at org.springframework.amqp.rabbit.listener.BlockingQueueConsumer.attemptPassiveDeclarations(BlockingQueueConsumer.java:772) ~[spring-rabbit-3.2.8.jar:3.2.8]
	at org.springframework.amqp.rabbit.listener.BlockingQueueConsumer.passiveDeclarations(BlockingQueueConsumer.java:649) ~[spring-rabbit-3.2.8.jar:3.2.8]
	at org.springframework.amqp.rabbit.listener.BlockingQueueConsumer.start(BlockingQueueConsumer.java:636) ~[spring-rabbit-3.2.8.jar:3.2.8]
	at org.springframework.amqp.rabbit.listener.SimpleMessageListenerContainer$AsyncMessageProcessingConsumer.initialize(SimpleMessageListenerContainer.java:1490) ~[spring-rabbit-3.2.8.jar:3.2.8]
	at org.springframework.amqp.rabbit.listener.SimpleMessageListenerContainer$AsyncMessageProcessingConsumer.run(SimpleMessageListenerContainer.java:1328) ~[spring-rabbit-3.2.8.jar:3.2.8]
	at java.base/java.lang.Thread.run(Thread.java:1570) ~[na:na]
Caused by: java.io.IOException: null
	at com.rabbitmq.client.impl.AMQChannel.wrap(AMQChannel.java:140) ~[amqp-client-5.25.0.jar:5.25.0]
	at com.rabbitmq.client.impl.AMQChannel.wrap(AMQChannel.java:136) ~[amqp-client-5.25.0.jar:5.25.0]
	at com.rabbitmq.client.impl.AMQChannel.exnWrappingRpc(AMQChannel.java:158) ~[amqp-client-5.25.0.jar:5.25.0]
	at com.rabbitmq.client.impl.ChannelN.queueDeclarePassive(ChannelN.java:1033) ~[amqp-client-5.25.0.jar:5.25.0]
	at com.rabbitmq.client.impl.ChannelN.queueDeclarePassive(ChannelN.java:47) ~[amqp-client-5.25.0.jar:5.25.0]
	at java.base/jdk.internal.reflect.DirectMethodHandleAccessor.invoke(DirectMethodHandleAccessor.java:103) ~[na:na]
	at java.base/java.lang.reflect.Method.invoke(Method.java:580) ~[na:na]
	at org.springframework.amqp.rabbit.connection.CachingConnectionFactory$CachedChannelInvocationHandler.invoke(CachingConnectionFactory.java:1201) ~[spring-rabbit-3.2.8.jar:3.2.8]
	at jdk.proxy2/jdk.proxy2.$Proxy215.queueDeclarePassive(Unknown Source) ~[na:na]
	at org.springframework.amqp.rabbit.listener.BlockingQueueConsumer.attemptPassiveDeclarations(BlockingQueueConsumer.java:750) ~[spring-rabbit-3.2.8.jar:3.2.8]
	... 5 common frames omitted
Caused by: com.rabbitmq.client.ShutdownSignalException: channel error; protocol method: #method<channel.close>(reply-code=404, reply-text=NOT_FOUND - no queue 'springCloudBus.anonymous.K4HVOzN0Sr2CwjXw5PXxig' in vhost 'dwtkuyzt', class-id=50, method-id=10)
	at com.rabbitmq.utility.ValueOrException.getValue(ValueOrException.java:66) ~[amqp-client-5.25.0.jar:5.25.0]
	at com.rabbitmq.utility.BlockingValueOrException.uninterruptibleGetValue(BlockingValueOrException.java:36) ~[amqp-client-5.25.0.jar:5.25.0]
	at com.rabbitmq.client.impl.AMQChannel$BlockingRpcContinuation.getReply(AMQChannel.java:552) ~[amqp-client-5.25.0.jar:5.25.0]
	at com.rabbitmq.client.impl.AMQChannel.privateRpc(AMQChannel.java:316) ~[amqp-client-5.25.0.jar:5.25.0]
	at com.rabbitmq.client.impl.AMQChannel.exnWrappingRpc(AMQChannel.java:152) ~[amqp-client-5.25.0.jar:5.25.0]
	... 12 common frames omitted
Caused by: com.rabbitmq.client.ShutdownSignalException: channel error; protocol method: #method<channel.close>(reply-code=404, reply-text=NOT_FOUND - no queue 'springCloudBus.anonymous.K4HVOzN0Sr2CwjXw5PXxig' in vhost 'dwtkuyzt', class-id=50, method-id=10)
	at com.rabbitmq.client.impl.ChannelN.asyncShutdown(ChannelN.java:528) ~[amqp-client-5.25.0.jar:5.25.0]
	at com.rabbitmq.client.impl.ChannelN.processAsync(ChannelN.java:349) ~[amqp-client-5.25.0.jar:5.25.0]
	at com.rabbitmq.client.impl.AMQChannel.handleCompleteInboundCommand(AMQChannel.java:193) ~[amqp-client-5.25.0.jar:5.25.0]
	at com.rabbitmq.client.impl.AMQChannel.handleFrame(AMQChannel.java:125) ~[amqp-client-5.25.0.jar:5.25.0]
	at com.rabbitmq.client.impl.AMQConnection.readFrame(AMQConnection.java:761) ~[amqp-client-5.25.0.jar:5.25.0]
	at com.rabbitmq.client.impl.AMQConnection.access$400(AMQConnection.java:48) ~[amqp-client-5.25.0.jar:5.25.0]
	at com.rabbitmq.client.impl.AMQConnection$MainLoop.run(AMQConnection.java:688) ~[amqp-client-5.25.0.jar:5.25.0]
	... 1 common frames omitted

2025-11-24T22:40:32.994+05:30  WARN 27539 --- [product-service] [springCloudBus.anonymous.K4HVOzN0Sr2CwjXw5PXxig-115] [                                                 ] o.s.a.r.listener.BlockingQueueConsumer   : Failed to declare queue: springCloudBus.anonymous.K4HVOzN0Sr2CwjXw5PXxig
2025-11-24T22:40:32.994+05:30  WARN 27539 --- [product-service] [springCloudBus.anonymous.K4HVOzN0Sr2CwjXw5PXxig-115] [                                                 ] o.s.a.r.listener.BlockingQueueConsumer   : Queue declaration failed; retries left=1

org.springframework.amqp.rabbit.listener.BlockingQueueConsumer$DeclarationException: Failed to declare queue(s):[springCloudBus.anonymous.K4HVOzN0Sr2CwjXw5PXxig]
	at org.springframework.amqp.rabbit.listener.BlockingQueueConsumer.attemptPassiveDeclarations(BlockingQueueConsumer.java:772) ~[spring-rabbit-3.2.8.jar:3.2.8]
	at org.springframework.amqp.rabbit.listener.BlockingQueueConsumer.passiveDeclarations(BlockingQueueConsumer.java:649) ~[spring-rabbit-3.2.8.jar:3.2.8]
	at org.springframework.amqp.rabbit.listener.BlockingQueueConsumer.start(BlockingQueueConsumer.java:636) ~[spring-rabbit-3.2.8.jar:3.2.8]
	at org.springframework.amqp.rabbit.listener.SimpleMessageListenerContainer$AsyncMessageProcessingConsumer.initialize(SimpleMessageListenerContainer.java:1490) ~[spring-rabbit-3.2.8.jar:3.2.8]
	at org.springframework.amqp.rabbit.listener.SimpleMessageListenerContainer$AsyncMessageProcessingConsumer.run(SimpleMessageListenerContainer.java:1328) ~[spring-rabbit-3.2.8.jar:3.2.8]
	at java.base/java.lang.Thread.run(Thread.java:1570) ~[na:na]
Caused by: java.io.IOException: null
	at com.rabbitmq.client.impl.AMQChannel.wrap(AMQChannel.java:140) ~[amqp-client-5.25.0.jar:5.25.0]
	at com.rabbitmq.client.impl.AMQChannel.wrap(AMQChannel.java:136) ~[amqp-client-5.25.0.jar:5.25.0]
	at com.rabbitmq.client.impl.AMQChannel.exnWrappingRpc(AMQChannel.java:158) ~[amqp-client-5.25.0.jar:5.25.0]
	at com.rabbitmq.client.impl.ChannelN.queueDeclarePassive(ChannelN.java:1033) ~[amqp-client-5.25.0.jar:5.25.0]
	at com.rabbitmq.client.impl.ChannelN.queueDeclarePassive(ChannelN.java:47) ~[amqp-client-5.25.0.jar:5.25.0]
	at java.base/jdk.internal.reflect.DirectMethodHandleAccessor.invoke(DirectMethodHandleAccessor.java:103) ~[na:na]
	at java.base/java.lang.reflect.Method.invoke(Method.java:580) ~[na:na]
	at org.springframework.amqp.rabbit.connection.CachingConnectionFactory$CachedChannelInvocationHandler.invoke(CachingConnectionFactory.java:1201) ~[spring-rabbit-3.2.8.jar:3.2.8]
	at jdk.proxy2/jdk.proxy2.$Proxy215.queueDeclarePassive(Unknown Source) ~[na:na]
	at org.springframework.amqp.rabbit.listener.BlockingQueueConsumer.attemptPassiveDeclarations(BlockingQueueConsumer.java:750) ~[spring-rabbit-3.2.8.jar:3.2.8]
	... 5 common frames omitted
Caused by: com.rabbitmq.client.ShutdownSignalException: channel error; protocol method: #method<channel.close>(reply-code=404, reply-text=NOT_FOUND - no queue 'springCloudBus.anonymous.K4HVOzN0Sr2CwjXw5PXxig' in vhost 'dwtkuyzt', class-id=50, method-id=10)
	at com.rabbitmq.utility.ValueOrException.getValue(ValueOrException.java:66) ~[amqp-client-5.25.0.jar:5.25.0]
	at com.rabbitmq.utility.BlockingValueOrException.uninterruptibleGetValue(BlockingValueOrException.java:36) ~[amqp-client-5.25.0.jar:5.25.0]
	at com.rabbitmq.client.impl.AMQChannel$BlockingRpcContinuation.getReply(AMQChannel.java:552) ~[amqp-client-5.25.0.jar:5.25.0]
	at com.rabbitmq.client.impl.AMQChannel.privateRpc(AMQChannel.java:316) ~[amqp-client-5.25.0.jar:5.25.0]
	at com.rabbitmq.client.impl.AMQChannel.exnWrappingRpc(AMQChannel.java:152) ~[amqp-client-5.25.0.jar:5.25.0]
	... 12 common frames omitted
Caused by: com.rabbitmq.client.ShutdownSignalException: channel error; protocol method: #method<channel.close>(reply-code=404, reply-text=NOT_FOUND - no queue 'springCloudBus.anonymous.K4HVOzN0Sr2CwjXw5PXxig' in vhost 'dwtkuyzt', class-id=50, method-id=10)
	at com.rabbitmq.client.impl.ChannelN.asyncShutdown(ChannelN.java:528) ~[amqp-client-5.25.0.jar:5.25.0]
	at com.rabbitmq.client.impl.ChannelN.processAsync(ChannelN.java:349) ~[amqp-client-5.25.0.jar:5.25.0]
	at com.rabbitmq.client.impl.AMQChannel.handleCompleteInboundCommand(AMQChannel.java:193) ~[amqp-client-5.25.0.jar:5.25.0]
	at com.rabbitmq.client.impl.AMQChannel.handleFrame(AMQChannel.java:125) ~[amqp-client-5.25.0.jar:5.25.0]
	at com.rabbitmq.client.impl.AMQConnection.readFrame(AMQConnection.java:761) ~[amqp-client-5.25.0.jar:5.25.0]
	at com.rabbitmq.client.impl.AMQConnection.access$400(AMQConnection.java:48) ~[amqp-client-5.25.0.jar:5.25.0]
	at com.rabbitmq.client.impl.AMQConnection$MainLoop.run(AMQConnection.java:688) ~[amqp-client-5.25.0.jar:5.25.0]
	... 1 common frames omitted

2025-11-24T22:40:38.641+05:30  WARN 27539 --- [product-service] [springCloudBus.anonymous.K4HVOzN0Sr2CwjXw5PXxig-115] [                                                 ] o.s.a.r.listener.BlockingQueueConsumer   : Failed to declare queue: springCloudBus.anonymous.K4HVOzN0Sr2CwjXw5PXxig
2025-11-24T22:40:43.711+05:30 ERROR 27539 --- [product-service] [springCloudBus.anonymous.K4HVOzN0Sr2CwjXw5PXxig-115] [                                                 ] o.s.a.r.l.SimpleMessageListenerContainer : Consumer threw missing queues exception, fatal=false

org.springframework.amqp.rabbit.listener.QueuesNotAvailableException: Cannot prepare queue for listener. Either the queue doesn't exist or the broker will not allow us to use it.
	at org.springframework.amqp.rabbit.listener.BlockingQueueConsumer.handleDeclarationException(BlockingQueueConsumer.java:722) ~[spring-rabbit-3.2.8.jar:3.2.8]
	at org.springframework.amqp.rabbit.listener.BlockingQueueConsumer.passiveDeclarations(BlockingQueueConsumer.java:656) ~[spring-rabbit-3.2.8.jar:3.2.8]
	at org.springframework.amqp.rabbit.listener.BlockingQueueConsumer.start(BlockingQueueConsumer.java:636) ~[spring-rabbit-3.2.8.jar:3.2.8]
	at org.springframework.amqp.rabbit.listener.SimpleMessageListenerContainer$AsyncMessageProcessingConsumer.initialize(SimpleMessageListenerContainer.java:1490) ~[spring-rabbit-3.2.8.jar:3.2.8]
	at org.springframework.amqp.rabbit.listener.SimpleMessageListenerContainer$AsyncMessageProcessingConsumer.run(SimpleMessageListenerContainer.java:1328) ~[spring-rabbit-3.2.8.jar:3.2.8]
	at java.base/java.lang.Thread.run(Thread.java:1570) ~[na:na]
Caused by: org.springframework.amqp.rabbit.listener.BlockingQueueConsumer$DeclarationException: Failed to declare queue(s):[springCloudBus.anonymous.K4HVOzN0Sr2CwjXw5PXxig]
	at org.springframework.amqp.rabbit.listener.BlockingQueueConsumer.attemptPassiveDeclarations(BlockingQueueConsumer.java:772) ~[spring-rabbit-3.2.8.jar:3.2.8]
	at org.springframework.amqp.rabbit.listener.BlockingQueueConsumer.passiveDeclarations(BlockingQueueConsumer.java:649) ~[spring-rabbit-3.2.8.jar:3.2.8]
	... 4 common frames omitted
Caused by: java.io.IOException: null
	at com.rabbitmq.client.impl.AMQChannel.wrap(AMQChannel.java:140) ~[amqp-client-5.25.0.jar:5.25.0]
	at com.rabbitmq.client.impl.AMQChannel.wrap(AMQChannel.java:136) ~[amqp-client-5.25.0.jar:5.25.0]
	at com.rabbitmq.client.impl.AMQChannel.exnWrappingRpc(AMQChannel.java:158) ~[amqp-client-5.25.0.jar:5.25.0]
	at com.rabbitmq.client.impl.ChannelN.queueDeclarePassive(ChannelN.java:1033) ~[amqp-client-5.25.0.jar:5.25.0]
	at com.rabbitmq.client.impl.ChannelN.queueDeclarePassive(ChannelN.java:47) ~[amqp-client-5.25.0.jar:5.25.0]
	at java.base/jdk.internal.reflect.DirectMethodHandleAccessor.invoke(DirectMethodHandleAccessor.java:103) ~[na:na]
	at java.base/java.lang.reflect.Method.invoke(Method.java:580) ~[na:na]
	at org.springframework.amqp.rabbit.connection.CachingConnectionFactory$CachedChannelInvocationHandler.invoke(CachingConnectionFactory.java:1201) ~[spring-rabbit-3.2.8.jar:3.2.8]
	at jdk.proxy2/jdk.proxy2.$Proxy215.queueDeclarePassive(Unknown Source) ~[na:na]
	at org.springframework.amqp.rabbit.listener.BlockingQueueConsumer.attemptPassiveDeclarations(BlockingQueueConsumer.java:750) ~[spring-rabbit-3.2.8.jar:3.2.8]
	... 5 common frames omitted
Caused by: com.rabbitmq.client.ShutdownSignalException: channel error; protocol method: #method<channel.close>(reply-code=404, reply-text=NOT_FOUND - no queue 'springCloudBus.anonymous.K4HVOzN0Sr2CwjXw5PXxig' in vhost 'dwtkuyzt', class-id=50, method-id=10)
	at com.rabbitmq.utility.ValueOrException.getValue(ValueOrException.java:66) ~[amqp-client-5.25.0.jar:5.25.0]
	at com.rabbitmq.utility.BlockingValueOrException.uninterruptibleGetValue(BlockingValueOrException.java:36) ~[amqp-client-5.25.0.jar:5.25.0]
	at com.rabbitmq.client.impl.AMQChannel$BlockingRpcContinuation.getReply(AMQChannel.java:552) ~[amqp-client-5.25.0.jar:5.25.0]
	at com.rabbitmq.client.impl.AMQChannel.privateRpc(AMQChannel.java:316) ~[amqp-client-5.25.0.jar:5.25.0]
	at com.rabbitmq.client.impl.AMQChannel.exnWrappingRpc(AMQChannel.java:152) ~[amqp-client-5.25.0.jar:5.25.0]
	... 12 common frames omitted
Caused by: com.rabbitmq.client.ShutdownSignalException: channel error; protocol method: #method<channel.close>(reply-code=404, reply-text=NOT_FOUND - no queue 'springCloudBus.anonymous.K4HVOzN0Sr2CwjXw5PXxig' in vhost 'dwtkuyzt', class-id=50, method-id=10)
	at com.rabbitmq.client.impl.ChannelN.asyncShutdown(ChannelN.java:528) ~[amqp-client-5.25.0.jar:5.25.0]
	at com.rabbitmq.client.impl.ChannelN.processAsync(ChannelN.java:349) ~[amqp-client-5.25.0.jar:5.25.0]
	at com.rabbitmq.client.impl.AMQChannel.handleCompleteInboundCommand(AMQChannel.java:193) ~[amqp-client-5.25.0.jar:5.25.0]
	at com.rabbitmq.client.impl.AMQChannel.handleFrame(AMQChannel.java:125) ~[amqp-client-5.25.0.jar:5.25.0]
	at com.rabbitmq.client.impl.AMQConnection.readFrame(AMQConnection.java:761) ~[amqp-client-5.25.0.jar:5.25.0]
	at com.rabbitmq.client.impl.AMQConnection.access$400(AMQConnection.java:48) ~[amqp-client-5.25.0.jar:5.25.0]
	at com.rabbitmq.client.impl.AMQConnection$MainLoop.run(AMQConnection.java:688) ~[amqp-client-5.25.0.jar:5.25.0]
	... 1 common frames omitted

2025-11-24T22:40:43.714+05:30  INFO 27539 --- [product-service] [springCloudBus.anonymous.K4HVOzN0Sr2CwjXw5PXxig-115] [                                                 ] o.s.a.r.l.SimpleMessageListenerContainer : Restarting Consumer@66599855: tags=[[]], channel=Cached Rabbit Channel: AMQChannel(amqp://dwtkuyzt@35.153.225.39:5672/dwtkuyzt,1), conn: Proxy@276b6159 Shared Rabbit Connection: SimpleConnection@3c1ed920 [delegate=amqp://dwtkuyzt@35.153.225.39:5672/dwtkuyzt, localPort=61539], acknowledgeMode=AUTO local queue size=0
2025-11-24T22:40:44.828+05:30  WARN 27539 --- [product-service] [springCloudBus.anonymous.K4HVOzN0Sr2CwjXw5PXxig-116] [                                                 ] o.s.a.r.listener.BlockingQueueConsumer   : Failed to declare queue: springCloudBus.anonymous.K4HVOzN0Sr2CwjXw5PXxig
2025-11-24T22:40:44.828+05:30  WARN 27539 --- [product-service] [springCloudBus.anonymous.K4HVOzN0Sr2CwjXw5PXxig-116] [                                                 ] o.s.a.r.listener.BlockingQueueConsumer   : Queue declaration failed; retries left=3

org.springframework.amqp.rabbit.listener.BlockingQueueConsumer$DeclarationException: Failed to declare queue(s):[springCloudBus.anonymous.K4HVOzN0Sr2CwjXw5PXxig]
	at org.springframework.amqp.rabbit.listener.BlockingQueueConsumer.attemptPassiveDeclarations(BlockingQueueConsumer.java:772) ~[spring-rabbit-3.2.8.jar:3.2.8]
	at org.springframework.amqp.rabbit.listener.BlockingQueueConsumer.passiveDeclarations(BlockingQueueConsumer.java:649) ~[spring-rabbit-3.2.8.jar:3.2.8]
	at org.springframework.amqp.rabbit.listener.BlockingQueueConsumer.start(BlockingQueueConsumer.java:636) ~[spring-rabbit-3.2.8.jar:3.2.8]
	at org.springframework.amqp.rabbit.listener.SimpleMessageListenerContainer$AsyncMessageProcessingConsumer.initialize(SimpleMessageListenerContainer.java:1490) ~[spring-rabbit-3.2.8.jar:3.2.8]
	at org.springframework.amqp.rabbit.listener.SimpleMessageListenerContainer$AsyncMessageProcessingConsumer.run(SimpleMessageListenerContainer.java:1328) ~[spring-rabbit-3.2.8.jar:3.2.8]
	at java.base/java.lang.Thread.run(Thread.java:1570) ~[na:na]
Caused by: java.io.IOException: null
	at com.rabbitmq.client.impl.AMQChannel.wrap(AMQChannel.java:140) ~[amqp-client-5.25.0.jar:5.25.0]
	at com.rabbitmq.client.impl.AMQChannel.wrap(AMQChannel.java:136) ~[amqp-client-5.25.0.jar:5.25.0]
	at com.rabbitmq.client.impl.AMQChannel.exnWrappingRpc(AMQChannel.java:158) ~[amqp-client-5.25.0.jar:5.25.0]
	at com.rabbitmq.client.impl.ChannelN.queueDeclarePassive(ChannelN.java:1033) ~[amqp-client-5.25.0.jar:5.25.0]
	at com.rabbitmq.client.impl.ChannelN.queueDeclarePassive(ChannelN.java:47) ~[amqp-client-5.25.0.jar:5.25.0]
	at java.base/jdk.internal.reflect.DirectMethodHandleAccessor.invoke(DirectMethodHandleAccessor.java:103) ~[na:na]
	at java.base/java.lang.reflect.Method.invoke(Method.java:580) ~[na:na]
	at org.springframework.amqp.rabbit.connection.CachingConnectionFactory$CachedChannelInvocationHandler.invoke(CachingConnectionFactory.java:1201) ~[spring-rabbit-3.2.8.jar:3.2.8]
	at jdk.proxy2/jdk.proxy2.$Proxy215.queueDeclarePassive(Unknown Source) ~[na:na]
	at org.springframework.amqp.rabbit.listener.BlockingQueueConsumer.attemptPassiveDeclarations(BlockingQueueConsumer.java:750) ~[spring-rabbit-3.2.8.jar:3.2.8]
	... 5 common frames omitted
Caused by: com.rabbitmq.client.ShutdownSignalException: channel error; protocol method: #method<channel.close>(reply-code=404, reply-text=NOT_FOUND - no queue 'springCloudBus.anonymous.K4HVOzN0Sr2CwjXw5PXxig' in vhost 'dwtkuyzt', class-id=50, method-id=10)
	at com.rabbitmq.utility.ValueOrException.getValue(ValueOrException.java:66) ~[amqp-client-5.25.0.jar:5.25.0]
	at com.rabbitmq.utility.BlockingValueOrException.uninterruptibleGetValue(BlockingValueOrException.java:36) ~[amqp-client-5.25.0.jar:5.25.0]
	at com.rabbitmq.client.impl.AMQChannel$BlockingRpcContinuation.getReply(AMQChannel.java:552) ~[amqp-client-5.25.0.jar:5.25.0]
	at com.rabbitmq.client.impl.AMQChannel.privateRpc(AMQChannel.java:316) ~[amqp-client-5.25.0.jar:5.25.0]
	at com.rabbitmq.client.impl.AMQChannel.exnWrappingRpc(AMQChannel.java:152) ~[amqp-client-5.25.0.jar:5.25.0]
	... 12 common frames omitted
Caused by: com.rabbitmq.client.ShutdownSignalException: channel error; protocol method: #method<channel.close>(reply-code=404, reply-text=NOT_FOUND - no queue 'springCloudBus.anonymous.K4HVOzN0Sr2CwjXw5PXxig' in vhost 'dwtkuyzt', class-id=50, method-id=10)
	at com.rabbitmq.client.impl.ChannelN.asyncShutdown(ChannelN.java:528) ~[amqp-client-5.25.0.jar:5.25.0]
	at com.rabbitmq.client.impl.ChannelN.processAsync(ChannelN.java:349) ~[amqp-client-5.25.0.jar:5.25.0]
	at com.rabbitmq.client.impl.AMQChannel.handleCompleteInboundCommand(AMQChannel.java:193) ~[amqp-client-5.25.0.jar:5.25.0]
	at com.rabbitmq.client.impl.AMQChannel.handleFrame(AMQChannel.java:125) ~[amqp-client-5.25.0.jar:5.25.0]
	at com.rabbitmq.client.impl.AMQConnection.readFrame(AMQConnection.java:761) ~[amqp-client-5.25.0.jar:5.25.0]
	at com.rabbitmq.client.impl.AMQConnection.access$400(AMQConnection.java:48) ~[amqp-client-5.25.0.jar:5.25.0]
	at com.rabbitmq.client.impl.AMQConnection$MainLoop.run(AMQConnection.java:688) ~[amqp-client-5.25.0.jar:5.25.0]
	... 1 common frames omitted

2025-11-24T22:40:50.385+05:30  WARN 27539 --- [product-service] [springCloudBus.anonymous.K4HVOzN0Sr2CwjXw5PXxig-116] [                                                 ] o.s.a.r.listener.BlockingQueueConsumer   : Failed to declare queue: springCloudBus.anonymous.K4HVOzN0Sr2CwjXw5PXxig
2025-11-24T22:40:50.386+05:30  WARN 27539 --- [product-service] [springCloudBus.anonymous.K4HVOzN0Sr2CwjXw5PXxig-116] [                                                 ] o.s.a.r.listener.BlockingQueueConsumer   : Queue declaration failed; retries left=2

org.springframework.amqp.rabbit.listener.BlockingQueueConsumer$DeclarationException: Failed to declare queue(s):[springCloudBus.anonymous.K4HVOzN0Sr2CwjXw5PXxig]
	at org.springframework.amqp.rabbit.listener.BlockingQueueConsumer.attemptPassiveDeclarations(BlockingQueueConsumer.java:772) ~[spring-rabbit-3.2.8.jar:3.2.8]
	at org.springframework.amqp.rabbit.listener.BlockingQueueConsumer.passiveDeclarations(BlockingQueueConsumer.java:649) ~[spring-rabbit-3.2.8.jar:3.2.8]
	at org.springframework.amqp.rabbit.listener.BlockingQueueConsumer.start(BlockingQueueConsumer.java:636) ~[spring-rabbit-3.2.8.jar:3.2.8]
	at org.springframework.amqp.rabbit.listener.SimpleMessageListenerContainer$AsyncMessageProcessingConsumer.initialize(SimpleMessageListenerContainer.java:1490) ~[spring-rabbit-3.2.8.jar:3.2.8]
	at org.springframework.amqp.rabbit.listener.SimpleMessageListenerContainer$AsyncMessageProcessingConsumer.run(SimpleMessageListenerContainer.java:1328) ~[spring-rabbit-3.2.8.jar:3.2.8]
	at java.base/java.lang.Thread.run(Thread.java:1570) ~[na:na]
Caused by: java.io.IOException: null
	at com.rabbitmq.client.impl.AMQChannel.wrap(AMQChannel.java:140) ~[amqp-client-5.25.0.jar:5.25.0]
	at com.rabbitmq.client.impl.AMQChannel.wrap(AMQChannel.java:136) ~[amqp-client-5.25.0.jar:5.25.0]
	at com.rabbitmq.client.impl.AMQChannel.exnWrappingRpc(AMQChannel.java:158) ~[amqp-client-5.25.0.jar:5.25.0]
	at com.rabbitmq.client.impl.ChannelN.queueDeclarePassive(ChannelN.java:1033) ~[amqp-client-5.25.0.jar:5.25.0]
	at com.rabbitmq.client.impl.ChannelN.queueDeclarePassive(ChannelN.java:47) ~[amqp-client-5.25.0.jar:5.25.0]
	at java.base/jdk.internal.reflect.DirectMethodHandleAccessor.invoke(DirectMethodHandleAccessor.java:103) ~[na:na]
	at java.base/java.lang.reflect.Method.invoke(Method.java:580) ~[na:na]
	at org.springframework.amqp.rabbit.connection.CachingConnectionFactory$CachedChannelInvocationHandler.invoke(CachingConnectionFactory.java:1201) ~[spring-rabbit-3.2.8.jar:3.2.8]
	at jdk.proxy2/jdk.proxy2.$Proxy215.queueDeclarePassive(Unknown Source) ~[na:na]
	at org.springframework.amqp.rabbit.listener.BlockingQueueConsumer.attemptPassiveDeclarations(BlockingQueueConsumer.java:750) ~[spring-rabbit-3.2.8.jar:3.2.8]
	... 5 common frames omitted
Caused by: com.rabbitmq.client.ShutdownSignalException: channel error; protocol method: #method<channel.close>(reply-code=404, reply-text=NOT_FOUND - no queue 'springCloudBus.anonymous.K4HVOzN0Sr2CwjXw5PXxig' in vhost 'dwtkuyzt', class-id=50, method-id=10)
	at com.rabbitmq.utility.ValueOrException.getValue(ValueOrException.java:66) ~[amqp-client-5.25.0.jar:5.25.0]
	at com.rabbitmq.utility.BlockingValueOrException.uninterruptibleGetValue(BlockingValueOrException.java:36) ~[amqp-client-5.25.0.jar:5.25.0]
	at com.rabbitmq.client.impl.AMQChannel$BlockingRpcContinuation.getReply(AMQChannel.java:552) ~[amqp-client-5.25.0.jar:5.25.0]
	at com.rabbitmq.client.impl.AMQChannel.privateRpc(AMQChannel.java:316) ~[amqp-client-5.25.0.jar:5.25.0]
	at com.rabbitmq.client.impl.AMQChannel.exnWrappingRpc(AMQChannel.java:152) ~[amqp-client-5.25.0.jar:5.25.0]
	... 12 common frames omitted
Caused by: com.rabbitmq.client.ShutdownSignalException: channel error; protocol method: #method<channel.close>(reply-code=404, reply-text=NOT_FOUND - no queue 'springCloudBus.anonymous.K4HVOzN0Sr2CwjXw5PXxig' in vhost 'dwtkuyzt', class-id=50, method-id=10)
	at com.rabbitmq.client.impl.ChannelN.asyncShutdown(ChannelN.java:528) ~[amqp-client-5.25.0.jar:5.25.0]
	at com.rabbitmq.client.impl.ChannelN.processAsync(ChannelN.java:349) ~[amqp-client-5.25.0.jar:5.25.0]
	at com.rabbitmq.client.impl.AMQChannel.handleCompleteInboundCommand(AMQChannel.java:193) ~[amqp-client-5.25.0.jar:5.25.0]
	at com.rabbitmq.client.impl.AMQChannel.handleFrame(AMQChannel.java:125) ~[amqp-client-5.25.0.jar:5.25.0]
	at com.rabbitmq.client.impl.AMQConnection.readFrame(AMQConnection.java:761) ~[amqp-client-5.25.0.jar:5.25.0]
	at com.rabbitmq.client.impl.AMQConnection.access$400(AMQConnection.java:48) ~[amqp-client-5.25.0.jar:5.25.0]
	at com.rabbitmq.client.impl.AMQConnection$MainLoop.run(AMQConnection.java:688) ~[amqp-client-5.25.0.jar:5.25.0]
	... 1 common frames omitted

2025-11-24T22:40:55.943+05:30  WARN 27539 --- [product-service] [springCloudBus.anonymous.K4HVOzN0Sr2CwjXw5PXxig-116] [                                                 ] o.s.a.r.listener.BlockingQueueConsumer   : Failed to declare queue: springCloudBus.anonymous.K4HVOzN0Sr2CwjXw5PXxig
2025-11-24T22:40:55.943+05:30  WARN 27539 --- [product-service] [springCloudBus.anonymous.K4HVOzN0Sr2CwjXw5PXxig-116] [                                                 ] o.s.a.r.listener.BlockingQueueConsumer   : Queue declaration failed; retries left=1

org.springframework.amqp.rabbit.listener.BlockingQueueConsumer$DeclarationException: Failed to declare queue(s):[springCloudBus.anonymous.K4HVOzN0Sr2CwjXw5PXxig]
	at org.springframework.amqp.rabbit.listener.BlockingQueueConsumer.attemptPassiveDeclarations(BlockingQueueConsumer.java:772) ~[spring-rabbit-3.2.8.jar:3.2.8]
	at org.springframework.amqp.rabbit.listener.BlockingQueueConsumer.passiveDeclarations(BlockingQueueConsumer.java:649) ~[spring-rabbit-3.2.8.jar:3.2.8]
	at org.springframework.amqp.rabbit.listener.BlockingQueueConsumer.start(BlockingQueueConsumer.java:636) ~[spring-rabbit-3.2.8.jar:3.2.8]
	at org.springframework.amqp.rabbit.listener.SimpleMessageListenerContainer$AsyncMessageProcessingConsumer.initialize(SimpleMessageListenerContainer.java:1490) ~[spring-rabbit-3.2.8.jar:3.2.8]
	at org.springframework.amqp.rabbit.listener.SimpleMessageListenerContainer$AsyncMessageProcessingConsumer.run(SimpleMessageListenerContainer.java:1328) ~[spring-rabbit-3.2.8.jar:3.2.8]
	at java.base/java.lang.Thread.run(Thread.java:1570) ~[na:na]
Caused by: java.io.IOException: null
	at com.rabbitmq.client.impl.AMQChannel.wrap(AMQChannel.java:140) ~[amqp-client-5.25.0.jar:5.25.0]
	at com.rabbitmq.client.impl.AMQChannel.wrap(AMQChannel.java:136) ~[amqp-client-5.25.0.jar:5.25.0]
	at com.rabbitmq.client.impl.AMQChannel.exnWrappingRpc(AMQChannel.java:158) ~[amqp-client-5.25.0.jar:5.25.0]
	at com.rabbitmq.client.impl.ChannelN.queueDeclarePassive(ChannelN.java:1033) ~[amqp-client-5.25.0.jar:5.25.0]
	at com.rabbitmq.client.impl.ChannelN.queueDeclarePassive(ChannelN.java:47) ~[amqp-client-5.25.0.jar:5.25.0]
	at java.base/jdk.internal.reflect.DirectMethodHandleAccessor.invoke(DirectMethodHandleAccessor.java:103) ~[na:na]
	at java.base/java.lang.reflect.Method.invoke(Method.java:580) ~[na:na]
	at org.springframework.amqp.rabbit.connection.CachingConnectionFactory$CachedChannelInvocationHandler.invoke(CachingConnectionFactory.java:1201) ~[spring-rabbit-3.2.8.jar:3.2.8]
	at jdk.proxy2/jdk.proxy2.$Proxy215.queueDeclarePassive(Unknown Source) ~[na:na]
	at org.springframework.amqp.rabbit.listener.BlockingQueueConsumer.attemptPassiveDeclarations(BlockingQueueConsumer.java:750) ~[spring-rabbit-3.2.8.jar:3.2.8]
	... 5 common frames omitted
Caused by: com.rabbitmq.client.ShutdownSignalException: channel error; protocol method: #method<channel.close>(reply-code=404, reply-text=NOT_FOUND - no queue 'springCloudBus.anonymous.K4HVOzN0Sr2CwjXw5PXxig' in vhost 'dwtkuyzt', class-id=50, method-id=10)
	at com.rabbitmq.utility.ValueOrException.getValue(ValueOrException.java:66) ~[amqp-client-5.25.0.jar:5.25.0]
	at com.rabbitmq.utility.BlockingValueOrException.uninterruptibleGetValue(BlockingValueOrException.java:36) ~[amqp-client-5.25.0.jar:5.25.0]
	at com.rabbitmq.client.impl.AMQChannel$BlockingRpcContinuation.getReply(AMQChannel.java:552) ~[amqp-client-5.25.0.jar:5.25.0]
	at com.rabbitmq.client.impl.AMQChannel.privateRpc(AMQChannel.java:316) ~[amqp-client-5.25.0.jar:5.25.0]
	at com.rabbitmq.client.impl.AMQChannel.exnWrappingRpc(AMQChannel.java:152) ~[amqp-client-5.25.0.jar:5.25.0]
	... 12 common frames omitted
Caused by: com.rabbitmq.client.ShutdownSignalException: channel error; protocol method: #method<channel.close>(reply-code=404, reply-text=NOT_FOUND - no queue 'springCloudBus.anonymous.K4HVOzN0Sr2CwjXw5PXxig' in vhost 'dwtkuyzt', class-id=50, method-id=10)
	at com.rabbitmq.client.impl.ChannelN.asyncShutdown(ChannelN.java:528) ~[amqp-client-5.25.0.jar:5.25.0]
	at com.rabbitmq.client.impl.ChannelN.processAsync(ChannelN.java:349) ~[amqp-client-5.25.0.jar:5.25.0]
	at com.rabbitmq.client.impl.AMQChannel.handleCompleteInboundCommand(AMQChannel.java:193) ~[amqp-client-5.25.0.jar:5.25.0]
	at com.rabbitmq.client.impl.AMQChannel.handleFrame(AMQChannel.java:125) ~[amqp-client-5.25.0.jar:5.25.0]
	at com.rabbitmq.client.impl.AMQConnection.readFrame(AMQConnection.java:761) ~[amqp-client-5.25.0.jar:5.25.0]
	at com.rabbitmq.client.impl.AMQConnection.access$400(AMQConnection.java:48) ~[amqp-client-5.25.0.jar:5.25.0]
	at com.rabbitmq.client.impl.AMQConnection$MainLoop.run(AMQConnection.java:688) ~[amqp-client-5.25.0.jar:5.25.0]
	... 1 common frames omitted

2025-11-24T22:41:01.505+05:30  WARN 27539 --- [product-service] [springCloudBus.anonymous.K4HVOzN0Sr2CwjXw5PXxig-116] [                                                 ] o.s.a.r.listener.BlockingQueueConsumer   : Failed to declare queue: springCloudBus.anonymous.K4HVOzN0Sr2CwjXw5PXxig
2025-11-24T22:41:06.583+05:30 ERROR 27539 --- [product-service] [springCloudBus.anonymous.K4HVOzN0Sr2CwjXw5PXxig-116] [                                                 ] o.s.a.r.l.SimpleMessageListenerContainer : Consumer threw missing queues exception, fatal=false

org.springframework.amqp.rabbit.listener.QueuesNotAvailableException: Cannot prepare queue for listener. Either the queue doesn't exist or the broker will not allow us to use it.
	at org.springframework.amqp.rabbit.listener.BlockingQueueConsumer.handleDeclarationException(BlockingQueueConsumer.java:722) ~[spring-rabbit-3.2.8.jar:3.2.8]
	at org.springframework.amqp.rabbit.listener.BlockingQueueConsumer.passiveDeclarations(BlockingQueueConsumer.java:656) ~[spring-rabbit-3.2.8.jar:3.2.8]
	at org.springframework.amqp.rabbit.listener.BlockingQueueConsumer.start(BlockingQueueConsumer.java:636) ~[spring-rabbit-3.2.8.jar:3.2.8]
	at org.springframework.amqp.rabbit.listener.SimpleMessageListenerContainer$AsyncMessageProcessingConsumer.initialize(SimpleMessageListenerContainer.java:1490) ~[spring-rabbit-3.2.8.jar:3.2.8]
	at org.springframework.amqp.rabbit.listener.SimpleMessageListenerContainer$AsyncMessageProcessingConsumer.run(SimpleMessageListenerContainer.java:1328) ~[spring-rabbit-3.2.8.jar:3.2.8]
	at java.base/java.lang.Thread.run(Thread.java:1570) ~[na:na]
Caused by: org.springframework.amqp.rabbit.listener.BlockingQueueConsumer$DeclarationException: Failed to declare queue(s):[springCloudBus.anonymous.K4HVOzN0Sr2CwjXw5PXxig]
	at org.springframework.amqp.rabbit.listener.BlockingQueueConsumer.attemptPassiveDeclarations(BlockingQueueConsumer.java:772) ~[spring-rabbit-3.2.8.jar:3.2.8]
	at org.springframework.amqp.rabbit.listener.BlockingQueueConsumer.passiveDeclarations(BlockingQueueConsumer.java:649) ~[spring-rabbit-3.2.8.jar:3.2.8]
	... 4 common frames omitted
Caused by: java.io.IOException: null
	at com.rabbitmq.client.impl.AMQChannel.wrap(AMQChannel.java:140) ~[amqp-client-5.25.0.jar:5.25.0]
	at com.rabbitmq.client.impl.AMQChannel.wrap(AMQChannel.java:136) ~[amqp-client-5.25.0.jar:5.25.0]
	at com.rabbitmq.client.impl.AMQChannel.exnWrappingRpc(AMQChannel.java:158) ~[amqp-client-5.25.0.jar:5.25.0]
	at com.rabbitmq.client.impl.ChannelN.queueDeclarePassive(ChannelN.java:1033) ~[amqp-client-5.25.0.jar:5.25.0]
	at com.rabbitmq.client.impl.ChannelN.queueDeclarePassive(ChannelN.java:47) ~[amqp-client-5.25.0.jar:5.25.0]
	at java.base/jdk.internal.reflect.DirectMethodHandleAccessor.invoke(DirectMethodHandleAccessor.java:103) ~[na:na]
	at java.base/java.lang.reflect.Method.invoke(Method.java:580) ~[na:na]
	at org.springframework.amqp.rabbit.connection.CachingConnectionFactory$CachedChannelInvocationHandler.invoke(CachingConnectionFactory.java:1201) ~[spring-rabbit-3.2.8.jar:3.2.8]
	at jdk.proxy2/jdk.proxy2.$Proxy215.queueDeclarePassive(Unknown Source) ~[na:na]
	at org.springframework.amqp.rabbit.listener.BlockingQueueConsumer.attemptPassiveDeclarations(BlockingQueueConsumer.java:750) ~[spring-rabbit-3.2.8.jar:3.2.8]
	... 5 common frames omitted
Caused by: com.rabbitmq.client.ShutdownSignalException: channel error; protocol method: #method<channel.close>(reply-code=404, reply-text=NOT_FOUND - no queue 'springCloudBus.anonymous.K4HVOzN0Sr2CwjXw5PXxig' in vhost 'dwtkuyzt', class-id=50, method-id=10)
	at com.rabbitmq.utility.ValueOrException.getValue(ValueOrException.java:66) ~[amqp-client-5.25.0.jar:5.25.0]
	at com.rabbitmq.utility.BlockingValueOrException.uninterruptibleGetValue(BlockingValueOrException.java:36) ~[amqp-client-5.25.0.jar:5.25.0]
	at com.rabbitmq.client.impl.AMQChannel$BlockingRpcContinuation.getReply(AMQChannel.java:552) ~[amqp-client-5.25.0.jar:5.25.0]
	at com.rabbitmq.client.impl.AMQChannel.privateRpc(AMQChannel.java:316) ~[amqp-client-5.25.0.jar:5.25.0]
	at com.rabbitmq.client.impl.AMQChannel.exnWrappingRpc(AMQChannel.java:152) ~[amqp-client-5.25.0.jar:5.25.0]
	... 12 common frames omitted
Caused by: com.rabbitmq.client.ShutdownSignalException: channel error; protocol method: #method<channel.close>(reply-code=404, reply-text=NOT_FOUND - no queue 'springCloudBus.anonymous.K4HVOzN0Sr2CwjXw5PXxig' in vhost 'dwtkuyzt', class-id=50, method-id=10)
	at com.rabbitmq.client.impl.ChannelN.asyncShutdown(ChannelN.java:528) ~[amqp-client-5.25.0.jar:5.25.0]
	at com.rabbitmq.client.impl.ChannelN.processAsync(ChannelN.java:349) ~[amqp-client-5.25.0.jar:5.25.0]
	at com.rabbitmq.client.impl.AMQChannel.handleCompleteInboundCommand(AMQChannel.java:193) ~[amqp-client-5.25.0.jar:5.25.0]
	at com.rabbitmq.client.impl.AMQChannel.handleFrame(AMQChannel.java:125) ~[amqp-client-5.25.0.jar:5.25.0]
	at com.rabbitmq.client.impl.AMQConnection.readFrame(AMQConnection.java:761) ~[amqp-client-5.25.0.jar:5.25.0]
	at com.rabbitmq.client.impl.AMQConnection.access$400(AMQConnection.java:48) ~[amqp-client-5.25.0.jar:5.25.0]
	at com.rabbitmq.client.impl.AMQConnection$MainLoop.run(AMQConnection.java:688) ~[amqp-client-5.25.0.jar:5.25.0]
	... 1 common frames omitted

2025-11-24T22:41:06.590+05:30  INFO 27539 --- [product-service] [springCloudBus.anonymous.K4HVOzN0Sr2CwjXw5PXxig-116] [                                                 ] o.s.a.r.l.SimpleMessageListenerContainer : Restarting Consumer@7269082a: tags=[[]], channel=Cached Rabbit Channel: AMQChannel(amqp://dwtkuyzt@35.153.225.39:5672/dwtkuyzt,1), conn: Proxy@276b6159 Shared Rabbit Connection: SimpleConnection@3c1ed920 [delegate=amqp://dwtkuyzt@35.153.225.39:5672/dwtkuyzt, localPort=61539], acknowledgeMode=AUTO local queue size=0
2025-11-24T22:41:07.828+05:30  WARN 27539 --- [product-service] [springCloudBus.anonymous.K4HVOzN0Sr2CwjXw5PXxig-117] [                                                 ] o.s.a.r.listener.BlockingQueueConsumer   : Failed to declare queue: springCloudBus.anonymous.K4HVOzN0Sr2CwjXw5PXxig
2025-11-24T22:41:07.828+05:30  WARN 27539 --- [product-service] [springCloudBus.anonymous.K4HVOzN0Sr2CwjXw5PXxig-117] [                                                 ] o.s.a.r.listener.BlockingQueueConsumer   : Queue declaration failed; retries left=3

org.springframework.amqp.rabbit.listener.BlockingQueueConsumer$DeclarationException: Failed to declare queue(s):[springCloudBus.anonymous.K4HVOzN0Sr2CwjXw5PXxig]
	at org.springframework.amqp.rabbit.listener.BlockingQueueConsumer.attemptPassiveDeclarations(BlockingQueueConsumer.java:772) ~[spring-rabbit-3.2.8.jar:3.2.8]
	at org.springframework.amqp.rabbit.listener.BlockingQueueConsumer.passiveDeclarations(BlockingQueueConsumer.java:649) ~[spring-rabbit-3.2.8.jar:3.2.8]
	at org.springframework.amqp.rabbit.listener.BlockingQueueConsumer.start(BlockingQueueConsumer.java:636) ~[spring-rabbit-3.2.8.jar:3.2.8]
	at org.springframework.amqp.rabbit.listener.SimpleMessageListenerContainer$AsyncMessageProcessingConsumer.initialize(SimpleMessageListenerContainer.java:1490) ~[spring-rabbit-3.2.8.jar:3.2.8]
	at org.springframework.amqp.rabbit.listener.SimpleMessageListenerContainer$AsyncMessageProcessingConsumer.run(SimpleMessageListenerContainer.java:1328) ~[spring-rabbit-3.2.8.jar:3.2.8]
	at java.base/java.lang.Thread.run(Thread.java:1570) ~[na:na]
Caused by: java.io.IOException: null
	at com.rabbitmq.client.impl.AMQChannel.wrap(AMQChannel.java:140) ~[amqp-client-5.25.0.jar:5.25.0]
	at com.rabbitmq.client.impl.AMQChannel.wrap(AMQChannel.java:136) ~[amqp-client-5.25.0.jar:5.25.0]
	at com.rabbitmq.client.impl.AMQChannel.exnWrappingRpc(AMQChannel.java:158) ~[amqp-client-5.25.0.jar:5.25.0]
	at com.rabbitmq.client.impl.ChannelN.queueDeclarePassive(ChannelN.java:1033) ~[amqp-client-5.25.0.jar:5.25.0]
	at com.rabbitmq.client.impl.ChannelN.queueDeclarePassive(ChannelN.java:47) ~[amqp-client-5.25.0.jar:5.25.0]
	at java.base/jdk.internal.reflect.DirectMethodHandleAccessor.invoke(DirectMethodHandleAccessor.java:103) ~[na:na]
	at java.base/java.lang.reflect.Method.invoke(Method.java:580) ~[na:na]
	at org.springframework.amqp.rabbit.connection.CachingConnectionFactory$CachedChannelInvocationHandler.invoke(CachingConnectionFactory.java:1201) ~[spring-rabbit-3.2.8.jar:3.2.8]
	at jdk.proxy2/jdk.proxy2.$Proxy215.queueDeclarePassive(Unknown Source) ~[na:na]
	at org.springframework.amqp.rabbit.listener.BlockingQueueConsumer.attemptPassiveDeclarations(BlockingQueueConsumer.java:750) ~[spring-rabbit-3.2.8.jar:3.2.8]
	... 5 common frames omitted
Caused by: com.rabbitmq.client.ShutdownSignalException: channel error; protocol method: #method<channel.close>(reply-code=404, reply-text=NOT_FOUND - no queue 'springCloudBus.anonymous.K4HVOzN0Sr2CwjXw5PXxig' in vhost 'dwtkuyzt', class-id=50, method-id=10)
	at com.rabbitmq.utility.ValueOrException.getValue(ValueOrException.java:66) ~[amqp-client-5.25.0.jar:5.25.0]
	at com.rabbitmq.utility.BlockingValueOrException.uninterruptibleGetValue(BlockingValueOrException.java:36) ~[amqp-client-5.25.0.jar:5.25.0]
	at com.rabbitmq.client.impl.AMQChannel$BlockingRpcContinuation.getReply(AMQChannel.java:552) ~[amqp-client-5.25.0.jar:5.25.0]
	at com.rabbitmq.client.impl.AMQChannel.privateRpc(AMQChannel.java:316) ~[amqp-client-5.25.0.jar:5.25.0]
	at com.rabbitmq.client.impl.AMQChannel.exnWrappingRpc(AMQChannel.java:152) ~[amqp-client-5.25.0.jar:5.25.0]
	... 12 common frames omitted
Caused by: com.rabbitmq.client.ShutdownSignalException: channel error; protocol method: #method<channel.close>(reply-code=404, reply-text=NOT_FOUND - no queue 'springCloudBus.anonymous.K4HVOzN0Sr2CwjXw5PXxig' in vhost 'dwtkuyzt', class-id=50, method-id=10)
	at com.rabbitmq.client.impl.ChannelN.asyncShutdown(ChannelN.java:528) ~[amqp-client-5.25.0.jar:5.25.0]
	at com.rabbitmq.client.impl.ChannelN.processAsync(ChannelN.java:349) ~[amqp-client-5.25.0.jar:5.25.0]
	at com.rabbitmq.client.impl.AMQChannel.handleCompleteInboundCommand(AMQChannel.java:193) ~[amqp-client-5.25.0.jar:5.25.0]
	at com.rabbitmq.client.impl.AMQChannel.handleFrame(AMQChannel.java:125) ~[amqp-client-5.25.0.jar:5.25.0]
	at com.rabbitmq.client.impl.AMQConnection.readFrame(AMQConnection.java:761) ~[amqp-client-5.25.0.jar:5.25.0]
	at com.rabbitmq.client.impl.AMQConnection.access$400(AMQConnection.java:48) ~[amqp-client-5.25.0.jar:5.25.0]
	at com.rabbitmq.client.impl.AMQConnection$MainLoop.run(AMQConnection.java:688) ~[amqp-client-5.25.0.jar:5.25.0]
	... 1 common frames omitted

2025-11-24T22:41:13.402+05:30  WARN 27539 --- [product-service] [springCloudBus.anonymous.K4HVOzN0Sr2CwjXw5PXxig-117] [                                                 ] o.s.a.r.listener.BlockingQueueConsumer   : Failed to declare queue: springCloudBus.anonymous.K4HVOzN0Sr2CwjXw5PXxig
2025-11-24T22:41:13.407+05:30  WARN 27539 --- [product-service] [springCloudBus.anonymous.K4HVOzN0Sr2CwjXw5PXxig-117] [                                                 ] o.s.a.r.listener.BlockingQueueConsumer   : Queue declaration failed; retries left=2

org.springframework.amqp.rabbit.listener.BlockingQueueConsumer$DeclarationException: Failed to declare queue(s):[springCloudBus.anonymous.K4HVOzN0Sr2CwjXw5PXxig]
	at org.springframework.amqp.rabbit.listener.BlockingQueueConsumer.attemptPassiveDeclarations(BlockingQueueConsumer.java:772) ~[spring-rabbit-3.2.8.jar:3.2.8]
	at org.springframework.amqp.rabbit.listener.BlockingQueueConsumer.passiveDeclarations(BlockingQueueConsumer.java:649) ~[spring-rabbit-3.2.8.jar:3.2.8]
	at org.springframework.amqp.rabbit.listener.BlockingQueueConsumer.start(BlockingQueueConsumer.java:636) ~[spring-rabbit-3.2.8.jar:3.2.8]
	at org.springframework.amqp.rabbit.listener.SimpleMessageListenerContainer$AsyncMessageProcessingConsumer.initialize(SimpleMessageListenerContainer.java:1490) ~[spring-rabbit-3.2.8.jar:3.2.8]
	at org.springframework.amqp.rabbit.listener.SimpleMessageListenerContainer$AsyncMessageProcessingConsumer.run(SimpleMessageListenerContainer.java:1328) ~[spring-rabbit-3.2.8.jar:3.2.8]
	at java.base/java.lang.Thread.run(Thread.java:1570) ~[na:na]
Caused by: java.io.IOException: null
	at com.rabbitmq.client.impl.AMQChannel.wrap(AMQChannel.java:140) ~[amqp-client-5.25.0.jar:5.25.0]
	at com.rabbitmq.client.impl.AMQChannel.wrap(AMQChannel.java:136) ~[amqp-client-5.25.0.jar:5.25.0]
	at com.rabbitmq.client.impl.AMQChannel.exnWrappingRpc(AMQChannel.java:158) ~[amqp-client-5.25.0.jar:5.25.0]
	at com.rabbitmq.client.impl.ChannelN.queueDeclarePassive(ChannelN.java:1033) ~[amqp-client-5.25.0.jar:5.25.0]
	at com.rabbitmq.client.impl.ChannelN.queueDeclarePassive(ChannelN.java:47) ~[amqp-client-5.25.0.jar:5.25.0]
	at java.base/jdk.internal.reflect.DirectMethodHandleAccessor.invoke(DirectMethodHandleAccessor.java:103) ~[na:na]
	at java.base/java.lang.reflect.Method.invoke(Method.java:580) ~[na:na]
	at org.springframework.amqp.rabbit.connection.CachingConnectionFactory$CachedChannelInvocationHandler.invoke(CachingConnectionFactory.java:1201) ~[spring-rabbit-3.2.8.jar:3.2.8]
	at jdk.proxy2/jdk.proxy2.$Proxy215.queueDeclarePassive(Unknown Source) ~[na:na]
	at org.springframework.amqp.rabbit.listener.BlockingQueueConsumer.attemptPassiveDeclarations(BlockingQueueConsumer.java:750) ~[spring-rabbit-3.2.8.jar:3.2.8]
	... 5 common frames omitted
Caused by: com.rabbitmq.client.ShutdownSignalException: channel error; protocol method: #method<channel.close>(reply-code=404, reply-text=NOT_FOUND - no queue 'springCloudBus.anonymous.K4HVOzN0Sr2CwjXw5PXxig' in vhost 'dwtkuyzt', class-id=50, method-id=10)
	at com.rabbitmq.utility.ValueOrException.getValue(ValueOrException.java:66) ~[amqp-client-5.25.0.jar:5.25.0]
	at com.rabbitmq.utility.BlockingValueOrException.uninterruptibleGetValue(BlockingValueOrException.java:36) ~[amqp-client-5.25.0.jar:5.25.0]
	at com.rabbitmq.client.impl.AMQChannel$BlockingRpcContinuation.getReply(AMQChannel.java:552) ~[amqp-client-5.25.0.jar:5.25.0]
	at com.rabbitmq.client.impl.AMQChannel.privateRpc(AMQChannel.java:316) ~[amqp-client-5.25.0.jar:5.25.0]
	at com.rabbitmq.client.impl.AMQChannel.exnWrappingRpc(AMQChannel.java:152) ~[amqp-client-5.25.0.jar:5.25.0]
	... 12 common frames omitted
Caused by: com.rabbitmq.client.ShutdownSignalException: channel error; protocol method: #method<channel.close>(reply-code=404, reply-text=NOT_FOUND - no queue 'springCloudBus.anonymous.K4HVOzN0Sr2CwjXw5PXxig' in vhost 'dwtkuyzt', class-id=50, method-id=10)
	at com.rabbitmq.client.impl.ChannelN.asyncShutdown(ChannelN.java:528) ~[amqp-client-5.25.0.jar:5.25.0]
	at com.rabbitmq.client.impl.ChannelN.processAsync(ChannelN.java:349) ~[amqp-client-5.25.0.jar:5.25.0]
	at com.rabbitmq.client.impl.AMQChannel.handleCompleteInboundCommand(AMQChannel.java:193) ~[amqp-client-5.25.0.jar:5.25.0]
	at com.rabbitmq.client.impl.AMQChannel.handleFrame(AMQChannel.java:125) ~[amqp-client-5.25.0.jar:5.25.0]
	at com.rabbitmq.client.impl.AMQConnection.readFrame(AMQConnection.java:761) ~[amqp-client-5.25.0.jar:5.25.0]
	at com.rabbitmq.client.impl.AMQConnection.access$400(AMQConnection.java:48) ~[amqp-client-5.25.0.jar:5.25.0]
	at com.rabbitmq.client.impl.AMQConnection$MainLoop.run(AMQConnection.java:688) ~[amqp-client-5.25.0.jar:5.25.0]
	... 1 common frames omitted

2025-11-24T22:41:18.966+05:30  WARN 27539 --- [product-service] [springCloudBus.anonymous.K4HVOzN0Sr2CwjXw5PXxig-117] [                                                 ] o.s.a.r.listener.BlockingQueueConsumer   : Failed to declare queue: springCloudBus.anonymous.K4HVOzN0Sr2CwjXw5PXxig
2025-11-24T22:41:18.967+05:30  WARN 27539 --- [product-service] [springCloudBus.anonymous.K4HVOzN0Sr2CwjXw5PXxig-117] [                                                 ] o.s.a.r.listener.BlockingQueueConsumer   : Queue declaration failed; retries left=1

org.springframework.amqp.rabbit.listener.BlockingQueueConsumer$DeclarationException: Failed to declare queue(s):[springCloudBus.anonymous.K4HVOzN0Sr2CwjXw5PXxig]
	at org.springframework.amqp.rabbit.listener.BlockingQueueConsumer.attemptPassiveDeclarations(BlockingQueueConsumer.java:772) ~[spring-rabbit-3.2.8.jar:3.2.8]
	at org.springframework.amqp.rabbit.listener.BlockingQueueConsumer.passiveDeclarations(BlockingQueueConsumer.java:649) ~[spring-rabbit-3.2.8.jar:3.2.8]
	at org.springframework.amqp.rabbit.listener.BlockingQueueConsumer.start(BlockingQueueConsumer.java:636) ~[spring-rabbit-3.2.8.jar:3.2.8]
	at org.springframework.amqp.rabbit.listener.SimpleMessageListenerContainer$AsyncMessageProcessingConsumer.initialize(SimpleMessageListenerContainer.java:1490) ~[spring-rabbit-3.2.8.jar:3.2.8]
	at org.springframework.amqp.rabbit.listener.SimpleMessageListenerContainer$AsyncMessageProcessingConsumer.run(SimpleMessageListenerContainer.java:1328) ~[spring-rabbit-3.2.8.jar:3.2.8]
	at java.base/java.lang.Thread.run(Thread.java:1570) ~[na:na]
Caused by: java.io.IOException: null
	at com.rabbitmq.client.impl.AMQChannel.wrap(AMQChannel.java:140) ~[amqp-client-5.25.0.jar:5.25.0]
	at com.rabbitmq.client.impl.AMQChannel.wrap(AMQChannel.java:136) ~[amqp-client-5.25.0.jar:5.25.0]
	at com.rabbitmq.client.impl.AMQChannel.exnWrappingRpc(AMQChannel.java:158) ~[amqp-client-5.25.0.jar:5.25.0]
	at com.rabbitmq.client.impl.ChannelN.queueDeclarePassive(ChannelN.java:1033) ~[amqp-client-5.25.0.jar:5.25.0]
	at com.rabbitmq.client.impl.ChannelN.queueDeclarePassive(ChannelN.java:47) ~[amqp-client-5.25.0.jar:5.25.0]
	at java.base/jdk.internal.reflect.DirectMethodHandleAccessor.invoke(DirectMethodHandleAccessor.java:103) ~[na:na]
	at java.base/java.lang.reflect.Method.invoke(Method.java:580) ~[na:na]
	at org.springframework.amqp.rabbit.connection.CachingConnectionFactory$CachedChannelInvocationHandler.invoke(CachingConnectionFactory.java:1201) ~[spring-rabbit-3.2.8.jar:3.2.8]
	at jdk.proxy2/jdk.proxy2.$Proxy215.queueDeclarePassive(Unknown Source) ~[na:na]
	at org.springframework.amqp.rabbit.listener.BlockingQueueConsumer.attemptPassiveDeclarations(BlockingQueueConsumer.java:750) ~[spring-rabbit-3.2.8.jar:3.2.8]
	... 5 common frames omitted
Caused by: com.rabbitmq.client.ShutdownSignalException: channel error; protocol method: #method<channel.close>(reply-code=404, reply-text=NOT_FOUND - no queue 'springCloudBus.anonymous.K4HVOzN0Sr2CwjXw5PXxig' in vhost 'dwtkuyzt', class-id=50, method-id=10)
	at com.rabbitmq.utility.ValueOrException.getValue(ValueOrException.java:66) ~[amqp-client-5.25.0.jar:5.25.0]
	at com.rabbitmq.utility.BlockingValueOrException.uninterruptibleGetValue(BlockingValueOrException.java:36) ~[amqp-client-5.25.0.jar:5.25.0]
	at com.rabbitmq.client.impl.AMQChannel$BlockingRpcContinuation.getReply(AMQChannel.java:552) ~[amqp-client-5.25.0.jar:5.25.0]
	at com.rabbitmq.client.impl.AMQChannel.privateRpc(AMQChannel.java:316) ~[amqp-client-5.25.0.jar:5.25.0]
	at com.rabbitmq.client.impl.AMQChannel.exnWrappingRpc(AMQChannel.java:152) ~[amqp-client-5.25.0.jar:5.25.0]
	... 12 common frames omitted
Caused by: com.rabbitmq.client.ShutdownSignalException: channel error; protocol method: #method<channel.close>(reply-code=404, reply-text=NOT_FOUND - no queue 'springCloudBus.anonymous.K4HVOzN0Sr2CwjXw5PXxig' in vhost 'dwtkuyzt', class-id=50, method-id=10)
	at com.rabbitmq.client.impl.ChannelN.asyncShutdown(ChannelN.java:528) ~[amqp-client-5.25.0.jar:5.25.0]
	at com.rabbitmq.client.impl.ChannelN.processAsync(ChannelN.java:349) ~[amqp-client-5.25.0.jar:5.25.0]
	at com.rabbitmq.client.impl.AMQChannel.handleCompleteInboundCommand(AMQChannel.java:193) ~[amqp-client-5.25.0.jar:5.25.0]
	at com.rabbitmq.client.impl.AMQChannel.handleFrame(AMQChannel.java:125) ~[amqp-client-5.25.0.jar:5.25.0]
	at com.rabbitmq.client.impl.AMQConnection.readFrame(AMQConnection.java:761) ~[amqp-client-5.25.0.jar:5.25.0]
	at com.rabbitmq.client.impl.AMQConnection.access$400(AMQConnection.java:48) ~[amqp-client-5.25.0.jar:5.25.0]
	at com.rabbitmq.client.impl.AMQConnection$MainLoop.run(AMQConnection.java:688) ~[amqp-client-5.25.0.jar:5.25.0]
	... 1 common frames omitted

2025-11-24T22:41:24.528+05:30  WARN 27539 --- [product-service] [springCloudBus.anonymous.K4HVOzN0Sr2CwjXw5PXxig-117] [                                                 ] o.s.a.r.listener.BlockingQueueConsumer   : Failed to declare queue: springCloudBus.anonymous.K4HVOzN0Sr2CwjXw5PXxig
2025-11-24T22:41:29.621+05:30 ERROR 27539 --- [product-service] [springCloudBus.anonymous.K4HVOzN0Sr2CwjXw5PXxig-117] [                                                 ] o.s.a.r.l.SimpleMessageListenerContainer : Consumer threw missing queues exception, fatal=false

org.springframework.amqp.rabbit.listener.QueuesNotAvailableException: Cannot prepare queue for listener. Either the queue doesn't exist or the broker will not allow us to use it.
	at org.springframework.amqp.rabbit.listener.BlockingQueueConsumer.handleDeclarationException(BlockingQueueConsumer.java:722) ~[spring-rabbit-3.2.8.jar:3.2.8]
	at org.springframework.amqp.rabbit.listener.BlockingQueueConsumer.passiveDeclarations(BlockingQueueConsumer.java:656) ~[spring-rabbit-3.2.8.jar:3.2.8]
	at org.springframework.amqp.rabbit.listener.BlockingQueueConsumer.start(BlockingQueueConsumer.java:636) ~[spring-rabbit-3.2.8.jar:3.2.8]
	at org.springframework.amqp.rabbit.listener.SimpleMessageListenerContainer$AsyncMessageProcessingConsumer.initialize(SimpleMessageListenerContainer.java:1490) ~[spring-rabbit-3.2.8.jar:3.2.8]
	at org.springframework.amqp.rabbit.listener.SimpleMessageListenerContainer$AsyncMessageProcessingConsumer.run(SimpleMessageListenerContainer.java:1328) ~[spring-rabbit-3.2.8.jar:3.2.8]
	at java.base/java.lang.Thread.run(Thread.java:1570) ~[na:na]
Caused by: org.springframework.amqp.rabbit.listener.BlockingQueueConsumer$DeclarationException: Failed to declare queue(s):[springCloudBus.anonymous.K4HVOzN0Sr2CwjXw5PXxig]
	at org.springframework.amqp.rabbit.listener.BlockingQueueConsumer.attemptPassiveDeclarations(BlockingQueueConsumer.java:772) ~[spring-rabbit-3.2.8.jar:3.2.8]
	at org.springframework.amqp.rabbit.listener.BlockingQueueConsumer.passiveDeclarations(BlockingQueueConsumer.java:649) ~[spring-rabbit-3.2.8.jar:3.2.8]
	... 4 common frames omitted
Caused by: java.io.IOException: null
	at com.rabbitmq.client.impl.AMQChannel.wrap(AMQChannel.java:140) ~[amqp-client-5.25.0.jar:5.25.0]
	at com.rabbitmq.client.impl.AMQChannel.wrap(AMQChannel.java:136) ~[amqp-client-5.25.0.jar:5.25.0]
	at com.rabbitmq.client.impl.AMQChannel.exnWrappingRpc(AMQChannel.java:158) ~[amqp-client-5.25.0.jar:5.25.0]
	at com.rabbitmq.client.impl.ChannelN.queueDeclarePassive(ChannelN.java:1033) ~[amqp-client-5.25.0.jar:5.25.0]
	at com.rabbitmq.client.impl.ChannelN.queueDeclarePassive(ChannelN.java:47) ~[amqp-client-5.25.0.jar:5.25.0]
	at java.base/jdk.internal.reflect.DirectMethodHandleAccessor.invoke(DirectMethodHandleAccessor.java:103) ~[na:na]
	at java.base/java.lang.reflect.Method.invoke(Method.java:580) ~[na:na]
	at org.springframework.amqp.rabbit.connection.CachingConnectionFactory$CachedChannelInvocationHandler.invoke(CachingConnectionFactory.java:1201) ~[spring-rabbit-3.2.8.jar:3.2.8]
	at jdk.proxy2/jdk.proxy2.$Proxy215.queueDeclarePassive(Unknown Source) ~[na:na]
	at org.springframework.amqp.rabbit.listener.BlockingQueueConsumer.attemptPassiveDeclarations(BlockingQueueConsumer.java:750) ~[spring-rabbit-3.2.8.jar:3.2.8]
	... 5 common frames omitted
Caused by: com.rabbitmq.client.ShutdownSignalException: channel error; protocol method: #method<channel.close>(reply-code=404, reply-text=NOT_FOUND - no queue 'springCloudBus.anonymous.K4HVOzN0Sr2CwjXw5PXxig' in vhost 'dwtkuyzt', class-id=50, method-id=10)
	at com.rabbitmq.utility.ValueOrException.getValue(ValueOrException.java:66) ~[amqp-client-5.25.0.jar:5.25.0]
	at com.rabbitmq.utility.BlockingValueOrException.uninterruptibleGetValue(BlockingValueOrException.java:36) ~[amqp-client-5.25.0.jar:5.25.0]
	at com.rabbitmq.client.impl.AMQChannel$BlockingRpcContinuation.getReply(AMQChannel.java:552) ~[amqp-client-5.25.0.jar:5.25.0]
	at com.rabbitmq.client.impl.AMQChannel.privateRpc(AMQChannel.java:316) ~[amqp-client-5.25.0.jar:5.25.0]
	at com.rabbitmq.client.impl.AMQChannel.exnWrappingRpc(AMQChannel.java:152) ~[amqp-client-5.25.0.jar:5.25.0]
	... 12 common frames omitted
Caused by: com.rabbitmq.client.ShutdownSignalException: channel error; protocol method: #method<channel.close>(reply-code=404, reply-text=NOT_FOUND - no queue 'springCloudBus.anonymous.K4HVOzN0Sr2CwjXw5PXxig' in vhost 'dwtkuyzt', class-id=50, method-id=10)
	at com.rabbitmq.client.impl.ChannelN.asyncShutdown(ChannelN.java:528) ~[amqp-client-5.25.0.jar:5.25.0]
	at com.rabbitmq.client.impl.ChannelN.processAsync(ChannelN.java:349) ~[amqp-client-5.25.0.jar:5.25.0]
	at com.rabbitmq.client.impl.AMQChannel.handleCompleteInboundCommand(AMQChannel.java:193) ~[amqp-client-5.25.0.jar:5.25.0]
	at com.rabbitmq.client.impl.AMQChannel.handleFrame(AMQChannel.java:125) ~[amqp-client-5.25.0.jar:5.25.0]
	at com.rabbitmq.client.impl.AMQConnection.readFrame(AMQConnection.java:761) ~[amqp-client-5.25.0.jar:5.25.0]
	at com.rabbitmq.client.impl.AMQConnection.access$400(AMQConnection.java:48) ~[amqp-client-5.25.0.jar:5.25.0]
	at com.rabbitmq.client.impl.AMQConnection$MainLoop.run(AMQConnection.java:688) ~[amqp-client-5.25.0.jar:5.25.0]
	... 1 common frames omitted

2025-11-24T22:41:29.625+05:30  INFO 27539 --- [product-service] [springCloudBus.anonymous.K4HVOzN0Sr2CwjXw5PXxig-117] [                                                 ] o.s.a.r.l.SimpleMessageListenerContainer : Restarting Consumer@72a7de0a: tags=[[]], channel=Cached Rabbit Channel: AMQChannel(amqp://dwtkuyzt@35.153.225.39:5672/dwtkuyzt,1), conn: Proxy@276b6159 Shared Rabbit Connection: SimpleConnection@3c1ed920 [delegate=amqp://dwtkuyzt@35.153.225.39:5672/dwtkuyzt, localPort=61539], acknowledgeMode=AUTO local queue size=0
2025-11-24T22:41:30.743+05:30  WARN 27539 --- [product-service] [springCloudBus.anonymous.K4HVOzN0Sr2CwjXw5PXxig-118] [                                                 ] o.s.a.r.listener.BlockingQueueConsumer   : Failed to declare queue: springCloudBus.anonymous.K4HVOzN0Sr2CwjXw5PXxig
2025-11-24T22:41:30.743+05:30  WARN 27539 --- [product-service] [springCloudBus.anonymous.K4HVOzN0Sr2CwjXw5PXxig-118] [                                                 ] o.s.a.r.listener.BlockingQueueConsumer   : Queue declaration failed; retries left=3

org.springframework.amqp.rabbit.listener.BlockingQueueConsumer$DeclarationException: Failed to declare queue(s):[springCloudBus.anonymous.K4HVOzN0Sr2CwjXw5PXxig]
	at org.springframework.amqp.rabbit.listener.BlockingQueueConsumer.attemptPassiveDeclarations(BlockingQueueConsumer.java:772) ~[spring-rabbit-3.2.8.jar:3.2.8]
	at org.springframework.amqp.rabbit.listener.BlockingQueueConsumer.passiveDeclarations(BlockingQueueConsumer.java:649) ~[spring-rabbit-3.2.8.jar:3.2.8]
	at org.springframework.amqp.rabbit.listener.BlockingQueueConsumer.start(BlockingQueueConsumer.java:636) ~[spring-rabbit-3.2.8.jar:3.2.8]
	at org.springframework.amqp.rabbit.listener.SimpleMessageListenerContainer$AsyncMessageProcessingConsumer.initialize(SimpleMessageListenerContainer.java:1490) ~[spring-rabbit-3.2.8.jar:3.2.8]
	at org.springframework.amqp.rabbit.listener.SimpleMessageListenerContainer$AsyncMessageProcessingConsumer.run(SimpleMessageListenerContainer.java:1328) ~[spring-rabbit-3.2.8.jar:3.2.8]
	at java.base/java.lang.Thread.run(Thread.java:1570) ~[na:na]
Caused by: java.io.IOException: null
	at com.rabbitmq.client.impl.AMQChannel.wrap(AMQChannel.java:140) ~[amqp-client-5.25.0.jar:5.25.0]
	at com.rabbitmq.client.impl.AMQChannel.wrap(AMQChannel.java:136) ~[amqp-client-5.25.0.jar:5.25.0]
	at com.rabbitmq.client.impl.AMQChannel.exnWrappingRpc(AMQChannel.java:158) ~[amqp-client-5.25.0.jar:5.25.0]
	at com.rabbitmq.client.impl.ChannelN.queueDeclarePassive(ChannelN.java:1033) ~[amqp-client-5.25.0.jar:5.25.0]
	at com.rabbitmq.client.impl.ChannelN.queueDeclarePassive(ChannelN.java:47) ~[amqp-client-5.25.0.jar:5.25.0]
	at java.base/jdk.internal.reflect.DirectMethodHandleAccessor.invoke(DirectMethodHandleAccessor.java:103) ~[na:na]
	at java.base/java.lang.reflect.Method.invoke(Method.java:580) ~[na:na]
	at org.springframework.amqp.rabbit.connection.CachingConnectionFactory$CachedChannelInvocationHandler.invoke(CachingConnectionFactory.java:1201) ~[spring-rabbit-3.2.8.jar:3.2.8]
	at jdk.proxy2/jdk.proxy2.$Proxy215.queueDeclarePassive(Unknown Source) ~[na:na]
	at org.springframework.amqp.rabbit.listener.BlockingQueueConsumer.attemptPassiveDeclarations(BlockingQueueConsumer.java:750) ~[spring-rabbit-3.2.8.jar:3.2.8]
	... 5 common frames omitted
Caused by: com.rabbitmq.client.ShutdownSignalException: channel error; protocol method: #method<channel.close>(reply-code=404, reply-text=NOT_FOUND - no queue 'springCloudBus.anonymous.K4HVOzN0Sr2CwjXw5PXxig' in vhost 'dwtkuyzt', class-id=50, method-id=10)
	at com.rabbitmq.utility.ValueOrException.getValue(ValueOrException.java:66) ~[amqp-client-5.25.0.jar:5.25.0]
	at com.rabbitmq.utility.BlockingValueOrException.uninterruptibleGetValue(BlockingValueOrException.java:36) ~[amqp-client-5.25.0.jar:5.25.0]
	at com.rabbitmq.client.impl.AMQChannel$BlockingRpcContinuation.getReply(AMQChannel.java:552) ~[amqp-client-5.25.0.jar:5.25.0]
	at com.rabbitmq.client.impl.AMQChannel.privateRpc(AMQChannel.java:316) ~[amqp-client-5.25.0.jar:5.25.0]
	at com.rabbitmq.client.impl.AMQChannel.exnWrappingRpc(AMQChannel.java:152) ~[amqp-client-5.25.0.jar:5.25.0]
	... 12 common frames omitted
Caused by: com.rabbitmq.client.ShutdownSignalException: channel error; protocol method: #method<channel.close>(reply-code=404, reply-text=NOT_FOUND - no queue 'springCloudBus.anonymous.K4HVOzN0Sr2CwjXw5PXxig' in vhost 'dwtkuyzt', class-id=50, method-id=10)
	at com.rabbitmq.client.impl.ChannelN.asyncShutdown(ChannelN.java:528) ~[amqp-client-5.25.0.jar:5.25.0]
	at com.rabbitmq.client.impl.ChannelN.processAsync(ChannelN.java:349) ~[amqp-client-5.25.0.jar:5.25.0]
	at com.rabbitmq.client.impl.AMQChannel.handleCompleteInboundCommand(AMQChannel.java:193) ~[amqp-client-5.25.0.jar:5.25.0]
	at com.rabbitmq.client.impl.AMQChannel.handleFrame(AMQChannel.java:125) ~[amqp-client-5.25.0.jar:5.25.0]
	at com.rabbitmq.client.impl.AMQConnection.readFrame(AMQConnection.java:761) ~[amqp-client-5.25.0.jar:5.25.0]
	at com.rabbitmq.client.impl.AMQConnection.access$400(AMQConnection.java:48) ~[amqp-client-5.25.0.jar:5.25.0]
	at com.rabbitmq.client.impl.AMQConnection$MainLoop.run(AMQConnection.java:688) ~[amqp-client-5.25.0.jar:5.25.0]
	... 1 common frames omitted

2025-11-24T22:41:31.003+05:30  INFO 27539 --- [product-service] [AsyncResolver-bootstrap-executor-%d] [                                                 ] c.n.d.s.r.aws.ConfigClusterResolver      : Resolving eureka endpoints via configuration
2025-11-24T22:41:36.296+05:30  WARN 27539 --- [product-service] [springCloudBus.anonymous.K4HVOzN0Sr2CwjXw5PXxig-118] [                                                 ] o.s.a.r.listener.BlockingQueueConsumer   : Failed to declare queue: springCloudBus.anonymous.K4HVOzN0Sr2CwjXw5PXxig
2025-11-24T22:41:36.297+05:30  WARN 27539 --- [product-service] [springCloudBus.anonymous.K4HVOzN0Sr2CwjXw5PXxig-118] [                                                 ] o.s.a.r.listener.BlockingQueueConsumer   : Queue declaration failed; retries left=2

org.springframework.amqp.rabbit.listener.BlockingQueueConsumer$DeclarationException: Failed to declare queue(s):[springCloudBus.anonymous.K4HVOzN0Sr2CwjXw5PXxig]
	at org.springframework.amqp.rabbit.listener.BlockingQueueConsumer.attemptPassiveDeclarations(BlockingQueueConsumer.java:772) ~[spring-rabbit-3.2.8.jar:3.2.8]
	at org.springframework.amqp.rabbit.listener.BlockingQueueConsumer.passiveDeclarations(BlockingQueueConsumer.java:649) ~[spring-rabbit-3.2.8.jar:3.2.8]
	at org.springframework.amqp.rabbit.listener.BlockingQueueConsumer.start(BlockingQueueConsumer.java:636) ~[spring-rabbit-3.2.8.jar:3.2.8]
	at org.springframework.amqp.rabbit.listener.SimpleMessageListenerContainer$AsyncMessageProcessingConsumer.initialize(SimpleMessageListenerContainer.java:1490) ~[spring-rabbit-3.2.8.jar:3.2.8]
	at org.springframework.amqp.rabbit.listener.SimpleMessageListenerContainer$AsyncMessageProcessingConsumer.run(SimpleMessageListenerContainer.java:1328) ~[spring-rabbit-3.2.8.jar:3.2.8]
	at java.base/java.lang.Thread.run(Thread.java:1570) ~[na:na]
Caused by: java.io.IOException: null
	at com.rabbitmq.client.impl.AMQChannel.wrap(AMQChannel.java:140) ~[amqp-client-5.25.0.jar:5.25.0]
	at com.rabbitmq.client.impl.AMQChannel.wrap(AMQChannel.java:136) ~[amqp-client-5.25.0.jar:5.25.0]
	at com.rabbitmq.client.impl.AMQChannel.exnWrappingRpc(AMQChannel.java:158) ~[amqp-client-5.25.0.jar:5.25.0]
	at com.rabbitmq.client.impl.ChannelN.queueDeclarePassive(ChannelN.java:1033) ~[amqp-client-5.25.0.jar:5.25.0]
	at com.rabbitmq.client.impl.ChannelN.queueDeclarePassive(ChannelN.java:47) ~[amqp-client-5.25.0.jar:5.25.0]
	at java.base/jdk.internal.reflect.DirectMethodHandleAccessor.invoke(DirectMethodHandleAccessor.java:103) ~[na:na]
	at java.base/java.lang.reflect.Method.invoke(Method.java:580) ~[na:na]
	at org.springframework.amqp.rabbit.connection.CachingConnectionFactory$CachedChannelInvocationHandler.invoke(CachingConnectionFactory.java:1201) ~[spring-rabbit-3.2.8.jar:3.2.8]
	at jdk.proxy2/jdk.proxy2.$Proxy215.queueDeclarePassive(Unknown Source) ~[na:na]
	at org.springframework.amqp.rabbit.listener.BlockingQueueConsumer.attemptPassiveDeclarations(BlockingQueueConsumer.java:750) ~[spring-rabbit-3.2.8.jar:3.2.8]
	... 5 common frames omitted
Caused by: com.rabbitmq.client.ShutdownSignalException: channel error; protocol method: #method<channel.close>(reply-code=404, reply-text=NOT_FOUND - no queue 'springCloudBus.anonymous.K4HVOzN0Sr2CwjXw5PXxig' in vhost 'dwtkuyzt', class-id=50, method-id=10)
	at com.rabbitmq.utility.ValueOrException.getValue(ValueOrException.java:66) ~[amqp-client-5.25.0.jar:5.25.0]
	at com.rabbitmq.utility.BlockingValueOrException.uninterruptibleGetValue(BlockingValueOrException.java:36) ~[amqp-client-5.25.0.jar:5.25.0]
	at com.rabbitmq.client.impl.AMQChannel$BlockingRpcContinuation.getReply(AMQChannel.java:552) ~[amqp-client-5.25.0.jar:5.25.0]
	at com.rabbitmq.client.impl.AMQChannel.privateRpc(AMQChannel.java:316) ~[amqp-client-5.25.0.jar:5.25.0]
	at com.rabbitmq.client.impl.AMQChannel.exnWrappingRpc(AMQChannel.java:152) ~[amqp-client-5.25.0.jar:5.25.0]
	... 12 common frames omitted
Caused by: com.rabbitmq.client.ShutdownSignalException: channel error; protocol method: #method<channel.close>(reply-code=404, reply-text=NOT_FOUND - no queue 'springCloudBus.anonymous.K4HVOzN0Sr2CwjXw5PXxig' in vhost 'dwtkuyzt', class-id=50, method-id=10)
	at com.rabbitmq.client.impl.ChannelN.asyncShutdown(ChannelN.java:528) ~[amqp-client-5.25.0.jar:5.25.0]
	at com.rabbitmq.client.impl.ChannelN.processAsync(ChannelN.java:349) ~[amqp-client-5.25.0.jar:5.25.0]
	at com.rabbitmq.client.impl.AMQChannel.handleCompleteInboundCommand(AMQChannel.java:193) ~[amqp-client-5.25.0.jar:5.25.0]
	at com.rabbitmq.client.impl.AMQChannel.handleFrame(AMQChannel.java:125) ~[amqp-client-5.25.0.jar:5.25.0]
	at com.rabbitmq.client.impl.AMQConnection.readFrame(AMQConnection.java:761) ~[amqp-client-5.25.0.jar:5.25.0]
	at com.rabbitmq.client.impl.AMQConnection.access$400(AMQConnection.java:48) ~[amqp-client-5.25.0.jar:5.25.0]
	at com.rabbitmq.client.impl.AMQConnection$MainLoop.run(AMQConnection.java:688) ~[amqp-client-5.25.0.jar:5.25.0]
	... 1 common frames omitted

2025-11-24T22:41:41.855+05:30  WARN 27539 --- [product-service] [springCloudBus.anonymous.K4HVOzN0Sr2CwjXw5PXxig-118] [                                                 ] o.s.a.r.listener.BlockingQueueConsumer   : Failed to declare queue: springCloudBus.anonymous.K4HVOzN0Sr2CwjXw5PXxig
2025-11-24T22:41:41.857+05:30  WARN 27539 --- [product-service] [springCloudBus.anonymous.K4HVOzN0Sr2CwjXw5PXxig-118] [                                                 ] o.s.a.r.listener.BlockingQueueConsumer   : Queue declaration failed; retries left=1

org.springframework.amqp.rabbit.listener.BlockingQueueConsumer$DeclarationException: Failed to declare queue(s):[springCloudBus.anonymous.K4HVOzN0Sr2CwjXw5PXxig]
	at org.springframework.amqp.rabbit.listener.BlockingQueueConsumer.attemptPassiveDeclarations(BlockingQueueConsumer.java:772) ~[spring-rabbit-3.2.8.jar:3.2.8]
	at org.springframework.amqp.rabbit.listener.BlockingQueueConsumer.passiveDeclarations(BlockingQueueConsumer.java:649) ~[spring-rabbit-3.2.8.jar:3.2.8]
	at org.springframework.amqp.rabbit.listener.BlockingQueueConsumer.start(BlockingQueueConsumer.java:636) ~[spring-rabbit-3.2.8.jar:3.2.8]
	at org.springframework.amqp.rabbit.listener.SimpleMessageListenerContainer$AsyncMessageProcessingConsumer.initialize(SimpleMessageListenerContainer.java:1490) ~[spring-rabbit-3.2.8.jar:3.2.8]
	at org.springframework.amqp.rabbit.listener.SimpleMessageListenerContainer$AsyncMessageProcessingConsumer.run(SimpleMessageListenerContainer.java:1328) ~[spring-rabbit-3.2.8.jar:3.2.8]
	at java.base/java.lang.Thread.run(Thread.java:1570) ~[na:na]
Caused by: java.io.IOException: null
	at com.rabbitmq.client.impl.AMQChannel.wrap(AMQChannel.java:140) ~[amqp-client-5.25.0.jar:5.25.0]
	at com.rabbitmq.client.impl.AMQChannel.wrap(AMQChannel.java:136) ~[amqp-client-5.25.0.jar:5.25.0]
	at com.rabbitmq.client.impl.AMQChannel.exnWrappingRpc(AMQChannel.java:158) ~[amqp-client-5.25.0.jar:5.25.0]
	at com.rabbitmq.client.impl.ChannelN.queueDeclarePassive(ChannelN.java:1033) ~[amqp-client-5.25.0.jar:5.25.0]
	at com.rabbitmq.client.impl.ChannelN.queueDeclarePassive(ChannelN.java:47) ~[amqp-client-5.25.0.jar:5.25.0]
	at java.base/jdk.internal.reflect.DirectMethodHandleAccessor.invoke(DirectMethodHandleAccessor.java:103) ~[na:na]
	at java.base/java.lang.reflect.Method.invoke(Method.java:580) ~[na:na]
	at org.springframework.amqp.rabbit.connection.CachingConnectionFactory$CachedChannelInvocationHandler.invoke(CachingConnectionFactory.java:1201) ~[spring-rabbit-3.2.8.jar:3.2.8]
	at jdk.proxy2/jdk.proxy2.$Proxy215.queueDeclarePassive(Unknown Source) ~[na:na]
	at org.springframework.amqp.rabbit.listener.BlockingQueueConsumer.attemptPassiveDeclarations(BlockingQueueConsumer.java:750) ~[spring-rabbit-3.2.8.jar:3.2.8]
	... 5 common frames omitted
Caused by: com.rabbitmq.client.ShutdownSignalException: channel error; protocol method: #method<channel.close>(reply-code=404, reply-text=NOT_FOUND - no queue 'springCloudBus.anonymous.K4HVOzN0Sr2CwjXw5PXxig' in vhost 'dwtkuyzt', class-id=50, method-id=10)
	at com.rabbitmq.utility.ValueOrException.getValue(ValueOrException.java:66) ~[amqp-client-5.25.0.jar:5.25.0]
	at com.rabbitmq.utility.BlockingValueOrException.uninterruptibleGetValue(BlockingValueOrException.java:36) ~[amqp-client-5.25.0.jar:5.25.0]
	at com.rabbitmq.client.impl.AMQChannel$BlockingRpcContinuation.getReply(AMQChannel.java:552) ~[amqp-client-5.25.0.jar:5.25.0]
	at com.rabbitmq.client.impl.AMQChannel.privateRpc(AMQChannel.java:316) ~[amqp-client-5.25.0.jar:5.25.0]
	at com.rabbitmq.client.impl.AMQChannel.exnWrappingRpc(AMQChannel.java:152) ~[amqp-client-5.25.0.jar:5.25.0]
	... 12 common frames omitted
Caused by: com.rabbitmq.client.ShutdownSignalException: channel error; protocol method: #method<channel.close>(reply-code=404, reply-text=NOT_FOUND - no queue 'springCloudBus.anonymous.K4HVOzN0Sr2CwjXw5PXxig' in vhost 'dwtkuyzt', class-id=50, method-id=10)
	at com.rabbitmq.client.impl.ChannelN.asyncShutdown(ChannelN.java:528) ~[amqp-client-5.25.0.jar:5.25.0]
	at com.rabbitmq.client.impl.ChannelN.processAsync(ChannelN.java:349) ~[amqp-client-5.25.0.jar:5.25.0]
	at com.rabbitmq.client.impl.AMQChannel.handleCompleteInboundCommand(AMQChannel.java:193) ~[amqp-client-5.25.0.jar:5.25.0]
	at com.rabbitmq.client.impl.AMQChannel.handleFrame(AMQChannel.java:125) ~[amqp-client-5.25.0.jar:5.25.0]
	at com.rabbitmq.client.impl.AMQConnection.readFrame(AMQConnection.java:761) ~[amqp-client-5.25.0.jar:5.25.0]
	at com.rabbitmq.client.impl.AMQConnection.access$400(AMQConnection.java:48) ~[amqp-client-5.25.0.jar:5.25.0]
	at com.rabbitmq.client.impl.AMQConnection$MainLoop.run(AMQConnection.java:688) ~[amqp-client-5.25.0.jar:5.25.0]
	... 1 common frames omitted

2025-11-24T22:41:47.414+05:30  WARN 27539 --- [product-service] [springCloudBus.anonymous.K4HVOzN0Sr2CwjXw5PXxig-118] [                                                 ] o.s.a.r.listener.BlockingQueueConsumer   : Failed to declare queue: springCloudBus.anonymous.K4HVOzN0Sr2CwjXw5PXxig
2025-11-24T22:41:52.494+05:30 ERROR 27539 --- [product-service] [springCloudBus.anonymous.K4HVOzN0Sr2CwjXw5PXxig-118] [                                                 ] o.s.a.r.l.SimpleMessageListenerContainer : Consumer threw missing queues exception, fatal=false

org.springframework.amqp.rabbit.listener.QueuesNotAvailableException: Cannot prepare queue for listener. Either the queue doesn't exist or the broker will not allow us to use it.
	at org.springframework.amqp.rabbit.listener.BlockingQueueConsumer.handleDeclarationException(BlockingQueueConsumer.java:722) ~[spring-rabbit-3.2.8.jar:3.2.8]
	at org.springframework.amqp.rabbit.listener.BlockingQueueConsumer.passiveDeclarations(BlockingQueueConsumer.java:656) ~[spring-rabbit-3.2.8.jar:3.2.8]
	at org.springframework.amqp.rabbit.listener.BlockingQueueConsumer.start(BlockingQueueConsumer.java:636) ~[spring-rabbit-3.2.8.jar:3.2.8]
	at org.springframework.amqp.rabbit.listener.SimpleMessageListenerContainer$AsyncMessageProcessingConsumer.initialize(SimpleMessageListenerContainer.java:1490) ~[spring-rabbit-3.2.8.jar:3.2.8]
	at org.springframework.amqp.rabbit.listener.SimpleMessageListenerContainer$AsyncMessageProcessingConsumer.run(SimpleMessageListenerContainer.java:1328) ~[spring-rabbit-3.2.8.jar:3.2.8]
	at java.base/java.lang.Thread.run(Thread.java:1570) ~[na:na]
Caused by: org.springframework.amqp.rabbit.listener.BlockingQueueConsumer$DeclarationException: Failed to declare queue(s):[springCloudBus.anonymous.K4HVOzN0Sr2CwjXw5PXxig]
	at org.springframework.amqp.rabbit.listener.BlockingQueueConsumer.attemptPassiveDeclarations(BlockingQueueConsumer.java:772) ~[spring-rabbit-3.2.8.jar:3.2.8]
	at org.springframework.amqp.rabbit.listener.BlockingQueueConsumer.passiveDeclarations(BlockingQueueConsumer.java:649) ~[spring-rabbit-3.2.8.jar:3.2.8]
	... 4 common frames omitted
Caused by: java.io.IOException: null
	at com.rabbitmq.client.impl.AMQChannel.wrap(AMQChannel.java:140) ~[amqp-client-5.25.0.jar:5.25.0]
	at com.rabbitmq.client.impl.AMQChannel.wrap(AMQChannel.java:136) ~[amqp-client-5.25.0.jar:5.25.0]
	at com.rabbitmq.client.impl.AMQChannel.exnWrappingRpc(AMQChannel.java:158) ~[amqp-client-5.25.0.jar:5.25.0]
	at com.rabbitmq.client.impl.ChannelN.queueDeclarePassive(ChannelN.java:1033) ~[amqp-client-5.25.0.jar:5.25.0]
	at com.rabbitmq.client.impl.ChannelN.queueDeclarePassive(ChannelN.java:47) ~[amqp-client-5.25.0.jar:5.25.0]
	at java.base/jdk.internal.reflect.DirectMethodHandleAccessor.invoke(DirectMethodHandleAccessor.java:103) ~[na:na]
	at java.base/java.lang.reflect.Method.invoke(Method.java:580) ~[na:na]
	at org.springframework.amqp.rabbit.connection.CachingConnectionFactory$CachedChannelInvocationHandler.invoke(CachingConnectionFactory.java:1201) ~[spring-rabbit-3.2.8.jar:3.2.8]
	at jdk.proxy2/jdk.proxy2.$Proxy215.queueDeclarePassive(Unknown Source) ~[na:na]
	at org.springframework.amqp.rabbit.listener.BlockingQueueConsumer.attemptPassiveDeclarations(BlockingQueueConsumer.java:750) ~[spring-rabbit-3.2.8.jar:3.2.8]
	... 5 common frames omitted
Caused by: com.rabbitmq.client.ShutdownSignalException: channel error; protocol method: #method<channel.close>(reply-code=404, reply-text=NOT_FOUND - no queue 'springCloudBus.anonymous.K4HVOzN0Sr2CwjXw5PXxig' in vhost 'dwtkuyzt', class-id=50, method-id=10)
	at com.rabbitmq.utility.ValueOrException.getValue(ValueOrException.java:66) ~[amqp-client-5.25.0.jar:5.25.0]
	at com.rabbitmq.utility.BlockingValueOrException.uninterruptibleGetValue(BlockingValueOrException.java:36) ~[amqp-client-5.25.0.jar:5.25.0]
	at com.rabbitmq.client.impl.AMQChannel$BlockingRpcContinuation.getReply(AMQChannel.java:552) ~[amqp-client-5.25.0.jar:5.25.0]
	at com.rabbitmq.client.impl.AMQChannel.privateRpc(AMQChannel.java:316) ~[amqp-client-5.25.0.jar:5.25.0]
	at com.rabbitmq.client.impl.AMQChannel.exnWrappingRpc(AMQChannel.java:152) ~[amqp-client-5.25.0.jar:5.25.0]
	... 12 common frames omitted
Caused by: com.rabbitmq.client.ShutdownSignalException: channel error; protocol method: #method<channel.close>(reply-code=404, reply-text=NOT_FOUND - no queue 'springCloudBus.anonymous.K4HVOzN0Sr2CwjXw5PXxig' in vhost 'dwtkuyzt', class-id=50, method-id=10)
	at com.rabbitmq.client.impl.ChannelN.asyncShutdown(ChannelN.java:528) ~[amqp-client-5.25.0.jar:5.25.0]
	at com.rabbitmq.client.impl.ChannelN.processAsync(ChannelN.java:349) ~[amqp-client-5.25.0.jar:5.25.0]
	at com.rabbitmq.client.impl.AMQChannel.handleCompleteInboundCommand(AMQChannel.java:193) ~[amqp-client-5.25.0.jar:5.25.0]
	at com.rabbitmq.client.impl.AMQChannel.handleFrame(AMQChannel.java:125) ~[amqp-client-5.25.0.jar:5.25.0]
	at com.rabbitmq.client.impl.AMQConnection.readFrame(AMQConnection.java:761) ~[amqp-client-5.25.0.jar:5.25.0]
	at com.rabbitmq.client.impl.AMQConnection.access$400(AMQConnection.java:48) ~[amqp-client-5.25.0.jar:5.25.0]
	at com.rabbitmq.client.impl.AMQConnection$MainLoop.run(AMQConnection.java:688) ~[amqp-client-5.25.0.jar:5.25.0]
	... 1 common frames omitted

2025-11-24T22:41:52.502+05:30  INFO 27539 --- [product-service] [springCloudBus.anonymous.K4HVOzN0Sr2CwjXw5PXxig-118] [                                                 ] o.s.a.r.l.SimpleMessageListenerContainer : Restarting Consumer@5c410c31: tags=[[]], channel=Cached Rabbit Channel: AMQChannel(amqp://dwtkuyzt@35.153.225.39:5672/dwtkuyzt,1), conn: Proxy@276b6159 Shared Rabbit Connection: SimpleConnection@3c1ed920 [delegate=amqp://dwtkuyzt@35.153.225.39:5672/dwtkuyzt, localPort=61539], acknowledgeMode=AUTO local queue size=0
2025-11-24T22:41:53.614+05:30  WARN 27539 --- [product-service] [springCloudBus.anonymous.K4HVOzN0Sr2CwjXw5PXxig-119] [                                                 ] o.s.a.r.listener.BlockingQueueConsumer   : Failed to declare queue: springCloudBus.anonymous.K4HVOzN0Sr2CwjXw5PXxig
2025-11-24T22:41:53.614+05:30  WARN 27539 --- [product-service] [springCloudBus.anonymous.K4HVOzN0Sr2CwjXw5PXxig-119] [                                                 ] o.s.a.r.listener.BlockingQueueConsumer   : Queue declaration failed; retries left=3

org.springframework.amqp.rabbit.listener.BlockingQueueConsumer$DeclarationException: Failed to declare queue(s):[springCloudBus.anonymous.K4HVOzN0Sr2CwjXw5PXxig]
	at org.springframework.amqp.rabbit.listener.BlockingQueueConsumer.attemptPassiveDeclarations(BlockingQueueConsumer.java:772) ~[spring-rabbit-3.2.8.jar:3.2.8]
	at org.springframework.amqp.rabbit.listener.BlockingQueueConsumer.passiveDeclarations(BlockingQueueConsumer.java:649) ~[spring-rabbit-3.2.8.jar:3.2.8]
	at org.springframework.amqp.rabbit.listener.BlockingQueueConsumer.start(BlockingQueueConsumer.java:636) ~[spring-rabbit-3.2.8.jar:3.2.8]
	at org.springframework.amqp.rabbit.listener.SimpleMessageListenerContainer$AsyncMessageProcessingConsumer.initialize(SimpleMessageListenerContainer.java:1490) ~[spring-rabbit-3.2.8.jar:3.2.8]
	at org.springframework.amqp.rabbit.listener.SimpleMessageListenerContainer$AsyncMessageProcessingConsumer.run(SimpleMessageListenerContainer.java:1328) ~[spring-rabbit-3.2.8.jar:3.2.8]
	at java.base/java.lang.Thread.run(Thread.java:1570) ~[na:na]
Caused by: java.io.IOException: null
	at com.rabbitmq.client.impl.AMQChannel.wrap(AMQChannel.java:140) ~[amqp-client-5.25.0.jar:5.25.0]
	at com.rabbitmq.client.impl.AMQChannel.wrap(AMQChannel.java:136) ~[amqp-client-5.25.0.jar:5.25.0]
	at com.rabbitmq.client.impl.AMQChannel.exnWrappingRpc(AMQChannel.java:158) ~[amqp-client-5.25.0.jar:5.25.0]
	at com.rabbitmq.client.impl.ChannelN.queueDeclarePassive(ChannelN.java:1033) ~[amqp-client-5.25.0.jar:5.25.0]
	at com.rabbitmq.client.impl.ChannelN.queueDeclarePassive(ChannelN.java:47) ~[amqp-client-5.25.0.jar:5.25.0]
	at java.base/jdk.internal.reflect.DirectMethodHandleAccessor.invoke(DirectMethodHandleAccessor.java:103) ~[na:na]
	at java.base/java.lang.reflect.Method.invoke(Method.java:580) ~[na:na]
	at org.springframework.amqp.rabbit.connection.CachingConnectionFactory$CachedChannelInvocationHandler.invoke(CachingConnectionFactory.java:1201) ~[spring-rabbit-3.2.8.jar:3.2.8]
	at jdk.proxy2/jdk.proxy2.$Proxy215.queueDeclarePassive(Unknown Source) ~[na:na]
	at org.springframework.amqp.rabbit.listener.BlockingQueueConsumer.attemptPassiveDeclarations(BlockingQueueConsumer.java:750) ~[spring-rabbit-3.2.8.jar:3.2.8]
	... 5 common frames omitted
Caused by: com.rabbitmq.client.ShutdownSignalException: channel error; protocol method: #method<channel.close>(reply-code=404, reply-text=NOT_FOUND - no queue 'springCloudBus.anonymous.K4HVOzN0Sr2CwjXw5PXxig' in vhost 'dwtkuyzt', class-id=50, method-id=10)
	at com.rabbitmq.utility.ValueOrException.getValue(ValueOrException.java:66) ~[amqp-client-5.25.0.jar:5.25.0]
	at com.rabbitmq.utility.BlockingValueOrException.uninterruptibleGetValue(BlockingValueOrException.java:36) ~[amqp-client-5.25.0.jar:5.25.0]
	at com.rabbitmq.client.impl.AMQChannel$BlockingRpcContinuation.getReply(AMQChannel.java:552) ~[amqp-client-5.25.0.jar:5.25.0]
	at com.rabbitmq.client.impl.AMQChannel.privateRpc(AMQChannel.java:316) ~[amqp-client-5.25.0.jar:5.25.0]
	at com.rabbitmq.client.impl.AMQChannel.exnWrappingRpc(AMQChannel.java:152) ~[amqp-client-5.25.0.jar:5.25.0]
	... 12 common frames omitted
Caused by: com.rabbitmq.client.ShutdownSignalException: channel error; protocol method: #method<channel.close>(reply-code=404, reply-text=NOT_FOUND - no queue 'springCloudBus.anonymous.K4HVOzN0Sr2CwjXw5PXxig' in vhost 'dwtkuyzt', class-id=50, method-id=10)
	at com.rabbitmq.client.impl.ChannelN.asyncShutdown(ChannelN.java:528) ~[amqp-client-5.25.0.jar:5.25.0]
	at com.rabbitmq.client.impl.ChannelN.processAsync(ChannelN.java:349) ~[amqp-client-5.25.0.jar:5.25.0]
	at com.rabbitmq.client.impl.AMQChannel.handleCompleteInboundCommand(AMQChannel.java:193) ~[amqp-client-5.25.0.jar:5.25.0]
	at com.rabbitmq.client.impl.AMQChannel.handleFrame(AMQChannel.java:125) ~[amqp-client-5.25.0.jar:5.25.0]
	at com.rabbitmq.client.impl.AMQConnection.readFrame(AMQConnection.java:761) ~[amqp-client-5.25.0.jar:5.25.0]
	at com.rabbitmq.client.impl.AMQConnection.access$400(AMQConnection.java:48) ~[amqp-client-5.25.0.jar:5.25.0]
	at com.rabbitmq.client.impl.AMQConnection$MainLoop.run(AMQConnection.java:688) ~[amqp-client-5.25.0.jar:5.25.0]
	... 1 common frames omitted

2025-11-24T22:41:59.173+05:30  WARN 27539 --- [product-service] [springCloudBus.anonymous.K4HVOzN0Sr2CwjXw5PXxig-119] [                                                 ] o.s.a.r.listener.BlockingQueueConsumer   : Failed to declare queue: springCloudBus.anonymous.K4HVOzN0Sr2CwjXw5PXxig
2025-11-24T22:41:59.174+05:30  WARN 27539 --- [product-service] [springCloudBus.anonymous.K4HVOzN0Sr2CwjXw5PXxig-119] [                                                 ] o.s.a.r.listener.BlockingQueueConsumer   : Queue declaration failed; retries left=2

org.springframework.amqp.rabbit.listener.BlockingQueueConsumer$DeclarationException: Failed to declare queue(s):[springCloudBus.anonymous.K4HVOzN0Sr2CwjXw5PXxig]
	at org.springframework.amqp.rabbit.listener.BlockingQueueConsumer.attemptPassiveDeclarations(BlockingQueueConsumer.java:772) ~[spring-rabbit-3.2.8.jar:3.2.8]
	at org.springframework.amqp.rabbit.listener.BlockingQueueConsumer.passiveDeclarations(BlockingQueueConsumer.java:649) ~[spring-rabbit-3.2.8.jar:3.2.8]
	at org.springframework.amqp.rabbit.listener.BlockingQueueConsumer.start(BlockingQueueConsumer.java:636) ~[spring-rabbit-3.2.8.jar:3.2.8]
	at org.springframework.amqp.rabbit.listener.SimpleMessageListenerContainer$AsyncMessageProcessingConsumer.initialize(SimpleMessageListenerContainer.java:1490) ~[spring-rabbit-3.2.8.jar:3.2.8]
	at org.springframework.amqp.rabbit.listener.SimpleMessageListenerContainer$AsyncMessageProcessingConsumer.run(SimpleMessageListenerContainer.java:1328) ~[spring-rabbit-3.2.8.jar:3.2.8]
	at java.base/java.lang.Thread.run(Thread.java:1570) ~[na:na]
Caused by: java.io.IOException: null
	at com.rabbitmq.client.impl.AMQChannel.wrap(AMQChannel.java:140) ~[amqp-client-5.25.0.jar:5.25.0]
	at com.rabbitmq.client.impl.AMQChannel.wrap(AMQChannel.java:136) ~[amqp-client-5.25.0.jar:5.25.0]
	at com.rabbitmq.client.impl.AMQChannel.exnWrappingRpc(AMQChannel.java:158) ~[amqp-client-5.25.0.jar:5.25.0]
	at com.rabbitmq.client.impl.ChannelN.queueDeclarePassive(ChannelN.java:1033) ~[amqp-client-5.25.0.jar:5.25.0]
	at com.rabbitmq.client.impl.ChannelN.queueDeclarePassive(ChannelN.java:47) ~[amqp-client-5.25.0.jar:5.25.0]
	at java.base/jdk.internal.reflect.DirectMethodHandleAccessor.invoke(DirectMethodHandleAccessor.java:103) ~[na:na]
	at java.base/java.lang.reflect.Method.invoke(Method.java:580) ~[na:na]
	at org.springframework.amqp.rabbit.connection.CachingConnectionFactory$CachedChannelInvocationHandler.invoke(CachingConnectionFactory.java:1201) ~[spring-rabbit-3.2.8.jar:3.2.8]
	at jdk.proxy2/jdk.proxy2.$Proxy215.queueDeclarePassive(Unknown Source) ~[na:na]
	at org.springframework.amqp.rabbit.listener.BlockingQueueConsumer.attemptPassiveDeclarations(BlockingQueueConsumer.java:750) ~[spring-rabbit-3.2.8.jar:3.2.8]
	... 5 common frames omitted
Caused by: com.rabbitmq.client.ShutdownSignalException: channel error; protocol method: #method<channel.close>(reply-code=404, reply-text=NOT_FOUND - no queue 'springCloudBus.anonymous.K4HVOzN0Sr2CwjXw5PXxig' in vhost 'dwtkuyzt', class-id=50, method-id=10)
	at com.rabbitmq.utility.ValueOrException.getValue(ValueOrException.java:66) ~[amqp-client-5.25.0.jar:5.25.0]
	at com.rabbitmq.utility.BlockingValueOrException.uninterruptibleGetValue(BlockingValueOrException.java:36) ~[amqp-client-5.25.0.jar:5.25.0]
	at com.rabbitmq.client.impl.AMQChannel$BlockingRpcContinuation.getReply(AMQChannel.java:552) ~[amqp-client-5.25.0.jar:5.25.0]
	at com.rabbitmq.client.impl.AMQChannel.privateRpc(AMQChannel.java:316) ~[amqp-client-5.25.0.jar:5.25.0]
	at com.rabbitmq.client.impl.AMQChannel.exnWrappingRpc(AMQChannel.java:152) ~[amqp-client-5.25.0.jar:5.25.0]
	... 12 common frames omitted
Caused by: com.rabbitmq.client.ShutdownSignalException: channel error; protocol method: #method<channel.close>(reply-code=404, reply-text=NOT_FOUND - no queue 'springCloudBus.anonymous.K4HVOzN0Sr2CwjXw5PXxig' in vhost 'dwtkuyzt', class-id=50, method-id=10)
	at com.rabbitmq.client.impl.ChannelN.asyncShutdown(ChannelN.java:528) ~[amqp-client-5.25.0.jar:5.25.0]
	at com.rabbitmq.client.impl.ChannelN.processAsync(ChannelN.java:349) ~[amqp-client-5.25.0.jar:5.25.0]
	at com.rabbitmq.client.impl.AMQChannel.handleCompleteInboundCommand(AMQChannel.java:193) ~[amqp-client-5.25.0.jar:5.25.0]
	at com.rabbitmq.client.impl.AMQChannel.handleFrame(AMQChannel.java:125) ~[amqp-client-5.25.0.jar:5.25.0]
	at com.rabbitmq.client.impl.AMQConnection.readFrame(AMQConnection.java:761) ~[amqp-client-5.25.0.jar:5.25.0]
	at com.rabbitmq.client.impl.AMQConnection.access$400(AMQConnection.java:48) ~[amqp-client-5.25.0.jar:5.25.0]
	at com.rabbitmq.client.impl.AMQConnection$MainLoop.run(AMQConnection.java:688) ~[amqp-client-5.25.0.jar:5.25.0]
	... 1 common frames omitted

2025-11-24T22:42:04.735+05:30  WARN 27539 --- [product-service] [springCloudBus.anonymous.K4HVOzN0Sr2CwjXw5PXxig-119] [                                                 ] o.s.a.r.listener.BlockingQueueConsumer   : Failed to declare queue: springCloudBus.anonymous.K4HVOzN0Sr2CwjXw5PXxig
2025-11-24T22:42:04.735+05:30  WARN 27539 --- [product-service] [springCloudBus.anonymous.K4HVOzN0Sr2CwjXw5PXxig-119] [                                                 ] o.s.a.r.listener.BlockingQueueConsumer   : Queue declaration failed; retries left=1

org.springframework.amqp.rabbit.listener.BlockingQueueConsumer$DeclarationException: Failed to declare queue(s):[springCloudBus.anonymous.K4HVOzN0Sr2CwjXw5PXxig]
	at org.springframework.amqp.rabbit.listener.BlockingQueueConsumer.attemptPassiveDeclarations(BlockingQueueConsumer.java:772) ~[spring-rabbit-3.2.8.jar:3.2.8]
	at org.springframework.amqp.rabbit.listener.BlockingQueueConsumer.passiveDeclarations(BlockingQueueConsumer.java:649) ~[spring-rabbit-3.2.8.jar:3.2.8]
	at org.springframework.amqp.rabbit.listener.BlockingQueueConsumer.start(BlockingQueueConsumer.java:636) ~[spring-rabbit-3.2.8.jar:3.2.8]
	at org.springframework.amqp.rabbit.listener.SimpleMessageListenerContainer$AsyncMessageProcessingConsumer.initialize(SimpleMessageListenerContainer.java:1490) ~[spring-rabbit-3.2.8.jar:3.2.8]
	at org.springframework.amqp.rabbit.listener.SimpleMessageListenerContainer$AsyncMessageProcessingConsumer.run(SimpleMessageListenerContainer.java:1328) ~[spring-rabbit-3.2.8.jar:3.2.8]
	at java.base/java.lang.Thread.run(Thread.java:1570) ~[na:na]
Caused by: java.io.IOException: null
	at com.rabbitmq.client.impl.AMQChannel.wrap(AMQChannel.java:140) ~[amqp-client-5.25.0.jar:5.25.0]
	at com.rabbitmq.client.impl.AMQChannel.wrap(AMQChannel.java:136) ~[amqp-client-5.25.0.jar:5.25.0]
	at com.rabbitmq.client.impl.AMQChannel.exnWrappingRpc(AMQChannel.java:158) ~[amqp-client-5.25.0.jar:5.25.0]
	at com.rabbitmq.client.impl.ChannelN.queueDeclarePassive(ChannelN.java:1033) ~[amqp-client-5.25.0.jar:5.25.0]
	at com.rabbitmq.client.impl.ChannelN.queueDeclarePassive(ChannelN.java:47) ~[amqp-client-5.25.0.jar:5.25.0]
	at java.base/jdk.internal.reflect.DirectMethodHandleAccessor.invoke(DirectMethodHandleAccessor.java:103) ~[na:na]
	at java.base/java.lang.reflect.Method.invoke(Method.java:580) ~[na:na]
	at org.springframework.amqp.rabbit.connection.CachingConnectionFactory$CachedChannelInvocationHandler.invoke(CachingConnectionFactory.java:1201) ~[spring-rabbit-3.2.8.jar:3.2.8]
	at jdk.proxy2/jdk.proxy2.$Proxy215.queueDeclarePassive(Unknown Source) ~[na:na]
	at org.springframework.amqp.rabbit.listener.BlockingQueueConsumer.attemptPassiveDeclarations(BlockingQueueConsumer.java:750) ~[spring-rabbit-3.2.8.jar:3.2.8]
	... 5 common frames omitted
Caused by: com.rabbitmq.client.ShutdownSignalException: channel error; protocol method: #method<channel.close>(reply-code=404, reply-text=NOT_FOUND - no queue 'springCloudBus.anonymous.K4HVOzN0Sr2CwjXw5PXxig' in vhost 'dwtkuyzt', class-id=50, method-id=10)
	at com.rabbitmq.utility.ValueOrException.getValue(ValueOrException.java:66) ~[amqp-client-5.25.0.jar:5.25.0]
	at com.rabbitmq.utility.BlockingValueOrException.uninterruptibleGetValue(BlockingValueOrException.java:36) ~[amqp-client-5.25.0.jar:5.25.0]
	at com.rabbitmq.client.impl.AMQChannel$BlockingRpcContinuation.getReply(AMQChannel.java:552) ~[amqp-client-5.25.0.jar:5.25.0]
	at com.rabbitmq.client.impl.AMQChannel.privateRpc(AMQChannel.java:316) ~[amqp-client-5.25.0.jar:5.25.0]
	at com.rabbitmq.client.impl.AMQChannel.exnWrappingRpc(AMQChannel.java:152) ~[amqp-client-5.25.0.jar:5.25.0]
	... 12 common frames omitted
Caused by: com.rabbitmq.client.ShutdownSignalException: channel error; protocol method: #method<channel.close>(reply-code=404, reply-text=NOT_FOUND - no queue 'springCloudBus.anonymous.K4HVOzN0Sr2CwjXw5PXxig' in vhost 'dwtkuyzt', class-id=50, method-id=10)
	at com.rabbitmq.client.impl.ChannelN.asyncShutdown(ChannelN.java:528) ~[amqp-client-5.25.0.jar:5.25.0]
	at com.rabbitmq.client.impl.ChannelN.processAsync(ChannelN.java:349) ~[amqp-client-5.25.0.jar:5.25.0]
	at com.rabbitmq.client.impl.AMQChannel.handleCompleteInboundCommand(AMQChannel.java:193) ~[amqp-client-5.25.0.jar:5.25.0]
	at com.rabbitmq.client.impl.AMQChannel.handleFrame(AMQChannel.java:125) ~[amqp-client-5.25.0.jar:5.25.0]
	at com.rabbitmq.client.impl.AMQConnection.readFrame(AMQConnection.java:761) ~[amqp-client-5.25.0.jar:5.25.0]
	at com.rabbitmq.client.impl.AMQConnection.access$400(AMQConnection.java:48) ~[amqp-client-5.25.0.jar:5.25.0]
	at com.rabbitmq.client.impl.AMQConnection$MainLoop.run(AMQConnection.java:688) ~[amqp-client-5.25.0.jar:5.25.0]
	... 1 common frames omitted

2025-11-24T22:42:10.290+05:30  WARN 27539 --- [product-service] [springCloudBus.anonymous.K4HVOzN0Sr2CwjXw5PXxig-119] [                                                 ] o.s.a.r.listener.BlockingQueueConsumer   : Failed to declare queue: springCloudBus.anonymous.K4HVOzN0Sr2CwjXw5PXxig
2025-11-24T22:42:15.369+05:30 ERROR 27539 --- [product-service] [springCloudBus.anonymous.K4HVOzN0Sr2CwjXw5PXxig-119] [                                                 ] o.s.a.r.l.SimpleMessageListenerContainer : Consumer threw missing queues exception, fatal=false

org.springframework.amqp.rabbit.listener.QueuesNotAvailableException: Cannot prepare queue for listener. Either the queue doesn't exist or the broker will not allow us to use it.
	at org.springframework.amqp.rabbit.listener.BlockingQueueConsumer.handleDeclarationException(BlockingQueueConsumer.java:722) ~[spring-rabbit-3.2.8.jar:3.2.8]
	at org.springframework.amqp.rabbit.listener.BlockingQueueConsumer.passiveDeclarations(BlockingQueueConsumer.java:656) ~[spring-rabbit-3.2.8.jar:3.2.8]
	at org.springframework.amqp.rabbit.listener.BlockingQueueConsumer.start(BlockingQueueConsumer.java:636) ~[spring-rabbit-3.2.8.jar:3.2.8]
	at org.springframework.amqp.rabbit.listener.SimpleMessageListenerContainer$AsyncMessageProcessingConsumer.initialize(SimpleMessageListenerContainer.java:1490) ~[spring-rabbit-3.2.8.jar:3.2.8]
	at org.springframework.amqp.rabbit.listener.SimpleMessageListenerContainer$AsyncMessageProcessingConsumer.run(SimpleMessageListenerContainer.java:1328) ~[spring-rabbit-3.2.8.jar:3.2.8]
	at java.base/java.lang.Thread.run(Thread.java:1570) ~[na:na]
Caused by: org.springframework.amqp.rabbit.listener.BlockingQueueConsumer$DeclarationException: Failed to declare queue(s):[springCloudBus.anonymous.K4HVOzN0Sr2CwjXw5PXxig]
	at org.springframework.amqp.rabbit.listener.BlockingQueueConsumer.attemptPassiveDeclarations(BlockingQueueConsumer.java:772) ~[spring-rabbit-3.2.8.jar:3.2.8]
	at org.springframework.amqp.rabbit.listener.BlockingQueueConsumer.passiveDeclarations(BlockingQueueConsumer.java:649) ~[spring-rabbit-3.2.8.jar:3.2.8]
	... 4 common frames omitted
Caused by: java.io.IOException: null
	at com.rabbitmq.client.impl.AMQChannel.wrap(AMQChannel.java:140) ~[amqp-client-5.25.0.jar:5.25.0]
	at com.rabbitmq.client.impl.AMQChannel.wrap(AMQChannel.java:136) ~[amqp-client-5.25.0.jar:5.25.0]
	at com.rabbitmq.client.impl.AMQChannel.exnWrappingRpc(AMQChannel.java:158) ~[amqp-client-5.25.0.jar:5.25.0]
	at com.rabbitmq.client.impl.ChannelN.queueDeclarePassive(ChannelN.java:1033) ~[amqp-client-5.25.0.jar:5.25.0]
	at com.rabbitmq.client.impl.ChannelN.queueDeclarePassive(ChannelN.java:47) ~[amqp-client-5.25.0.jar:5.25.0]
	at java.base/jdk.internal.reflect.DirectMethodHandleAccessor.invoke(DirectMethodHandleAccessor.java:103) ~[na:na]
	at java.base/java.lang.reflect.Method.invoke(Method.java:580) ~[na:na]
	at org.springframework.amqp.rabbit.connection.CachingConnectionFactory$CachedChannelInvocationHandler.invoke(CachingConnectionFactory.java:1201) ~[spring-rabbit-3.2.8.jar:3.2.8]
	at jdk.proxy2/jdk.proxy2.$Proxy215.queueDeclarePassive(Unknown Source) ~[na:na]
	at org.springframework.amqp.rabbit.listener.BlockingQueueConsumer.attemptPassiveDeclarations(BlockingQueueConsumer.java:750) ~[spring-rabbit-3.2.8.jar:3.2.8]
	... 5 common frames omitted
Caused by: com.rabbitmq.client.ShutdownSignalException: channel error; protocol method: #method<channel.close>(reply-code=404, reply-text=NOT_FOUND - no queue 'springCloudBus.anonymous.K4HVOzN0Sr2CwjXw5PXxig' in vhost 'dwtkuyzt', class-id=50, method-id=10)
	at com.rabbitmq.utility.ValueOrException.getValue(ValueOrException.java:66) ~[amqp-client-5.25.0.jar:5.25.0]
	at com.rabbitmq.utility.BlockingValueOrException.uninterruptibleGetValue(BlockingValueOrException.java:36) ~[amqp-client-5.25.0.jar:5.25.0]
	at com.rabbitmq.client.impl.AMQChannel$BlockingRpcContinuation.getReply(AMQChannel.java:552) ~[amqp-client-5.25.0.jar:5.25.0]
	at com.rabbitmq.client.impl.AMQChannel.privateRpc(AMQChannel.java:316) ~[amqp-client-5.25.0.jar:5.25.0]
	at com.rabbitmq.client.impl.AMQChannel.exnWrappingRpc(AMQChannel.java:152) ~[amqp-client-5.25.0.jar:5.25.0]
	... 12 common frames omitted
Caused by: com.rabbitmq.client.ShutdownSignalException: channel error; protocol method: #method<channel.close>(reply-code=404, reply-text=NOT_FOUND - no queue 'springCloudBus.anonymous.K4HVOzN0Sr2CwjXw5PXxig' in vhost 'dwtkuyzt', class-id=50, method-id=10)
	at com.rabbitmq.client.impl.ChannelN.asyncShutdown(ChannelN.java:528) ~[amqp-client-5.25.0.jar:5.25.0]
	at com.rabbitmq.client.impl.ChannelN.processAsync(ChannelN.java:349) ~[amqp-client-5.25.0.jar:5.25.0]
	at com.rabbitmq.client.impl.AMQChannel.handleCompleteInboundCommand(AMQChannel.java:193) ~[amqp-client-5.25.0.jar:5.25.0]
	at com.rabbitmq.client.impl.AMQChannel.handleFrame(AMQChannel.java:125) ~[amqp-client-5.25.0.jar:5.25.0]
	at com.rabbitmq.client.impl.AMQConnection.readFrame(AMQConnection.java:761) ~[amqp-client-5.25.0.jar:5.25.0]
	at com.rabbitmq.client.impl.AMQConnection.access$400(AMQConnection.java:48) ~[amqp-client-5.25.0.jar:5.25.0]
	at com.rabbitmq.client.impl.AMQConnection$MainLoop.run(AMQConnection.java:688) ~[amqp-client-5.25.0.jar:5.25.0]
	... 1 common frames omitted

2025-11-24T22:42:15.375+05:30  INFO 27539 --- [product-service] [springCloudBus.anonymous.K4HVOzN0Sr2CwjXw5PXxig-119] [                                                 ] o.s.a.r.l.SimpleMessageListenerContainer : Restarting Consumer@15fa3c97: tags=[[]], channel=Cached Rabbit Channel: AMQChannel(amqp://dwtkuyzt@35.153.225.39:5672/dwtkuyzt,1), conn: Proxy@276b6159 Shared Rabbit Connection: SimpleConnection@3c1ed920 [delegate=amqp://dwtkuyzt@35.153.225.39:5672/dwtkuyzt, localPort=61539], acknowledgeMode=AUTO local queue size=0
2025-11-24T22:42:16.492+05:30  WARN 27539 --- [product-service] [springCloudBus.anonymous.K4HVOzN0Sr2CwjXw5PXxig-120] [                                                 ] o.s.a.r.listener.BlockingQueueConsumer   : Failed to declare queue: springCloudBus.anonymous.K4HVOzN0Sr2CwjXw5PXxig
2025-11-24T22:42:16.492+05:30  WARN 27539 --- [product-service] [springCloudBus.anonymous.K4HVOzN0Sr2CwjXw5PXxig-120] [                                                 ] o.s.a.r.listener.BlockingQueueConsumer   : Queue declaration failed; retries left=3

org.springframework.amqp.rabbit.listener.BlockingQueueConsumer$DeclarationException: Failed to declare queue(s):[springCloudBus.anonymous.K4HVOzN0Sr2CwjXw5PXxig]
	at org.springframework.amqp.rabbit.listener.BlockingQueueConsumer.attemptPassiveDeclarations(BlockingQueueConsumer.java:772) ~[spring-rabbit-3.2.8.jar:3.2.8]
	at org.springframework.amqp.rabbit.listener.BlockingQueueConsumer.passiveDeclarations(BlockingQueueConsumer.java:649) ~[spring-rabbit-3.2.8.jar:3.2.8]
	at org.springframework.amqp.rabbit.listener.BlockingQueueConsumer.start(BlockingQueueConsumer.java:636) ~[spring-rabbit-3.2.8.jar:3.2.8]
	at org.springframework.amqp.rabbit.listener.SimpleMessageListenerContainer$AsyncMessageProcessingConsumer.initialize(SimpleMessageListenerContainer.java:1490) ~[spring-rabbit-3.2.8.jar:3.2.8]
	at org.springframework.amqp.rabbit.listener.SimpleMessageListenerContainer$AsyncMessageProcessingConsumer.run(SimpleMessageListenerContainer.java:1328) ~[spring-rabbit-3.2.8.jar:3.2.8]
	at java.base/java.lang.Thread.run(Thread.java:1570) ~[na:na]
Caused by: java.io.IOException: null
	at com.rabbitmq.client.impl.AMQChannel.wrap(AMQChannel.java:140) ~[amqp-client-5.25.0.jar:5.25.0]
	at com.rabbitmq.client.impl.AMQChannel.wrap(AMQChannel.java:136) ~[amqp-client-5.25.0.jar:5.25.0]
	at com.rabbitmq.client.impl.AMQChannel.exnWrappingRpc(AMQChannel.java:158) ~[amqp-client-5.25.0.jar:5.25.0]
	at com.rabbitmq.client.impl.ChannelN.queueDeclarePassive(ChannelN.java:1033) ~[amqp-client-5.25.0.jar:5.25.0]
	at com.rabbitmq.client.impl.ChannelN.queueDeclarePassive(ChannelN.java:47) ~[amqp-client-5.25.0.jar:5.25.0]
	at java.base/jdk.internal.reflect.DirectMethodHandleAccessor.invoke(DirectMethodHandleAccessor.java:103) ~[na:na]
	at java.base/java.lang.reflect.Method.invoke(Method.java:580) ~[na:na]
	at org.springframework.amqp.rabbit.connection.CachingConnectionFactory$CachedChannelInvocationHandler.invoke(CachingConnectionFactory.java:1201) ~[spring-rabbit-3.2.8.jar:3.2.8]
	at jdk.proxy2/jdk.proxy2.$Proxy215.queueDeclarePassive(Unknown Source) ~[na:na]
	at org.springframework.amqp.rabbit.listener.BlockingQueueConsumer.attemptPassiveDeclarations(BlockingQueueConsumer.java:750) ~[spring-rabbit-3.2.8.jar:3.2.8]
	... 5 common frames omitted
Caused by: com.rabbitmq.client.ShutdownSignalException: channel error; protocol method: #method<channel.close>(reply-code=404, reply-text=NOT_FOUND - no queue 'springCloudBus.anonymous.K4HVOzN0Sr2CwjXw5PXxig' in vhost 'dwtkuyzt', class-id=50, method-id=10)
	at com.rabbitmq.utility.ValueOrException.getValue(ValueOrException.java:66) ~[amqp-client-5.25.0.jar:5.25.0]
	at com.rabbitmq.utility.BlockingValueOrException.uninterruptibleGetValue(BlockingValueOrException.java:36) ~[amqp-client-5.25.0.jar:5.25.0]
	at com.rabbitmq.client.impl.AMQChannel$BlockingRpcContinuation.getReply(AMQChannel.java:552) ~[amqp-client-5.25.0.jar:5.25.0]
	at com.rabbitmq.client.impl.AMQChannel.privateRpc(AMQChannel.java:316) ~[amqp-client-5.25.0.jar:5.25.0]
	at com.rabbitmq.client.impl.AMQChannel.exnWrappingRpc(AMQChannel.java:152) ~[amqp-client-5.25.0.jar:5.25.0]
	... 12 common frames omitted
Caused by: com.rabbitmq.client.ShutdownSignalException: channel error; protocol method: #method<channel.close>(reply-code=404, reply-text=NOT_FOUND - no queue 'springCloudBus.anonymous.K4HVOzN0Sr2CwjXw5PXxig' in vhost 'dwtkuyzt', class-id=50, method-id=10)
	at com.rabbitmq.client.impl.ChannelN.asyncShutdown(ChannelN.java:528) ~[amqp-client-5.25.0.jar:5.25.0]
	at com.rabbitmq.client.impl.ChannelN.processAsync(ChannelN.java:349) ~[amqp-client-5.25.0.jar:5.25.0]
	at com.rabbitmq.client.impl.AMQChannel.handleCompleteInboundCommand(AMQChannel.java:193) ~[amqp-client-5.25.0.jar:5.25.0]
	at com.rabbitmq.client.impl.AMQChannel.handleFrame(AMQChannel.java:125) ~[amqp-client-5.25.0.jar:5.25.0]
	at com.rabbitmq.client.impl.AMQConnection.readFrame(AMQConnection.java:761) ~[amqp-client-5.25.0.jar:5.25.0]
	at com.rabbitmq.client.impl.AMQConnection.access$400(AMQConnection.java:48) ~[amqp-client-5.25.0.jar:5.25.0]
	at com.rabbitmq.client.impl.AMQConnection$MainLoop.run(AMQConnection.java:688) ~[amqp-client-5.25.0.jar:5.25.0]
	... 1 common frames omitted

2025-11-24T22:42:21.732+05:30  WARN 27539 --- [product-service] [AMQP Connection 35.153.225.39:5672] [                                                 ] c.r.c.impl.ForgivingExceptionHandler     : An unexpected connection driver error occurred (Exception message: Connection reset)
2025-11-24T22:42:21.738+05:30  INFO 27539 --- [product-service] [springCloudBus.anonymous.K4HVOzN0Sr2CwjXw5PXxig-120] [                                                 ] o.s.a.r.c.CachingConnectionFactory       : Attempting to connect to: [chimpanzee-01.rmq.cloudamqp.com:5672]
2025-11-24T22:42:22.699+05:30  INFO 27539 --- [product-service] [springCloudBus.anonymous.K4HVOzN0Sr2CwjXw5PXxig-120] [                                                 ] o.s.a.r.c.CachingConnectionFactory       : Created new connection: rabbitConnectionFactory#7afa0f7:4/SimpleConnection@1a764a4 [delegate=amqp://dwtkuyzt@35.153.225.39:5672/dwtkuyzt, localPort=63382]
2025-11-24T22:42:22.719+05:30  INFO 27539 --- [product-service] [springCloudBus.anonymous.K4HVOzN0Sr2CwjXw5PXxig-120] [                                                 ] o.s.amqp.rabbit.core.RabbitAdmin         : Auto-declaring a non-durable, auto-delete, or exclusive Queue (springCloudBus.anonymous.K4HVOzN0Sr2CwjXw5PXxig) durable:false, auto-delete:true, exclusive:true. It will be redeclared if the broker stops and is restarted while the connection factory is alive, but all messages will be lost.
2025-11-24T22:42:23.902+05:30  WARN 27539 --- [product-service] [springCloudBus.anonymous.K4HVOzN0Sr2CwjXw5PXxig-120] [                                                 ] o.s.a.r.listener.BlockingQueueConsumer   : Failed to declare queue: springCloudBus.anonymous.K4HVOzN0Sr2CwjXw5PXxig
2025-11-24T22:42:23.902+05:30  WARN 27539 --- [product-service] [springCloudBus.anonymous.K4HVOzN0Sr2CwjXw5PXxig-120] [                                                 ] o.s.a.r.listener.BlockingQueueConsumer   : Queue declaration failed; retries left=2

org.springframework.amqp.rabbit.listener.BlockingQueueConsumer$DeclarationException: Failed to declare queue(s):[springCloudBus.anonymous.K4HVOzN0Sr2CwjXw5PXxig]
	at org.springframework.amqp.rabbit.listener.BlockingQueueConsumer.attemptPassiveDeclarations(BlockingQueueConsumer.java:772) ~[spring-rabbit-3.2.8.jar:3.2.8]
	at org.springframework.amqp.rabbit.listener.BlockingQueueConsumer.passiveDeclarations(BlockingQueueConsumer.java:649) ~[spring-rabbit-3.2.8.jar:3.2.8]
	at org.springframework.amqp.rabbit.listener.BlockingQueueConsumer.start(BlockingQueueConsumer.java:636) ~[spring-rabbit-3.2.8.jar:3.2.8]
	at org.springframework.amqp.rabbit.listener.SimpleMessageListenerContainer$AsyncMessageProcessingConsumer.initialize(SimpleMessageListenerContainer.java:1490) ~[spring-rabbit-3.2.8.jar:3.2.8]
	at org.springframework.amqp.rabbit.listener.SimpleMessageListenerContainer$AsyncMessageProcessingConsumer.run(SimpleMessageListenerContainer.java:1328) ~[spring-rabbit-3.2.8.jar:3.2.8]
	at java.base/java.lang.Thread.run(Thread.java:1570) ~[na:na]
Caused by: java.io.IOException: null
	at com.rabbitmq.client.impl.AMQChannel.wrap(AMQChannel.java:140) ~[amqp-client-5.25.0.jar:5.25.0]
	at com.rabbitmq.client.impl.AMQChannel.wrap(AMQChannel.java:136) ~[amqp-client-5.25.0.jar:5.25.0]
	at com.rabbitmq.client.impl.AMQChannel.exnWrappingRpc(AMQChannel.java:158) ~[amqp-client-5.25.0.jar:5.25.0]
	at com.rabbitmq.client.impl.ChannelN.queueDeclarePassive(ChannelN.java:1033) ~[amqp-client-5.25.0.jar:5.25.0]
	at com.rabbitmq.client.impl.ChannelN.queueDeclarePassive(ChannelN.java:47) ~[amqp-client-5.25.0.jar:5.25.0]
	at java.base/jdk.internal.reflect.DirectMethodHandleAccessor.invoke(DirectMethodHandleAccessor.java:103) ~[na:na]
	at java.base/java.lang.reflect.Method.invoke(Method.java:580) ~[na:na]
	at org.springframework.amqp.rabbit.connection.CachingConnectionFactory$CachedChannelInvocationHandler.invoke(CachingConnectionFactory.java:1201) ~[spring-rabbit-3.2.8.jar:3.2.8]
	at jdk.proxy2/jdk.proxy2.$Proxy215.queueDeclarePassive(Unknown Source) ~[na:na]
	at org.springframework.amqp.rabbit.listener.BlockingQueueConsumer.attemptPassiveDeclarations(BlockingQueueConsumer.java:750) ~[spring-rabbit-3.2.8.jar:3.2.8]
	... 5 common frames omitted
Caused by: com.rabbitmq.client.ShutdownSignalException: connection error
	at com.rabbitmq.utility.ValueOrException.getValue(ValueOrException.java:66) ~[amqp-client-5.25.0.jar:5.25.0]
	at com.rabbitmq.utility.BlockingValueOrException.uninterruptibleGetValue(BlockingValueOrException.java:36) ~[amqp-client-5.25.0.jar:5.25.0]
	at com.rabbitmq.client.impl.AMQChannel$BlockingRpcContinuation.getReply(AMQChannel.java:552) ~[amqp-client-5.25.0.jar:5.25.0]
	at com.rabbitmq.client.impl.AMQChannel.privateRpc(AMQChannel.java:316) ~[amqp-client-5.25.0.jar:5.25.0]
	at com.rabbitmq.client.impl.AMQChannel.exnWrappingRpc(AMQChannel.java:152) ~[amqp-client-5.25.0.jar:5.25.0]
	... 12 common frames omitted
Caused by: java.net.SocketException: Connection reset
	at java.base/sun.nio.ch.NioSocketImpl.implRead(NioSocketImpl.java:318) ~[na:na]
	at java.base/sun.nio.ch.NioSocketImpl.read(NioSocketImpl.java:346) ~[na:na]
	at java.base/sun.nio.ch.NioSocketImpl$1.read(NioSocketImpl.java:796) ~[na:na]
	at java.base/java.net.Socket$SocketInputStream.implRead(Socket.java:1108) ~[na:na]
	at java.base/java.net.Socket$SocketInputStream.read(Socket.java:1095) ~[na:na]
	at java.base/java.io.BufferedInputStream.fill(BufferedInputStream.java:291) ~[na:na]
	at java.base/java.io.BufferedInputStream.implRead(BufferedInputStream.java:325) ~[na:na]
	at java.base/java.io.BufferedInputStream.read(BufferedInputStream.java:312) ~[na:na]
	at java.base/java.io.DataInputStream.readUnsignedByte(DataInputStream.java:295) ~[na:na]
	at com.rabbitmq.client.impl.Frame.readFrom(Frame.java:91) ~[amqp-client-5.25.0.jar:5.25.0]
	at com.rabbitmq.client.impl.SocketFrameHandler.readFrame(SocketFrameHandler.java:199) ~[amqp-client-5.25.0.jar:5.25.0]
	at com.rabbitmq.client.impl.AMQConnection$MainLoop.run(AMQConnection.java:687) ~[amqp-client-5.25.0.jar:5.25.0]
	... 1 common frames omitted

2025-11-24T22:42:29.148+05:30  INFO 27539 --- [product-service] [springCloudBus.anonymous.K4HVOzN0Sr2CwjXw5PXxig-120] [                                                 ] o.s.a.r.listener.BlockingQueueConsumer   : Queue declaration succeeded after retrying
2025-11-24T22:46:31.010+05:30  INFO 27539 --- [product-service] [AsyncResolver-bootstrap-executor-%d] [                                                 ] c.n.d.s.r.aws.ConfigClusterResolver      : Resolving eureka endpoints via configuration
2025-11-24T22:51:31.017+05:30  INFO 27539 --- [product-service] [AsyncResolver-bootstrap-executor-%d] [                                                 ] c.n.d.s.r.aws.ConfigClusterResolver      : Resolving eureka endpoints via configuration
