2025-11-24T22:36:38.060+05:30  WARN 27655 --- [user-service] [springCloudBus.anonymous.T1NSOnUWQRmo0GhWFChT8A-105] [                                                 ] o.s.a.r.listener.BlockingQueueConsumer   : Failed to declare queue: springCloudBus.anonymous.T1NSOnUWQRmo0GhWFChT8A
2025-11-24T22:36:38.064+05:30  WARN 27655 --- [user-service] [springCloudBus.anonymous.T1NSOnUWQRmo0GhWFChT8A-105] [                                                 ] o.s.a.r.listener.BlockingQueueConsumer   : Queue declaration failed; retries left=2

org.springframework.amqp.rabbit.listener.BlockingQueueConsumer$DeclarationException: Failed to declare queue(s):[springCloudBus.anonymous.T1NSOnUWQRmo0GhWFChT8A]
	at org.springframework.amqp.rabbit.listener.BlockingQueueConsumer.attemptPassiveDeclarations(BlockingQueueConsumer.java:772) ~[spring-rabbit-3.2.8.jar:3.2.8]
	at org.springframework.amqp.rabbit.listener.BlockingQueueConsumer.passiveDeclarations(BlockingQueueConsumer.java:649) ~[spring-rabbit-3.2.8.jar:3.2.8]
	at org.springframework.amqp.rabbit.listener.BlockingQueueConsumer.start(BlockingQueueConsumer.java:636) ~[spring-rabbit-3.2.8.jar:3.2.8]
	at org.springframework.amqp.rabbit.listener.SimpleMessageListenerContainer$AsyncMessageProcessingConsumer.initialize(SimpleMessageListenerContainer.java:1490) ~[spring-rabbit-3.2.8.jar:3.2.8]
	at org.springframework.amqp.rabbit.listener.SimpleMessageListenerContainer$AsyncMessageProcessingConsumer.run(SimpleMessageListenerContainer.java:1328) ~[spring-rabbit-3.2.8.jar:3.2.8]
	at java.base/java.lang.Thread.run(Thread.java:1570) ~[na:na]
Caused by: java.io.IOException: null
	at com.rabbitmq.client.impl.AMQChannel.wrap(AMQChannel.java:140) ~[amqp-client-5.25.0.jar:5.25.0]
	at com.rabbitmq.client.impl.AMQChannel.wrap(AMQChannel.java:136) ~[amqp-client-5.25.0.jar:5.25.0]
	at com.rabbitmq.client.impl.AMQChannel.exnWrappingRpc(AMQChannel.java:158) ~[amqp-client-5.25.0.jar:5.25.0]
	at com.rabbitmq.client.impl.ChannelN.queueDeclarePassive(ChannelN.java:1033) ~[amqp-client-5.25.0.jar:5.25.0]
	at com.rabbitmq.client.impl.ChannelN.queueDeclarePassive(ChannelN.java:47) ~[amqp-client-5.25.0.jar:5.25.0]
	at java.base/jdk.internal.reflect.DirectMethodHandleAccessor.invoke(DirectMethodHandleAccessor.java:103) ~[na:na]
	at java.base/java.lang.reflect.Method.invoke(Method.java:580) ~[na:na]
	at org.springframework.amqp.rabbit.connection.CachingConnectionFactory$CachedChannelInvocationHandler.invoke(CachingConnectionFactory.java:1201) ~[spring-rabbit-3.2.8.jar:3.2.8]
	at jdk.proxy2/jdk.proxy2.$Proxy173.queueDeclarePassive(Unknown Source) ~[na:na]
	at org.springframework.amqp.rabbit.listener.BlockingQueueConsumer.attemptPassiveDeclarations(BlockingQueueConsumer.java:750) ~[spring-rabbit-3.2.8.jar:3.2.8]
	... 5 common frames omitted
Caused by: com.rabbitmq.client.ShutdownSignalException: channel error; protocol method: #method<channel.close>(reply-code=404, reply-text=NOT_FOUND - no queue 'springCloudBus.anonymous.T1NSOnUWQRmo0GhWFChT8A' in vhost 'dwtkuyzt', class-id=50, method-id=10)
	at com.rabbitmq.utility.ValueOrException.getValue(ValueOrException.java:66) ~[amqp-client-5.25.0.jar:5.25.0]
	at com.rabbitmq.utility.BlockingValueOrException.uninterruptibleGetValue(BlockingValueOrException.java:36) ~[amqp-client-5.25.0.jar:5.25.0]
	at com.rabbitmq.client.impl.AMQChannel$BlockingRpcContinuation.getReply(AMQChannel.java:552) ~[amqp-client-5.25.0.jar:5.25.0]
	at com.rabbitmq.client.impl.AMQChannel.privateRpc(AMQChannel.java:316) ~[amqp-client-5.25.0.jar:5.25.0]
	at com.rabbitmq.client.impl.AMQChannel.exnWrappingRpc(AMQChannel.java:152) ~[amqp-client-5.25.0.jar:5.25.0]
	... 12 common frames omitted
Caused by: com.rabbitmq.client.ShutdownSignalException: channel error; protocol method: #method<channel.close>(reply-code=404, reply-text=NOT_FOUND - no queue 'springCloudBus.anonymous.T1NSOnUWQRmo0GhWFChT8A' in vhost 'dwtkuyzt', class-id=50, method-id=10)
	at com.rabbitmq.client.impl.ChannelN.asyncShutdown(ChannelN.java:528) ~[amqp-client-5.25.0.jar:5.25.0]
	at com.rabbitmq.client.impl.ChannelN.processAsync(ChannelN.java:349) ~[amqp-client-5.25.0.jar:5.25.0]
	at com.rabbitmq.client.impl.AMQChannel.handleCompleteInboundCommand(AMQChannel.java:193) ~[amqp-client-5.25.0.jar:5.25.0]
	at com.rabbitmq.client.impl.AMQChannel.handleFrame(AMQChannel.java:125) ~[amqp-client-5.25.0.jar:5.25.0]
	at com.rabbitmq.client.impl.AMQConnection.readFrame(AMQConnection.java:761) ~[amqp-client-5.25.0.jar:5.25.0]
	at com.rabbitmq.client.impl.AMQConnection.access$400(AMQConnection.java:48) ~[amqp-client-5.25.0.jar:5.25.0]
	at com.rabbitmq.client.impl.AMQConnection$MainLoop.run(AMQConnection.java:688) ~[amqp-client-5.25.0.jar:5.25.0]
	... 1 common frames omitted

2025-11-24T22:36:43.607+05:30  WARN 27655 --- [user-service] [springCloudBus.anonymous.T1NSOnUWQRmo0GhWFChT8A-105] [                                                 ] o.s.a.r.listener.BlockingQueueConsumer   : Failed to declare queue: springCloudBus.anonymous.T1NSOnUWQRmo0GhWFChT8A
2025-11-24T22:36:43.607+05:30  WARN 27655 --- [user-service] [springCloudBus.anonymous.T1NSOnUWQRmo0GhWFChT8A-105] [                                                 ] o.s.a.r.listener.BlockingQueueConsumer   : Queue declaration failed; retries left=1

org.springframework.amqp.rabbit.listener.BlockingQueueConsumer$DeclarationException: Failed to declare queue(s):[springCloudBus.anonymous.T1NSOnUWQRmo0GhWFChT8A]
	at org.springframework.amqp.rabbit.listener.BlockingQueueConsumer.attemptPassiveDeclarations(BlockingQueueConsumer.java:772) ~[spring-rabbit-3.2.8.jar:3.2.8]
	at org.springframework.amqp.rabbit.listener.BlockingQueueConsumer.passiveDeclarations(BlockingQueueConsumer.java:649) ~[spring-rabbit-3.2.8.jar:3.2.8]
	at org.springframework.amqp.rabbit.listener.BlockingQueueConsumer.start(BlockingQueueConsumer.java:636) ~[spring-rabbit-3.2.8.jar:3.2.8]
	at org.springframework.amqp.rabbit.listener.SimpleMessageListenerContainer$AsyncMessageProcessingConsumer.initialize(SimpleMessageListenerContainer.java:1490) ~[spring-rabbit-3.2.8.jar:3.2.8]
	at org.springframework.amqp.rabbit.listener.SimpleMessageListenerContainer$AsyncMessageProcessingConsumer.run(SimpleMessageListenerContainer.java:1328) ~[spring-rabbit-3.2.8.jar:3.2.8]
	at java.base/java.lang.Thread.run(Thread.java:1570) ~[na:na]
Caused by: java.io.IOException: null
	at com.rabbitmq.client.impl.AMQChannel.wrap(AMQChannel.java:140) ~[amqp-client-5.25.0.jar:5.25.0]
	at com.rabbitmq.client.impl.AMQChannel.wrap(AMQChannel.java:136) ~[amqp-client-5.25.0.jar:5.25.0]
	at com.rabbitmq.client.impl.AMQChannel.exnWrappingRpc(AMQChannel.java:158) ~[amqp-client-5.25.0.jar:5.25.0]
	at com.rabbitmq.client.impl.ChannelN.queueDeclarePassive(ChannelN.java:1033) ~[amqp-client-5.25.0.jar:5.25.0]
	at com.rabbitmq.client.impl.ChannelN.queueDeclarePassive(ChannelN.java:47) ~[amqp-client-5.25.0.jar:5.25.0]
	at java.base/jdk.internal.reflect.DirectMethodHandleAccessor.invoke(DirectMethodHandleAccessor.java:103) ~[na:na]
	at java.base/java.lang.reflect.Method.invoke(Method.java:580) ~[na:na]
	at org.springframework.amqp.rabbit.connection.CachingConnectionFactory$CachedChannelInvocationHandler.invoke(CachingConnectionFactory.java:1201) ~[spring-rabbit-3.2.8.jar:3.2.8]
	at jdk.proxy2/jdk.proxy2.$Proxy173.queueDeclarePassive(Unknown Source) ~[na:na]
	at org.springframework.amqp.rabbit.listener.BlockingQueueConsumer.attemptPassiveDeclarations(BlockingQueueConsumer.java:750) ~[spring-rabbit-3.2.8.jar:3.2.8]
	... 5 common frames omitted
Caused by: com.rabbitmq.client.ShutdownSignalException: channel error; protocol method: #method<channel.close>(reply-code=404, reply-text=NOT_FOUND - no queue 'springCloudBus.anonymous.T1NSOnUWQRmo0GhWFChT8A' in vhost 'dwtkuyzt', class-id=50, method-id=10)
	at com.rabbitmq.utility.ValueOrException.getValue(ValueOrException.java:66) ~[amqp-client-5.25.0.jar:5.25.0]
	at com.rabbitmq.utility.BlockingValueOrException.uninterruptibleGetValue(BlockingValueOrException.java:36) ~[amqp-client-5.25.0.jar:5.25.0]
	at com.rabbitmq.client.impl.AMQChannel$BlockingRpcContinuation.getReply(AMQChannel.java:552) ~[amqp-client-5.25.0.jar:5.25.0]
	at com.rabbitmq.client.impl.AMQChannel.privateRpc(AMQChannel.java:316) ~[amqp-client-5.25.0.jar:5.25.0]
	at com.rabbitmq.client.impl.AMQChannel.exnWrappingRpc(AMQChannel.java:152) ~[amqp-client-5.25.0.jar:5.25.0]
	... 12 common frames omitted
Caused by: com.rabbitmq.client.ShutdownSignalException: channel error; protocol method: #method<channel.close>(reply-code=404, reply-text=NOT_FOUND - no queue 'springCloudBus.anonymous.T1NSOnUWQRmo0GhWFChT8A' in vhost 'dwtkuyzt', class-id=50, method-id=10)
	at com.rabbitmq.client.impl.ChannelN.asyncShutdown(ChannelN.java:528) ~[amqp-client-5.25.0.jar:5.25.0]
	at com.rabbitmq.client.impl.ChannelN.processAsync(ChannelN.java:349) ~[amqp-client-5.25.0.jar:5.25.0]
	at com.rabbitmq.client.impl.AMQChannel.handleCompleteInboundCommand(AMQChannel.java:193) ~[amqp-client-5.25.0.jar:5.25.0]
	at com.rabbitmq.client.impl.AMQChannel.handleFrame(AMQChannel.java:125) ~[amqp-client-5.25.0.jar:5.25.0]
	at com.rabbitmq.client.impl.AMQConnection.readFrame(AMQConnection.java:761) ~[amqp-client-5.25.0.jar:5.25.0]
	at com.rabbitmq.client.impl.AMQConnection.access$400(AMQConnection.java:48) ~[amqp-client-5.25.0.jar:5.25.0]
	at com.rabbitmq.client.impl.AMQConnection$MainLoop.run(AMQConnection.java:688) ~[amqp-client-5.25.0.jar:5.25.0]
	... 1 common frames omitted

2025-11-24T22:36:49.148+05:30  WARN 27655 --- [user-service] [springCloudBus.anonymous.T1NSOnUWQRmo0GhWFChT8A-105] [                                                 ] o.s.a.r.listener.BlockingQueueConsumer   : Failed to declare queue: springCloudBus.anonymous.T1NSOnUWQRmo0GhWFChT8A
2025-11-24T22:36:54.240+05:30 ERROR 27655 --- [user-service] [springCloudBus.anonymous.T1NSOnUWQRmo0GhWFChT8A-105] [                                                 ] o.s.a.r.l.SimpleMessageListenerContainer : Consumer threw missing queues exception, fatal=false

org.springframework.amqp.rabbit.listener.QueuesNotAvailableException: Cannot prepare queue for listener. Either the queue doesn't exist or the broker will not allow us to use it.
	at org.springframework.amqp.rabbit.listener.BlockingQueueConsumer.handleDeclarationException(BlockingQueueConsumer.java:722) ~[spring-rabbit-3.2.8.jar:3.2.8]
	at org.springframework.amqp.rabbit.listener.BlockingQueueConsumer.passiveDeclarations(BlockingQueueConsumer.java:656) ~[spring-rabbit-3.2.8.jar:3.2.8]
	at org.springframework.amqp.rabbit.listener.BlockingQueueConsumer.start(BlockingQueueConsumer.java:636) ~[spring-rabbit-3.2.8.jar:3.2.8]
	at org.springframework.amqp.rabbit.listener.SimpleMessageListenerContainer$AsyncMessageProcessingConsumer.initialize(SimpleMessageListenerContainer.java:1490) ~[spring-rabbit-3.2.8.jar:3.2.8]
	at org.springframework.amqp.rabbit.listener.SimpleMessageListenerContainer$AsyncMessageProcessingConsumer.run(SimpleMessageListenerContainer.java:1328) ~[spring-rabbit-3.2.8.jar:3.2.8]
	at java.base/java.lang.Thread.run(Thread.java:1570) ~[na:na]
Caused by: org.springframework.amqp.rabbit.listener.BlockingQueueConsumer$DeclarationException: Failed to declare queue(s):[springCloudBus.anonymous.T1NSOnUWQRmo0GhWFChT8A]
	at org.springframework.amqp.rabbit.listener.BlockingQueueConsumer.attemptPassiveDeclarations(BlockingQueueConsumer.java:772) ~[spring-rabbit-3.2.8.jar:3.2.8]
	at org.springframework.amqp.rabbit.listener.BlockingQueueConsumer.passiveDeclarations(BlockingQueueConsumer.java:649) ~[spring-rabbit-3.2.8.jar:3.2.8]
	... 4 common frames omitted
Caused by: java.io.IOException: null
	at com.rabbitmq.client.impl.AMQChannel.wrap(AMQChannel.java:140) ~[amqp-client-5.25.0.jar:5.25.0]
	at com.rabbitmq.client.impl.AMQChannel.wrap(AMQChannel.java:136) ~[amqp-client-5.25.0.jar:5.25.0]
	at com.rabbitmq.client.impl.AMQChannel.exnWrappingRpc(AMQChannel.java:158) ~[amqp-client-5.25.0.jar:5.25.0]
	at com.rabbitmq.client.impl.ChannelN.queueDeclarePassive(ChannelN.java:1033) ~[amqp-client-5.25.0.jar:5.25.0]
	at com.rabbitmq.client.impl.ChannelN.queueDeclarePassive(ChannelN.java:47) ~[amqp-client-5.25.0.jar:5.25.0]
	at java.base/jdk.internal.reflect.DirectMethodHandleAccessor.invoke(DirectMethodHandleAccessor.java:103) ~[na:na]
	at java.base/java.lang.reflect.Method.invoke(Method.java:580) ~[na:na]
	at org.springframework.amqp.rabbit.connection.CachingConnectionFactory$CachedChannelInvocationHandler.invoke(CachingConnectionFactory.java:1201) ~[spring-rabbit-3.2.8.jar:3.2.8]
	at jdk.proxy2/jdk.proxy2.$Proxy173.queueDeclarePassive(Unknown Source) ~[na:na]
	at org.springframework.amqp.rabbit.listener.BlockingQueueConsumer.attemptPassiveDeclarations(BlockingQueueConsumer.java:750) ~[spring-rabbit-3.2.8.jar:3.2.8]
	... 5 common frames omitted
Caused by: com.rabbitmq.client.ShutdownSignalException: channel error; protocol method: #method<channel.close>(reply-code=404, reply-text=NOT_FOUND - no queue 'springCloudBus.anonymous.T1NSOnUWQRmo0GhWFChT8A' in vhost 'dwtkuyzt', class-id=50, method-id=10)
	at com.rabbitmq.utility.ValueOrException.getValue(ValueOrException.java:66) ~[amqp-client-5.25.0.jar:5.25.0]
	at com.rabbitmq.utility.BlockingValueOrException.uninterruptibleGetValue(BlockingValueOrException.java:36) ~[amqp-client-5.25.0.jar:5.25.0]
	at com.rabbitmq.client.impl.AMQChannel$BlockingRpcContinuation.getReply(AMQChannel.java:552) ~[amqp-client-5.25.0.jar:5.25.0]
	at com.rabbitmq.client.impl.AMQChannel.privateRpc(AMQChannel.java:316) ~[amqp-client-5.25.0.jar:5.25.0]
	at com.rabbitmq.client.impl.AMQChannel.exnWrappingRpc(AMQChannel.java:152) ~[amqp-client-5.25.0.jar:5.25.0]
	... 12 common frames omitted
Caused by: com.rabbitmq.client.ShutdownSignalException: channel error; protocol method: #method<channel.close>(reply-code=404, reply-text=NOT_FOUND - no queue 'springCloudBus.anonymous.T1NSOnUWQRmo0GhWFChT8A' in vhost 'dwtkuyzt', class-id=50, method-id=10)
	at com.rabbitmq.client.impl.ChannelN.asyncShutdown(ChannelN.java:528) ~[amqp-client-5.25.0.jar:5.25.0]
	at com.rabbitmq.client.impl.ChannelN.processAsync(ChannelN.java:349) ~[amqp-client-5.25.0.jar:5.25.0]
	at com.rabbitmq.client.impl.AMQChannel.handleCompleteInboundCommand(AMQChannel.java:193) ~[amqp-client-5.25.0.jar:5.25.0]
	at com.rabbitmq.client.impl.AMQChannel.handleFrame(AMQChannel.java:125) ~[amqp-client-5.25.0.jar:5.25.0]
	at com.rabbitmq.client.impl.AMQConnection.readFrame(AMQConnection.java:761) ~[amqp-client-5.25.0.jar:5.25.0]
	at com.rabbitmq.client.impl.AMQConnection.access$400(AMQConnection.java:48) ~[amqp-client-5.25.0.jar:5.25.0]
	at com.rabbitmq.client.impl.AMQConnection$MainLoop.run(AMQConnection.java:688) ~[amqp-client-5.25.0.jar:5.25.0]
	... 1 common frames omitted

2025-11-24T22:36:54.245+05:30  INFO 27655 --- [user-service] [springCloudBus.anonymous.T1NSOnUWQRmo0GhWFChT8A-105] [                                                 ] o.s.a.r.l.SimpleMessageListenerContainer : Restarting Consumer@545d359: tags=[[]], channel=Cached Rabbit Channel: AMQChannel(amqp://dwtkuyzt@35.153.225.39:5672/dwtkuyzt,1), conn: Proxy@b2633ea Shared Rabbit Connection: SimpleConnection@4e077605 [delegate=amqp://dwtkuyzt@35.153.225.39:5672/dwtkuyzt, localPort=61546], acknowledgeMode=AUTO local queue size=0
2025-11-24T22:36:55.323+05:30  WARN 27655 --- [user-service] [springCloudBus.anonymous.T1NSOnUWQRmo0GhWFChT8A-106] [                                                 ] o.s.a.r.listener.BlockingQueueConsumer   : Failed to declare queue: springCloudBus.anonymous.T1NSOnUWQRmo0GhWFChT8A
2025-11-24T22:36:55.324+05:30  WARN 27655 --- [user-service] [springCloudBus.anonymous.T1NSOnUWQRmo0GhWFChT8A-106] [                                                 ] o.s.a.r.listener.BlockingQueueConsumer   : Queue declaration failed; retries left=3

org.springframework.amqp.rabbit.listener.BlockingQueueConsumer$DeclarationException: Failed to declare queue(s):[springCloudBus.anonymous.T1NSOnUWQRmo0GhWFChT8A]
	at org.springframework.amqp.rabbit.listener.BlockingQueueConsumer.attemptPassiveDeclarations(BlockingQueueConsumer.java:772) ~[spring-rabbit-3.2.8.jar:3.2.8]
	at org.springframework.amqp.rabbit.listener.BlockingQueueConsumer.passiveDeclarations(BlockingQueueConsumer.java:649) ~[spring-rabbit-3.2.8.jar:3.2.8]
	at org.springframework.amqp.rabbit.listener.BlockingQueueConsumer.start(BlockingQueueConsumer.java:636) ~[spring-rabbit-3.2.8.jar:3.2.8]
	at org.springframework.amqp.rabbit.listener.SimpleMessageListenerContainer$AsyncMessageProcessingConsumer.initialize(SimpleMessageListenerContainer.java:1490) ~[spring-rabbit-3.2.8.jar:3.2.8]
	at org.springframework.amqp.rabbit.listener.SimpleMessageListenerContainer$AsyncMessageProcessingConsumer.run(SimpleMessageListenerContainer.java:1328) ~[spring-rabbit-3.2.8.jar:3.2.8]
	at java.base/java.lang.Thread.run(Thread.java:1570) ~[na:na]
Caused by: java.io.IOException: null
	at com.rabbitmq.client.impl.AMQChannel.wrap(AMQChannel.java:140) ~[amqp-client-5.25.0.jar:5.25.0]
	at com.rabbitmq.client.impl.AMQChannel.wrap(AMQChannel.java:136) ~[amqp-client-5.25.0.jar:5.25.0]
	at com.rabbitmq.client.impl.AMQChannel.exnWrappingRpc(AMQChannel.java:158) ~[amqp-client-5.25.0.jar:5.25.0]
	at com.rabbitmq.client.impl.ChannelN.queueDeclarePassive(ChannelN.java:1033) ~[amqp-client-5.25.0.jar:5.25.0]
	at com.rabbitmq.client.impl.ChannelN.queueDeclarePassive(ChannelN.java:47) ~[amqp-client-5.25.0.jar:5.25.0]
	at java.base/jdk.internal.reflect.DirectMethodHandleAccessor.invoke(DirectMethodHandleAccessor.java:103) ~[na:na]
	at java.base/java.lang.reflect.Method.invoke(Method.java:580) ~[na:na]
	at org.springframework.amqp.rabbit.connection.CachingConnectionFactory$CachedChannelInvocationHandler.invoke(CachingConnectionFactory.java:1201) ~[spring-rabbit-3.2.8.jar:3.2.8]
	at jdk.proxy2/jdk.proxy2.$Proxy173.queueDeclarePassive(Unknown Source) ~[na:na]
	at org.springframework.amqp.rabbit.listener.BlockingQueueConsumer.attemptPassiveDeclarations(BlockingQueueConsumer.java:750) ~[spring-rabbit-3.2.8.jar:3.2.8]
	... 5 common frames omitted
Caused by: com.rabbitmq.client.ShutdownSignalException: channel error; protocol method: #method<channel.close>(reply-code=404, reply-text=NOT_FOUND - no queue 'springCloudBus.anonymous.T1NSOnUWQRmo0GhWFChT8A' in vhost 'dwtkuyzt', class-id=50, method-id=10)
	at com.rabbitmq.utility.ValueOrException.getValue(ValueOrException.java:66) ~[amqp-client-5.25.0.jar:5.25.0]
	at com.rabbitmq.utility.BlockingValueOrException.uninterruptibleGetValue(BlockingValueOrException.java:36) ~[amqp-client-5.25.0.jar:5.25.0]
	at com.rabbitmq.client.impl.AMQChannel$BlockingRpcContinuation.getReply(AMQChannel.java:552) ~[amqp-client-5.25.0.jar:5.25.0]
	at com.rabbitmq.client.impl.AMQChannel.privateRpc(AMQChannel.java:316) ~[amqp-client-5.25.0.jar:5.25.0]
	at com.rabbitmq.client.impl.AMQChannel.exnWrappingRpc(AMQChannel.java:152) ~[amqp-client-5.25.0.jar:5.25.0]
	... 12 common frames omitted
Caused by: com.rabbitmq.client.ShutdownSignalException: channel error; protocol method: #method<channel.close>(reply-code=404, reply-text=NOT_FOUND - no queue 'springCloudBus.anonymous.T1NSOnUWQRmo0GhWFChT8A' in vhost 'dwtkuyzt', class-id=50, method-id=10)
	at com.rabbitmq.client.impl.ChannelN.asyncShutdown(ChannelN.java:528) ~[amqp-client-5.25.0.jar:5.25.0]
	at com.rabbitmq.client.impl.ChannelN.processAsync(ChannelN.java:349) ~[amqp-client-5.25.0.jar:5.25.0]
	at com.rabbitmq.client.impl.AMQChannel.handleCompleteInboundCommand(AMQChannel.java:193) ~[amqp-client-5.25.0.jar:5.25.0]
	at com.rabbitmq.client.impl.AMQChannel.handleFrame(AMQChannel.java:125) ~[amqp-client-5.25.0.jar:5.25.0]
	at com.rabbitmq.client.impl.AMQConnection.readFrame(AMQConnection.java:761) ~[amqp-client-5.25.0.jar:5.25.0]
	at com.rabbitmq.client.impl.AMQConnection.access$400(AMQConnection.java:48) ~[amqp-client-5.25.0.jar:5.25.0]
	at com.rabbitmq.client.impl.AMQConnection$MainLoop.run(AMQConnection.java:688) ~[amqp-client-5.25.0.jar:5.25.0]
	... 1 common frames omitted

2025-11-24T22:37:00.866+05:30  WARN 27655 --- [user-service] [springCloudBus.anonymous.T1NSOnUWQRmo0GhWFChT8A-106] [                                                 ] o.s.a.r.listener.BlockingQueueConsumer   : Failed to declare queue: springCloudBus.anonymous.T1NSOnUWQRmo0GhWFChT8A
2025-11-24T22:37:00.867+05:30  WARN 27655 --- [user-service] [springCloudBus.anonymous.T1NSOnUWQRmo0GhWFChT8A-106] [                                                 ] o.s.a.r.listener.BlockingQueueConsumer   : Queue declaration failed; retries left=2

org.springframework.amqp.rabbit.listener.BlockingQueueConsumer$DeclarationException: Failed to declare queue(s):[springCloudBus.anonymous.T1NSOnUWQRmo0GhWFChT8A]
	at org.springframework.amqp.rabbit.listener.BlockingQueueConsumer.attemptPassiveDeclarations(BlockingQueueConsumer.java:772) ~[spring-rabbit-3.2.8.jar:3.2.8]
	at org.springframework.amqp.rabbit.listener.BlockingQueueConsumer.passiveDeclarations(BlockingQueueConsumer.java:649) ~[spring-rabbit-3.2.8.jar:3.2.8]
	at org.springframework.amqp.rabbit.listener.BlockingQueueConsumer.start(BlockingQueueConsumer.java:636) ~[spring-rabbit-3.2.8.jar:3.2.8]
	at org.springframework.amqp.rabbit.listener.SimpleMessageListenerContainer$AsyncMessageProcessingConsumer.initialize(SimpleMessageListenerContainer.java:1490) ~[spring-rabbit-3.2.8.jar:3.2.8]
	at org.springframework.amqp.rabbit.listener.SimpleMessageListenerContainer$AsyncMessageProcessingConsumer.run(SimpleMessageListenerContainer.java:1328) ~[spring-rabbit-3.2.8.jar:3.2.8]
	at java.base/java.lang.Thread.run(Thread.java:1570) ~[na:na]
Caused by: java.io.IOException: null
	at com.rabbitmq.client.impl.AMQChannel.wrap(AMQChannel.java:140) ~[amqp-client-5.25.0.jar:5.25.0]
	at com.rabbitmq.client.impl.AMQChannel.wrap(AMQChannel.java:136) ~[amqp-client-5.25.0.jar:5.25.0]
	at com.rabbitmq.client.impl.AMQChannel.exnWrappingRpc(AMQChannel.java:158) ~[amqp-client-5.25.0.jar:5.25.0]
	at com.rabbitmq.client.impl.ChannelN.queueDeclarePassive(ChannelN.java:1033) ~[amqp-client-5.25.0.jar:5.25.0]
	at com.rabbitmq.client.impl.ChannelN.queueDeclarePassive(ChannelN.java:47) ~[amqp-client-5.25.0.jar:5.25.0]
	at java.base/jdk.internal.reflect.DirectMethodHandleAccessor.invoke(DirectMethodHandleAccessor.java:103) ~[na:na]
	at java.base/java.lang.reflect.Method.invoke(Method.java:580) ~[na:na]
	at org.springframework.amqp.rabbit.connection.CachingConnectionFactory$CachedChannelInvocationHandler.invoke(CachingConnectionFactory.java:1201) ~[spring-rabbit-3.2.8.jar:3.2.8]
	at jdk.proxy2/jdk.proxy2.$Proxy173.queueDeclarePassive(Unknown Source) ~[na:na]
	at org.springframework.amqp.rabbit.listener.BlockingQueueConsumer.attemptPassiveDeclarations(BlockingQueueConsumer.java:750) ~[spring-rabbit-3.2.8.jar:3.2.8]
	... 5 common frames omitted
Caused by: com.rabbitmq.client.ShutdownSignalException: channel error; protocol method: #method<channel.close>(reply-code=404, reply-text=NOT_FOUND - no queue 'springCloudBus.anonymous.T1NSOnUWQRmo0GhWFChT8A' in vhost 'dwtkuyzt', class-id=50, method-id=10)
	at com.rabbitmq.utility.ValueOrException.getValue(ValueOrException.java:66) ~[amqp-client-5.25.0.jar:5.25.0]
	at com.rabbitmq.utility.BlockingValueOrException.uninterruptibleGetValue(BlockingValueOrException.java:36) ~[amqp-client-5.25.0.jar:5.25.0]
	at com.rabbitmq.client.impl.AMQChannel$BlockingRpcContinuation.getReply(AMQChannel.java:552) ~[amqp-client-5.25.0.jar:5.25.0]
	at com.rabbitmq.client.impl.AMQChannel.privateRpc(AMQChannel.java:316) ~[amqp-client-5.25.0.jar:5.25.0]
	at com.rabbitmq.client.impl.AMQChannel.exnWrappingRpc(AMQChannel.java:152) ~[amqp-client-5.25.0.jar:5.25.0]
	... 12 common frames omitted
Caused by: com.rabbitmq.client.ShutdownSignalException: channel error; protocol method: #method<channel.close>(reply-code=404, reply-text=NOT_FOUND - no queue 'springCloudBus.anonymous.T1NSOnUWQRmo0GhWFChT8A' in vhost 'dwtkuyzt', class-id=50, method-id=10)
	at com.rabbitmq.client.impl.ChannelN.asyncShutdown(ChannelN.java:528) ~[amqp-client-5.25.0.jar:5.25.0]
	at com.rabbitmq.client.impl.ChannelN.processAsync(ChannelN.java:349) ~[amqp-client-5.25.0.jar:5.25.0]
	at com.rabbitmq.client.impl.AMQChannel.handleCompleteInboundCommand(AMQChannel.java:193) ~[amqp-client-5.25.0.jar:5.25.0]
	at com.rabbitmq.client.impl.AMQChannel.handleFrame(AMQChannel.java:125) ~[amqp-client-5.25.0.jar:5.25.0]
	at com.rabbitmq.client.impl.AMQConnection.readFrame(AMQConnection.java:761) ~[amqp-client-5.25.0.jar:5.25.0]
	at com.rabbitmq.client.impl.AMQConnection.access$400(AMQConnection.java:48) ~[amqp-client-5.25.0.jar:5.25.0]
	at com.rabbitmq.client.impl.AMQConnection$MainLoop.run(AMQConnection.java:688) ~[amqp-client-5.25.0.jar:5.25.0]
	... 1 common frames omitted

2025-11-24T22:37:06.407+05:30  WARN 27655 --- [user-service] [springCloudBus.anonymous.T1NSOnUWQRmo0GhWFChT8A-106] [                                                 ] o.s.a.r.listener.BlockingQueueConsumer   : Failed to declare queue: springCloudBus.anonymous.T1NSOnUWQRmo0GhWFChT8A
2025-11-24T22:37:06.408+05:30  WARN 27655 --- [user-service] [springCloudBus.anonymous.T1NSOnUWQRmo0GhWFChT8A-106] [                                                 ] o.s.a.r.listener.BlockingQueueConsumer   : Queue declaration failed; retries left=1

org.springframework.amqp.rabbit.listener.BlockingQueueConsumer$DeclarationException: Failed to declare queue(s):[springCloudBus.anonymous.T1NSOnUWQRmo0GhWFChT8A]
	at org.springframework.amqp.rabbit.listener.BlockingQueueConsumer.attemptPassiveDeclarations(BlockingQueueConsumer.java:772) ~[spring-rabbit-3.2.8.jar:3.2.8]
	at org.springframework.amqp.rabbit.listener.BlockingQueueConsumer.passiveDeclarations(BlockingQueueConsumer.java:649) ~[spring-rabbit-3.2.8.jar:3.2.8]
	at org.springframework.amqp.rabbit.listener.BlockingQueueConsumer.start(BlockingQueueConsumer.java:636) ~[spring-rabbit-3.2.8.jar:3.2.8]
	at org.springframework.amqp.rabbit.listener.SimpleMessageListenerContainer$AsyncMessageProcessingConsumer.initialize(SimpleMessageListenerContainer.java:1490) ~[spring-rabbit-3.2.8.jar:3.2.8]
	at org.springframework.amqp.rabbit.listener.SimpleMessageListenerContainer$AsyncMessageProcessingConsumer.run(SimpleMessageListenerContainer.java:1328) ~[spring-rabbit-3.2.8.jar:3.2.8]
	at java.base/java.lang.Thread.run(Thread.java:1570) ~[na:na]
Caused by: java.io.IOException: null
	at com.rabbitmq.client.impl.AMQChannel.wrap(AMQChannel.java:140) ~[amqp-client-5.25.0.jar:5.25.0]
	at com.rabbitmq.client.impl.AMQChannel.wrap(AMQChannel.java:136) ~[amqp-client-5.25.0.jar:5.25.0]
	at com.rabbitmq.client.impl.AMQChannel.exnWrappingRpc(AMQChannel.java:158) ~[amqp-client-5.25.0.jar:5.25.0]
	at com.rabbitmq.client.impl.ChannelN.queueDeclarePassive(ChannelN.java:1033) ~[amqp-client-5.25.0.jar:5.25.0]
	at com.rabbitmq.client.impl.ChannelN.queueDeclarePassive(ChannelN.java:47) ~[amqp-client-5.25.0.jar:5.25.0]
	at java.base/jdk.internal.reflect.DirectMethodHandleAccessor.invoke(DirectMethodHandleAccessor.java:103) ~[na:na]
	at java.base/java.lang.reflect.Method.invoke(Method.java:580) ~[na:na]
	at org.springframework.amqp.rabbit.connection.CachingConnectionFactory$CachedChannelInvocationHandler.invoke(CachingConnectionFactory.java:1201) ~[spring-rabbit-3.2.8.jar:3.2.8]
	at jdk.proxy2/jdk.proxy2.$Proxy173.queueDeclarePassive(Unknown Source) ~[na:na]
	at org.springframework.amqp.rabbit.listener.BlockingQueueConsumer.attemptPassiveDeclarations(BlockingQueueConsumer.java:750) ~[spring-rabbit-3.2.8.jar:3.2.8]
	... 5 common frames omitted
Caused by: com.rabbitmq.client.ShutdownSignalException: channel error; protocol method: #method<channel.close>(reply-code=404, reply-text=NOT_FOUND - no queue 'springCloudBus.anonymous.T1NSOnUWQRmo0GhWFChT8A' in vhost 'dwtkuyzt', class-id=50, method-id=10)
	at com.rabbitmq.utility.ValueOrException.getValue(ValueOrException.java:66) ~[amqp-client-5.25.0.jar:5.25.0]
	at com.rabbitmq.utility.BlockingValueOrException.uninterruptibleGetValue(BlockingValueOrException.java:36) ~[amqp-client-5.25.0.jar:5.25.0]
	at com.rabbitmq.client.impl.AMQChannel$BlockingRpcContinuation.getReply(AMQChannel.java:552) ~[amqp-client-5.25.0.jar:5.25.0]
	at com.rabbitmq.client.impl.AMQChannel.privateRpc(AMQChannel.java:316) ~[amqp-client-5.25.0.jar:5.25.0]
	at com.rabbitmq.client.impl.AMQChannel.exnWrappingRpc(AMQChannel.java:152) ~[amqp-client-5.25.0.jar:5.25.0]
	... 12 common frames omitted
Caused by: com.rabbitmq.client.ShutdownSignalException: channel error; protocol method: #method<channel.close>(reply-code=404, reply-text=NOT_FOUND - no queue 'springCloudBus.anonymous.T1NSOnUWQRmo0GhWFChT8A' in vhost 'dwtkuyzt', class-id=50, method-id=10)
	at com.rabbitmq.client.impl.ChannelN.asyncShutdown(ChannelN.java:528) ~[amqp-client-5.25.0.jar:5.25.0]
	at com.rabbitmq.client.impl.ChannelN.processAsync(ChannelN.java:349) ~[amqp-client-5.25.0.jar:5.25.0]
	at com.rabbitmq.client.impl.AMQChannel.handleCompleteInboundCommand(AMQChannel.java:193) ~[amqp-client-5.25.0.jar:5.25.0]
	at com.rabbitmq.client.impl.AMQChannel.handleFrame(AMQChannel.java:125) ~[amqp-client-5.25.0.jar:5.25.0]
	at com.rabbitmq.client.impl.AMQConnection.readFrame(AMQConnection.java:761) ~[amqp-client-5.25.0.jar:5.25.0]
	at com.rabbitmq.client.impl.AMQConnection.access$400(AMQConnection.java:48) ~[amqp-client-5.25.0.jar:5.25.0]
	at com.rabbitmq.client.impl.AMQConnection$MainLoop.run(AMQConnection.java:688) ~[amqp-client-5.25.0.jar:5.25.0]
	... 1 common frames omitted

2025-11-24T22:37:11.952+05:30  WARN 27655 --- [user-service] [springCloudBus.anonymous.T1NSOnUWQRmo0GhWFChT8A-106] [                                                 ] o.s.a.r.listener.BlockingQueueConsumer   : Failed to declare queue: springCloudBus.anonymous.T1NSOnUWQRmo0GhWFChT8A
2025-11-24T22:37:17.041+05:30 ERROR 27655 --- [user-service] [springCloudBus.anonymous.T1NSOnUWQRmo0GhWFChT8A-106] [                                                 ] o.s.a.r.l.SimpleMessageListenerContainer : Consumer threw missing queues exception, fatal=false

org.springframework.amqp.rabbit.listener.QueuesNotAvailableException: Cannot prepare queue for listener. Either the queue doesn't exist or the broker will not allow us to use it.
	at org.springframework.amqp.rabbit.listener.BlockingQueueConsumer.handleDeclarationException(BlockingQueueConsumer.java:722) ~[spring-rabbit-3.2.8.jar:3.2.8]
	at org.springframework.amqp.rabbit.listener.BlockingQueueConsumer.passiveDeclarations(BlockingQueueConsumer.java:656) ~[spring-rabbit-3.2.8.jar:3.2.8]
	at org.springframework.amqp.rabbit.listener.BlockingQueueConsumer.start(BlockingQueueConsumer.java:636) ~[spring-rabbit-3.2.8.jar:3.2.8]
	at org.springframework.amqp.rabbit.listener.SimpleMessageListenerContainer$AsyncMessageProcessingConsumer.initialize(SimpleMessageListenerContainer.java:1490) ~[spring-rabbit-3.2.8.jar:3.2.8]
	at org.springframework.amqp.rabbit.listener.SimpleMessageListenerContainer$AsyncMessageProcessingConsumer.run(SimpleMessageListenerContainer.java:1328) ~[spring-rabbit-3.2.8.jar:3.2.8]
	at java.base/java.lang.Thread.run(Thread.java:1570) ~[na:na]
Caused by: org.springframework.amqp.rabbit.listener.BlockingQueueConsumer$DeclarationException: Failed to declare queue(s):[springCloudBus.anonymous.T1NSOnUWQRmo0GhWFChT8A]
	at org.springframework.amqp.rabbit.listener.BlockingQueueConsumer.attemptPassiveDeclarations(BlockingQueueConsumer.java:772) ~[spring-rabbit-3.2.8.jar:3.2.8]
	at org.springframework.amqp.rabbit.listener.BlockingQueueConsumer.passiveDeclarations(BlockingQueueConsumer.java:649) ~[spring-rabbit-3.2.8.jar:3.2.8]
	... 4 common frames omitted
Caused by: java.io.IOException: null
	at com.rabbitmq.client.impl.AMQChannel.wrap(AMQChannel.java:140) ~[amqp-client-5.25.0.jar:5.25.0]
	at com.rabbitmq.client.impl.AMQChannel.wrap(AMQChannel.java:136) ~[amqp-client-5.25.0.jar:5.25.0]
	at com.rabbitmq.client.impl.AMQChannel.exnWrappingRpc(AMQChannel.java:158) ~[amqp-client-5.25.0.jar:5.25.0]
	at com.rabbitmq.client.impl.ChannelN.queueDeclarePassive(ChannelN.java:1033) ~[amqp-client-5.25.0.jar:5.25.0]
	at com.rabbitmq.client.impl.ChannelN.queueDeclarePassive(ChannelN.java:47) ~[amqp-client-5.25.0.jar:5.25.0]
	at java.base/jdk.internal.reflect.DirectMethodHandleAccessor.invoke(DirectMethodHandleAccessor.java:103) ~[na:na]
	at java.base/java.lang.reflect.Method.invoke(Method.java:580) ~[na:na]
	at org.springframework.amqp.rabbit.connection.CachingConnectionFactory$CachedChannelInvocationHandler.invoke(CachingConnectionFactory.java:1201) ~[spring-rabbit-3.2.8.jar:3.2.8]
	at jdk.proxy2/jdk.proxy2.$Proxy173.queueDeclarePassive(Unknown Source) ~[na:na]
	at org.springframework.amqp.rabbit.listener.BlockingQueueConsumer.attemptPassiveDeclarations(BlockingQueueConsumer.java:750) ~[spring-rabbit-3.2.8.jar:3.2.8]
	... 5 common frames omitted
Caused by: com.rabbitmq.client.ShutdownSignalException: channel error; protocol method: #method<channel.close>(reply-code=404, reply-text=NOT_FOUND - no queue 'springCloudBus.anonymous.T1NSOnUWQRmo0GhWFChT8A' in vhost 'dwtkuyzt', class-id=50, method-id=10)
	at com.rabbitmq.utility.ValueOrException.getValue(ValueOrException.java:66) ~[amqp-client-5.25.0.jar:5.25.0]
	at com.rabbitmq.utility.BlockingValueOrException.uninterruptibleGetValue(BlockingValueOrException.java:36) ~[amqp-client-5.25.0.jar:5.25.0]
	at com.rabbitmq.client.impl.AMQChannel$BlockingRpcContinuation.getReply(AMQChannel.java:552) ~[amqp-client-5.25.0.jar:5.25.0]
	at com.rabbitmq.client.impl.AMQChannel.privateRpc(AMQChannel.java:316) ~[amqp-client-5.25.0.jar:5.25.0]
	at com.rabbitmq.client.impl.AMQChannel.exnWrappingRpc(AMQChannel.java:152) ~[amqp-client-5.25.0.jar:5.25.0]
	... 12 common frames omitted
Caused by: com.rabbitmq.client.ShutdownSignalException: channel error; protocol method: #method<channel.close>(reply-code=404, reply-text=NOT_FOUND - no queue 'springCloudBus.anonymous.T1NSOnUWQRmo0GhWFChT8A' in vhost 'dwtkuyzt', class-id=50, method-id=10)
	at com.rabbitmq.client.impl.ChannelN.asyncShutdown(ChannelN.java:528) ~[amqp-client-5.25.0.jar:5.25.0]
	at com.rabbitmq.client.impl.ChannelN.processAsync(ChannelN.java:349) ~[amqp-client-5.25.0.jar:5.25.0]
	at com.rabbitmq.client.impl.AMQChannel.handleCompleteInboundCommand(AMQChannel.java:193) ~[amqp-client-5.25.0.jar:5.25.0]
	at com.rabbitmq.client.impl.AMQChannel.handleFrame(AMQChannel.java:125) ~[amqp-client-5.25.0.jar:5.25.0]
	at com.rabbitmq.client.impl.AMQConnection.readFrame(AMQConnection.java:761) ~[amqp-client-5.25.0.jar:5.25.0]
	at com.rabbitmq.client.impl.AMQConnection.access$400(AMQConnection.java:48) ~[amqp-client-5.25.0.jar:5.25.0]
	at com.rabbitmq.client.impl.AMQConnection$MainLoop.run(AMQConnection.java:688) ~[amqp-client-5.25.0.jar:5.25.0]
	... 1 common frames omitted

2025-11-24T22:37:17.042+05:30  INFO 27655 --- [user-service] [springCloudBus.anonymous.T1NSOnUWQRmo0GhWFChT8A-106] [                                                 ] o.s.a.r.l.SimpleMessageListenerContainer : Restarting Consumer@7ca37a83: tags=[[]], channel=Cached Rabbit Channel: AMQChannel(amqp://dwtkuyzt@35.153.225.39:5672/dwtkuyzt,1), conn: Proxy@b2633ea Shared Rabbit Connection: SimpleConnection@4e077605 [delegate=amqp://dwtkuyzt@35.153.225.39:5672/dwtkuyzt, localPort=61546], acknowledgeMode=AUTO local queue size=0
2025-11-24T22:37:18.126+05:30  WARN 27655 --- [user-service] [springCloudBus.anonymous.T1NSOnUWQRmo0GhWFChT8A-107] [                                                 ] o.s.a.r.listener.BlockingQueueConsumer   : Failed to declare queue: springCloudBus.anonymous.T1NSOnUWQRmo0GhWFChT8A
2025-11-24T22:37:18.126+05:30  WARN 27655 --- [user-service] [springCloudBus.anonymous.T1NSOnUWQRmo0GhWFChT8A-107] [                                                 ] o.s.a.r.listener.BlockingQueueConsumer   : Queue declaration failed; retries left=3

org.springframework.amqp.rabbit.listener.BlockingQueueConsumer$DeclarationException: Failed to declare queue(s):[springCloudBus.anonymous.T1NSOnUWQRmo0GhWFChT8A]
	at org.springframework.amqp.rabbit.listener.BlockingQueueConsumer.attemptPassiveDeclarations(BlockingQueueConsumer.java:772) ~[spring-rabbit-3.2.8.jar:3.2.8]
	at org.springframework.amqp.rabbit.listener.BlockingQueueConsumer.passiveDeclarations(BlockingQueueConsumer.java:649) ~[spring-rabbit-3.2.8.jar:3.2.8]
	at org.springframework.amqp.rabbit.listener.BlockingQueueConsumer.start(BlockingQueueConsumer.java:636) ~[spring-rabbit-3.2.8.jar:3.2.8]
	at org.springframework.amqp.rabbit.listener.SimpleMessageListenerContainer$AsyncMessageProcessingConsumer.initialize(SimpleMessageListenerContainer.java:1490) ~[spring-rabbit-3.2.8.jar:3.2.8]
	at org.springframework.amqp.rabbit.listener.SimpleMessageListenerContainer$AsyncMessageProcessingConsumer.run(SimpleMessageListenerContainer.java:1328) ~[spring-rabbit-3.2.8.jar:3.2.8]
	at java.base/java.lang.Thread.run(Thread.java:1570) ~[na:na]
Caused by: java.io.IOException: null
	at com.rabbitmq.client.impl.AMQChannel.wrap(AMQChannel.java:140) ~[amqp-client-5.25.0.jar:5.25.0]
	at com.rabbitmq.client.impl.AMQChannel.wrap(AMQChannel.java:136) ~[amqp-client-5.25.0.jar:5.25.0]
	at com.rabbitmq.client.impl.AMQChannel.exnWrappingRpc(AMQChannel.java:158) ~[amqp-client-5.25.0.jar:5.25.0]
	at com.rabbitmq.client.impl.ChannelN.queueDeclarePassive(ChannelN.java:1033) ~[amqp-client-5.25.0.jar:5.25.0]
	at com.rabbitmq.client.impl.ChannelN.queueDeclarePassive(ChannelN.java:47) ~[amqp-client-5.25.0.jar:5.25.0]
	at java.base/jdk.internal.reflect.DirectMethodHandleAccessor.invoke(DirectMethodHandleAccessor.java:103) ~[na:na]
	at java.base/java.lang.reflect.Method.invoke(Method.java:580) ~[na:na]
	at org.springframework.amqp.rabbit.connection.CachingConnectionFactory$CachedChannelInvocationHandler.invoke(CachingConnectionFactory.java:1201) ~[spring-rabbit-3.2.8.jar:3.2.8]
	at jdk.proxy2/jdk.proxy2.$Proxy173.queueDeclarePassive(Unknown Source) ~[na:na]
	at org.springframework.amqp.rabbit.listener.BlockingQueueConsumer.attemptPassiveDeclarations(BlockingQueueConsumer.java:750) ~[spring-rabbit-3.2.8.jar:3.2.8]
	... 5 common frames omitted
Caused by: com.rabbitmq.client.ShutdownSignalException: channel error; protocol method: #method<channel.close>(reply-code=404, reply-text=NOT_FOUND - no queue 'springCloudBus.anonymous.T1NSOnUWQRmo0GhWFChT8A' in vhost 'dwtkuyzt', class-id=50, method-id=10)
	at com.rabbitmq.utility.ValueOrException.getValue(ValueOrException.java:66) ~[amqp-client-5.25.0.jar:5.25.0]
	at com.rabbitmq.utility.BlockingValueOrException.uninterruptibleGetValue(BlockingValueOrException.java:36) ~[amqp-client-5.25.0.jar:5.25.0]
	at com.rabbitmq.client.impl.AMQChannel$BlockingRpcContinuation.getReply(AMQChannel.java:552) ~[amqp-client-5.25.0.jar:5.25.0]
	at com.rabbitmq.client.impl.AMQChannel.privateRpc(AMQChannel.java:316) ~[amqp-client-5.25.0.jar:5.25.0]
	at com.rabbitmq.client.impl.AMQChannel.exnWrappingRpc(AMQChannel.java:152) ~[amqp-client-5.25.0.jar:5.25.0]
	... 12 common frames omitted
Caused by: com.rabbitmq.client.ShutdownSignalException: channel error; protocol method: #method<channel.close>(reply-code=404, reply-text=NOT_FOUND - no queue 'springCloudBus.anonymous.T1NSOnUWQRmo0GhWFChT8A' in vhost 'dwtkuyzt', class-id=50, method-id=10)
	at com.rabbitmq.client.impl.ChannelN.asyncShutdown(ChannelN.java:528) ~[amqp-client-5.25.0.jar:5.25.0]
	at com.rabbitmq.client.impl.ChannelN.processAsync(ChannelN.java:349) ~[amqp-client-5.25.0.jar:5.25.0]
	at com.rabbitmq.client.impl.AMQChannel.handleCompleteInboundCommand(AMQChannel.java:193) ~[amqp-client-5.25.0.jar:5.25.0]
	at com.rabbitmq.client.impl.AMQChannel.handleFrame(AMQChannel.java:125) ~[amqp-client-5.25.0.jar:5.25.0]
	at com.rabbitmq.client.impl.AMQConnection.readFrame(AMQConnection.java:761) ~[amqp-client-5.25.0.jar:5.25.0]
	at com.rabbitmq.client.impl.AMQConnection.access$400(AMQConnection.java:48) ~[amqp-client-5.25.0.jar:5.25.0]
	at com.rabbitmq.client.impl.AMQConnection$MainLoop.run(AMQConnection.java:688) ~[amqp-client-5.25.0.jar:5.25.0]
	... 1 common frames omitted

2025-11-24T22:37:23.667+05:30  WARN 27655 --- [user-service] [springCloudBus.anonymous.T1NSOnUWQRmo0GhWFChT8A-107] [                                                 ] o.s.a.r.listener.BlockingQueueConsumer   : Failed to declare queue: springCloudBus.anonymous.T1NSOnUWQRmo0GhWFChT8A
2025-11-24T22:37:23.668+05:30  WARN 27655 --- [user-service] [springCloudBus.anonymous.T1NSOnUWQRmo0GhWFChT8A-107] [                                                 ] o.s.a.r.listener.BlockingQueueConsumer   : Queue declaration failed; retries left=2

org.springframework.amqp.rabbit.listener.BlockingQueueConsumer$DeclarationException: Failed to declare queue(s):[springCloudBus.anonymous.T1NSOnUWQRmo0GhWFChT8A]
	at org.springframework.amqp.rabbit.listener.BlockingQueueConsumer.attemptPassiveDeclarations(BlockingQueueConsumer.java:772) ~[spring-rabbit-3.2.8.jar:3.2.8]
	at org.springframework.amqp.rabbit.listener.BlockingQueueConsumer.passiveDeclarations(BlockingQueueConsumer.java:649) ~[spring-rabbit-3.2.8.jar:3.2.8]
	at org.springframework.amqp.rabbit.listener.BlockingQueueConsumer.start(BlockingQueueConsumer.java:636) ~[spring-rabbit-3.2.8.jar:3.2.8]
	at org.springframework.amqp.rabbit.listener.SimpleMessageListenerContainer$AsyncMessageProcessingConsumer.initialize(SimpleMessageListenerContainer.java:1490) ~[spring-rabbit-3.2.8.jar:3.2.8]
	at org.springframework.amqp.rabbit.listener.SimpleMessageListenerContainer$AsyncMessageProcessingConsumer.run(SimpleMessageListenerContainer.java:1328) ~[spring-rabbit-3.2.8.jar:3.2.8]
	at java.base/java.lang.Thread.run(Thread.java:1570) ~[na:na]
Caused by: java.io.IOException: null
	at com.rabbitmq.client.impl.AMQChannel.wrap(AMQChannel.java:140) ~[amqp-client-5.25.0.jar:5.25.0]
	at com.rabbitmq.client.impl.AMQChannel.wrap(AMQChannel.java:136) ~[amqp-client-5.25.0.jar:5.25.0]
	at com.rabbitmq.client.impl.AMQChannel.exnWrappingRpc(AMQChannel.java:158) ~[amqp-client-5.25.0.jar:5.25.0]
	at com.rabbitmq.client.impl.ChannelN.queueDeclarePassive(ChannelN.java:1033) ~[amqp-client-5.25.0.jar:5.25.0]
	at com.rabbitmq.client.impl.ChannelN.queueDeclarePassive(ChannelN.java:47) ~[amqp-client-5.25.0.jar:5.25.0]
	at java.base/jdk.internal.reflect.DirectMethodHandleAccessor.invoke(DirectMethodHandleAccessor.java:103) ~[na:na]
	at java.base/java.lang.reflect.Method.invoke(Method.java:580) ~[na:na]
	at org.springframework.amqp.rabbit.connection.CachingConnectionFactory$CachedChannelInvocationHandler.invoke(CachingConnectionFactory.java:1201) ~[spring-rabbit-3.2.8.jar:3.2.8]
	at jdk.proxy2/jdk.proxy2.$Proxy173.queueDeclarePassive(Unknown Source) ~[na:na]
	at org.springframework.amqp.rabbit.listener.BlockingQueueConsumer.attemptPassiveDeclarations(BlockingQueueConsumer.java:750) ~[spring-rabbit-3.2.8.jar:3.2.8]
	... 5 common frames omitted
Caused by: com.rabbitmq.client.ShutdownSignalException: channel error; protocol method: #method<channel.close>(reply-code=404, reply-text=NOT_FOUND - no queue 'springCloudBus.anonymous.T1NSOnUWQRmo0GhWFChT8A' in vhost 'dwtkuyzt', class-id=50, method-id=10)
	at com.rabbitmq.utility.ValueOrException.getValue(ValueOrException.java:66) ~[amqp-client-5.25.0.jar:5.25.0]
	at com.rabbitmq.utility.BlockingValueOrException.uninterruptibleGetValue(BlockingValueOrException.java:36) ~[amqp-client-5.25.0.jar:5.25.0]
	at com.rabbitmq.client.impl.AMQChannel$BlockingRpcContinuation.getReply(AMQChannel.java:552) ~[amqp-client-5.25.0.jar:5.25.0]
	at com.rabbitmq.client.impl.AMQChannel.privateRpc(AMQChannel.java:316) ~[amqp-client-5.25.0.jar:5.25.0]
	at com.rabbitmq.client.impl.AMQChannel.exnWrappingRpc(AMQChannel.java:152) ~[amqp-client-5.25.0.jar:5.25.0]
	... 12 common frames omitted
Caused by: com.rabbitmq.client.ShutdownSignalException: channel error; protocol method: #method<channel.close>(reply-code=404, reply-text=NOT_FOUND - no queue 'springCloudBus.anonymous.T1NSOnUWQRmo0GhWFChT8A' in vhost 'dwtkuyzt', class-id=50, method-id=10)
	at com.rabbitmq.client.impl.ChannelN.asyncShutdown(ChannelN.java:528) ~[amqp-client-5.25.0.jar:5.25.0]
	at com.rabbitmq.client.impl.ChannelN.processAsync(ChannelN.java:349) ~[amqp-client-5.25.0.jar:5.25.0]
	at com.rabbitmq.client.impl.AMQChannel.handleCompleteInboundCommand(AMQChannel.java:193) ~[amqp-client-5.25.0.jar:5.25.0]
	at com.rabbitmq.client.impl.AMQChannel.handleFrame(AMQChannel.java:125) ~[amqp-client-5.25.0.jar:5.25.0]
	at com.rabbitmq.client.impl.AMQConnection.readFrame(AMQConnection.java:761) ~[amqp-client-5.25.0.jar:5.25.0]
	at com.rabbitmq.client.impl.AMQConnection.access$400(AMQConnection.java:48) ~[amqp-client-5.25.0.jar:5.25.0]
	at com.rabbitmq.client.impl.AMQConnection$MainLoop.run(AMQConnection.java:688) ~[amqp-client-5.25.0.jar:5.25.0]
	... 1 common frames omitted

2025-11-24T22:37:29.216+05:30  WARN 27655 --- [user-service] [springCloudBus.anonymous.T1NSOnUWQRmo0GhWFChT8A-107] [                                                 ] o.s.a.r.listener.BlockingQueueConsumer   : Failed to declare queue: springCloudBus.anonymous.T1NSOnUWQRmo0GhWFChT8A
2025-11-24T22:37:29.217+05:30  WARN 27655 --- [user-service] [springCloudBus.anonymous.T1NSOnUWQRmo0GhWFChT8A-107] [                                                 ] o.s.a.r.listener.BlockingQueueConsumer   : Queue declaration failed; retries left=1

org.springframework.amqp.rabbit.listener.BlockingQueueConsumer$DeclarationException: Failed to declare queue(s):[springCloudBus.anonymous.T1NSOnUWQRmo0GhWFChT8A]
	at org.springframework.amqp.rabbit.listener.BlockingQueueConsumer.attemptPassiveDeclarations(BlockingQueueConsumer.java:772) ~[spring-rabbit-3.2.8.jar:3.2.8]
	at org.springframework.amqp.rabbit.listener.BlockingQueueConsumer.passiveDeclarations(BlockingQueueConsumer.java:649) ~[spring-rabbit-3.2.8.jar:3.2.8]
	at org.springframework.amqp.rabbit.listener.BlockingQueueConsumer.start(BlockingQueueConsumer.java:636) ~[spring-rabbit-3.2.8.jar:3.2.8]
	at org.springframework.amqp.rabbit.listener.SimpleMessageListenerContainer$AsyncMessageProcessingConsumer.initialize(SimpleMessageListenerContainer.java:1490) ~[spring-rabbit-3.2.8.jar:3.2.8]
	at org.springframework.amqp.rabbit.listener.SimpleMessageListenerContainer$AsyncMessageProcessingConsumer.run(SimpleMessageListenerContainer.java:1328) ~[spring-rabbit-3.2.8.jar:3.2.8]
	at java.base/java.lang.Thread.run(Thread.java:1570) ~[na:na]
Caused by: java.io.IOException: null
	at com.rabbitmq.client.impl.AMQChannel.wrap(AMQChannel.java:140) ~[amqp-client-5.25.0.jar:5.25.0]
	at com.rabbitmq.client.impl.AMQChannel.wrap(AMQChannel.java:136) ~[amqp-client-5.25.0.jar:5.25.0]
	at com.rabbitmq.client.impl.AMQChannel.exnWrappingRpc(AMQChannel.java:158) ~[amqp-client-5.25.0.jar:5.25.0]
	at com.rabbitmq.client.impl.ChannelN.queueDeclarePassive(ChannelN.java:1033) ~[amqp-client-5.25.0.jar:5.25.0]
	at com.rabbitmq.client.impl.ChannelN.queueDeclarePassive(ChannelN.java:47) ~[amqp-client-5.25.0.jar:5.25.0]
	at java.base/jdk.internal.reflect.DirectMethodHandleAccessor.invoke(DirectMethodHandleAccessor.java:103) ~[na:na]
	at java.base/java.lang.reflect.Method.invoke(Method.java:580) ~[na:na]
	at org.springframework.amqp.rabbit.connection.CachingConnectionFactory$CachedChannelInvocationHandler.invoke(CachingConnectionFactory.java:1201) ~[spring-rabbit-3.2.8.jar:3.2.8]
	at jdk.proxy2/jdk.proxy2.$Proxy173.queueDeclarePassive(Unknown Source) ~[na:na]
	at org.springframework.amqp.rabbit.listener.BlockingQueueConsumer.attemptPassiveDeclarations(BlockingQueueConsumer.java:750) ~[spring-rabbit-3.2.8.jar:3.2.8]
	... 5 common frames omitted
Caused by: com.rabbitmq.client.ShutdownSignalException: channel error; protocol method: #method<channel.close>(reply-code=404, reply-text=NOT_FOUND - no queue 'springCloudBus.anonymous.T1NSOnUWQRmo0GhWFChT8A' in vhost 'dwtkuyzt', class-id=50, method-id=10)
	at com.rabbitmq.utility.ValueOrException.getValue(ValueOrException.java:66) ~[amqp-client-5.25.0.jar:5.25.0]
	at com.rabbitmq.utility.BlockingValueOrException.uninterruptibleGetValue(BlockingValueOrException.java:36) ~[amqp-client-5.25.0.jar:5.25.0]
	at com.rabbitmq.client.impl.AMQChannel$BlockingRpcContinuation.getReply(AMQChannel.java:552) ~[amqp-client-5.25.0.jar:5.25.0]
	at com.rabbitmq.client.impl.AMQChannel.privateRpc(AMQChannel.java:316) ~[amqp-client-5.25.0.jar:5.25.0]
	at com.rabbitmq.client.impl.AMQChannel.exnWrappingRpc(AMQChannel.java:152) ~[amqp-client-5.25.0.jar:5.25.0]
	... 12 common frames omitted
Caused by: com.rabbitmq.client.ShutdownSignalException: channel error; protocol method: #method<channel.close>(reply-code=404, reply-text=NOT_FOUND - no queue 'springCloudBus.anonymous.T1NSOnUWQRmo0GhWFChT8A' in vhost 'dwtkuyzt', class-id=50, method-id=10)
	at com.rabbitmq.client.impl.ChannelN.asyncShutdown(ChannelN.java:528) ~[amqp-client-5.25.0.jar:5.25.0]
	at com.rabbitmq.client.impl.ChannelN.processAsync(ChannelN.java:349) ~[amqp-client-5.25.0.jar:5.25.0]
	at com.rabbitmq.client.impl.AMQChannel.handleCompleteInboundCommand(AMQChannel.java:193) ~[amqp-client-5.25.0.jar:5.25.0]
	at com.rabbitmq.client.impl.AMQChannel.handleFrame(AMQChannel.java:125) ~[amqp-client-5.25.0.jar:5.25.0]
	at com.rabbitmq.client.impl.AMQConnection.readFrame(AMQConnection.java:761) ~[amqp-client-5.25.0.jar:5.25.0]
	at com.rabbitmq.client.impl.AMQConnection.access$400(AMQConnection.java:48) ~[amqp-client-5.25.0.jar:5.25.0]
	at com.rabbitmq.client.impl.AMQConnection$MainLoop.run(AMQConnection.java:688) ~[amqp-client-5.25.0.jar:5.25.0]
	... 1 common frames omitted

2025-11-24T22:37:34.781+05:30  WARN 27655 --- [user-service] [springCloudBus.anonymous.T1NSOnUWQRmo0GhWFChT8A-107] [                                                 ] o.s.a.r.listener.BlockingQueueConsumer   : Failed to declare queue: springCloudBus.anonymous.T1NSOnUWQRmo0GhWFChT8A
2025-11-24T22:37:39.858+05:30 ERROR 27655 --- [user-service] [springCloudBus.anonymous.T1NSOnUWQRmo0GhWFChT8A-107] [                                                 ] o.s.a.r.l.SimpleMessageListenerContainer : Consumer threw missing queues exception, fatal=false

org.springframework.amqp.rabbit.listener.QueuesNotAvailableException: Cannot prepare queue for listener. Either the queue doesn't exist or the broker will not allow us to use it.
	at org.springframework.amqp.rabbit.listener.BlockingQueueConsumer.handleDeclarationException(BlockingQueueConsumer.java:722) ~[spring-rabbit-3.2.8.jar:3.2.8]
	at org.springframework.amqp.rabbit.listener.BlockingQueueConsumer.passiveDeclarations(BlockingQueueConsumer.java:656) ~[spring-rabbit-3.2.8.jar:3.2.8]
	at org.springframework.amqp.rabbit.listener.BlockingQueueConsumer.start(BlockingQueueConsumer.java:636) ~[spring-rabbit-3.2.8.jar:3.2.8]
	at org.springframework.amqp.rabbit.listener.SimpleMessageListenerContainer$AsyncMessageProcessingConsumer.initialize(SimpleMessageListenerContainer.java:1490) ~[spring-rabbit-3.2.8.jar:3.2.8]
	at org.springframework.amqp.rabbit.listener.SimpleMessageListenerContainer$AsyncMessageProcessingConsumer.run(SimpleMessageListenerContainer.java:1328) ~[spring-rabbit-3.2.8.jar:3.2.8]
	at java.base/java.lang.Thread.run(Thread.java:1570) ~[na:na]
Caused by: org.springframework.amqp.rabbit.listener.BlockingQueueConsumer$DeclarationException: Failed to declare queue(s):[springCloudBus.anonymous.T1NSOnUWQRmo0GhWFChT8A]
	at org.springframework.amqp.rabbit.listener.BlockingQueueConsumer.attemptPassiveDeclarations(BlockingQueueConsumer.java:772) ~[spring-rabbit-3.2.8.jar:3.2.8]
	at org.springframework.amqp.rabbit.listener.BlockingQueueConsumer.passiveDeclarations(BlockingQueueConsumer.java:649) ~[spring-rabbit-3.2.8.jar:3.2.8]
	... 4 common frames omitted
Caused by: java.io.IOException: null
	at com.rabbitmq.client.impl.AMQChannel.wrap(AMQChannel.java:140) ~[amqp-client-5.25.0.jar:5.25.0]
	at com.rabbitmq.client.impl.AMQChannel.wrap(AMQChannel.java:136) ~[amqp-client-5.25.0.jar:5.25.0]
	at com.rabbitmq.client.impl.AMQChannel.exnWrappingRpc(AMQChannel.java:158) ~[amqp-client-5.25.0.jar:5.25.0]
	at com.rabbitmq.client.impl.ChannelN.queueDeclarePassive(ChannelN.java:1033) ~[amqp-client-5.25.0.jar:5.25.0]
	at com.rabbitmq.client.impl.ChannelN.queueDeclarePassive(ChannelN.java:47) ~[amqp-client-5.25.0.jar:5.25.0]
	at java.base/jdk.internal.reflect.DirectMethodHandleAccessor.invoke(DirectMethodHandleAccessor.java:103) ~[na:na]
	at java.base/java.lang.reflect.Method.invoke(Method.java:580) ~[na:na]
	at org.springframework.amqp.rabbit.connection.CachingConnectionFactory$CachedChannelInvocationHandler.invoke(CachingConnectionFactory.java:1201) ~[spring-rabbit-3.2.8.jar:3.2.8]
	at jdk.proxy2/jdk.proxy2.$Proxy173.queueDeclarePassive(Unknown Source) ~[na:na]
	at org.springframework.amqp.rabbit.listener.BlockingQueueConsumer.attemptPassiveDeclarations(BlockingQueueConsumer.java:750) ~[spring-rabbit-3.2.8.jar:3.2.8]
	... 5 common frames omitted
Caused by: com.rabbitmq.client.ShutdownSignalException: channel error; protocol method: #method<channel.close>(reply-code=404, reply-text=NOT_FOUND - no queue 'springCloudBus.anonymous.T1NSOnUWQRmo0GhWFChT8A' in vhost 'dwtkuyzt', class-id=50, method-id=10)
	at com.rabbitmq.utility.ValueOrException.getValue(ValueOrException.java:66) ~[amqp-client-5.25.0.jar:5.25.0]
	at com.rabbitmq.utility.BlockingValueOrException.uninterruptibleGetValue(BlockingValueOrException.java:36) ~[amqp-client-5.25.0.jar:5.25.0]
	at com.rabbitmq.client.impl.AMQChannel$BlockingRpcContinuation.getReply(AMQChannel.java:552) ~[amqp-client-5.25.0.jar:5.25.0]
	at com.rabbitmq.client.impl.AMQChannel.privateRpc(AMQChannel.java:316) ~[amqp-client-5.25.0.jar:5.25.0]
	at com.rabbitmq.client.impl.AMQChannel.exnWrappingRpc(AMQChannel.java:152) ~[amqp-client-5.25.0.jar:5.25.0]
	... 12 common frames omitted
Caused by: com.rabbitmq.client.ShutdownSignalException: channel error; protocol method: #method<channel.close>(reply-code=404, reply-text=NOT_FOUND - no queue 'springCloudBus.anonymous.T1NSOnUWQRmo0GhWFChT8A' in vhost 'dwtkuyzt', class-id=50, method-id=10)
	at com.rabbitmq.client.impl.ChannelN.asyncShutdown(ChannelN.java:528) ~[amqp-client-5.25.0.jar:5.25.0]
	at com.rabbitmq.client.impl.ChannelN.processAsync(ChannelN.java:349) ~[amqp-client-5.25.0.jar:5.25.0]
	at com.rabbitmq.client.impl.AMQChannel.handleCompleteInboundCommand(AMQChannel.java:193) ~[amqp-client-5.25.0.jar:5.25.0]
	at com.rabbitmq.client.impl.AMQChannel.handleFrame(AMQChannel.java:125) ~[amqp-client-5.25.0.jar:5.25.0]
	at com.rabbitmq.client.impl.AMQConnection.readFrame(AMQConnection.java:761) ~[amqp-client-5.25.0.jar:5.25.0]
	at com.rabbitmq.client.impl.AMQConnection.access$400(AMQConnection.java:48) ~[amqp-client-5.25.0.jar:5.25.0]
	at com.rabbitmq.client.impl.AMQConnection$MainLoop.run(AMQConnection.java:688) ~[amqp-client-5.25.0.jar:5.25.0]
	... 1 common frames omitted

2025-11-24T22:37:39.871+05:30  INFO 27655 --- [user-service] [springCloudBus.anonymous.T1NSOnUWQRmo0GhWFChT8A-107] [                                                 ] o.s.a.r.l.SimpleMessageListenerContainer : Restarting Consumer@23e88f3d: tags=[[]], channel=Cached Rabbit Channel: AMQChannel(amqp://dwtkuyzt@35.153.225.39:5672/dwtkuyzt,1), conn: Proxy@b2633ea Shared Rabbit Connection: SimpleConnection@4e077605 [delegate=amqp://dwtkuyzt@35.153.225.39:5672/dwtkuyzt, localPort=61546], acknowledgeMode=AUTO local queue size=0
2025-11-24T22:37:40.948+05:30  WARN 27655 --- [user-service] [springCloudBus.anonymous.T1NSOnUWQRmo0GhWFChT8A-108] [                                                 ] o.s.a.r.listener.BlockingQueueConsumer   : Failed to declare queue: springCloudBus.anonymous.T1NSOnUWQRmo0GhWFChT8A
2025-11-24T22:37:40.948+05:30  WARN 27655 --- [user-service] [springCloudBus.anonymous.T1NSOnUWQRmo0GhWFChT8A-108] [                                                 ] o.s.a.r.listener.BlockingQueueConsumer   : Queue declaration failed; retries left=3

org.springframework.amqp.rabbit.listener.BlockingQueueConsumer$DeclarationException: Failed to declare queue(s):[springCloudBus.anonymous.T1NSOnUWQRmo0GhWFChT8A]
	at org.springframework.amqp.rabbit.listener.BlockingQueueConsumer.attemptPassiveDeclarations(BlockingQueueConsumer.java:772) ~[spring-rabbit-3.2.8.jar:3.2.8]
	at org.springframework.amqp.rabbit.listener.BlockingQueueConsumer.passiveDeclarations(BlockingQueueConsumer.java:649) ~[spring-rabbit-3.2.8.jar:3.2.8]
	at org.springframework.amqp.rabbit.listener.BlockingQueueConsumer.start(BlockingQueueConsumer.java:636) ~[spring-rabbit-3.2.8.jar:3.2.8]
	at org.springframework.amqp.rabbit.listener.SimpleMessageListenerContainer$AsyncMessageProcessingConsumer.initialize(SimpleMessageListenerContainer.java:1490) ~[spring-rabbit-3.2.8.jar:3.2.8]
	at org.springframework.amqp.rabbit.listener.SimpleMessageListenerContainer$AsyncMessageProcessingConsumer.run(SimpleMessageListenerContainer.java:1328) ~[spring-rabbit-3.2.8.jar:3.2.8]
	at java.base/java.lang.Thread.run(Thread.java:1570) ~[na:na]
Caused by: java.io.IOException: null
	at com.rabbitmq.client.impl.AMQChannel.wrap(AMQChannel.java:140) ~[amqp-client-5.25.0.jar:5.25.0]
	at com.rabbitmq.client.impl.AMQChannel.wrap(AMQChannel.java:136) ~[amqp-client-5.25.0.jar:5.25.0]
	at com.rabbitmq.client.impl.AMQChannel.exnWrappingRpc(AMQChannel.java:158) ~[amqp-client-5.25.0.jar:5.25.0]
	at com.rabbitmq.client.impl.ChannelN.queueDeclarePassive(ChannelN.java:1033) ~[amqp-client-5.25.0.jar:5.25.0]
	at com.rabbitmq.client.impl.ChannelN.queueDeclarePassive(ChannelN.java:47) ~[amqp-client-5.25.0.jar:5.25.0]
	at java.base/jdk.internal.reflect.DirectMethodHandleAccessor.invoke(DirectMethodHandleAccessor.java:103) ~[na:na]
	at java.base/java.lang.reflect.Method.invoke(Method.java:580) ~[na:na]
	at org.springframework.amqp.rabbit.connection.CachingConnectionFactory$CachedChannelInvocationHandler.invoke(CachingConnectionFactory.java:1201) ~[spring-rabbit-3.2.8.jar:3.2.8]
	at jdk.proxy2/jdk.proxy2.$Proxy173.queueDeclarePassive(Unknown Source) ~[na:na]
	at org.springframework.amqp.rabbit.listener.BlockingQueueConsumer.attemptPassiveDeclarations(BlockingQueueConsumer.java:750) ~[spring-rabbit-3.2.8.jar:3.2.8]
	... 5 common frames omitted
Caused by: com.rabbitmq.client.ShutdownSignalException: channel error; protocol method: #method<channel.close>(reply-code=404, reply-text=NOT_FOUND - no queue 'springCloudBus.anonymous.T1NSOnUWQRmo0GhWFChT8A' in vhost 'dwtkuyzt', class-id=50, method-id=10)
	at com.rabbitmq.utility.ValueOrException.getValue(ValueOrException.java:66) ~[amqp-client-5.25.0.jar:5.25.0]
	at com.rabbitmq.utility.BlockingValueOrException.uninterruptibleGetValue(BlockingValueOrException.java:36) ~[amqp-client-5.25.0.jar:5.25.0]
	at com.rabbitmq.client.impl.AMQChannel$BlockingRpcContinuation.getReply(AMQChannel.java:552) ~[amqp-client-5.25.0.jar:5.25.0]
	at com.rabbitmq.client.impl.AMQChannel.privateRpc(AMQChannel.java:316) ~[amqp-client-5.25.0.jar:5.25.0]
	at com.rabbitmq.client.impl.AMQChannel.exnWrappingRpc(AMQChannel.java:152) ~[amqp-client-5.25.0.jar:5.25.0]
	... 12 common frames omitted
Caused by: com.rabbitmq.client.ShutdownSignalException: channel error; protocol method: #method<channel.close>(reply-code=404, reply-text=NOT_FOUND - no queue 'springCloudBus.anonymous.T1NSOnUWQRmo0GhWFChT8A' in vhost 'dwtkuyzt', class-id=50, method-id=10)
	at com.rabbitmq.client.impl.ChannelN.asyncShutdown(ChannelN.java:528) ~[amqp-client-5.25.0.jar:5.25.0]
	at com.rabbitmq.client.impl.ChannelN.processAsync(ChannelN.java:349) ~[amqp-client-5.25.0.jar:5.25.0]
	at com.rabbitmq.client.impl.AMQChannel.handleCompleteInboundCommand(AMQChannel.java:193) ~[amqp-client-5.25.0.jar:5.25.0]
	at com.rabbitmq.client.impl.AMQChannel.handleFrame(AMQChannel.java:125) ~[amqp-client-5.25.0.jar:5.25.0]
	at com.rabbitmq.client.impl.AMQConnection.readFrame(AMQConnection.java:761) ~[amqp-client-5.25.0.jar:5.25.0]
	at com.rabbitmq.client.impl.AMQConnection.access$400(AMQConnection.java:48) ~[amqp-client-5.25.0.jar:5.25.0]
	at com.rabbitmq.client.impl.AMQConnection$MainLoop.run(AMQConnection.java:688) ~[amqp-client-5.25.0.jar:5.25.0]
	... 1 common frames omitted

2025-11-24T22:37:46.488+05:30  WARN 27655 --- [user-service] [springCloudBus.anonymous.T1NSOnUWQRmo0GhWFChT8A-108] [                                                 ] o.s.a.r.listener.BlockingQueueConsumer   : Failed to declare queue: springCloudBus.anonymous.T1NSOnUWQRmo0GhWFChT8A
2025-11-24T22:37:46.488+05:30  WARN 27655 --- [user-service] [springCloudBus.anonymous.T1NSOnUWQRmo0GhWFChT8A-108] [                                                 ] o.s.a.r.listener.BlockingQueueConsumer   : Queue declaration failed; retries left=2

org.springframework.amqp.rabbit.listener.BlockingQueueConsumer$DeclarationException: Failed to declare queue(s):[springCloudBus.anonymous.T1NSOnUWQRmo0GhWFChT8A]
	at org.springframework.amqp.rabbit.listener.BlockingQueueConsumer.attemptPassiveDeclarations(BlockingQueueConsumer.java:772) ~[spring-rabbit-3.2.8.jar:3.2.8]
	at org.springframework.amqp.rabbit.listener.BlockingQueueConsumer.passiveDeclarations(BlockingQueueConsumer.java:649) ~[spring-rabbit-3.2.8.jar:3.2.8]
	at org.springframework.amqp.rabbit.listener.BlockingQueueConsumer.start(BlockingQueueConsumer.java:636) ~[spring-rabbit-3.2.8.jar:3.2.8]
	at org.springframework.amqp.rabbit.listener.SimpleMessageListenerContainer$AsyncMessageProcessingConsumer.initialize(SimpleMessageListenerContainer.java:1490) ~[spring-rabbit-3.2.8.jar:3.2.8]
	at org.springframework.amqp.rabbit.listener.SimpleMessageListenerContainer$AsyncMessageProcessingConsumer.run(SimpleMessageListenerContainer.java:1328) ~[spring-rabbit-3.2.8.jar:3.2.8]
	at java.base/java.lang.Thread.run(Thread.java:1570) ~[na:na]
Caused by: java.io.IOException: null
	at com.rabbitmq.client.impl.AMQChannel.wrap(AMQChannel.java:140) ~[amqp-client-5.25.0.jar:5.25.0]
	at com.rabbitmq.client.impl.AMQChannel.wrap(AMQChannel.java:136) ~[amqp-client-5.25.0.jar:5.25.0]
	at com.rabbitmq.client.impl.AMQChannel.exnWrappingRpc(AMQChannel.java:158) ~[amqp-client-5.25.0.jar:5.25.0]
	at com.rabbitmq.client.impl.ChannelN.queueDeclarePassive(ChannelN.java:1033) ~[amqp-client-5.25.0.jar:5.25.0]
	at com.rabbitmq.client.impl.ChannelN.queueDeclarePassive(ChannelN.java:47) ~[amqp-client-5.25.0.jar:5.25.0]
	at java.base/jdk.internal.reflect.DirectMethodHandleAccessor.invoke(DirectMethodHandleAccessor.java:103) ~[na:na]
	at java.base/java.lang.reflect.Method.invoke(Method.java:580) ~[na:na]
	at org.springframework.amqp.rabbit.connection.CachingConnectionFactory$CachedChannelInvocationHandler.invoke(CachingConnectionFactory.java:1201) ~[spring-rabbit-3.2.8.jar:3.2.8]
	at jdk.proxy2/jdk.proxy2.$Proxy173.queueDeclarePassive(Unknown Source) ~[na:na]
	at org.springframework.amqp.rabbit.listener.BlockingQueueConsumer.attemptPassiveDeclarations(BlockingQueueConsumer.java:750) ~[spring-rabbit-3.2.8.jar:3.2.8]
	... 5 common frames omitted
Caused by: com.rabbitmq.client.ShutdownSignalException: channel error; protocol method: #method<channel.close>(reply-code=404, reply-text=NOT_FOUND - no queue 'springCloudBus.anonymous.T1NSOnUWQRmo0GhWFChT8A' in vhost 'dwtkuyzt', class-id=50, method-id=10)
	at com.rabbitmq.utility.ValueOrException.getValue(ValueOrException.java:66) ~[amqp-client-5.25.0.jar:5.25.0]
	at com.rabbitmq.utility.BlockingValueOrException.uninterruptibleGetValue(BlockingValueOrException.java:36) ~[amqp-client-5.25.0.jar:5.25.0]
	at com.rabbitmq.client.impl.AMQChannel$BlockingRpcContinuation.getReply(AMQChannel.java:552) ~[amqp-client-5.25.0.jar:5.25.0]
	at com.rabbitmq.client.impl.AMQChannel.privateRpc(AMQChannel.java:316) ~[amqp-client-5.25.0.jar:5.25.0]
	at com.rabbitmq.client.impl.AMQChannel.exnWrappingRpc(AMQChannel.java:152) ~[amqp-client-5.25.0.jar:5.25.0]
	... 12 common frames omitted
Caused by: com.rabbitmq.client.ShutdownSignalException: channel error; protocol method: #method<channel.close>(reply-code=404, reply-text=NOT_FOUND - no queue 'springCloudBus.anonymous.T1NSOnUWQRmo0GhWFChT8A' in vhost 'dwtkuyzt', class-id=50, method-id=10)
	at com.rabbitmq.client.impl.ChannelN.asyncShutdown(ChannelN.java:528) ~[amqp-client-5.25.0.jar:5.25.0]
	at com.rabbitmq.client.impl.ChannelN.processAsync(ChannelN.java:349) ~[amqp-client-5.25.0.jar:5.25.0]
	at com.rabbitmq.client.impl.AMQChannel.handleCompleteInboundCommand(AMQChannel.java:193) ~[amqp-client-5.25.0.jar:5.25.0]
	at com.rabbitmq.client.impl.AMQChannel.handleFrame(AMQChannel.java:125) ~[amqp-client-5.25.0.jar:5.25.0]
	at com.rabbitmq.client.impl.AMQConnection.readFrame(AMQConnection.java:761) ~[amqp-client-5.25.0.jar:5.25.0]
	at com.rabbitmq.client.impl.AMQConnection.access$400(AMQConnection.java:48) ~[amqp-client-5.25.0.jar:5.25.0]
	at com.rabbitmq.client.impl.AMQConnection$MainLoop.run(AMQConnection.java:688) ~[amqp-client-5.25.0.jar:5.25.0]
	... 1 common frames omitted

2025-11-24T22:37:52.031+05:30  WARN 27655 --- [user-service] [springCloudBus.anonymous.T1NSOnUWQRmo0GhWFChT8A-108] [                                                 ] o.s.a.r.listener.BlockingQueueConsumer   : Failed to declare queue: springCloudBus.anonymous.T1NSOnUWQRmo0GhWFChT8A
2025-11-24T22:37:52.031+05:30  WARN 27655 --- [user-service] [springCloudBus.anonymous.T1NSOnUWQRmo0GhWFChT8A-108] [                                                 ] o.s.a.r.listener.BlockingQueueConsumer   : Queue declaration failed; retries left=1

org.springframework.amqp.rabbit.listener.BlockingQueueConsumer$DeclarationException: Failed to declare queue(s):[springCloudBus.anonymous.T1NSOnUWQRmo0GhWFChT8A]
	at org.springframework.amqp.rabbit.listener.BlockingQueueConsumer.attemptPassiveDeclarations(BlockingQueueConsumer.java:772) ~[spring-rabbit-3.2.8.jar:3.2.8]
	at org.springframework.amqp.rabbit.listener.BlockingQueueConsumer.passiveDeclarations(BlockingQueueConsumer.java:649) ~[spring-rabbit-3.2.8.jar:3.2.8]
	at org.springframework.amqp.rabbit.listener.BlockingQueueConsumer.start(BlockingQueueConsumer.java:636) ~[spring-rabbit-3.2.8.jar:3.2.8]
	at org.springframework.amqp.rabbit.listener.SimpleMessageListenerContainer$AsyncMessageProcessingConsumer.initialize(SimpleMessageListenerContainer.java:1490) ~[spring-rabbit-3.2.8.jar:3.2.8]
	at org.springframework.amqp.rabbit.listener.SimpleMessageListenerContainer$AsyncMessageProcessingConsumer.run(SimpleMessageListenerContainer.java:1328) ~[spring-rabbit-3.2.8.jar:3.2.8]
	at java.base/java.lang.Thread.run(Thread.java:1570) ~[na:na]
Caused by: java.io.IOException: null
	at com.rabbitmq.client.impl.AMQChannel.wrap(AMQChannel.java:140) ~[amqp-client-5.25.0.jar:5.25.0]
	at com.rabbitmq.client.impl.AMQChannel.wrap(AMQChannel.java:136) ~[amqp-client-5.25.0.jar:5.25.0]
	at com.rabbitmq.client.impl.AMQChannel.exnWrappingRpc(AMQChannel.java:158) ~[amqp-client-5.25.0.jar:5.25.0]
	at com.rabbitmq.client.impl.ChannelN.queueDeclarePassive(ChannelN.java:1033) ~[amqp-client-5.25.0.jar:5.25.0]
	at com.rabbitmq.client.impl.ChannelN.queueDeclarePassive(ChannelN.java:47) ~[amqp-client-5.25.0.jar:5.25.0]
	at java.base/jdk.internal.reflect.DirectMethodHandleAccessor.invoke(DirectMethodHandleAccessor.java:103) ~[na:na]
	at java.base/java.lang.reflect.Method.invoke(Method.java:580) ~[na:na]
	at org.springframework.amqp.rabbit.connection.CachingConnectionFactory$CachedChannelInvocationHandler.invoke(CachingConnectionFactory.java:1201) ~[spring-rabbit-3.2.8.jar:3.2.8]
	at jdk.proxy2/jdk.proxy2.$Proxy173.queueDeclarePassive(Unknown Source) ~[na:na]
	at org.springframework.amqp.rabbit.listener.BlockingQueueConsumer.attemptPassiveDeclarations(BlockingQueueConsumer.java:750) ~[spring-rabbit-3.2.8.jar:3.2.8]
	... 5 common frames omitted
Caused by: com.rabbitmq.client.ShutdownSignalException: channel error; protocol method: #method<channel.close>(reply-code=404, reply-text=NOT_FOUND - no queue 'springCloudBus.anonymous.T1NSOnUWQRmo0GhWFChT8A' in vhost 'dwtkuyzt', class-id=50, method-id=10)
	at com.rabbitmq.utility.ValueOrException.getValue(ValueOrException.java:66) ~[amqp-client-5.25.0.jar:5.25.0]
	at com.rabbitmq.utility.BlockingValueOrException.uninterruptibleGetValue(BlockingValueOrException.java:36) ~[amqp-client-5.25.0.jar:5.25.0]
	at com.rabbitmq.client.impl.AMQChannel$BlockingRpcContinuation.getReply(AMQChannel.java:552) ~[amqp-client-5.25.0.jar:5.25.0]
	at com.rabbitmq.client.impl.AMQChannel.privateRpc(AMQChannel.java:316) ~[amqp-client-5.25.0.jar:5.25.0]
	at com.rabbitmq.client.impl.AMQChannel.exnWrappingRpc(AMQChannel.java:152) ~[amqp-client-5.25.0.jar:5.25.0]
	... 12 common frames omitted
Caused by: com.rabbitmq.client.ShutdownSignalException: channel error; protocol method: #method<channel.close>(reply-code=404, reply-text=NOT_FOUND - no queue 'springCloudBus.anonymous.T1NSOnUWQRmo0GhWFChT8A' in vhost 'dwtkuyzt', class-id=50, method-id=10)
	at com.rabbitmq.client.impl.ChannelN.asyncShutdown(ChannelN.java:528) ~[amqp-client-5.25.0.jar:5.25.0]
	at com.rabbitmq.client.impl.ChannelN.processAsync(ChannelN.java:349) ~[amqp-client-5.25.0.jar:5.25.0]
	at com.rabbitmq.client.impl.AMQChannel.handleCompleteInboundCommand(AMQChannel.java:193) ~[amqp-client-5.25.0.jar:5.25.0]
	at com.rabbitmq.client.impl.AMQChannel.handleFrame(AMQChannel.java:125) ~[amqp-client-5.25.0.jar:5.25.0]
	at com.rabbitmq.client.impl.AMQConnection.readFrame(AMQConnection.java:761) ~[amqp-client-5.25.0.jar:5.25.0]
	at com.rabbitmq.client.impl.AMQConnection.access$400(AMQConnection.java:48) ~[amqp-client-5.25.0.jar:5.25.0]
	at com.rabbitmq.client.impl.AMQConnection$MainLoop.run(AMQConnection.java:688) ~[amqp-client-5.25.0.jar:5.25.0]
	... 1 common frames omitted

2025-11-24T22:37:57.576+05:30  WARN 27655 --- [user-service] [springCloudBus.anonymous.T1NSOnUWQRmo0GhWFChT8A-108] [                                                 ] o.s.a.r.listener.BlockingQueueConsumer   : Failed to declare queue: springCloudBus.anonymous.T1NSOnUWQRmo0GhWFChT8A
2025-11-24T22:38:02.655+05:30 ERROR 27655 --- [user-service] [springCloudBus.anonymous.T1NSOnUWQRmo0GhWFChT8A-108] [                                                 ] o.s.a.r.l.SimpleMessageListenerContainer : Consumer threw missing queues exception, fatal=false

org.springframework.amqp.rabbit.listener.QueuesNotAvailableException: Cannot prepare queue for listener. Either the queue doesn't exist or the broker will not allow us to use it.
	at org.springframework.amqp.rabbit.listener.BlockingQueueConsumer.handleDeclarationException(BlockingQueueConsumer.java:722) ~[spring-rabbit-3.2.8.jar:3.2.8]
	at org.springframework.amqp.rabbit.listener.BlockingQueueConsumer.passiveDeclarations(BlockingQueueConsumer.java:656) ~[spring-rabbit-3.2.8.jar:3.2.8]
	at org.springframework.amqp.rabbit.listener.BlockingQueueConsumer.start(BlockingQueueConsumer.java:636) ~[spring-rabbit-3.2.8.jar:3.2.8]
	at org.springframework.amqp.rabbit.listener.SimpleMessageListenerContainer$AsyncMessageProcessingConsumer.initialize(SimpleMessageListenerContainer.java:1490) ~[spring-rabbit-3.2.8.jar:3.2.8]
	at org.springframework.amqp.rabbit.listener.SimpleMessageListenerContainer$AsyncMessageProcessingConsumer.run(SimpleMessageListenerContainer.java:1328) ~[spring-rabbit-3.2.8.jar:3.2.8]
	at java.base/java.lang.Thread.run(Thread.java:1570) ~[na:na]
Caused by: org.springframework.amqp.rabbit.listener.BlockingQueueConsumer$DeclarationException: Failed to declare queue(s):[springCloudBus.anonymous.T1NSOnUWQRmo0GhWFChT8A]
	at org.springframework.amqp.rabbit.listener.BlockingQueueConsumer.attemptPassiveDeclarations(BlockingQueueConsumer.java:772) ~[spring-rabbit-3.2.8.jar:3.2.8]
	at org.springframework.amqp.rabbit.listener.BlockingQueueConsumer.passiveDeclarations(BlockingQueueConsumer.java:649) ~[spring-rabbit-3.2.8.jar:3.2.8]
	... 4 common frames omitted
Caused by: java.io.IOException: null
	at com.rabbitmq.client.impl.AMQChannel.wrap(AMQChannel.java:140) ~[amqp-client-5.25.0.jar:5.25.0]
	at com.rabbitmq.client.impl.AMQChannel.wrap(AMQChannel.java:136) ~[amqp-client-5.25.0.jar:5.25.0]
	at com.rabbitmq.client.impl.AMQChannel.exnWrappingRpc(AMQChannel.java:158) ~[amqp-client-5.25.0.jar:5.25.0]
	at com.rabbitmq.client.impl.ChannelN.queueDeclarePassive(ChannelN.java:1033) ~[amqp-client-5.25.0.jar:5.25.0]
	at com.rabbitmq.client.impl.ChannelN.queueDeclarePassive(ChannelN.java:47) ~[amqp-client-5.25.0.jar:5.25.0]
	at java.base/jdk.internal.reflect.DirectMethodHandleAccessor.invoke(DirectMethodHandleAccessor.java:103) ~[na:na]
	at java.base/java.lang.reflect.Method.invoke(Method.java:580) ~[na:na]
	at org.springframework.amqp.rabbit.connection.CachingConnectionFactory$CachedChannelInvocationHandler.invoke(CachingConnectionFactory.java:1201) ~[spring-rabbit-3.2.8.jar:3.2.8]
	at jdk.proxy2/jdk.proxy2.$Proxy173.queueDeclarePassive(Unknown Source) ~[na:na]
	at org.springframework.amqp.rabbit.listener.BlockingQueueConsumer.attemptPassiveDeclarations(BlockingQueueConsumer.java:750) ~[spring-rabbit-3.2.8.jar:3.2.8]
	... 5 common frames omitted
Caused by: com.rabbitmq.client.ShutdownSignalException: channel error; protocol method: #method<channel.close>(reply-code=404, reply-text=NOT_FOUND - no queue 'springCloudBus.anonymous.T1NSOnUWQRmo0GhWFChT8A' in vhost 'dwtkuyzt', class-id=50, method-id=10)
	at com.rabbitmq.utility.ValueOrException.getValue(ValueOrException.java:66) ~[amqp-client-5.25.0.jar:5.25.0]
	at com.rabbitmq.utility.BlockingValueOrException.uninterruptibleGetValue(BlockingValueOrException.java:36) ~[amqp-client-5.25.0.jar:5.25.0]
	at com.rabbitmq.client.impl.AMQChannel$BlockingRpcContinuation.getReply(AMQChannel.java:552) ~[amqp-client-5.25.0.jar:5.25.0]
	at com.rabbitmq.client.impl.AMQChannel.privateRpc(AMQChannel.java:316) ~[amqp-client-5.25.0.jar:5.25.0]
	at com.rabbitmq.client.impl.AMQChannel.exnWrappingRpc(AMQChannel.java:152) ~[amqp-client-5.25.0.jar:5.25.0]
	... 12 common frames omitted
Caused by: com.rabbitmq.client.ShutdownSignalException: channel error; protocol method: #method<channel.close>(reply-code=404, reply-text=NOT_FOUND - no queue 'springCloudBus.anonymous.T1NSOnUWQRmo0GhWFChT8A' in vhost 'dwtkuyzt', class-id=50, method-id=10)
	at com.rabbitmq.client.impl.ChannelN.asyncShutdown(ChannelN.java:528) ~[amqp-client-5.25.0.jar:5.25.0]
	at com.rabbitmq.client.impl.ChannelN.processAsync(ChannelN.java:349) ~[amqp-client-5.25.0.jar:5.25.0]
	at com.rabbitmq.client.impl.AMQChannel.handleCompleteInboundCommand(AMQChannel.java:193) ~[amqp-client-5.25.0.jar:5.25.0]
	at com.rabbitmq.client.impl.AMQChannel.handleFrame(AMQChannel.java:125) ~[amqp-client-5.25.0.jar:5.25.0]
	at com.rabbitmq.client.impl.AMQConnection.readFrame(AMQConnection.java:761) ~[amqp-client-5.25.0.jar:5.25.0]
	at com.rabbitmq.client.impl.AMQConnection.access$400(AMQConnection.java:48) ~[amqp-client-5.25.0.jar:5.25.0]
	at com.rabbitmq.client.impl.AMQConnection$MainLoop.run(AMQConnection.java:688) ~[amqp-client-5.25.0.jar:5.25.0]
	... 1 common frames omitted

2025-11-24T22:38:02.658+05:30  INFO 27655 --- [user-service] [springCloudBus.anonymous.T1NSOnUWQRmo0GhWFChT8A-108] [                                                 ] o.s.a.r.l.SimpleMessageListenerContainer : Restarting Consumer@61be4bff: tags=[[]], channel=Cached Rabbit Channel: AMQChannel(amqp://dwtkuyzt@35.153.225.39:5672/dwtkuyzt,1), conn: Proxy@b2633ea Shared Rabbit Connection: SimpleConnection@4e077605 [delegate=amqp://dwtkuyzt@35.153.225.39:5672/dwtkuyzt, localPort=61546], acknowledgeMode=AUTO local queue size=0
2025-11-24T22:38:03.744+05:30  WARN 27655 --- [user-service] [springCloudBus.anonymous.T1NSOnUWQRmo0GhWFChT8A-109] [                                                 ] o.s.a.r.listener.BlockingQueueConsumer   : Failed to declare queue: springCloudBus.anonymous.T1NSOnUWQRmo0GhWFChT8A
2025-11-24T22:38:03.745+05:30  WARN 27655 --- [user-service] [springCloudBus.anonymous.T1NSOnUWQRmo0GhWFChT8A-109] [                                                 ] o.s.a.r.listener.BlockingQueueConsumer   : Queue declaration failed; retries left=3

org.springframework.amqp.rabbit.listener.BlockingQueueConsumer$DeclarationException: Failed to declare queue(s):[springCloudBus.anonymous.T1NSOnUWQRmo0GhWFChT8A]
	at org.springframework.amqp.rabbit.listener.BlockingQueueConsumer.attemptPassiveDeclarations(BlockingQueueConsumer.java:772) ~[spring-rabbit-3.2.8.jar:3.2.8]
	at org.springframework.amqp.rabbit.listener.BlockingQueueConsumer.passiveDeclarations(BlockingQueueConsumer.java:649) ~[spring-rabbit-3.2.8.jar:3.2.8]
	at org.springframework.amqp.rabbit.listener.BlockingQueueConsumer.start(BlockingQueueConsumer.java:636) ~[spring-rabbit-3.2.8.jar:3.2.8]
	at org.springframework.amqp.rabbit.listener.SimpleMessageListenerContainer$AsyncMessageProcessingConsumer.initialize(SimpleMessageListenerContainer.java:1490) ~[spring-rabbit-3.2.8.jar:3.2.8]
	at org.springframework.amqp.rabbit.listener.SimpleMessageListenerContainer$AsyncMessageProcessingConsumer.run(SimpleMessageListenerContainer.java:1328) ~[spring-rabbit-3.2.8.jar:3.2.8]
	at java.base/java.lang.Thread.run(Thread.java:1570) ~[na:na]
Caused by: java.io.IOException: null
	at com.rabbitmq.client.impl.AMQChannel.wrap(AMQChannel.java:140) ~[amqp-client-5.25.0.jar:5.25.0]
	at com.rabbitmq.client.impl.AMQChannel.wrap(AMQChannel.java:136) ~[amqp-client-5.25.0.jar:5.25.0]
	at com.rabbitmq.client.impl.AMQChannel.exnWrappingRpc(AMQChannel.java:158) ~[amqp-client-5.25.0.jar:5.25.0]
	at com.rabbitmq.client.impl.ChannelN.queueDeclarePassive(ChannelN.java:1033) ~[amqp-client-5.25.0.jar:5.25.0]
	at com.rabbitmq.client.impl.ChannelN.queueDeclarePassive(ChannelN.java:47) ~[amqp-client-5.25.0.jar:5.25.0]
	at java.base/jdk.internal.reflect.DirectMethodHandleAccessor.invoke(DirectMethodHandleAccessor.java:103) ~[na:na]
	at java.base/java.lang.reflect.Method.invoke(Method.java:580) ~[na:na]
	at org.springframework.amqp.rabbit.connection.CachingConnectionFactory$CachedChannelInvocationHandler.invoke(CachingConnectionFactory.java:1201) ~[spring-rabbit-3.2.8.jar:3.2.8]
	at jdk.proxy2/jdk.proxy2.$Proxy173.queueDeclarePassive(Unknown Source) ~[na:na]
	at org.springframework.amqp.rabbit.listener.BlockingQueueConsumer.attemptPassiveDeclarations(BlockingQueueConsumer.java:750) ~[spring-rabbit-3.2.8.jar:3.2.8]
	... 5 common frames omitted
Caused by: com.rabbitmq.client.ShutdownSignalException: channel error; protocol method: #method<channel.close>(reply-code=404, reply-text=NOT_FOUND - no queue 'springCloudBus.anonymous.T1NSOnUWQRmo0GhWFChT8A' in vhost 'dwtkuyzt', class-id=50, method-id=10)
	at com.rabbitmq.utility.ValueOrException.getValue(ValueOrException.java:66) ~[amqp-client-5.25.0.jar:5.25.0]
	at com.rabbitmq.utility.BlockingValueOrException.uninterruptibleGetValue(BlockingValueOrException.java:36) ~[amqp-client-5.25.0.jar:5.25.0]
	at com.rabbitmq.client.impl.AMQChannel$BlockingRpcContinuation.getReply(AMQChannel.java:552) ~[amqp-client-5.25.0.jar:5.25.0]
	at com.rabbitmq.client.impl.AMQChannel.privateRpc(AMQChannel.java:316) ~[amqp-client-5.25.0.jar:5.25.0]
	at com.rabbitmq.client.impl.AMQChannel.exnWrappingRpc(AMQChannel.java:152) ~[amqp-client-5.25.0.jar:5.25.0]
	... 12 common frames omitted
Caused by: com.rabbitmq.client.ShutdownSignalException: channel error; protocol method: #method<channel.close>(reply-code=404, reply-text=NOT_FOUND - no queue 'springCloudBus.anonymous.T1NSOnUWQRmo0GhWFChT8A' in vhost 'dwtkuyzt', class-id=50, method-id=10)
	at com.rabbitmq.client.impl.ChannelN.asyncShutdown(ChannelN.java:528) ~[amqp-client-5.25.0.jar:5.25.0]
	at com.rabbitmq.client.impl.ChannelN.processAsync(ChannelN.java:349) ~[amqp-client-5.25.0.jar:5.25.0]
	at com.rabbitmq.client.impl.AMQChannel.handleCompleteInboundCommand(AMQChannel.java:193) ~[amqp-client-5.25.0.jar:5.25.0]
	at com.rabbitmq.client.impl.AMQChannel.handleFrame(AMQChannel.java:125) ~[amqp-client-5.25.0.jar:5.25.0]
	at com.rabbitmq.client.impl.AMQConnection.readFrame(AMQConnection.java:761) ~[amqp-client-5.25.0.jar:5.25.0]
	at com.rabbitmq.client.impl.AMQConnection.access$400(AMQConnection.java:48) ~[amqp-client-5.25.0.jar:5.25.0]
	at com.rabbitmq.client.impl.AMQConnection$MainLoop.run(AMQConnection.java:688) ~[amqp-client-5.25.0.jar:5.25.0]
	... 1 common frames omitted

2025-11-24T22:38:09.291+05:30  WARN 27655 --- [user-service] [springCloudBus.anonymous.T1NSOnUWQRmo0GhWFChT8A-109] [                                                 ] o.s.a.r.listener.BlockingQueueConsumer   : Failed to declare queue: springCloudBus.anonymous.T1NSOnUWQRmo0GhWFChT8A
2025-11-24T22:38:09.292+05:30  WARN 27655 --- [user-service] [springCloudBus.anonymous.T1NSOnUWQRmo0GhWFChT8A-109] [                                                 ] o.s.a.r.listener.BlockingQueueConsumer   : Queue declaration failed; retries left=2

org.springframework.amqp.rabbit.listener.BlockingQueueConsumer$DeclarationException: Failed to declare queue(s):[springCloudBus.anonymous.T1NSOnUWQRmo0GhWFChT8A]
	at org.springframework.amqp.rabbit.listener.BlockingQueueConsumer.attemptPassiveDeclarations(BlockingQueueConsumer.java:772) ~[spring-rabbit-3.2.8.jar:3.2.8]
	at org.springframework.amqp.rabbit.listener.BlockingQueueConsumer.passiveDeclarations(BlockingQueueConsumer.java:649) ~[spring-rabbit-3.2.8.jar:3.2.8]
	at org.springframework.amqp.rabbit.listener.BlockingQueueConsumer.start(BlockingQueueConsumer.java:636) ~[spring-rabbit-3.2.8.jar:3.2.8]
	at org.springframework.amqp.rabbit.listener.SimpleMessageListenerContainer$AsyncMessageProcessingConsumer.initialize(SimpleMessageListenerContainer.java:1490) ~[spring-rabbit-3.2.8.jar:3.2.8]
	at org.springframework.amqp.rabbit.listener.SimpleMessageListenerContainer$AsyncMessageProcessingConsumer.run(SimpleMessageListenerContainer.java:1328) ~[spring-rabbit-3.2.8.jar:3.2.8]
	at java.base/java.lang.Thread.run(Thread.java:1570) ~[na:na]
Caused by: java.io.IOException: null
	at com.rabbitmq.client.impl.AMQChannel.wrap(AMQChannel.java:140) ~[amqp-client-5.25.0.jar:5.25.0]
	at com.rabbitmq.client.impl.AMQChannel.wrap(AMQChannel.java:136) ~[amqp-client-5.25.0.jar:5.25.0]
	at com.rabbitmq.client.impl.AMQChannel.exnWrappingRpc(AMQChannel.java:158) ~[amqp-client-5.25.0.jar:5.25.0]
	at com.rabbitmq.client.impl.ChannelN.queueDeclarePassive(ChannelN.java:1033) ~[amqp-client-5.25.0.jar:5.25.0]
	at com.rabbitmq.client.impl.ChannelN.queueDeclarePassive(ChannelN.java:47) ~[amqp-client-5.25.0.jar:5.25.0]
	at java.base/jdk.internal.reflect.DirectMethodHandleAccessor.invoke(DirectMethodHandleAccessor.java:103) ~[na:na]
	at java.base/java.lang.reflect.Method.invoke(Method.java:580) ~[na:na]
	at org.springframework.amqp.rabbit.connection.CachingConnectionFactory$CachedChannelInvocationHandler.invoke(CachingConnectionFactory.java:1201) ~[spring-rabbit-3.2.8.jar:3.2.8]
	at jdk.proxy2/jdk.proxy2.$Proxy173.queueDeclarePassive(Unknown Source) ~[na:na]
	at org.springframework.amqp.rabbit.listener.BlockingQueueConsumer.attemptPassiveDeclarations(BlockingQueueConsumer.java:750) ~[spring-rabbit-3.2.8.jar:3.2.8]
	... 5 common frames omitted
Caused by: com.rabbitmq.client.ShutdownSignalException: channel error; protocol method: #method<channel.close>(reply-code=404, reply-text=NOT_FOUND - no queue 'springCloudBus.anonymous.T1NSOnUWQRmo0GhWFChT8A' in vhost 'dwtkuyzt', class-id=50, method-id=10)
	at com.rabbitmq.utility.ValueOrException.getValue(ValueOrException.java:66) ~[amqp-client-5.25.0.jar:5.25.0]
	at com.rabbitmq.utility.BlockingValueOrException.uninterruptibleGetValue(BlockingValueOrException.java:36) ~[amqp-client-5.25.0.jar:5.25.0]
	at com.rabbitmq.client.impl.AMQChannel$BlockingRpcContinuation.getReply(AMQChannel.java:552) ~[amqp-client-5.25.0.jar:5.25.0]
	at com.rabbitmq.client.impl.AMQChannel.privateRpc(AMQChannel.java:316) ~[amqp-client-5.25.0.jar:5.25.0]
	at com.rabbitmq.client.impl.AMQChannel.exnWrappingRpc(AMQChannel.java:152) ~[amqp-client-5.25.0.jar:5.25.0]
	... 12 common frames omitted
Caused by: com.rabbitmq.client.ShutdownSignalException: channel error; protocol method: #method<channel.close>(reply-code=404, reply-text=NOT_FOUND - no queue 'springCloudBus.anonymous.T1NSOnUWQRmo0GhWFChT8A' in vhost 'dwtkuyzt', class-id=50, method-id=10)
	at com.rabbitmq.client.impl.ChannelN.asyncShutdown(ChannelN.java:528) ~[amqp-client-5.25.0.jar:5.25.0]
	at com.rabbitmq.client.impl.ChannelN.processAsync(ChannelN.java:349) ~[amqp-client-5.25.0.jar:5.25.0]
	at com.rabbitmq.client.impl.AMQChannel.handleCompleteInboundCommand(AMQChannel.java:193) ~[amqp-client-5.25.0.jar:5.25.0]
	at com.rabbitmq.client.impl.AMQChannel.handleFrame(AMQChannel.java:125) ~[amqp-client-5.25.0.jar:5.25.0]
	at com.rabbitmq.client.impl.AMQConnection.readFrame(AMQConnection.java:761) ~[amqp-client-5.25.0.jar:5.25.0]
	at com.rabbitmq.client.impl.AMQConnection.access$400(AMQConnection.java:48) ~[amqp-client-5.25.0.jar:5.25.0]
	at com.rabbitmq.client.impl.AMQConnection$MainLoop.run(AMQConnection.java:688) ~[amqp-client-5.25.0.jar:5.25.0]
	... 1 common frames omitted

2025-11-24T22:38:14.842+05:30  WARN 27655 --- [user-service] [springCloudBus.anonymous.T1NSOnUWQRmo0GhWFChT8A-109] [                                                 ] o.s.a.r.listener.BlockingQueueConsumer   : Failed to declare queue: springCloudBus.anonymous.T1NSOnUWQRmo0GhWFChT8A
2025-11-24T22:38:14.842+05:30  WARN 27655 --- [user-service] [springCloudBus.anonymous.T1NSOnUWQRmo0GhWFChT8A-109] [                                                 ] o.s.a.r.listener.BlockingQueueConsumer   : Queue declaration failed; retries left=1

org.springframework.amqp.rabbit.listener.BlockingQueueConsumer$DeclarationException: Failed to declare queue(s):[springCloudBus.anonymous.T1NSOnUWQRmo0GhWFChT8A]
	at org.springframework.amqp.rabbit.listener.BlockingQueueConsumer.attemptPassiveDeclarations(BlockingQueueConsumer.java:772) ~[spring-rabbit-3.2.8.jar:3.2.8]
	at org.springframework.amqp.rabbit.listener.BlockingQueueConsumer.passiveDeclarations(BlockingQueueConsumer.java:649) ~[spring-rabbit-3.2.8.jar:3.2.8]
	at org.springframework.amqp.rabbit.listener.BlockingQueueConsumer.start(BlockingQueueConsumer.java:636) ~[spring-rabbit-3.2.8.jar:3.2.8]
	at org.springframework.amqp.rabbit.listener.SimpleMessageListenerContainer$AsyncMessageProcessingConsumer.initialize(SimpleMessageListenerContainer.java:1490) ~[spring-rabbit-3.2.8.jar:3.2.8]
	at org.springframework.amqp.rabbit.listener.SimpleMessageListenerContainer$AsyncMessageProcessingConsumer.run(SimpleMessageListenerContainer.java:1328) ~[spring-rabbit-3.2.8.jar:3.2.8]
	at java.base/java.lang.Thread.run(Thread.java:1570) ~[na:na]
Caused by: java.io.IOException: null
	at com.rabbitmq.client.impl.AMQChannel.wrap(AMQChannel.java:140) ~[amqp-client-5.25.0.jar:5.25.0]
	at com.rabbitmq.client.impl.AMQChannel.wrap(AMQChannel.java:136) ~[amqp-client-5.25.0.jar:5.25.0]
	at com.rabbitmq.client.impl.AMQChannel.exnWrappingRpc(AMQChannel.java:158) ~[amqp-client-5.25.0.jar:5.25.0]
	at com.rabbitmq.client.impl.ChannelN.queueDeclarePassive(ChannelN.java:1033) ~[amqp-client-5.25.0.jar:5.25.0]
	at com.rabbitmq.client.impl.ChannelN.queueDeclarePassive(ChannelN.java:47) ~[amqp-client-5.25.0.jar:5.25.0]
	at java.base/jdk.internal.reflect.DirectMethodHandleAccessor.invoke(DirectMethodHandleAccessor.java:103) ~[na:na]
	at java.base/java.lang.reflect.Method.invoke(Method.java:580) ~[na:na]
	at org.springframework.amqp.rabbit.connection.CachingConnectionFactory$CachedChannelInvocationHandler.invoke(CachingConnectionFactory.java:1201) ~[spring-rabbit-3.2.8.jar:3.2.8]
	at jdk.proxy2/jdk.proxy2.$Proxy173.queueDeclarePassive(Unknown Source) ~[na:na]
	at org.springframework.amqp.rabbit.listener.BlockingQueueConsumer.attemptPassiveDeclarations(BlockingQueueConsumer.java:750) ~[spring-rabbit-3.2.8.jar:3.2.8]
	... 5 common frames omitted
Caused by: com.rabbitmq.client.ShutdownSignalException: channel error; protocol method: #method<channel.close>(reply-code=404, reply-text=NOT_FOUND - no queue 'springCloudBus.anonymous.T1NSOnUWQRmo0GhWFChT8A' in vhost 'dwtkuyzt', class-id=50, method-id=10)
	at com.rabbitmq.utility.ValueOrException.getValue(ValueOrException.java:66) ~[amqp-client-5.25.0.jar:5.25.0]
	at com.rabbitmq.utility.BlockingValueOrException.uninterruptibleGetValue(BlockingValueOrException.java:36) ~[amqp-client-5.25.0.jar:5.25.0]
	at com.rabbitmq.client.impl.AMQChannel$BlockingRpcContinuation.getReply(AMQChannel.java:552) ~[amqp-client-5.25.0.jar:5.25.0]
	at com.rabbitmq.client.impl.AMQChannel.privateRpc(AMQChannel.java:316) ~[amqp-client-5.25.0.jar:5.25.0]
	at com.rabbitmq.client.impl.AMQChannel.exnWrappingRpc(AMQChannel.java:152) ~[amqp-client-5.25.0.jar:5.25.0]
	... 12 common frames omitted
Caused by: com.rabbitmq.client.ShutdownSignalException: channel error; protocol method: #method<channel.close>(reply-code=404, reply-text=NOT_FOUND - no queue 'springCloudBus.anonymous.T1NSOnUWQRmo0GhWFChT8A' in vhost 'dwtkuyzt', class-id=50, method-id=10)
	at com.rabbitmq.client.impl.ChannelN.asyncShutdown(ChannelN.java:528) ~[amqp-client-5.25.0.jar:5.25.0]
	at com.rabbitmq.client.impl.ChannelN.processAsync(ChannelN.java:349) ~[amqp-client-5.25.0.jar:5.25.0]
	at com.rabbitmq.client.impl.AMQChannel.handleCompleteInboundCommand(AMQChannel.java:193) ~[amqp-client-5.25.0.jar:5.25.0]
	at com.rabbitmq.client.impl.AMQChannel.handleFrame(AMQChannel.java:125) ~[amqp-client-5.25.0.jar:5.25.0]
	at com.rabbitmq.client.impl.AMQConnection.readFrame(AMQConnection.java:761) ~[amqp-client-5.25.0.jar:5.25.0]
	at com.rabbitmq.client.impl.AMQConnection.access$400(AMQConnection.java:48) ~[amqp-client-5.25.0.jar:5.25.0]
	at com.rabbitmq.client.impl.AMQConnection$MainLoop.run(AMQConnection.java:688) ~[amqp-client-5.25.0.jar:5.25.0]
	... 1 common frames omitted

2025-11-24T22:38:20.385+05:30  WARN 27655 --- [user-service] [springCloudBus.anonymous.T1NSOnUWQRmo0GhWFChT8A-109] [                                                 ] o.s.a.r.listener.BlockingQueueConsumer   : Failed to declare queue: springCloudBus.anonymous.T1NSOnUWQRmo0GhWFChT8A
2025-11-24T22:38:25.469+05:30 ERROR 27655 --- [user-service] [springCloudBus.anonymous.T1NSOnUWQRmo0GhWFChT8A-109] [                                                 ] o.s.a.r.l.SimpleMessageListenerContainer : Consumer threw missing queues exception, fatal=false

org.springframework.amqp.rabbit.listener.QueuesNotAvailableException: Cannot prepare queue for listener. Either the queue doesn't exist or the broker will not allow us to use it.
	at org.springframework.amqp.rabbit.listener.BlockingQueueConsumer.handleDeclarationException(BlockingQueueConsumer.java:722) ~[spring-rabbit-3.2.8.jar:3.2.8]
	at org.springframework.amqp.rabbit.listener.BlockingQueueConsumer.passiveDeclarations(BlockingQueueConsumer.java:656) ~[spring-rabbit-3.2.8.jar:3.2.8]
	at org.springframework.amqp.rabbit.listener.BlockingQueueConsumer.start(BlockingQueueConsumer.java:636) ~[spring-rabbit-3.2.8.jar:3.2.8]
	at org.springframework.amqp.rabbit.listener.SimpleMessageListenerContainer$AsyncMessageProcessingConsumer.initialize(SimpleMessageListenerContainer.java:1490) ~[spring-rabbit-3.2.8.jar:3.2.8]
	at org.springframework.amqp.rabbit.listener.SimpleMessageListenerContainer$AsyncMessageProcessingConsumer.run(SimpleMessageListenerContainer.java:1328) ~[spring-rabbit-3.2.8.jar:3.2.8]
	at java.base/java.lang.Thread.run(Thread.java:1570) ~[na:na]
Caused by: org.springframework.amqp.rabbit.listener.BlockingQueueConsumer$DeclarationException: Failed to declare queue(s):[springCloudBus.anonymous.T1NSOnUWQRmo0GhWFChT8A]
	at org.springframework.amqp.rabbit.listener.BlockingQueueConsumer.attemptPassiveDeclarations(BlockingQueueConsumer.java:772) ~[spring-rabbit-3.2.8.jar:3.2.8]
	at org.springframework.amqp.rabbit.listener.BlockingQueueConsumer.passiveDeclarations(BlockingQueueConsumer.java:649) ~[spring-rabbit-3.2.8.jar:3.2.8]
	... 4 common frames omitted
Caused by: java.io.IOException: null
	at com.rabbitmq.client.impl.AMQChannel.wrap(AMQChannel.java:140) ~[amqp-client-5.25.0.jar:5.25.0]
	at com.rabbitmq.client.impl.AMQChannel.wrap(AMQChannel.java:136) ~[amqp-client-5.25.0.jar:5.25.0]
	at com.rabbitmq.client.impl.AMQChannel.exnWrappingRpc(AMQChannel.java:158) ~[amqp-client-5.25.0.jar:5.25.0]
	at com.rabbitmq.client.impl.ChannelN.queueDeclarePassive(ChannelN.java:1033) ~[amqp-client-5.25.0.jar:5.25.0]
	at com.rabbitmq.client.impl.ChannelN.queueDeclarePassive(ChannelN.java:47) ~[amqp-client-5.25.0.jar:5.25.0]
	at java.base/jdk.internal.reflect.DirectMethodHandleAccessor.invoke(DirectMethodHandleAccessor.java:103) ~[na:na]
	at java.base/java.lang.reflect.Method.invoke(Method.java:580) ~[na:na]
	at org.springframework.amqp.rabbit.connection.CachingConnectionFactory$CachedChannelInvocationHandler.invoke(CachingConnectionFactory.java:1201) ~[spring-rabbit-3.2.8.jar:3.2.8]
	at jdk.proxy2/jdk.proxy2.$Proxy173.queueDeclarePassive(Unknown Source) ~[na:na]
	at org.springframework.amqp.rabbit.listener.BlockingQueueConsumer.attemptPassiveDeclarations(BlockingQueueConsumer.java:750) ~[spring-rabbit-3.2.8.jar:3.2.8]
	... 5 common frames omitted
Caused by: com.rabbitmq.client.ShutdownSignalException: channel error; protocol method: #method<channel.close>(reply-code=404, reply-text=NOT_FOUND - no queue 'springCloudBus.anonymous.T1NSOnUWQRmo0GhWFChT8A' in vhost 'dwtkuyzt', class-id=50, method-id=10)
	at com.rabbitmq.utility.ValueOrException.getValue(ValueOrException.java:66) ~[amqp-client-5.25.0.jar:5.25.0]
	at com.rabbitmq.utility.BlockingValueOrException.uninterruptibleGetValue(BlockingValueOrException.java:36) ~[amqp-client-5.25.0.jar:5.25.0]
	at com.rabbitmq.client.impl.AMQChannel$BlockingRpcContinuation.getReply(AMQChannel.java:552) ~[amqp-client-5.25.0.jar:5.25.0]
	at com.rabbitmq.client.impl.AMQChannel.privateRpc(AMQChannel.java:316) ~[amqp-client-5.25.0.jar:5.25.0]
	at com.rabbitmq.client.impl.AMQChannel.exnWrappingRpc(AMQChannel.java:152) ~[amqp-client-5.25.0.jar:5.25.0]
	... 12 common frames omitted
Caused by: com.rabbitmq.client.ShutdownSignalException: channel error; protocol method: #method<channel.close>(reply-code=404, reply-text=NOT_FOUND - no queue 'springCloudBus.anonymous.T1NSOnUWQRmo0GhWFChT8A' in vhost 'dwtkuyzt', class-id=50, method-id=10)
	at com.rabbitmq.client.impl.ChannelN.asyncShutdown(ChannelN.java:528) ~[amqp-client-5.25.0.jar:5.25.0]
	at com.rabbitmq.client.impl.ChannelN.processAsync(ChannelN.java:349) ~[amqp-client-5.25.0.jar:5.25.0]
	at com.rabbitmq.client.impl.AMQChannel.handleCompleteInboundCommand(AMQChannel.java:193) ~[amqp-client-5.25.0.jar:5.25.0]
	at com.rabbitmq.client.impl.AMQChannel.handleFrame(AMQChannel.java:125) ~[amqp-client-5.25.0.jar:5.25.0]
	at com.rabbitmq.client.impl.AMQConnection.readFrame(AMQConnection.java:761) ~[amqp-client-5.25.0.jar:5.25.0]
	at com.rabbitmq.client.impl.AMQConnection.access$400(AMQConnection.java:48) ~[amqp-client-5.25.0.jar:5.25.0]
	at com.rabbitmq.client.impl.AMQConnection$MainLoop.run(AMQConnection.java:688) ~[amqp-client-5.25.0.jar:5.25.0]
	... 1 common frames omitted

2025-11-24T22:38:25.472+05:30  INFO 27655 --- [user-service] [springCloudBus.anonymous.T1NSOnUWQRmo0GhWFChT8A-109] [                                                 ] o.s.a.r.l.SimpleMessageListenerContainer : Restarting Consumer@495b9a75: tags=[[]], channel=Cached Rabbit Channel: AMQChannel(amqp://dwtkuyzt@35.153.225.39:5672/dwtkuyzt,1), conn: Proxy@b2633ea Shared Rabbit Connection: SimpleConnection@4e077605 [delegate=amqp://dwtkuyzt@35.153.225.39:5672/dwtkuyzt, localPort=61546], acknowledgeMode=AUTO local queue size=0
2025-11-24T22:38:26.559+05:30  WARN 27655 --- [user-service] [springCloudBus.anonymous.T1NSOnUWQRmo0GhWFChT8A-110] [                                                 ] o.s.a.r.listener.BlockingQueueConsumer   : Failed to declare queue: springCloudBus.anonymous.T1NSOnUWQRmo0GhWFChT8A
2025-11-24T22:38:26.571+05:30  WARN 27655 --- [user-service] [springCloudBus.anonymous.T1NSOnUWQRmo0GhWFChT8A-110] [                                                 ] o.s.a.r.listener.BlockingQueueConsumer   : Queue declaration failed; retries left=3

org.springframework.amqp.rabbit.listener.BlockingQueueConsumer$DeclarationException: Failed to declare queue(s):[springCloudBus.anonymous.T1NSOnUWQRmo0GhWFChT8A]
	at org.springframework.amqp.rabbit.listener.BlockingQueueConsumer.attemptPassiveDeclarations(BlockingQueueConsumer.java:772) ~[spring-rabbit-3.2.8.jar:3.2.8]
	at org.springframework.amqp.rabbit.listener.BlockingQueueConsumer.passiveDeclarations(BlockingQueueConsumer.java:649) ~[spring-rabbit-3.2.8.jar:3.2.8]
	at org.springframework.amqp.rabbit.listener.BlockingQueueConsumer.start(BlockingQueueConsumer.java:636) ~[spring-rabbit-3.2.8.jar:3.2.8]
	at org.springframework.amqp.rabbit.listener.SimpleMessageListenerContainer$AsyncMessageProcessingConsumer.initialize(SimpleMessageListenerContainer.java:1490) ~[spring-rabbit-3.2.8.jar:3.2.8]
	at org.springframework.amqp.rabbit.listener.SimpleMessageListenerContainer$AsyncMessageProcessingConsumer.run(SimpleMessageListenerContainer.java:1328) ~[spring-rabbit-3.2.8.jar:3.2.8]
	at java.base/java.lang.Thread.run(Thread.java:1570) ~[na:na]
Caused by: java.io.IOException: null
	at com.rabbitmq.client.impl.AMQChannel.wrap(AMQChannel.java:140) ~[amqp-client-5.25.0.jar:5.25.0]
	at com.rabbitmq.client.impl.AMQChannel.wrap(AMQChannel.java:136) ~[amqp-client-5.25.0.jar:5.25.0]
	at com.rabbitmq.client.impl.AMQChannel.exnWrappingRpc(AMQChannel.java:158) ~[amqp-client-5.25.0.jar:5.25.0]
	at com.rabbitmq.client.impl.ChannelN.queueDeclarePassive(ChannelN.java:1033) ~[amqp-client-5.25.0.jar:5.25.0]
	at com.rabbitmq.client.impl.ChannelN.queueDeclarePassive(ChannelN.java:47) ~[amqp-client-5.25.0.jar:5.25.0]
	at java.base/jdk.internal.reflect.DirectMethodHandleAccessor.invoke(DirectMethodHandleAccessor.java:103) ~[na:na]
	at java.base/java.lang.reflect.Method.invoke(Method.java:580) ~[na:na]
	at org.springframework.amqp.rabbit.connection.CachingConnectionFactory$CachedChannelInvocationHandler.invoke(CachingConnectionFactory.java:1201) ~[spring-rabbit-3.2.8.jar:3.2.8]
	at jdk.proxy2/jdk.proxy2.$Proxy173.queueDeclarePassive(Unknown Source) ~[na:na]
	at org.springframework.amqp.rabbit.listener.BlockingQueueConsumer.attemptPassiveDeclarations(BlockingQueueConsumer.java:750) ~[spring-rabbit-3.2.8.jar:3.2.8]
	... 5 common frames omitted
Caused by: com.rabbitmq.client.ShutdownSignalException: channel error; protocol method: #method<channel.close>(reply-code=404, reply-text=NOT_FOUND - no queue 'springCloudBus.anonymous.T1NSOnUWQRmo0GhWFChT8A' in vhost 'dwtkuyzt', class-id=50, method-id=10)
	at com.rabbitmq.utility.ValueOrException.getValue(ValueOrException.java:66) ~[amqp-client-5.25.0.jar:5.25.0]
	at com.rabbitmq.utility.BlockingValueOrException.uninterruptibleGetValue(BlockingValueOrException.java:36) ~[amqp-client-5.25.0.jar:5.25.0]
	at com.rabbitmq.client.impl.AMQChannel$BlockingRpcContinuation.getReply(AMQChannel.java:552) ~[amqp-client-5.25.0.jar:5.25.0]
	at com.rabbitmq.client.impl.AMQChannel.privateRpc(AMQChannel.java:316) ~[amqp-client-5.25.0.jar:5.25.0]
	at com.rabbitmq.client.impl.AMQChannel.exnWrappingRpc(AMQChannel.java:152) ~[amqp-client-5.25.0.jar:5.25.0]
	... 12 common frames omitted
Caused by: com.rabbitmq.client.ShutdownSignalException: channel error; protocol method: #method<channel.close>(reply-code=404, reply-text=NOT_FOUND - no queue 'springCloudBus.anonymous.T1NSOnUWQRmo0GhWFChT8A' in vhost 'dwtkuyzt', class-id=50, method-id=10)
	at com.rabbitmq.client.impl.ChannelN.asyncShutdown(ChannelN.java:528) ~[amqp-client-5.25.0.jar:5.25.0]
	at com.rabbitmq.client.impl.ChannelN.processAsync(ChannelN.java:349) ~[amqp-client-5.25.0.jar:5.25.0]
	at com.rabbitmq.client.impl.AMQChannel.handleCompleteInboundCommand(AMQChannel.java:193) ~[amqp-client-5.25.0.jar:5.25.0]
	at com.rabbitmq.client.impl.AMQChannel.handleFrame(AMQChannel.java:125) ~[amqp-client-5.25.0.jar:5.25.0]
	at com.rabbitmq.client.impl.AMQConnection.readFrame(AMQConnection.java:761) ~[amqp-client-5.25.0.jar:5.25.0]
	at com.rabbitmq.client.impl.AMQConnection.access$400(AMQConnection.java:48) ~[amqp-client-5.25.0.jar:5.25.0]
	at com.rabbitmq.client.impl.AMQConnection$MainLoop.run(AMQConnection.java:688) ~[amqp-client-5.25.0.jar:5.25.0]
	... 1 common frames omitted

2025-11-24T22:38:32.114+05:30  WARN 27655 --- [user-service] [springCloudBus.anonymous.T1NSOnUWQRmo0GhWFChT8A-110] [                                                 ] o.s.a.r.listener.BlockingQueueConsumer   : Failed to declare queue: springCloudBus.anonymous.T1NSOnUWQRmo0GhWFChT8A
2025-11-24T22:38:32.115+05:30  WARN 27655 --- [user-service] [springCloudBus.anonymous.T1NSOnUWQRmo0GhWFChT8A-110] [                                                 ] o.s.a.r.listener.BlockingQueueConsumer   : Queue declaration failed; retries left=2

org.springframework.amqp.rabbit.listener.BlockingQueueConsumer$DeclarationException: Failed to declare queue(s):[springCloudBus.anonymous.T1NSOnUWQRmo0GhWFChT8A]
	at org.springframework.amqp.rabbit.listener.BlockingQueueConsumer.attemptPassiveDeclarations(BlockingQueueConsumer.java:772) ~[spring-rabbit-3.2.8.jar:3.2.8]
	at org.springframework.amqp.rabbit.listener.BlockingQueueConsumer.passiveDeclarations(BlockingQueueConsumer.java:649) ~[spring-rabbit-3.2.8.jar:3.2.8]
	at org.springframework.amqp.rabbit.listener.BlockingQueueConsumer.start(BlockingQueueConsumer.java:636) ~[spring-rabbit-3.2.8.jar:3.2.8]
	at org.springframework.amqp.rabbit.listener.SimpleMessageListenerContainer$AsyncMessageProcessingConsumer.initialize(SimpleMessageListenerContainer.java:1490) ~[spring-rabbit-3.2.8.jar:3.2.8]
	at org.springframework.amqp.rabbit.listener.SimpleMessageListenerContainer$AsyncMessageProcessingConsumer.run(SimpleMessageListenerContainer.java:1328) ~[spring-rabbit-3.2.8.jar:3.2.8]
	at java.base/java.lang.Thread.run(Thread.java:1570) ~[na:na]
Caused by: java.io.IOException: null
	at com.rabbitmq.client.impl.AMQChannel.wrap(AMQChannel.java:140) ~[amqp-client-5.25.0.jar:5.25.0]
	at com.rabbitmq.client.impl.AMQChannel.wrap(AMQChannel.java:136) ~[amqp-client-5.25.0.jar:5.25.0]
	at com.rabbitmq.client.impl.AMQChannel.exnWrappingRpc(AMQChannel.java:158) ~[amqp-client-5.25.0.jar:5.25.0]
	at com.rabbitmq.client.impl.ChannelN.queueDeclarePassive(ChannelN.java:1033) ~[amqp-client-5.25.0.jar:5.25.0]
	at com.rabbitmq.client.impl.ChannelN.queueDeclarePassive(ChannelN.java:47) ~[amqp-client-5.25.0.jar:5.25.0]
	at java.base/jdk.internal.reflect.DirectMethodHandleAccessor.invoke(DirectMethodHandleAccessor.java:103) ~[na:na]
	at java.base/java.lang.reflect.Method.invoke(Method.java:580) ~[na:na]
	at org.springframework.amqp.rabbit.connection.CachingConnectionFactory$CachedChannelInvocationHandler.invoke(CachingConnectionFactory.java:1201) ~[spring-rabbit-3.2.8.jar:3.2.8]
	at jdk.proxy2/jdk.proxy2.$Proxy173.queueDeclarePassive(Unknown Source) ~[na:na]
	at org.springframework.amqp.rabbit.listener.BlockingQueueConsumer.attemptPassiveDeclarations(BlockingQueueConsumer.java:750) ~[spring-rabbit-3.2.8.jar:3.2.8]
	... 5 common frames omitted
Caused by: com.rabbitmq.client.ShutdownSignalException: channel error; protocol method: #method<channel.close>(reply-code=404, reply-text=NOT_FOUND - no queue 'springCloudBus.anonymous.T1NSOnUWQRmo0GhWFChT8A' in vhost 'dwtkuyzt', class-id=50, method-id=10)
	at com.rabbitmq.utility.ValueOrException.getValue(ValueOrException.java:66) ~[amqp-client-5.25.0.jar:5.25.0]
	at com.rabbitmq.utility.BlockingValueOrException.uninterruptibleGetValue(BlockingValueOrException.java:36) ~[amqp-client-5.25.0.jar:5.25.0]
	at com.rabbitmq.client.impl.AMQChannel$BlockingRpcContinuation.getReply(AMQChannel.java:552) ~[amqp-client-5.25.0.jar:5.25.0]
	at com.rabbitmq.client.impl.AMQChannel.privateRpc(AMQChannel.java:316) ~[amqp-client-5.25.0.jar:5.25.0]
	at com.rabbitmq.client.impl.AMQChannel.exnWrappingRpc(AMQChannel.java:152) ~[amqp-client-5.25.0.jar:5.25.0]
	... 12 common frames omitted
Caused by: com.rabbitmq.client.ShutdownSignalException: channel error; protocol method: #method<channel.close>(reply-code=404, reply-text=NOT_FOUND - no queue 'springCloudBus.anonymous.T1NSOnUWQRmo0GhWFChT8A' in vhost 'dwtkuyzt', class-id=50, method-id=10)
	at com.rabbitmq.client.impl.ChannelN.asyncShutdown(ChannelN.java:528) ~[amqp-client-5.25.0.jar:5.25.0]
	at com.rabbitmq.client.impl.ChannelN.processAsync(ChannelN.java:349) ~[amqp-client-5.25.0.jar:5.25.0]
	at com.rabbitmq.client.impl.AMQChannel.handleCompleteInboundCommand(AMQChannel.java:193) ~[amqp-client-5.25.0.jar:5.25.0]
	at com.rabbitmq.client.impl.AMQChannel.handleFrame(AMQChannel.java:125) ~[amqp-client-5.25.0.jar:5.25.0]
	at com.rabbitmq.client.impl.AMQConnection.readFrame(AMQConnection.java:761) ~[amqp-client-5.25.0.jar:5.25.0]
	at com.rabbitmq.client.impl.AMQConnection.access$400(AMQConnection.java:48) ~[amqp-client-5.25.0.jar:5.25.0]
	at com.rabbitmq.client.impl.AMQConnection$MainLoop.run(AMQConnection.java:688) ~[amqp-client-5.25.0.jar:5.25.0]
	... 1 common frames omitted

2025-11-24T22:38:37.656+05:30  WARN 27655 --- [user-service] [springCloudBus.anonymous.T1NSOnUWQRmo0GhWFChT8A-110] [                                                 ] o.s.a.r.listener.BlockingQueueConsumer   : Failed to declare queue: springCloudBus.anonymous.T1NSOnUWQRmo0GhWFChT8A
2025-11-24T22:38:37.657+05:30  WARN 27655 --- [user-service] [springCloudBus.anonymous.T1NSOnUWQRmo0GhWFChT8A-110] [                                                 ] o.s.a.r.listener.BlockingQueueConsumer   : Queue declaration failed; retries left=1

org.springframework.amqp.rabbit.listener.BlockingQueueConsumer$DeclarationException: Failed to declare queue(s):[springCloudBus.anonymous.T1NSOnUWQRmo0GhWFChT8A]
	at org.springframework.amqp.rabbit.listener.BlockingQueueConsumer.attemptPassiveDeclarations(BlockingQueueConsumer.java:772) ~[spring-rabbit-3.2.8.jar:3.2.8]
	at org.springframework.amqp.rabbit.listener.BlockingQueueConsumer.passiveDeclarations(BlockingQueueConsumer.java:649) ~[spring-rabbit-3.2.8.jar:3.2.8]
	at org.springframework.amqp.rabbit.listener.BlockingQueueConsumer.start(BlockingQueueConsumer.java:636) ~[spring-rabbit-3.2.8.jar:3.2.8]
	at org.springframework.amqp.rabbit.listener.SimpleMessageListenerContainer$AsyncMessageProcessingConsumer.initialize(SimpleMessageListenerContainer.java:1490) ~[spring-rabbit-3.2.8.jar:3.2.8]
	at org.springframework.amqp.rabbit.listener.SimpleMessageListenerContainer$AsyncMessageProcessingConsumer.run(SimpleMessageListenerContainer.java:1328) ~[spring-rabbit-3.2.8.jar:3.2.8]
	at java.base/java.lang.Thread.run(Thread.java:1570) ~[na:na]
Caused by: java.io.IOException: null
	at com.rabbitmq.client.impl.AMQChannel.wrap(AMQChannel.java:140) ~[amqp-client-5.25.0.jar:5.25.0]
	at com.rabbitmq.client.impl.AMQChannel.wrap(AMQChannel.java:136) ~[amqp-client-5.25.0.jar:5.25.0]
	at com.rabbitmq.client.impl.AMQChannel.exnWrappingRpc(AMQChannel.java:158) ~[amqp-client-5.25.0.jar:5.25.0]
	at com.rabbitmq.client.impl.ChannelN.queueDeclarePassive(ChannelN.java:1033) ~[amqp-client-5.25.0.jar:5.25.0]
	at com.rabbitmq.client.impl.ChannelN.queueDeclarePassive(ChannelN.java:47) ~[amqp-client-5.25.0.jar:5.25.0]
	at java.base/jdk.internal.reflect.DirectMethodHandleAccessor.invoke(DirectMethodHandleAccessor.java:103) ~[na:na]
	at java.base/java.lang.reflect.Method.invoke(Method.java:580) ~[na:na]
	at org.springframework.amqp.rabbit.connection.CachingConnectionFactory$CachedChannelInvocationHandler.invoke(CachingConnectionFactory.java:1201) ~[spring-rabbit-3.2.8.jar:3.2.8]
	at jdk.proxy2/jdk.proxy2.$Proxy173.queueDeclarePassive(Unknown Source) ~[na:na]
	at org.springframework.amqp.rabbit.listener.BlockingQueueConsumer.attemptPassiveDeclarations(BlockingQueueConsumer.java:750) ~[spring-rabbit-3.2.8.jar:3.2.8]
	... 5 common frames omitted
Caused by: com.rabbitmq.client.ShutdownSignalException: channel error; protocol method: #method<channel.close>(reply-code=404, reply-text=NOT_FOUND - no queue 'springCloudBus.anonymous.T1NSOnUWQRmo0GhWFChT8A' in vhost 'dwtkuyzt', class-id=50, method-id=10)
	at com.rabbitmq.utility.ValueOrException.getValue(ValueOrException.java:66) ~[amqp-client-5.25.0.jar:5.25.0]
	at com.rabbitmq.utility.BlockingValueOrException.uninterruptibleGetValue(BlockingValueOrException.java:36) ~[amqp-client-5.25.0.jar:5.25.0]
	at com.rabbitmq.client.impl.AMQChannel$BlockingRpcContinuation.getReply(AMQChannel.java:552) ~[amqp-client-5.25.0.jar:5.25.0]
	at com.rabbitmq.client.impl.AMQChannel.privateRpc(AMQChannel.java:316) ~[amqp-client-5.25.0.jar:5.25.0]
	at com.rabbitmq.client.impl.AMQChannel.exnWrappingRpc(AMQChannel.java:152) ~[amqp-client-5.25.0.jar:5.25.0]
	... 12 common frames omitted
Caused by: com.rabbitmq.client.ShutdownSignalException: channel error; protocol method: #method<channel.close>(reply-code=404, reply-text=NOT_FOUND - no queue 'springCloudBus.anonymous.T1NSOnUWQRmo0GhWFChT8A' in vhost 'dwtkuyzt', class-id=50, method-id=10)
	at com.rabbitmq.client.impl.ChannelN.asyncShutdown(ChannelN.java:528) ~[amqp-client-5.25.0.jar:5.25.0]
	at com.rabbitmq.client.impl.ChannelN.processAsync(ChannelN.java:349) ~[amqp-client-5.25.0.jar:5.25.0]
	at com.rabbitmq.client.impl.AMQChannel.handleCompleteInboundCommand(AMQChannel.java:193) ~[amqp-client-5.25.0.jar:5.25.0]
	at com.rabbitmq.client.impl.AMQChannel.handleFrame(AMQChannel.java:125) ~[amqp-client-5.25.0.jar:5.25.0]
	at com.rabbitmq.client.impl.AMQConnection.readFrame(AMQConnection.java:761) ~[amqp-client-5.25.0.jar:5.25.0]
	at com.rabbitmq.client.impl.AMQConnection.access$400(AMQConnection.java:48) ~[amqp-client-5.25.0.jar:5.25.0]
	at com.rabbitmq.client.impl.AMQConnection$MainLoop.run(AMQConnection.java:688) ~[amqp-client-5.25.0.jar:5.25.0]
	... 1 common frames omitted

2025-11-24T22:38:43.226+05:30  WARN 27655 --- [user-service] [springCloudBus.anonymous.T1NSOnUWQRmo0GhWFChT8A-110] [                                                 ] o.s.a.r.listener.BlockingQueueConsumer   : Failed to declare queue: springCloudBus.anonymous.T1NSOnUWQRmo0GhWFChT8A
2025-11-24T22:38:48.313+05:30 ERROR 27655 --- [user-service] [springCloudBus.anonymous.T1NSOnUWQRmo0GhWFChT8A-110] [                                                 ] o.s.a.r.l.SimpleMessageListenerContainer : Consumer threw missing queues exception, fatal=false

org.springframework.amqp.rabbit.listener.QueuesNotAvailableException: Cannot prepare queue for listener. Either the queue doesn't exist or the broker will not allow us to use it.
	at org.springframework.amqp.rabbit.listener.BlockingQueueConsumer.handleDeclarationException(BlockingQueueConsumer.java:722) ~[spring-rabbit-3.2.8.jar:3.2.8]
	at org.springframework.amqp.rabbit.listener.BlockingQueueConsumer.passiveDeclarations(BlockingQueueConsumer.java:656) ~[spring-rabbit-3.2.8.jar:3.2.8]
	at org.springframework.amqp.rabbit.listener.BlockingQueueConsumer.start(BlockingQueueConsumer.java:636) ~[spring-rabbit-3.2.8.jar:3.2.8]
	at org.springframework.amqp.rabbit.listener.SimpleMessageListenerContainer$AsyncMessageProcessingConsumer.initialize(SimpleMessageListenerContainer.java:1490) ~[spring-rabbit-3.2.8.jar:3.2.8]
	at org.springframework.amqp.rabbit.listener.SimpleMessageListenerContainer$AsyncMessageProcessingConsumer.run(SimpleMessageListenerContainer.java:1328) ~[spring-rabbit-3.2.8.jar:3.2.8]
	at java.base/java.lang.Thread.run(Thread.java:1570) ~[na:na]
Caused by: org.springframework.amqp.rabbit.listener.BlockingQueueConsumer$DeclarationException: Failed to declare queue(s):[springCloudBus.anonymous.T1NSOnUWQRmo0GhWFChT8A]
	at org.springframework.amqp.rabbit.listener.BlockingQueueConsumer.attemptPassiveDeclarations(BlockingQueueConsumer.java:772) ~[spring-rabbit-3.2.8.jar:3.2.8]
	at org.springframework.amqp.rabbit.listener.BlockingQueueConsumer.passiveDeclarations(BlockingQueueConsumer.java:649) ~[spring-rabbit-3.2.8.jar:3.2.8]
	... 4 common frames omitted
Caused by: java.io.IOException: null
	at com.rabbitmq.client.impl.AMQChannel.wrap(AMQChannel.java:140) ~[amqp-client-5.25.0.jar:5.25.0]
	at com.rabbitmq.client.impl.AMQChannel.wrap(AMQChannel.java:136) ~[amqp-client-5.25.0.jar:5.25.0]
	at com.rabbitmq.client.impl.AMQChannel.exnWrappingRpc(AMQChannel.java:158) ~[amqp-client-5.25.0.jar:5.25.0]
	at com.rabbitmq.client.impl.ChannelN.queueDeclarePassive(ChannelN.java:1033) ~[amqp-client-5.25.0.jar:5.25.0]
	at com.rabbitmq.client.impl.ChannelN.queueDeclarePassive(ChannelN.java:47) ~[amqp-client-5.25.0.jar:5.25.0]
	at java.base/jdk.internal.reflect.DirectMethodHandleAccessor.invoke(DirectMethodHandleAccessor.java:103) ~[na:na]
	at java.base/java.lang.reflect.Method.invoke(Method.java:580) ~[na:na]
	at org.springframework.amqp.rabbit.connection.CachingConnectionFactory$CachedChannelInvocationHandler.invoke(CachingConnectionFactory.java:1201) ~[spring-rabbit-3.2.8.jar:3.2.8]
	at jdk.proxy2/jdk.proxy2.$Proxy173.queueDeclarePassive(Unknown Source) ~[na:na]
	at org.springframework.amqp.rabbit.listener.BlockingQueueConsumer.attemptPassiveDeclarations(BlockingQueueConsumer.java:750) ~[spring-rabbit-3.2.8.jar:3.2.8]
	... 5 common frames omitted
Caused by: com.rabbitmq.client.ShutdownSignalException: channel error; protocol method: #method<channel.close>(reply-code=404, reply-text=NOT_FOUND - no queue 'springCloudBus.anonymous.T1NSOnUWQRmo0GhWFChT8A' in vhost 'dwtkuyzt', class-id=50, method-id=10)
	at com.rabbitmq.utility.ValueOrException.getValue(ValueOrException.java:66) ~[amqp-client-5.25.0.jar:5.25.0]
	at com.rabbitmq.utility.BlockingValueOrException.uninterruptibleGetValue(BlockingValueOrException.java:36) ~[amqp-client-5.25.0.jar:5.25.0]
	at com.rabbitmq.client.impl.AMQChannel$BlockingRpcContinuation.getReply(AMQChannel.java:552) ~[amqp-client-5.25.0.jar:5.25.0]
	at com.rabbitmq.client.impl.AMQChannel.privateRpc(AMQChannel.java:316) ~[amqp-client-5.25.0.jar:5.25.0]
	at com.rabbitmq.client.impl.AMQChannel.exnWrappingRpc(AMQChannel.java:152) ~[amqp-client-5.25.0.jar:5.25.0]
	... 12 common frames omitted
Caused by: com.rabbitmq.client.ShutdownSignalException: channel error; protocol method: #method<channel.close>(reply-code=404, reply-text=NOT_FOUND - no queue 'springCloudBus.anonymous.T1NSOnUWQRmo0GhWFChT8A' in vhost 'dwtkuyzt', class-id=50, method-id=10)
	at com.rabbitmq.client.impl.ChannelN.asyncShutdown(ChannelN.java:528) ~[amqp-client-5.25.0.jar:5.25.0]
	at com.rabbitmq.client.impl.ChannelN.processAsync(ChannelN.java:349) ~[amqp-client-5.25.0.jar:5.25.0]
	at com.rabbitmq.client.impl.AMQChannel.handleCompleteInboundCommand(AMQChannel.java:193) ~[amqp-client-5.25.0.jar:5.25.0]
	at com.rabbitmq.client.impl.AMQChannel.handleFrame(AMQChannel.java:125) ~[amqp-client-5.25.0.jar:5.25.0]
	at com.rabbitmq.client.impl.AMQConnection.readFrame(AMQConnection.java:761) ~[amqp-client-5.25.0.jar:5.25.0]
	at com.rabbitmq.client.impl.AMQConnection.access$400(AMQConnection.java:48) ~[amqp-client-5.25.0.jar:5.25.0]
	at com.rabbitmq.client.impl.AMQConnection$MainLoop.run(AMQConnection.java:688) ~[amqp-client-5.25.0.jar:5.25.0]
	... 1 common frames omitted

2025-11-24T22:38:48.321+05:30  INFO 27655 --- [user-service] [springCloudBus.anonymous.T1NSOnUWQRmo0GhWFChT8A-110] [                                                 ] o.s.a.r.l.SimpleMessageListenerContainer : Restarting Consumer@6ecd16c4: tags=[[]], channel=Cached Rabbit Channel: AMQChannel(amqp://dwtkuyzt@35.153.225.39:5672/dwtkuyzt,1), conn: Proxy@b2633ea Shared Rabbit Connection: SimpleConnection@4e077605 [delegate=amqp://dwtkuyzt@35.153.225.39:5672/dwtkuyzt, localPort=61546], acknowledgeMode=AUTO local queue size=0
2025-11-24T22:38:49.516+05:30  WARN 27655 --- [user-service] [springCloudBus.anonymous.T1NSOnUWQRmo0GhWFChT8A-111] [                                                 ] o.s.a.r.listener.BlockingQueueConsumer   : Failed to declare queue: springCloudBus.anonymous.T1NSOnUWQRmo0GhWFChT8A
2025-11-24T22:38:49.517+05:30  WARN 27655 --- [user-service] [springCloudBus.anonymous.T1NSOnUWQRmo0GhWFChT8A-111] [                                                 ] o.s.a.r.listener.BlockingQueueConsumer   : Queue declaration failed; retries left=3

org.springframework.amqp.rabbit.listener.BlockingQueueConsumer$DeclarationException: Failed to declare queue(s):[springCloudBus.anonymous.T1NSOnUWQRmo0GhWFChT8A]
	at org.springframework.amqp.rabbit.listener.BlockingQueueConsumer.attemptPassiveDeclarations(BlockingQueueConsumer.java:772) ~[spring-rabbit-3.2.8.jar:3.2.8]
	at org.springframework.amqp.rabbit.listener.BlockingQueueConsumer.passiveDeclarations(BlockingQueueConsumer.java:649) ~[spring-rabbit-3.2.8.jar:3.2.8]
	at org.springframework.amqp.rabbit.listener.BlockingQueueConsumer.start(BlockingQueueConsumer.java:636) ~[spring-rabbit-3.2.8.jar:3.2.8]
	at org.springframework.amqp.rabbit.listener.SimpleMessageListenerContainer$AsyncMessageProcessingConsumer.initialize(SimpleMessageListenerContainer.java:1490) ~[spring-rabbit-3.2.8.jar:3.2.8]
	at org.springframework.amqp.rabbit.listener.SimpleMessageListenerContainer$AsyncMessageProcessingConsumer.run(SimpleMessageListenerContainer.java:1328) ~[spring-rabbit-3.2.8.jar:3.2.8]
	at java.base/java.lang.Thread.run(Thread.java:1570) ~[na:na]
Caused by: java.io.IOException: null
	at com.rabbitmq.client.impl.AMQChannel.wrap(AMQChannel.java:140) ~[amqp-client-5.25.0.jar:5.25.0]
	at com.rabbitmq.client.impl.AMQChannel.wrap(AMQChannel.java:136) ~[amqp-client-5.25.0.jar:5.25.0]
	at com.rabbitmq.client.impl.AMQChannel.exnWrappingRpc(AMQChannel.java:158) ~[amqp-client-5.25.0.jar:5.25.0]
	at com.rabbitmq.client.impl.ChannelN.queueDeclarePassive(ChannelN.java:1033) ~[amqp-client-5.25.0.jar:5.25.0]
	at com.rabbitmq.client.impl.ChannelN.queueDeclarePassive(ChannelN.java:47) ~[amqp-client-5.25.0.jar:5.25.0]
	at java.base/jdk.internal.reflect.DirectMethodHandleAccessor.invoke(DirectMethodHandleAccessor.java:103) ~[na:na]
	at java.base/java.lang.reflect.Method.invoke(Method.java:580) ~[na:na]
	at org.springframework.amqp.rabbit.connection.CachingConnectionFactory$CachedChannelInvocationHandler.invoke(CachingConnectionFactory.java:1201) ~[spring-rabbit-3.2.8.jar:3.2.8]
	at jdk.proxy2/jdk.proxy2.$Proxy173.queueDeclarePassive(Unknown Source) ~[na:na]
	at org.springframework.amqp.rabbit.listener.BlockingQueueConsumer.attemptPassiveDeclarations(BlockingQueueConsumer.java:750) ~[spring-rabbit-3.2.8.jar:3.2.8]
	... 5 common frames omitted
Caused by: com.rabbitmq.client.ShutdownSignalException: channel error; protocol method: #method<channel.close>(reply-code=404, reply-text=NOT_FOUND - no queue 'springCloudBus.anonymous.T1NSOnUWQRmo0GhWFChT8A' in vhost 'dwtkuyzt', class-id=50, method-id=10)
	at com.rabbitmq.utility.ValueOrException.getValue(ValueOrException.java:66) ~[amqp-client-5.25.0.jar:5.25.0]
	at com.rabbitmq.utility.BlockingValueOrException.uninterruptibleGetValue(BlockingValueOrException.java:36) ~[amqp-client-5.25.0.jar:5.25.0]
	at com.rabbitmq.client.impl.AMQChannel$BlockingRpcContinuation.getReply(AMQChannel.java:552) ~[amqp-client-5.25.0.jar:5.25.0]
	at com.rabbitmq.client.impl.AMQChannel.privateRpc(AMQChannel.java:316) ~[amqp-client-5.25.0.jar:5.25.0]
	at com.rabbitmq.client.impl.AMQChannel.exnWrappingRpc(AMQChannel.java:152) ~[amqp-client-5.25.0.jar:5.25.0]
	... 12 common frames omitted
Caused by: com.rabbitmq.client.ShutdownSignalException: channel error; protocol method: #method<channel.close>(reply-code=404, reply-text=NOT_FOUND - no queue 'springCloudBus.anonymous.T1NSOnUWQRmo0GhWFChT8A' in vhost 'dwtkuyzt', class-id=50, method-id=10)
	at com.rabbitmq.client.impl.ChannelN.asyncShutdown(ChannelN.java:528) ~[amqp-client-5.25.0.jar:5.25.0]
	at com.rabbitmq.client.impl.ChannelN.processAsync(ChannelN.java:349) ~[amqp-client-5.25.0.jar:5.25.0]
	at com.rabbitmq.client.impl.AMQChannel.handleCompleteInboundCommand(AMQChannel.java:193) ~[amqp-client-5.25.0.jar:5.25.0]
	at com.rabbitmq.client.impl.AMQChannel.handleFrame(AMQChannel.java:125) ~[amqp-client-5.25.0.jar:5.25.0]
	at com.rabbitmq.client.impl.AMQConnection.readFrame(AMQConnection.java:761) ~[amqp-client-5.25.0.jar:5.25.0]
	at com.rabbitmq.client.impl.AMQConnection.access$400(AMQConnection.java:48) ~[amqp-client-5.25.0.jar:5.25.0]
	at com.rabbitmq.client.impl.AMQConnection$MainLoop.run(AMQConnection.java:688) ~[amqp-client-5.25.0.jar:5.25.0]
	... 1 common frames omitted

2025-11-24T22:38:55.060+05:30  WARN 27655 --- [user-service] [springCloudBus.anonymous.T1NSOnUWQRmo0GhWFChT8A-111] [                                                 ] o.s.a.r.listener.BlockingQueueConsumer   : Failed to declare queue: springCloudBus.anonymous.T1NSOnUWQRmo0GhWFChT8A
2025-11-24T22:38:55.063+05:30  WARN 27655 --- [user-service] [springCloudBus.anonymous.T1NSOnUWQRmo0GhWFChT8A-111] [                                                 ] o.s.a.r.listener.BlockingQueueConsumer   : Queue declaration failed; retries left=2

org.springframework.amqp.rabbit.listener.BlockingQueueConsumer$DeclarationException: Failed to declare queue(s):[springCloudBus.anonymous.T1NSOnUWQRmo0GhWFChT8A]
	at org.springframework.amqp.rabbit.listener.BlockingQueueConsumer.attemptPassiveDeclarations(BlockingQueueConsumer.java:772) ~[spring-rabbit-3.2.8.jar:3.2.8]
	at org.springframework.amqp.rabbit.listener.BlockingQueueConsumer.passiveDeclarations(BlockingQueueConsumer.java:649) ~[spring-rabbit-3.2.8.jar:3.2.8]
	at org.springframework.amqp.rabbit.listener.BlockingQueueConsumer.start(BlockingQueueConsumer.java:636) ~[spring-rabbit-3.2.8.jar:3.2.8]
	at org.springframework.amqp.rabbit.listener.SimpleMessageListenerContainer$AsyncMessageProcessingConsumer.initialize(SimpleMessageListenerContainer.java:1490) ~[spring-rabbit-3.2.8.jar:3.2.8]
	at org.springframework.amqp.rabbit.listener.SimpleMessageListenerContainer$AsyncMessageProcessingConsumer.run(SimpleMessageListenerContainer.java:1328) ~[spring-rabbit-3.2.8.jar:3.2.8]
	at java.base/java.lang.Thread.run(Thread.java:1570) ~[na:na]
Caused by: java.io.IOException: null
	at com.rabbitmq.client.impl.AMQChannel.wrap(AMQChannel.java:140) ~[amqp-client-5.25.0.jar:5.25.0]
	at com.rabbitmq.client.impl.AMQChannel.wrap(AMQChannel.java:136) ~[amqp-client-5.25.0.jar:5.25.0]
	at com.rabbitmq.client.impl.AMQChannel.exnWrappingRpc(AMQChannel.java:158) ~[amqp-client-5.25.0.jar:5.25.0]
	at com.rabbitmq.client.impl.ChannelN.queueDeclarePassive(ChannelN.java:1033) ~[amqp-client-5.25.0.jar:5.25.0]
	at com.rabbitmq.client.impl.ChannelN.queueDeclarePassive(ChannelN.java:47) ~[amqp-client-5.25.0.jar:5.25.0]
	at java.base/jdk.internal.reflect.DirectMethodHandleAccessor.invoke(DirectMethodHandleAccessor.java:103) ~[na:na]
	at java.base/java.lang.reflect.Method.invoke(Method.java:580) ~[na:na]
	at org.springframework.amqp.rabbit.connection.CachingConnectionFactory$CachedChannelInvocationHandler.invoke(CachingConnectionFactory.java:1201) ~[spring-rabbit-3.2.8.jar:3.2.8]
	at jdk.proxy2/jdk.proxy2.$Proxy173.queueDeclarePassive(Unknown Source) ~[na:na]
	at org.springframework.amqp.rabbit.listener.BlockingQueueConsumer.attemptPassiveDeclarations(BlockingQueueConsumer.java:750) ~[spring-rabbit-3.2.8.jar:3.2.8]
	... 5 common frames omitted
Caused by: com.rabbitmq.client.ShutdownSignalException: channel error; protocol method: #method<channel.close>(reply-code=404, reply-text=NOT_FOUND - no queue 'springCloudBus.anonymous.T1NSOnUWQRmo0GhWFChT8A' in vhost 'dwtkuyzt', class-id=50, method-id=10)
	at com.rabbitmq.utility.ValueOrException.getValue(ValueOrException.java:66) ~[amqp-client-5.25.0.jar:5.25.0]
	at com.rabbitmq.utility.BlockingValueOrException.uninterruptibleGetValue(BlockingValueOrException.java:36) ~[amqp-client-5.25.0.jar:5.25.0]
	at com.rabbitmq.client.impl.AMQChannel$BlockingRpcContinuation.getReply(AMQChannel.java:552) ~[amqp-client-5.25.0.jar:5.25.0]
	at com.rabbitmq.client.impl.AMQChannel.privateRpc(AMQChannel.java:316) ~[amqp-client-5.25.0.jar:5.25.0]
	at com.rabbitmq.client.impl.AMQChannel.exnWrappingRpc(AMQChannel.java:152) ~[amqp-client-5.25.0.jar:5.25.0]
	... 12 common frames omitted
Caused by: com.rabbitmq.client.ShutdownSignalException: channel error; protocol method: #method<channel.close>(reply-code=404, reply-text=NOT_FOUND - no queue 'springCloudBus.anonymous.T1NSOnUWQRmo0GhWFChT8A' in vhost 'dwtkuyzt', class-id=50, method-id=10)
	at com.rabbitmq.client.impl.ChannelN.asyncShutdown(ChannelN.java:528) ~[amqp-client-5.25.0.jar:5.25.0]
	at com.rabbitmq.client.impl.ChannelN.processAsync(ChannelN.java:349) ~[amqp-client-5.25.0.jar:5.25.0]
	at com.rabbitmq.client.impl.AMQChannel.handleCompleteInboundCommand(AMQChannel.java:193) ~[amqp-client-5.25.0.jar:5.25.0]
	at com.rabbitmq.client.impl.AMQChannel.handleFrame(AMQChannel.java:125) ~[amqp-client-5.25.0.jar:5.25.0]
	at com.rabbitmq.client.impl.AMQConnection.readFrame(AMQConnection.java:761) ~[amqp-client-5.25.0.jar:5.25.0]
	at com.rabbitmq.client.impl.AMQConnection.access$400(AMQConnection.java:48) ~[amqp-client-5.25.0.jar:5.25.0]
	at com.rabbitmq.client.impl.AMQConnection$MainLoop.run(AMQConnection.java:688) ~[amqp-client-5.25.0.jar:5.25.0]
	... 1 common frames omitted

2025-11-24T22:39:00.657+05:30  WARN 27655 --- [user-service] [springCloudBus.anonymous.T1NSOnUWQRmo0GhWFChT8A-111] [                                                 ] o.s.a.r.listener.BlockingQueueConsumer   : Failed to declare queue: springCloudBus.anonymous.T1NSOnUWQRmo0GhWFChT8A
2025-11-24T22:39:00.658+05:30  WARN 27655 --- [user-service] [springCloudBus.anonymous.T1NSOnUWQRmo0GhWFChT8A-111] [                                                 ] o.s.a.r.listener.BlockingQueueConsumer   : Queue declaration failed; retries left=1

org.springframework.amqp.rabbit.listener.BlockingQueueConsumer$DeclarationException: Failed to declare queue(s):[springCloudBus.anonymous.T1NSOnUWQRmo0GhWFChT8A]
	at org.springframework.amqp.rabbit.listener.BlockingQueueConsumer.attemptPassiveDeclarations(BlockingQueueConsumer.java:772) ~[spring-rabbit-3.2.8.jar:3.2.8]
	at org.springframework.amqp.rabbit.listener.BlockingQueueConsumer.passiveDeclarations(BlockingQueueConsumer.java:649) ~[spring-rabbit-3.2.8.jar:3.2.8]
	at org.springframework.amqp.rabbit.listener.BlockingQueueConsumer.start(BlockingQueueConsumer.java:636) ~[spring-rabbit-3.2.8.jar:3.2.8]
	at org.springframework.amqp.rabbit.listener.SimpleMessageListenerContainer$AsyncMessageProcessingConsumer.initialize(SimpleMessageListenerContainer.java:1490) ~[spring-rabbit-3.2.8.jar:3.2.8]
	at org.springframework.amqp.rabbit.listener.SimpleMessageListenerContainer$AsyncMessageProcessingConsumer.run(SimpleMessageListenerContainer.java:1328) ~[spring-rabbit-3.2.8.jar:3.2.8]
	at java.base/java.lang.Thread.run(Thread.java:1570) ~[na:na]
Caused by: java.io.IOException: null
	at com.rabbitmq.client.impl.AMQChannel.wrap(AMQChannel.java:140) ~[amqp-client-5.25.0.jar:5.25.0]
	at com.rabbitmq.client.impl.AMQChannel.wrap(AMQChannel.java:136) ~[amqp-client-5.25.0.jar:5.25.0]
	at com.rabbitmq.client.impl.AMQChannel.exnWrappingRpc(AMQChannel.java:158) ~[amqp-client-5.25.0.jar:5.25.0]
	at com.rabbitmq.client.impl.ChannelN.queueDeclarePassive(ChannelN.java:1033) ~[amqp-client-5.25.0.jar:5.25.0]
	at com.rabbitmq.client.impl.ChannelN.queueDeclarePassive(ChannelN.java:47) ~[amqp-client-5.25.0.jar:5.25.0]
	at java.base/jdk.internal.reflect.DirectMethodHandleAccessor.invoke(DirectMethodHandleAccessor.java:103) ~[na:na]
	at java.base/java.lang.reflect.Method.invoke(Method.java:580) ~[na:na]
	at org.springframework.amqp.rabbit.connection.CachingConnectionFactory$CachedChannelInvocationHandler.invoke(CachingConnectionFactory.java:1201) ~[spring-rabbit-3.2.8.jar:3.2.8]
	at jdk.proxy2/jdk.proxy2.$Proxy173.queueDeclarePassive(Unknown Source) ~[na:na]
	at org.springframework.amqp.rabbit.listener.BlockingQueueConsumer.attemptPassiveDeclarations(BlockingQueueConsumer.java:750) ~[spring-rabbit-3.2.8.jar:3.2.8]
	... 5 common frames omitted
Caused by: com.rabbitmq.client.ShutdownSignalException: channel error; protocol method: #method<channel.close>(reply-code=404, reply-text=NOT_FOUND - no queue 'springCloudBus.anonymous.T1NSOnUWQRmo0GhWFChT8A' in vhost 'dwtkuyzt', class-id=50, method-id=10)
	at com.rabbitmq.utility.ValueOrException.getValue(ValueOrException.java:66) ~[amqp-client-5.25.0.jar:5.25.0]
	at com.rabbitmq.utility.BlockingValueOrException.uninterruptibleGetValue(BlockingValueOrException.java:36) ~[amqp-client-5.25.0.jar:5.25.0]
	at com.rabbitmq.client.impl.AMQChannel$BlockingRpcContinuation.getReply(AMQChannel.java:552) ~[amqp-client-5.25.0.jar:5.25.0]
	at com.rabbitmq.client.impl.AMQChannel.privateRpc(AMQChannel.java:316) ~[amqp-client-5.25.0.jar:5.25.0]
	at com.rabbitmq.client.impl.AMQChannel.exnWrappingRpc(AMQChannel.java:152) ~[amqp-client-5.25.0.jar:5.25.0]
	... 12 common frames omitted
Caused by: com.rabbitmq.client.ShutdownSignalException: channel error; protocol method: #method<channel.close>(reply-code=404, reply-text=NOT_FOUND - no queue 'springCloudBus.anonymous.T1NSOnUWQRmo0GhWFChT8A' in vhost 'dwtkuyzt', class-id=50, method-id=10)
	at com.rabbitmq.client.impl.ChannelN.asyncShutdown(ChannelN.java:528) ~[amqp-client-5.25.0.jar:5.25.0]
	at com.rabbitmq.client.impl.ChannelN.processAsync(ChannelN.java:349) ~[amqp-client-5.25.0.jar:5.25.0]
	at com.rabbitmq.client.impl.AMQChannel.handleCompleteInboundCommand(AMQChannel.java:193) ~[amqp-client-5.25.0.jar:5.25.0]
	at com.rabbitmq.client.impl.AMQChannel.handleFrame(AMQChannel.java:125) ~[amqp-client-5.25.0.jar:5.25.0]
	at com.rabbitmq.client.impl.AMQConnection.readFrame(AMQConnection.java:761) ~[amqp-client-5.25.0.jar:5.25.0]
	at com.rabbitmq.client.impl.AMQConnection.access$400(AMQConnection.java:48) ~[amqp-client-5.25.0.jar:5.25.0]
	at com.rabbitmq.client.impl.AMQConnection$MainLoop.run(AMQConnection.java:688) ~[amqp-client-5.25.0.jar:5.25.0]
	... 1 common frames omitted

2025-11-24T22:39:06.201+05:30  WARN 27655 --- [user-service] [springCloudBus.anonymous.T1NSOnUWQRmo0GhWFChT8A-111] [                                                 ] o.s.a.r.listener.BlockingQueueConsumer   : Failed to declare queue: springCloudBus.anonymous.T1NSOnUWQRmo0GhWFChT8A
2025-11-24T22:39:11.275+05:30 ERROR 27655 --- [user-service] [springCloudBus.anonymous.T1NSOnUWQRmo0GhWFChT8A-111] [                                                 ] o.s.a.r.l.SimpleMessageListenerContainer : Consumer threw missing queues exception, fatal=false

org.springframework.amqp.rabbit.listener.QueuesNotAvailableException: Cannot prepare queue for listener. Either the queue doesn't exist or the broker will not allow us to use it.
	at org.springframework.amqp.rabbit.listener.BlockingQueueConsumer.handleDeclarationException(BlockingQueueConsumer.java:722) ~[spring-rabbit-3.2.8.jar:3.2.8]
	at org.springframework.amqp.rabbit.listener.BlockingQueueConsumer.passiveDeclarations(BlockingQueueConsumer.java:656) ~[spring-rabbit-3.2.8.jar:3.2.8]
	at org.springframework.amqp.rabbit.listener.BlockingQueueConsumer.start(BlockingQueueConsumer.java:636) ~[spring-rabbit-3.2.8.jar:3.2.8]
	at org.springframework.amqp.rabbit.listener.SimpleMessageListenerContainer$AsyncMessageProcessingConsumer.initialize(SimpleMessageListenerContainer.java:1490) ~[spring-rabbit-3.2.8.jar:3.2.8]
	at org.springframework.amqp.rabbit.listener.SimpleMessageListenerContainer$AsyncMessageProcessingConsumer.run(SimpleMessageListenerContainer.java:1328) ~[spring-rabbit-3.2.8.jar:3.2.8]
	at java.base/java.lang.Thread.run(Thread.java:1570) ~[na:na]
Caused by: org.springframework.amqp.rabbit.listener.BlockingQueueConsumer$DeclarationException: Failed to declare queue(s):[springCloudBus.anonymous.T1NSOnUWQRmo0GhWFChT8A]
	at org.springframework.amqp.rabbit.listener.BlockingQueueConsumer.attemptPassiveDeclarations(BlockingQueueConsumer.java:772) ~[spring-rabbit-3.2.8.jar:3.2.8]
	at org.springframework.amqp.rabbit.listener.BlockingQueueConsumer.passiveDeclarations(BlockingQueueConsumer.java:649) ~[spring-rabbit-3.2.8.jar:3.2.8]
	... 4 common frames omitted
Caused by: java.io.IOException: null
	at com.rabbitmq.client.impl.AMQChannel.wrap(AMQChannel.java:140) ~[amqp-client-5.25.0.jar:5.25.0]
	at com.rabbitmq.client.impl.AMQChannel.wrap(AMQChannel.java:136) ~[amqp-client-5.25.0.jar:5.25.0]
	at com.rabbitmq.client.impl.AMQChannel.exnWrappingRpc(AMQChannel.java:158) ~[amqp-client-5.25.0.jar:5.25.0]
	at com.rabbitmq.client.impl.ChannelN.queueDeclarePassive(ChannelN.java:1033) ~[amqp-client-5.25.0.jar:5.25.0]
	at com.rabbitmq.client.impl.ChannelN.queueDeclarePassive(ChannelN.java:47) ~[amqp-client-5.25.0.jar:5.25.0]
	at java.base/jdk.internal.reflect.DirectMethodHandleAccessor.invoke(DirectMethodHandleAccessor.java:103) ~[na:na]
	at java.base/java.lang.reflect.Method.invoke(Method.java:580) ~[na:na]
	at org.springframework.amqp.rabbit.connection.CachingConnectionFactory$CachedChannelInvocationHandler.invoke(CachingConnectionFactory.java:1201) ~[spring-rabbit-3.2.8.jar:3.2.8]
	at jdk.proxy2/jdk.proxy2.$Proxy173.queueDeclarePassive(Unknown Source) ~[na:na]
	at org.springframework.amqp.rabbit.listener.BlockingQueueConsumer.attemptPassiveDeclarations(BlockingQueueConsumer.java:750) ~[spring-rabbit-3.2.8.jar:3.2.8]
	... 5 common frames omitted
Caused by: com.rabbitmq.client.ShutdownSignalException: channel error; protocol method: #method<channel.close>(reply-code=404, reply-text=NOT_FOUND - no queue 'springCloudBus.anonymous.T1NSOnUWQRmo0GhWFChT8A' in vhost 'dwtkuyzt', class-id=50, method-id=10)
	at com.rabbitmq.utility.ValueOrException.getValue(ValueOrException.java:66) ~[amqp-client-5.25.0.jar:5.25.0]
	at com.rabbitmq.utility.BlockingValueOrException.uninterruptibleGetValue(BlockingValueOrException.java:36) ~[amqp-client-5.25.0.jar:5.25.0]
	at com.rabbitmq.client.impl.AMQChannel$BlockingRpcContinuation.getReply(AMQChannel.java:552) ~[amqp-client-5.25.0.jar:5.25.0]
	at com.rabbitmq.client.impl.AMQChannel.privateRpc(AMQChannel.java:316) ~[amqp-client-5.25.0.jar:5.25.0]
	at com.rabbitmq.client.impl.AMQChannel.exnWrappingRpc(AMQChannel.java:152) ~[amqp-client-5.25.0.jar:5.25.0]
	... 12 common frames omitted
Caused by: com.rabbitmq.client.ShutdownSignalException: channel error; protocol method: #method<channel.close>(reply-code=404, reply-text=NOT_FOUND - no queue 'springCloudBus.anonymous.T1NSOnUWQRmo0GhWFChT8A' in vhost 'dwtkuyzt', class-id=50, method-id=10)
	at com.rabbitmq.client.impl.ChannelN.asyncShutdown(ChannelN.java:528) ~[amqp-client-5.25.0.jar:5.25.0]
	at com.rabbitmq.client.impl.ChannelN.processAsync(ChannelN.java:349) ~[amqp-client-5.25.0.jar:5.25.0]
	at com.rabbitmq.client.impl.AMQChannel.handleCompleteInboundCommand(AMQChannel.java:193) ~[amqp-client-5.25.0.jar:5.25.0]
	at com.rabbitmq.client.impl.AMQChannel.handleFrame(AMQChannel.java:125) ~[amqp-client-5.25.0.jar:5.25.0]
	at com.rabbitmq.client.impl.AMQConnection.readFrame(AMQConnection.java:761) ~[amqp-client-5.25.0.jar:5.25.0]
	at com.rabbitmq.client.impl.AMQConnection.access$400(AMQConnection.java:48) ~[amqp-client-5.25.0.jar:5.25.0]
	at com.rabbitmq.client.impl.AMQConnection$MainLoop.run(AMQConnection.java:688) ~[amqp-client-5.25.0.jar:5.25.0]
	... 1 common frames omitted

2025-11-24T22:39:11.278+05:30  INFO 27655 --- [user-service] [springCloudBus.anonymous.T1NSOnUWQRmo0GhWFChT8A-111] [                                                 ] o.s.a.r.l.SimpleMessageListenerContainer : Restarting Consumer@617a37cd: tags=[[]], channel=Cached Rabbit Channel: AMQChannel(amqp://dwtkuyzt@35.153.225.39:5672/dwtkuyzt,1), conn: Proxy@b2633ea Shared Rabbit Connection: SimpleConnection@4e077605 [delegate=amqp://dwtkuyzt@35.153.225.39:5672/dwtkuyzt, localPort=61546], acknowledgeMode=AUTO local queue size=0
2025-11-24T22:39:12.359+05:30  WARN 27655 --- [user-service] [springCloudBus.anonymous.T1NSOnUWQRmo0GhWFChT8A-112] [                                                 ] o.s.a.r.listener.BlockingQueueConsumer   : Failed to declare queue: springCloudBus.anonymous.T1NSOnUWQRmo0GhWFChT8A
2025-11-24T22:39:12.360+05:30  WARN 27655 --- [user-service] [springCloudBus.anonymous.T1NSOnUWQRmo0GhWFChT8A-112] [                                                 ] o.s.a.r.listener.BlockingQueueConsumer   : Queue declaration failed; retries left=3

org.springframework.amqp.rabbit.listener.BlockingQueueConsumer$DeclarationException: Failed to declare queue(s):[springCloudBus.anonymous.T1NSOnUWQRmo0GhWFChT8A]
	at org.springframework.amqp.rabbit.listener.BlockingQueueConsumer.attemptPassiveDeclarations(BlockingQueueConsumer.java:772) ~[spring-rabbit-3.2.8.jar:3.2.8]
	at org.springframework.amqp.rabbit.listener.BlockingQueueConsumer.passiveDeclarations(BlockingQueueConsumer.java:649) ~[spring-rabbit-3.2.8.jar:3.2.8]
	at org.springframework.amqp.rabbit.listener.BlockingQueueConsumer.start(BlockingQueueConsumer.java:636) ~[spring-rabbit-3.2.8.jar:3.2.8]
	at org.springframework.amqp.rabbit.listener.SimpleMessageListenerContainer$AsyncMessageProcessingConsumer.initialize(SimpleMessageListenerContainer.java:1490) ~[spring-rabbit-3.2.8.jar:3.2.8]
	at org.springframework.amqp.rabbit.listener.SimpleMessageListenerContainer$AsyncMessageProcessingConsumer.run(SimpleMessageListenerContainer.java:1328) ~[spring-rabbit-3.2.8.jar:3.2.8]
	at java.base/java.lang.Thread.run(Thread.java:1570) ~[na:na]
Caused by: java.io.IOException: null
	at com.rabbitmq.client.impl.AMQChannel.wrap(AMQChannel.java:140) ~[amqp-client-5.25.0.jar:5.25.0]
	at com.rabbitmq.client.impl.AMQChannel.wrap(AMQChannel.java:136) ~[amqp-client-5.25.0.jar:5.25.0]
	at com.rabbitmq.client.impl.AMQChannel.exnWrappingRpc(AMQChannel.java:158) ~[amqp-client-5.25.0.jar:5.25.0]
	at com.rabbitmq.client.impl.ChannelN.queueDeclarePassive(ChannelN.java:1033) ~[amqp-client-5.25.0.jar:5.25.0]
	at com.rabbitmq.client.impl.ChannelN.queueDeclarePassive(ChannelN.java:47) ~[amqp-client-5.25.0.jar:5.25.0]
	at java.base/jdk.internal.reflect.DirectMethodHandleAccessor.invoke(DirectMethodHandleAccessor.java:103) ~[na:na]
	at java.base/java.lang.reflect.Method.invoke(Method.java:580) ~[na:na]
	at org.springframework.amqp.rabbit.connection.CachingConnectionFactory$CachedChannelInvocationHandler.invoke(CachingConnectionFactory.java:1201) ~[spring-rabbit-3.2.8.jar:3.2.8]
	at jdk.proxy2/jdk.proxy2.$Proxy173.queueDeclarePassive(Unknown Source) ~[na:na]
	at org.springframework.amqp.rabbit.listener.BlockingQueueConsumer.attemptPassiveDeclarations(BlockingQueueConsumer.java:750) ~[spring-rabbit-3.2.8.jar:3.2.8]
	... 5 common frames omitted
Caused by: com.rabbitmq.client.ShutdownSignalException: channel error; protocol method: #method<channel.close>(reply-code=404, reply-text=NOT_FOUND - no queue 'springCloudBus.anonymous.T1NSOnUWQRmo0GhWFChT8A' in vhost 'dwtkuyzt', class-id=50, method-id=10)
	at com.rabbitmq.utility.ValueOrException.getValue(ValueOrException.java:66) ~[amqp-client-5.25.0.jar:5.25.0]
	at com.rabbitmq.utility.BlockingValueOrException.uninterruptibleGetValue(BlockingValueOrException.java:36) ~[amqp-client-5.25.0.jar:5.25.0]
	at com.rabbitmq.client.impl.AMQChannel$BlockingRpcContinuation.getReply(AMQChannel.java:552) ~[amqp-client-5.25.0.jar:5.25.0]
	at com.rabbitmq.client.impl.AMQChannel.privateRpc(AMQChannel.java:316) ~[amqp-client-5.25.0.jar:5.25.0]
	at com.rabbitmq.client.impl.AMQChannel.exnWrappingRpc(AMQChannel.java:152) ~[amqp-client-5.25.0.jar:5.25.0]
	... 12 common frames omitted
Caused by: com.rabbitmq.client.ShutdownSignalException: channel error; protocol method: #method<channel.close>(reply-code=404, reply-text=NOT_FOUND - no queue 'springCloudBus.anonymous.T1NSOnUWQRmo0GhWFChT8A' in vhost 'dwtkuyzt', class-id=50, method-id=10)
	at com.rabbitmq.client.impl.ChannelN.asyncShutdown(ChannelN.java:528) ~[amqp-client-5.25.0.jar:5.25.0]
	at com.rabbitmq.client.impl.ChannelN.processAsync(ChannelN.java:349) ~[amqp-client-5.25.0.jar:5.25.0]
	at com.rabbitmq.client.impl.AMQChannel.handleCompleteInboundCommand(AMQChannel.java:193) ~[amqp-client-5.25.0.jar:5.25.0]
	at com.rabbitmq.client.impl.AMQChannel.handleFrame(AMQChannel.java:125) ~[amqp-client-5.25.0.jar:5.25.0]
	at com.rabbitmq.client.impl.AMQConnection.readFrame(AMQConnection.java:761) ~[amqp-client-5.25.0.jar:5.25.0]
	at com.rabbitmq.client.impl.AMQConnection.access$400(AMQConnection.java:48) ~[amqp-client-5.25.0.jar:5.25.0]
	at com.rabbitmq.client.impl.AMQConnection$MainLoop.run(AMQConnection.java:688) ~[amqp-client-5.25.0.jar:5.25.0]
	... 1 common frames omitted

2025-11-24T22:39:17.902+05:30  WARN 27655 --- [user-service] [springCloudBus.anonymous.T1NSOnUWQRmo0GhWFChT8A-112] [                                                 ] o.s.a.r.listener.BlockingQueueConsumer   : Failed to declare queue: springCloudBus.anonymous.T1NSOnUWQRmo0GhWFChT8A
2025-11-24T22:39:17.902+05:30  WARN 27655 --- [user-service] [springCloudBus.anonymous.T1NSOnUWQRmo0GhWFChT8A-112] [                                                 ] o.s.a.r.listener.BlockingQueueConsumer   : Queue declaration failed; retries left=2

org.springframework.amqp.rabbit.listener.BlockingQueueConsumer$DeclarationException: Failed to declare queue(s):[springCloudBus.anonymous.T1NSOnUWQRmo0GhWFChT8A]
	at org.springframework.amqp.rabbit.listener.BlockingQueueConsumer.attemptPassiveDeclarations(BlockingQueueConsumer.java:772) ~[spring-rabbit-3.2.8.jar:3.2.8]
	at org.springframework.amqp.rabbit.listener.BlockingQueueConsumer.passiveDeclarations(BlockingQueueConsumer.java:649) ~[spring-rabbit-3.2.8.jar:3.2.8]
	at org.springframework.amqp.rabbit.listener.BlockingQueueConsumer.start(BlockingQueueConsumer.java:636) ~[spring-rabbit-3.2.8.jar:3.2.8]
	at org.springframework.amqp.rabbit.listener.SimpleMessageListenerContainer$AsyncMessageProcessingConsumer.initialize(SimpleMessageListenerContainer.java:1490) ~[spring-rabbit-3.2.8.jar:3.2.8]
	at org.springframework.amqp.rabbit.listener.SimpleMessageListenerContainer$AsyncMessageProcessingConsumer.run(SimpleMessageListenerContainer.java:1328) ~[spring-rabbit-3.2.8.jar:3.2.8]
	at java.base/java.lang.Thread.run(Thread.java:1570) ~[na:na]
Caused by: java.io.IOException: null
	at com.rabbitmq.client.impl.AMQChannel.wrap(AMQChannel.java:140) ~[amqp-client-5.25.0.jar:5.25.0]
	at com.rabbitmq.client.impl.AMQChannel.wrap(AMQChannel.java:136) ~[amqp-client-5.25.0.jar:5.25.0]
	at com.rabbitmq.client.impl.AMQChannel.exnWrappingRpc(AMQChannel.java:158) ~[amqp-client-5.25.0.jar:5.25.0]
	at com.rabbitmq.client.impl.ChannelN.queueDeclarePassive(ChannelN.java:1033) ~[amqp-client-5.25.0.jar:5.25.0]
	at com.rabbitmq.client.impl.ChannelN.queueDeclarePassive(ChannelN.java:47) ~[amqp-client-5.25.0.jar:5.25.0]
	at java.base/jdk.internal.reflect.DirectMethodHandleAccessor.invoke(DirectMethodHandleAccessor.java:103) ~[na:na]
	at java.base/java.lang.reflect.Method.invoke(Method.java:580) ~[na:na]
	at org.springframework.amqp.rabbit.connection.CachingConnectionFactory$CachedChannelInvocationHandler.invoke(CachingConnectionFactory.java:1201) ~[spring-rabbit-3.2.8.jar:3.2.8]
	at jdk.proxy2/jdk.proxy2.$Proxy173.queueDeclarePassive(Unknown Source) ~[na:na]
	at org.springframework.amqp.rabbit.listener.BlockingQueueConsumer.attemptPassiveDeclarations(BlockingQueueConsumer.java:750) ~[spring-rabbit-3.2.8.jar:3.2.8]
	... 5 common frames omitted
Caused by: com.rabbitmq.client.ShutdownSignalException: channel error; protocol method: #method<channel.close>(reply-code=404, reply-text=NOT_FOUND - no queue 'springCloudBus.anonymous.T1NSOnUWQRmo0GhWFChT8A' in vhost 'dwtkuyzt', class-id=50, method-id=10)
	at com.rabbitmq.utility.ValueOrException.getValue(ValueOrException.java:66) ~[amqp-client-5.25.0.jar:5.25.0]
	at com.rabbitmq.utility.BlockingValueOrException.uninterruptibleGetValue(BlockingValueOrException.java:36) ~[amqp-client-5.25.0.jar:5.25.0]
	at com.rabbitmq.client.impl.AMQChannel$BlockingRpcContinuation.getReply(AMQChannel.java:552) ~[amqp-client-5.25.0.jar:5.25.0]
	at com.rabbitmq.client.impl.AMQChannel.privateRpc(AMQChannel.java:316) ~[amqp-client-5.25.0.jar:5.25.0]
	at com.rabbitmq.client.impl.AMQChannel.exnWrappingRpc(AMQChannel.java:152) ~[amqp-client-5.25.0.jar:5.25.0]
	... 12 common frames omitted
Caused by: com.rabbitmq.client.ShutdownSignalException: channel error; protocol method: #method<channel.close>(reply-code=404, reply-text=NOT_FOUND - no queue 'springCloudBus.anonymous.T1NSOnUWQRmo0GhWFChT8A' in vhost 'dwtkuyzt', class-id=50, method-id=10)
	at com.rabbitmq.client.impl.ChannelN.asyncShutdown(ChannelN.java:528) ~[amqp-client-5.25.0.jar:5.25.0]
	at com.rabbitmq.client.impl.ChannelN.processAsync(ChannelN.java:349) ~[amqp-client-5.25.0.jar:5.25.0]
	at com.rabbitmq.client.impl.AMQChannel.handleCompleteInboundCommand(AMQChannel.java:193) ~[amqp-client-5.25.0.jar:5.25.0]
	at com.rabbitmq.client.impl.AMQChannel.handleFrame(AMQChannel.java:125) ~[amqp-client-5.25.0.jar:5.25.0]
	at com.rabbitmq.client.impl.AMQConnection.readFrame(AMQConnection.java:761) ~[amqp-client-5.25.0.jar:5.25.0]
	at com.rabbitmq.client.impl.AMQConnection.access$400(AMQConnection.java:48) ~[amqp-client-5.25.0.jar:5.25.0]
	at com.rabbitmq.client.impl.AMQConnection$MainLoop.run(AMQConnection.java:688) ~[amqp-client-5.25.0.jar:5.25.0]
	... 1 common frames omitted

2025-11-24T22:39:23.444+05:30  WARN 27655 --- [user-service] [springCloudBus.anonymous.T1NSOnUWQRmo0GhWFChT8A-112] [                                                 ] o.s.a.r.listener.BlockingQueueConsumer   : Failed to declare queue: springCloudBus.anonymous.T1NSOnUWQRmo0GhWFChT8A
2025-11-24T22:39:23.444+05:30  WARN 27655 --- [user-service] [springCloudBus.anonymous.T1NSOnUWQRmo0GhWFChT8A-112] [                                                 ] o.s.a.r.listener.BlockingQueueConsumer   : Queue declaration failed; retries left=1

org.springframework.amqp.rabbit.listener.BlockingQueueConsumer$DeclarationException: Failed to declare queue(s):[springCloudBus.anonymous.T1NSOnUWQRmo0GhWFChT8A]
	at org.springframework.amqp.rabbit.listener.BlockingQueueConsumer.attemptPassiveDeclarations(BlockingQueueConsumer.java:772) ~[spring-rabbit-3.2.8.jar:3.2.8]
	at org.springframework.amqp.rabbit.listener.BlockingQueueConsumer.passiveDeclarations(BlockingQueueConsumer.java:649) ~[spring-rabbit-3.2.8.jar:3.2.8]
	at org.springframework.amqp.rabbit.listener.BlockingQueueConsumer.start(BlockingQueueConsumer.java:636) ~[spring-rabbit-3.2.8.jar:3.2.8]
	at org.springframework.amqp.rabbit.listener.SimpleMessageListenerContainer$AsyncMessageProcessingConsumer.initialize(SimpleMessageListenerContainer.java:1490) ~[spring-rabbit-3.2.8.jar:3.2.8]
	at org.springframework.amqp.rabbit.listener.SimpleMessageListenerContainer$AsyncMessageProcessingConsumer.run(SimpleMessageListenerContainer.java:1328) ~[spring-rabbit-3.2.8.jar:3.2.8]
	at java.base/java.lang.Thread.run(Thread.java:1570) ~[na:na]
Caused by: java.io.IOException: null
	at com.rabbitmq.client.impl.AMQChannel.wrap(AMQChannel.java:140) ~[amqp-client-5.25.0.jar:5.25.0]
	at com.rabbitmq.client.impl.AMQChannel.wrap(AMQChannel.java:136) ~[amqp-client-5.25.0.jar:5.25.0]
	at com.rabbitmq.client.impl.AMQChannel.exnWrappingRpc(AMQChannel.java:158) ~[amqp-client-5.25.0.jar:5.25.0]
	at com.rabbitmq.client.impl.ChannelN.queueDeclarePassive(ChannelN.java:1033) ~[amqp-client-5.25.0.jar:5.25.0]
	at com.rabbitmq.client.impl.ChannelN.queueDeclarePassive(ChannelN.java:47) ~[amqp-client-5.25.0.jar:5.25.0]
	at java.base/jdk.internal.reflect.DirectMethodHandleAccessor.invoke(DirectMethodHandleAccessor.java:103) ~[na:na]
	at java.base/java.lang.reflect.Method.invoke(Method.java:580) ~[na:na]
	at org.springframework.amqp.rabbit.connection.CachingConnectionFactory$CachedChannelInvocationHandler.invoke(CachingConnectionFactory.java:1201) ~[spring-rabbit-3.2.8.jar:3.2.8]
	at jdk.proxy2/jdk.proxy2.$Proxy173.queueDeclarePassive(Unknown Source) ~[na:na]
	at org.springframework.amqp.rabbit.listener.BlockingQueueConsumer.attemptPassiveDeclarations(BlockingQueueConsumer.java:750) ~[spring-rabbit-3.2.8.jar:3.2.8]
	... 5 common frames omitted
Caused by: com.rabbitmq.client.ShutdownSignalException: channel error; protocol method: #method<channel.close>(reply-code=404, reply-text=NOT_FOUND - no queue 'springCloudBus.anonymous.T1NSOnUWQRmo0GhWFChT8A' in vhost 'dwtkuyzt', class-id=50, method-id=10)
	at com.rabbitmq.utility.ValueOrException.getValue(ValueOrException.java:66) ~[amqp-client-5.25.0.jar:5.25.0]
	at com.rabbitmq.utility.BlockingValueOrException.uninterruptibleGetValue(BlockingValueOrException.java:36) ~[amqp-client-5.25.0.jar:5.25.0]
	at com.rabbitmq.client.impl.AMQChannel$BlockingRpcContinuation.getReply(AMQChannel.java:552) ~[amqp-client-5.25.0.jar:5.25.0]
	at com.rabbitmq.client.impl.AMQChannel.privateRpc(AMQChannel.java:316) ~[amqp-client-5.25.0.jar:5.25.0]
	at com.rabbitmq.client.impl.AMQChannel.exnWrappingRpc(AMQChannel.java:152) ~[amqp-client-5.25.0.jar:5.25.0]
	... 12 common frames omitted
Caused by: com.rabbitmq.client.ShutdownSignalException: channel error; protocol method: #method<channel.close>(reply-code=404, reply-text=NOT_FOUND - no queue 'springCloudBus.anonymous.T1NSOnUWQRmo0GhWFChT8A' in vhost 'dwtkuyzt', class-id=50, method-id=10)
	at com.rabbitmq.client.impl.ChannelN.asyncShutdown(ChannelN.java:528) ~[amqp-client-5.25.0.jar:5.25.0]
	at com.rabbitmq.client.impl.ChannelN.processAsync(ChannelN.java:349) ~[amqp-client-5.25.0.jar:5.25.0]
	at com.rabbitmq.client.impl.AMQChannel.handleCompleteInboundCommand(AMQChannel.java:193) ~[amqp-client-5.25.0.jar:5.25.0]
	at com.rabbitmq.client.impl.AMQChannel.handleFrame(AMQChannel.java:125) ~[amqp-client-5.25.0.jar:5.25.0]
	at com.rabbitmq.client.impl.AMQConnection.readFrame(AMQConnection.java:761) ~[amqp-client-5.25.0.jar:5.25.0]
	at com.rabbitmq.client.impl.AMQConnection.access$400(AMQConnection.java:48) ~[amqp-client-5.25.0.jar:5.25.0]
	at com.rabbitmq.client.impl.AMQConnection$MainLoop.run(AMQConnection.java:688) ~[amqp-client-5.25.0.jar:5.25.0]
	... 1 common frames omitted

2025-11-24T22:39:28.986+05:30  WARN 27655 --- [user-service] [springCloudBus.anonymous.T1NSOnUWQRmo0GhWFChT8A-112] [                                                 ] o.s.a.r.listener.BlockingQueueConsumer   : Failed to declare queue: springCloudBus.anonymous.T1NSOnUWQRmo0GhWFChT8A
2025-11-24T22:39:34.056+05:30 ERROR 27655 --- [user-service] [springCloudBus.anonymous.T1NSOnUWQRmo0GhWFChT8A-112] [                                                 ] o.s.a.r.l.SimpleMessageListenerContainer : Consumer threw missing queues exception, fatal=false

org.springframework.amqp.rabbit.listener.QueuesNotAvailableException: Cannot prepare queue for listener. Either the queue doesn't exist or the broker will not allow us to use it.
	at org.springframework.amqp.rabbit.listener.BlockingQueueConsumer.handleDeclarationException(BlockingQueueConsumer.java:722) ~[spring-rabbit-3.2.8.jar:3.2.8]
	at org.springframework.amqp.rabbit.listener.BlockingQueueConsumer.passiveDeclarations(BlockingQueueConsumer.java:656) ~[spring-rabbit-3.2.8.jar:3.2.8]
	at org.springframework.amqp.rabbit.listener.BlockingQueueConsumer.start(BlockingQueueConsumer.java:636) ~[spring-rabbit-3.2.8.jar:3.2.8]
	at org.springframework.amqp.rabbit.listener.SimpleMessageListenerContainer$AsyncMessageProcessingConsumer.initialize(SimpleMessageListenerContainer.java:1490) ~[spring-rabbit-3.2.8.jar:3.2.8]
	at org.springframework.amqp.rabbit.listener.SimpleMessageListenerContainer$AsyncMessageProcessingConsumer.run(SimpleMessageListenerContainer.java:1328) ~[spring-rabbit-3.2.8.jar:3.2.8]
	at java.base/java.lang.Thread.run(Thread.java:1570) ~[na:na]
Caused by: org.springframework.amqp.rabbit.listener.BlockingQueueConsumer$DeclarationException: Failed to declare queue(s):[springCloudBus.anonymous.T1NSOnUWQRmo0GhWFChT8A]
	at org.springframework.amqp.rabbit.listener.BlockingQueueConsumer.attemptPassiveDeclarations(BlockingQueueConsumer.java:772) ~[spring-rabbit-3.2.8.jar:3.2.8]
	at org.springframework.amqp.rabbit.listener.BlockingQueueConsumer.passiveDeclarations(BlockingQueueConsumer.java:649) ~[spring-rabbit-3.2.8.jar:3.2.8]
	... 4 common frames omitted
Caused by: java.io.IOException: null
	at com.rabbitmq.client.impl.AMQChannel.wrap(AMQChannel.java:140) ~[amqp-client-5.25.0.jar:5.25.0]
	at com.rabbitmq.client.impl.AMQChannel.wrap(AMQChannel.java:136) ~[amqp-client-5.25.0.jar:5.25.0]
	at com.rabbitmq.client.impl.AMQChannel.exnWrappingRpc(AMQChannel.java:158) ~[amqp-client-5.25.0.jar:5.25.0]
	at com.rabbitmq.client.impl.ChannelN.queueDeclarePassive(ChannelN.java:1033) ~[amqp-client-5.25.0.jar:5.25.0]
	at com.rabbitmq.client.impl.ChannelN.queueDeclarePassive(ChannelN.java:47) ~[amqp-client-5.25.0.jar:5.25.0]
	at java.base/jdk.internal.reflect.DirectMethodHandleAccessor.invoke(DirectMethodHandleAccessor.java:103) ~[na:na]
	at java.base/java.lang.reflect.Method.invoke(Method.java:580) ~[na:na]
	at org.springframework.amqp.rabbit.connection.CachingConnectionFactory$CachedChannelInvocationHandler.invoke(CachingConnectionFactory.java:1201) ~[spring-rabbit-3.2.8.jar:3.2.8]
	at jdk.proxy2/jdk.proxy2.$Proxy173.queueDeclarePassive(Unknown Source) ~[na:na]
	at org.springframework.amqp.rabbit.listener.BlockingQueueConsumer.attemptPassiveDeclarations(BlockingQueueConsumer.java:750) ~[spring-rabbit-3.2.8.jar:3.2.8]
	... 5 common frames omitted
Caused by: com.rabbitmq.client.ShutdownSignalException: channel error; protocol method: #method<channel.close>(reply-code=404, reply-text=NOT_FOUND - no queue 'springCloudBus.anonymous.T1NSOnUWQRmo0GhWFChT8A' in vhost 'dwtkuyzt', class-id=50, method-id=10)
	at com.rabbitmq.utility.ValueOrException.getValue(ValueOrException.java:66) ~[amqp-client-5.25.0.jar:5.25.0]
	at com.rabbitmq.utility.BlockingValueOrException.uninterruptibleGetValue(BlockingValueOrException.java:36) ~[amqp-client-5.25.0.jar:5.25.0]
	at com.rabbitmq.client.impl.AMQChannel$BlockingRpcContinuation.getReply(AMQChannel.java:552) ~[amqp-client-5.25.0.jar:5.25.0]
	at com.rabbitmq.client.impl.AMQChannel.privateRpc(AMQChannel.java:316) ~[amqp-client-5.25.0.jar:5.25.0]
	at com.rabbitmq.client.impl.AMQChannel.exnWrappingRpc(AMQChannel.java:152) ~[amqp-client-5.25.0.jar:5.25.0]
	... 12 common frames omitted
Caused by: com.rabbitmq.client.ShutdownSignalException: channel error; protocol method: #method<channel.close>(reply-code=404, reply-text=NOT_FOUND - no queue 'springCloudBus.anonymous.T1NSOnUWQRmo0GhWFChT8A' in vhost 'dwtkuyzt', class-id=50, method-id=10)
	at com.rabbitmq.client.impl.ChannelN.asyncShutdown(ChannelN.java:528) ~[amqp-client-5.25.0.jar:5.25.0]
	at com.rabbitmq.client.impl.ChannelN.processAsync(ChannelN.java:349) ~[amqp-client-5.25.0.jar:5.25.0]
	at com.rabbitmq.client.impl.AMQChannel.handleCompleteInboundCommand(AMQChannel.java:193) ~[amqp-client-5.25.0.jar:5.25.0]
	at com.rabbitmq.client.impl.AMQChannel.handleFrame(AMQChannel.java:125) ~[amqp-client-5.25.0.jar:5.25.0]
	at com.rabbitmq.client.impl.AMQConnection.readFrame(AMQConnection.java:761) ~[amqp-client-5.25.0.jar:5.25.0]
	at com.rabbitmq.client.impl.AMQConnection.access$400(AMQConnection.java:48) ~[amqp-client-5.25.0.jar:5.25.0]
	at com.rabbitmq.client.impl.AMQConnection$MainLoop.run(AMQConnection.java:688) ~[amqp-client-5.25.0.jar:5.25.0]
	... 1 common frames omitted

2025-11-24T22:39:34.060+05:30  INFO 27655 --- [user-service] [springCloudBus.anonymous.T1NSOnUWQRmo0GhWFChT8A-112] [                                                 ] o.s.a.r.l.SimpleMessageListenerContainer : Restarting Consumer@48ae687e: tags=[[]], channel=Cached Rabbit Channel: AMQChannel(amqp://dwtkuyzt@35.153.225.39:5672/dwtkuyzt,1), conn: Proxy@b2633ea Shared Rabbit Connection: SimpleConnection@4e077605 [delegate=amqp://dwtkuyzt@35.153.225.39:5672/dwtkuyzt, localPort=61546], acknowledgeMode=AUTO local queue size=0
2025-11-24T22:39:35.173+05:30  WARN 27655 --- [user-service] [springCloudBus.anonymous.T1NSOnUWQRmo0GhWFChT8A-113] [                                                 ] o.s.a.r.listener.BlockingQueueConsumer   : Failed to declare queue: springCloudBus.anonymous.T1NSOnUWQRmo0GhWFChT8A
2025-11-24T22:39:35.173+05:30  WARN 27655 --- [user-service] [springCloudBus.anonymous.T1NSOnUWQRmo0GhWFChT8A-113] [                                                 ] o.s.a.r.listener.BlockingQueueConsumer   : Queue declaration failed; retries left=3

org.springframework.amqp.rabbit.listener.BlockingQueueConsumer$DeclarationException: Failed to declare queue(s):[springCloudBus.anonymous.T1NSOnUWQRmo0GhWFChT8A]
	at org.springframework.amqp.rabbit.listener.BlockingQueueConsumer.attemptPassiveDeclarations(BlockingQueueConsumer.java:772) ~[spring-rabbit-3.2.8.jar:3.2.8]
	at org.springframework.amqp.rabbit.listener.BlockingQueueConsumer.passiveDeclarations(BlockingQueueConsumer.java:649) ~[spring-rabbit-3.2.8.jar:3.2.8]
	at org.springframework.amqp.rabbit.listener.BlockingQueueConsumer.start(BlockingQueueConsumer.java:636) ~[spring-rabbit-3.2.8.jar:3.2.8]
	at org.springframework.amqp.rabbit.listener.SimpleMessageListenerContainer$AsyncMessageProcessingConsumer.initialize(SimpleMessageListenerContainer.java:1490) ~[spring-rabbit-3.2.8.jar:3.2.8]
	at org.springframework.amqp.rabbit.listener.SimpleMessageListenerContainer$AsyncMessageProcessingConsumer.run(SimpleMessageListenerContainer.java:1328) ~[spring-rabbit-3.2.8.jar:3.2.8]
	at java.base/java.lang.Thread.run(Thread.java:1570) ~[na:na]
Caused by: java.io.IOException: null
	at com.rabbitmq.client.impl.AMQChannel.wrap(AMQChannel.java:140) ~[amqp-client-5.25.0.jar:5.25.0]
	at com.rabbitmq.client.impl.AMQChannel.wrap(AMQChannel.java:136) ~[amqp-client-5.25.0.jar:5.25.0]
	at com.rabbitmq.client.impl.AMQChannel.exnWrappingRpc(AMQChannel.java:158) ~[amqp-client-5.25.0.jar:5.25.0]
	at com.rabbitmq.client.impl.ChannelN.queueDeclarePassive(ChannelN.java:1033) ~[amqp-client-5.25.0.jar:5.25.0]
	at com.rabbitmq.client.impl.ChannelN.queueDeclarePassive(ChannelN.java:47) ~[amqp-client-5.25.0.jar:5.25.0]
	at java.base/jdk.internal.reflect.DirectMethodHandleAccessor.invoke(DirectMethodHandleAccessor.java:103) ~[na:na]
	at java.base/java.lang.reflect.Method.invoke(Method.java:580) ~[na:na]
	at org.springframework.amqp.rabbit.connection.CachingConnectionFactory$CachedChannelInvocationHandler.invoke(CachingConnectionFactory.java:1201) ~[spring-rabbit-3.2.8.jar:3.2.8]
	at jdk.proxy2/jdk.proxy2.$Proxy173.queueDeclarePassive(Unknown Source) ~[na:na]
	at org.springframework.amqp.rabbit.listener.BlockingQueueConsumer.attemptPassiveDeclarations(BlockingQueueConsumer.java:750) ~[spring-rabbit-3.2.8.jar:3.2.8]
	... 5 common frames omitted
Caused by: com.rabbitmq.client.ShutdownSignalException: channel error; protocol method: #method<channel.close>(reply-code=404, reply-text=NOT_FOUND - no queue 'springCloudBus.anonymous.T1NSOnUWQRmo0GhWFChT8A' in vhost 'dwtkuyzt', class-id=50, method-id=10)
	at com.rabbitmq.utility.ValueOrException.getValue(ValueOrException.java:66) ~[amqp-client-5.25.0.jar:5.25.0]
	at com.rabbitmq.utility.BlockingValueOrException.uninterruptibleGetValue(BlockingValueOrException.java:36) ~[amqp-client-5.25.0.jar:5.25.0]
	at com.rabbitmq.client.impl.AMQChannel$BlockingRpcContinuation.getReply(AMQChannel.java:552) ~[amqp-client-5.25.0.jar:5.25.0]
	at com.rabbitmq.client.impl.AMQChannel.privateRpc(AMQChannel.java:316) ~[amqp-client-5.25.0.jar:5.25.0]
	at com.rabbitmq.client.impl.AMQChannel.exnWrappingRpc(AMQChannel.java:152) ~[amqp-client-5.25.0.jar:5.25.0]
	... 12 common frames omitted
Caused by: com.rabbitmq.client.ShutdownSignalException: channel error; protocol method: #method<channel.close>(reply-code=404, reply-text=NOT_FOUND - no queue 'springCloudBus.anonymous.T1NSOnUWQRmo0GhWFChT8A' in vhost 'dwtkuyzt', class-id=50, method-id=10)
	at com.rabbitmq.client.impl.ChannelN.asyncShutdown(ChannelN.java:528) ~[amqp-client-5.25.0.jar:5.25.0]
	at com.rabbitmq.client.impl.ChannelN.processAsync(ChannelN.java:349) ~[amqp-client-5.25.0.jar:5.25.0]
	at com.rabbitmq.client.impl.AMQChannel.handleCompleteInboundCommand(AMQChannel.java:193) ~[amqp-client-5.25.0.jar:5.25.0]
	at com.rabbitmq.client.impl.AMQChannel.handleFrame(AMQChannel.java:125) ~[amqp-client-5.25.0.jar:5.25.0]
	at com.rabbitmq.client.impl.AMQConnection.readFrame(AMQConnection.java:761) ~[amqp-client-5.25.0.jar:5.25.0]
	at com.rabbitmq.client.impl.AMQConnection.access$400(AMQConnection.java:48) ~[amqp-client-5.25.0.jar:5.25.0]
	at com.rabbitmq.client.impl.AMQConnection$MainLoop.run(AMQConnection.java:688) ~[amqp-client-5.25.0.jar:5.25.0]
	... 1 common frames omitted

2025-11-24T22:39:40.714+05:30  WARN 27655 --- [user-service] [springCloudBus.anonymous.T1NSOnUWQRmo0GhWFChT8A-113] [                                                 ] o.s.a.r.listener.BlockingQueueConsumer   : Failed to declare queue: springCloudBus.anonymous.T1NSOnUWQRmo0GhWFChT8A
2025-11-24T22:39:40.715+05:30  WARN 27655 --- [user-service] [springCloudBus.anonymous.T1NSOnUWQRmo0GhWFChT8A-113] [                                                 ] o.s.a.r.listener.BlockingQueueConsumer   : Queue declaration failed; retries left=2

org.springframework.amqp.rabbit.listener.BlockingQueueConsumer$DeclarationException: Failed to declare queue(s):[springCloudBus.anonymous.T1NSOnUWQRmo0GhWFChT8A]
	at org.springframework.amqp.rabbit.listener.BlockingQueueConsumer.attemptPassiveDeclarations(BlockingQueueConsumer.java:772) ~[spring-rabbit-3.2.8.jar:3.2.8]
	at org.springframework.amqp.rabbit.listener.BlockingQueueConsumer.passiveDeclarations(BlockingQueueConsumer.java:649) ~[spring-rabbit-3.2.8.jar:3.2.8]
	at org.springframework.amqp.rabbit.listener.BlockingQueueConsumer.start(BlockingQueueConsumer.java:636) ~[spring-rabbit-3.2.8.jar:3.2.8]
	at org.springframework.amqp.rabbit.listener.SimpleMessageListenerContainer$AsyncMessageProcessingConsumer.initialize(SimpleMessageListenerContainer.java:1490) ~[spring-rabbit-3.2.8.jar:3.2.8]
	at org.springframework.amqp.rabbit.listener.SimpleMessageListenerContainer$AsyncMessageProcessingConsumer.run(SimpleMessageListenerContainer.java:1328) ~[spring-rabbit-3.2.8.jar:3.2.8]
	at java.base/java.lang.Thread.run(Thread.java:1570) ~[na:na]
Caused by: java.io.IOException: null
	at com.rabbitmq.client.impl.AMQChannel.wrap(AMQChannel.java:140) ~[amqp-client-5.25.0.jar:5.25.0]
	at com.rabbitmq.client.impl.AMQChannel.wrap(AMQChannel.java:136) ~[amqp-client-5.25.0.jar:5.25.0]
	at com.rabbitmq.client.impl.AMQChannel.exnWrappingRpc(AMQChannel.java:158) ~[amqp-client-5.25.0.jar:5.25.0]
	at com.rabbitmq.client.impl.ChannelN.queueDeclarePassive(ChannelN.java:1033) ~[amqp-client-5.25.0.jar:5.25.0]
	at com.rabbitmq.client.impl.ChannelN.queueDeclarePassive(ChannelN.java:47) ~[amqp-client-5.25.0.jar:5.25.0]
	at java.base/jdk.internal.reflect.DirectMethodHandleAccessor.invoke(DirectMethodHandleAccessor.java:103) ~[na:na]
	at java.base/java.lang.reflect.Method.invoke(Method.java:580) ~[na:na]
	at org.springframework.amqp.rabbit.connection.CachingConnectionFactory$CachedChannelInvocationHandler.invoke(CachingConnectionFactory.java:1201) ~[spring-rabbit-3.2.8.jar:3.2.8]
	at jdk.proxy2/jdk.proxy2.$Proxy173.queueDeclarePassive(Unknown Source) ~[na:na]
	at org.springframework.amqp.rabbit.listener.BlockingQueueConsumer.attemptPassiveDeclarations(BlockingQueueConsumer.java:750) ~[spring-rabbit-3.2.8.jar:3.2.8]
	... 5 common frames omitted
Caused by: com.rabbitmq.client.ShutdownSignalException: channel error; protocol method: #method<channel.close>(reply-code=404, reply-text=NOT_FOUND - no queue 'springCloudBus.anonymous.T1NSOnUWQRmo0GhWFChT8A' in vhost 'dwtkuyzt', class-id=50, method-id=10)
	at com.rabbitmq.utility.ValueOrException.getValue(ValueOrException.java:66) ~[amqp-client-5.25.0.jar:5.25.0]
	at com.rabbitmq.utility.BlockingValueOrException.uninterruptibleGetValue(BlockingValueOrException.java:36) ~[amqp-client-5.25.0.jar:5.25.0]
	at com.rabbitmq.client.impl.AMQChannel$BlockingRpcContinuation.getReply(AMQChannel.java:552) ~[amqp-client-5.25.0.jar:5.25.0]
	at com.rabbitmq.client.impl.AMQChannel.privateRpc(AMQChannel.java:316) ~[amqp-client-5.25.0.jar:5.25.0]
	at com.rabbitmq.client.impl.AMQChannel.exnWrappingRpc(AMQChannel.java:152) ~[amqp-client-5.25.0.jar:5.25.0]
	... 12 common frames omitted
Caused by: com.rabbitmq.client.ShutdownSignalException: channel error; protocol method: #method<channel.close>(reply-code=404, reply-text=NOT_FOUND - no queue 'springCloudBus.anonymous.T1NSOnUWQRmo0GhWFChT8A' in vhost 'dwtkuyzt', class-id=50, method-id=10)
	at com.rabbitmq.client.impl.ChannelN.asyncShutdown(ChannelN.java:528) ~[amqp-client-5.25.0.jar:5.25.0]
	at com.rabbitmq.client.impl.ChannelN.processAsync(ChannelN.java:349) ~[amqp-client-5.25.0.jar:5.25.0]
	at com.rabbitmq.client.impl.AMQChannel.handleCompleteInboundCommand(AMQChannel.java:193) ~[amqp-client-5.25.0.jar:5.25.0]
	at com.rabbitmq.client.impl.AMQChannel.handleFrame(AMQChannel.java:125) ~[amqp-client-5.25.0.jar:5.25.0]
	at com.rabbitmq.client.impl.AMQConnection.readFrame(AMQConnection.java:761) ~[amqp-client-5.25.0.jar:5.25.0]
	at com.rabbitmq.client.impl.AMQConnection.access$400(AMQConnection.java:48) ~[amqp-client-5.25.0.jar:5.25.0]
	at com.rabbitmq.client.impl.AMQConnection$MainLoop.run(AMQConnection.java:688) ~[amqp-client-5.25.0.jar:5.25.0]
	... 1 common frames omitted

2025-11-24T22:39:46.260+05:30  WARN 27655 --- [user-service] [springCloudBus.anonymous.T1NSOnUWQRmo0GhWFChT8A-113] [                                                 ] o.s.a.r.listener.BlockingQueueConsumer   : Failed to declare queue: springCloudBus.anonymous.T1NSOnUWQRmo0GhWFChT8A
2025-11-24T22:39:46.261+05:30  WARN 27655 --- [user-service] [springCloudBus.anonymous.T1NSOnUWQRmo0GhWFChT8A-113] [                                                 ] o.s.a.r.listener.BlockingQueueConsumer   : Queue declaration failed; retries left=1

org.springframework.amqp.rabbit.listener.BlockingQueueConsumer$DeclarationException: Failed to declare queue(s):[springCloudBus.anonymous.T1NSOnUWQRmo0GhWFChT8A]
	at org.springframework.amqp.rabbit.listener.BlockingQueueConsumer.attemptPassiveDeclarations(BlockingQueueConsumer.java:772) ~[spring-rabbit-3.2.8.jar:3.2.8]
	at org.springframework.amqp.rabbit.listener.BlockingQueueConsumer.passiveDeclarations(BlockingQueueConsumer.java:649) ~[spring-rabbit-3.2.8.jar:3.2.8]
	at org.springframework.amqp.rabbit.listener.BlockingQueueConsumer.start(BlockingQueueConsumer.java:636) ~[spring-rabbit-3.2.8.jar:3.2.8]
	at org.springframework.amqp.rabbit.listener.SimpleMessageListenerContainer$AsyncMessageProcessingConsumer.initialize(SimpleMessageListenerContainer.java:1490) ~[spring-rabbit-3.2.8.jar:3.2.8]
	at org.springframework.amqp.rabbit.listener.SimpleMessageListenerContainer$AsyncMessageProcessingConsumer.run(SimpleMessageListenerContainer.java:1328) ~[spring-rabbit-3.2.8.jar:3.2.8]
	at java.base/java.lang.Thread.run(Thread.java:1570) ~[na:na]
Caused by: java.io.IOException: null
	at com.rabbitmq.client.impl.AMQChannel.wrap(AMQChannel.java:140) ~[amqp-client-5.25.0.jar:5.25.0]
	at com.rabbitmq.client.impl.AMQChannel.wrap(AMQChannel.java:136) ~[amqp-client-5.25.0.jar:5.25.0]
	at com.rabbitmq.client.impl.AMQChannel.exnWrappingRpc(AMQChannel.java:158) ~[amqp-client-5.25.0.jar:5.25.0]
	at com.rabbitmq.client.impl.ChannelN.queueDeclarePassive(ChannelN.java:1033) ~[amqp-client-5.25.0.jar:5.25.0]
	at com.rabbitmq.client.impl.ChannelN.queueDeclarePassive(ChannelN.java:47) ~[amqp-client-5.25.0.jar:5.25.0]
	at java.base/jdk.internal.reflect.DirectMethodHandleAccessor.invoke(DirectMethodHandleAccessor.java:103) ~[na:na]
	at java.base/java.lang.reflect.Method.invoke(Method.java:580) ~[na:na]
	at org.springframework.amqp.rabbit.connection.CachingConnectionFactory$CachedChannelInvocationHandler.invoke(CachingConnectionFactory.java:1201) ~[spring-rabbit-3.2.8.jar:3.2.8]
	at jdk.proxy2/jdk.proxy2.$Proxy173.queueDeclarePassive(Unknown Source) ~[na:na]
	at org.springframework.amqp.rabbit.listener.BlockingQueueConsumer.attemptPassiveDeclarations(BlockingQueueConsumer.java:750) ~[spring-rabbit-3.2.8.jar:3.2.8]
	... 5 common frames omitted
Caused by: com.rabbitmq.client.ShutdownSignalException: channel error; protocol method: #method<channel.close>(reply-code=404, reply-text=NOT_FOUND - no queue 'springCloudBus.anonymous.T1NSOnUWQRmo0GhWFChT8A' in vhost 'dwtkuyzt', class-id=50, method-id=10)
	at com.rabbitmq.utility.ValueOrException.getValue(ValueOrException.java:66) ~[amqp-client-5.25.0.jar:5.25.0]
	at com.rabbitmq.utility.BlockingValueOrException.uninterruptibleGetValue(BlockingValueOrException.java:36) ~[amqp-client-5.25.0.jar:5.25.0]
	at com.rabbitmq.client.impl.AMQChannel$BlockingRpcContinuation.getReply(AMQChannel.java:552) ~[amqp-client-5.25.0.jar:5.25.0]
	at com.rabbitmq.client.impl.AMQChannel.privateRpc(AMQChannel.java:316) ~[amqp-client-5.25.0.jar:5.25.0]
	at com.rabbitmq.client.impl.AMQChannel.exnWrappingRpc(AMQChannel.java:152) ~[amqp-client-5.25.0.jar:5.25.0]
	... 12 common frames omitted
Caused by: com.rabbitmq.client.ShutdownSignalException: channel error; protocol method: #method<channel.close>(reply-code=404, reply-text=NOT_FOUND - no queue 'springCloudBus.anonymous.T1NSOnUWQRmo0GhWFChT8A' in vhost 'dwtkuyzt', class-id=50, method-id=10)
	at com.rabbitmq.client.impl.ChannelN.asyncShutdown(ChannelN.java:528) ~[amqp-client-5.25.0.jar:5.25.0]
	at com.rabbitmq.client.impl.ChannelN.processAsync(ChannelN.java:349) ~[amqp-client-5.25.0.jar:5.25.0]
	at com.rabbitmq.client.impl.AMQChannel.handleCompleteInboundCommand(AMQChannel.java:193) ~[amqp-client-5.25.0.jar:5.25.0]
	at com.rabbitmq.client.impl.AMQChannel.handleFrame(AMQChannel.java:125) ~[amqp-client-5.25.0.jar:5.25.0]
	at com.rabbitmq.client.impl.AMQConnection.readFrame(AMQConnection.java:761) ~[amqp-client-5.25.0.jar:5.25.0]
	at com.rabbitmq.client.impl.AMQConnection.access$400(AMQConnection.java:48) ~[amqp-client-5.25.0.jar:5.25.0]
	at com.rabbitmq.client.impl.AMQConnection$MainLoop.run(AMQConnection.java:688) ~[amqp-client-5.25.0.jar:5.25.0]
	... 1 common frames omitted

2025-11-24T22:39:51.802+05:30  WARN 27655 --- [user-service] [springCloudBus.anonymous.T1NSOnUWQRmo0GhWFChT8A-113] [                                                 ] o.s.a.r.listener.BlockingQueueConsumer   : Failed to declare queue: springCloudBus.anonymous.T1NSOnUWQRmo0GhWFChT8A
2025-11-24T22:39:56.897+05:30 ERROR 27655 --- [user-service] [springCloudBus.anonymous.T1NSOnUWQRmo0GhWFChT8A-113] [                                                 ] o.s.a.r.l.SimpleMessageListenerContainer : Consumer threw missing queues exception, fatal=false

org.springframework.amqp.rabbit.listener.QueuesNotAvailableException: Cannot prepare queue for listener. Either the queue doesn't exist or the broker will not allow us to use it.
	at org.springframework.amqp.rabbit.listener.BlockingQueueConsumer.handleDeclarationException(BlockingQueueConsumer.java:722) ~[spring-rabbit-3.2.8.jar:3.2.8]
	at org.springframework.amqp.rabbit.listener.BlockingQueueConsumer.passiveDeclarations(BlockingQueueConsumer.java:656) ~[spring-rabbit-3.2.8.jar:3.2.8]
	at org.springframework.amqp.rabbit.listener.BlockingQueueConsumer.start(BlockingQueueConsumer.java:636) ~[spring-rabbit-3.2.8.jar:3.2.8]
	at org.springframework.amqp.rabbit.listener.SimpleMessageListenerContainer$AsyncMessageProcessingConsumer.initialize(SimpleMessageListenerContainer.java:1490) ~[spring-rabbit-3.2.8.jar:3.2.8]
	at org.springframework.amqp.rabbit.listener.SimpleMessageListenerContainer$AsyncMessageProcessingConsumer.run(SimpleMessageListenerContainer.java:1328) ~[spring-rabbit-3.2.8.jar:3.2.8]
	at java.base/java.lang.Thread.run(Thread.java:1570) ~[na:na]
Caused by: org.springframework.amqp.rabbit.listener.BlockingQueueConsumer$DeclarationException: Failed to declare queue(s):[springCloudBus.anonymous.T1NSOnUWQRmo0GhWFChT8A]
	at org.springframework.amqp.rabbit.listener.BlockingQueueConsumer.attemptPassiveDeclarations(BlockingQueueConsumer.java:772) ~[spring-rabbit-3.2.8.jar:3.2.8]
	at org.springframework.amqp.rabbit.listener.BlockingQueueConsumer.passiveDeclarations(BlockingQueueConsumer.java:649) ~[spring-rabbit-3.2.8.jar:3.2.8]
	... 4 common frames omitted
Caused by: java.io.IOException: null
	at com.rabbitmq.client.impl.AMQChannel.wrap(AMQChannel.java:140) ~[amqp-client-5.25.0.jar:5.25.0]
	at com.rabbitmq.client.impl.AMQChannel.wrap(AMQChannel.java:136) ~[amqp-client-5.25.0.jar:5.25.0]
	at com.rabbitmq.client.impl.AMQChannel.exnWrappingRpc(AMQChannel.java:158) ~[amqp-client-5.25.0.jar:5.25.0]
	at com.rabbitmq.client.impl.ChannelN.queueDeclarePassive(ChannelN.java:1033) ~[amqp-client-5.25.0.jar:5.25.0]
	at com.rabbitmq.client.impl.ChannelN.queueDeclarePassive(ChannelN.java:47) ~[amqp-client-5.25.0.jar:5.25.0]
	at java.base/jdk.internal.reflect.DirectMethodHandleAccessor.invoke(DirectMethodHandleAccessor.java:103) ~[na:na]
	at java.base/java.lang.reflect.Method.invoke(Method.java:580) ~[na:na]
	at org.springframework.amqp.rabbit.connection.CachingConnectionFactory$CachedChannelInvocationHandler.invoke(CachingConnectionFactory.java:1201) ~[spring-rabbit-3.2.8.jar:3.2.8]
	at jdk.proxy2/jdk.proxy2.$Proxy173.queueDeclarePassive(Unknown Source) ~[na:na]
	at org.springframework.amqp.rabbit.listener.BlockingQueueConsumer.attemptPassiveDeclarations(BlockingQueueConsumer.java:750) ~[spring-rabbit-3.2.8.jar:3.2.8]
	... 5 common frames omitted
Caused by: com.rabbitmq.client.ShutdownSignalException: channel error; protocol method: #method<channel.close>(reply-code=404, reply-text=NOT_FOUND - no queue 'springCloudBus.anonymous.T1NSOnUWQRmo0GhWFChT8A' in vhost 'dwtkuyzt', class-id=50, method-id=10)
	at com.rabbitmq.utility.ValueOrException.getValue(ValueOrException.java:66) ~[amqp-client-5.25.0.jar:5.25.0]
	at com.rabbitmq.utility.BlockingValueOrException.uninterruptibleGetValue(BlockingValueOrException.java:36) ~[amqp-client-5.25.0.jar:5.25.0]
	at com.rabbitmq.client.impl.AMQChannel$BlockingRpcContinuation.getReply(AMQChannel.java:552) ~[amqp-client-5.25.0.jar:5.25.0]
	at com.rabbitmq.client.impl.AMQChannel.privateRpc(AMQChannel.java:316) ~[amqp-client-5.25.0.jar:5.25.0]
	at com.rabbitmq.client.impl.AMQChannel.exnWrappingRpc(AMQChannel.java:152) ~[amqp-client-5.25.0.jar:5.25.0]
	... 12 common frames omitted
Caused by: com.rabbitmq.client.ShutdownSignalException: channel error; protocol method: #method<channel.close>(reply-code=404, reply-text=NOT_FOUND - no queue 'springCloudBus.anonymous.T1NSOnUWQRmo0GhWFChT8A' in vhost 'dwtkuyzt', class-id=50, method-id=10)
	at com.rabbitmq.client.impl.ChannelN.asyncShutdown(ChannelN.java:528) ~[amqp-client-5.25.0.jar:5.25.0]
	at com.rabbitmq.client.impl.ChannelN.processAsync(ChannelN.java:349) ~[amqp-client-5.25.0.jar:5.25.0]
	at com.rabbitmq.client.impl.AMQChannel.handleCompleteInboundCommand(AMQChannel.java:193) ~[amqp-client-5.25.0.jar:5.25.0]
	at com.rabbitmq.client.impl.AMQChannel.handleFrame(AMQChannel.java:125) ~[amqp-client-5.25.0.jar:5.25.0]
	at com.rabbitmq.client.impl.AMQConnection.readFrame(AMQConnection.java:761) ~[amqp-client-5.25.0.jar:5.25.0]
	at com.rabbitmq.client.impl.AMQConnection.access$400(AMQConnection.java:48) ~[amqp-client-5.25.0.jar:5.25.0]
	at com.rabbitmq.client.impl.AMQConnection$MainLoop.run(AMQConnection.java:688) ~[amqp-client-5.25.0.jar:5.25.0]
	... 1 common frames omitted

2025-11-24T22:39:56.900+05:30  INFO 27655 --- [user-service] [springCloudBus.anonymous.T1NSOnUWQRmo0GhWFChT8A-113] [                                                 ] o.s.a.r.l.SimpleMessageListenerContainer : Restarting Consumer@6433d515: tags=[[]], channel=Cached Rabbit Channel: AMQChannel(amqp://dwtkuyzt@35.153.225.39:5672/dwtkuyzt,1), conn: Proxy@b2633ea Shared Rabbit Connection: SimpleConnection@4e077605 [delegate=amqp://dwtkuyzt@35.153.225.39:5672/dwtkuyzt, localPort=61546], acknowledgeMode=AUTO local queue size=0
2025-11-24T22:39:58.021+05:30  WARN 27655 --- [user-service] [springCloudBus.anonymous.T1NSOnUWQRmo0GhWFChT8A-114] [                                                 ] o.s.a.r.listener.BlockingQueueConsumer   : Failed to declare queue: springCloudBus.anonymous.T1NSOnUWQRmo0GhWFChT8A
2025-11-24T22:39:58.021+05:30  WARN 27655 --- [user-service] [springCloudBus.anonymous.T1NSOnUWQRmo0GhWFChT8A-114] [                                                 ] o.s.a.r.listener.BlockingQueueConsumer   : Queue declaration failed; retries left=3

org.springframework.amqp.rabbit.listener.BlockingQueueConsumer$DeclarationException: Failed to declare queue(s):[springCloudBus.anonymous.T1NSOnUWQRmo0GhWFChT8A]
	at org.springframework.amqp.rabbit.listener.BlockingQueueConsumer.attemptPassiveDeclarations(BlockingQueueConsumer.java:772) ~[spring-rabbit-3.2.8.jar:3.2.8]
	at org.springframework.amqp.rabbit.listener.BlockingQueueConsumer.passiveDeclarations(BlockingQueueConsumer.java:649) ~[spring-rabbit-3.2.8.jar:3.2.8]
	at org.springframework.amqp.rabbit.listener.BlockingQueueConsumer.start(BlockingQueueConsumer.java:636) ~[spring-rabbit-3.2.8.jar:3.2.8]
	at org.springframework.amqp.rabbit.listener.SimpleMessageListenerContainer$AsyncMessageProcessingConsumer.initialize(SimpleMessageListenerContainer.java:1490) ~[spring-rabbit-3.2.8.jar:3.2.8]
	at org.springframework.amqp.rabbit.listener.SimpleMessageListenerContainer$AsyncMessageProcessingConsumer.run(SimpleMessageListenerContainer.java:1328) ~[spring-rabbit-3.2.8.jar:3.2.8]
	at java.base/java.lang.Thread.run(Thread.java:1570) ~[na:na]
Caused by: java.io.IOException: null
	at com.rabbitmq.client.impl.AMQChannel.wrap(AMQChannel.java:140) ~[amqp-client-5.25.0.jar:5.25.0]
	at com.rabbitmq.client.impl.AMQChannel.wrap(AMQChannel.java:136) ~[amqp-client-5.25.0.jar:5.25.0]
	at com.rabbitmq.client.impl.AMQChannel.exnWrappingRpc(AMQChannel.java:158) ~[amqp-client-5.25.0.jar:5.25.0]
	at com.rabbitmq.client.impl.ChannelN.queueDeclarePassive(ChannelN.java:1033) ~[amqp-client-5.25.0.jar:5.25.0]
	at com.rabbitmq.client.impl.ChannelN.queueDeclarePassive(ChannelN.java:47) ~[amqp-client-5.25.0.jar:5.25.0]
	at java.base/jdk.internal.reflect.DirectMethodHandleAccessor.invoke(DirectMethodHandleAccessor.java:103) ~[na:na]
	at java.base/java.lang.reflect.Method.invoke(Method.java:580) ~[na:na]
	at org.springframework.amqp.rabbit.connection.CachingConnectionFactory$CachedChannelInvocationHandler.invoke(CachingConnectionFactory.java:1201) ~[spring-rabbit-3.2.8.jar:3.2.8]
	at jdk.proxy2/jdk.proxy2.$Proxy173.queueDeclarePassive(Unknown Source) ~[na:na]
	at org.springframework.amqp.rabbit.listener.BlockingQueueConsumer.attemptPassiveDeclarations(BlockingQueueConsumer.java:750) ~[spring-rabbit-3.2.8.jar:3.2.8]
	... 5 common frames omitted
Caused by: com.rabbitmq.client.ShutdownSignalException: channel error; protocol method: #method<channel.close>(reply-code=404, reply-text=NOT_FOUND - no queue 'springCloudBus.anonymous.T1NSOnUWQRmo0GhWFChT8A' in vhost 'dwtkuyzt', class-id=50, method-id=10)
	at com.rabbitmq.utility.ValueOrException.getValue(ValueOrException.java:66) ~[amqp-client-5.25.0.jar:5.25.0]
	at com.rabbitmq.utility.BlockingValueOrException.uninterruptibleGetValue(BlockingValueOrException.java:36) ~[amqp-client-5.25.0.jar:5.25.0]
	at com.rabbitmq.client.impl.AMQChannel$BlockingRpcContinuation.getReply(AMQChannel.java:552) ~[amqp-client-5.25.0.jar:5.25.0]
	at com.rabbitmq.client.impl.AMQChannel.privateRpc(AMQChannel.java:316) ~[amqp-client-5.25.0.jar:5.25.0]
	at com.rabbitmq.client.impl.AMQChannel.exnWrappingRpc(AMQChannel.java:152) ~[amqp-client-5.25.0.jar:5.25.0]
	... 12 common frames omitted
Caused by: com.rabbitmq.client.ShutdownSignalException: channel error; protocol method: #method<channel.close>(reply-code=404, reply-text=NOT_FOUND - no queue 'springCloudBus.anonymous.T1NSOnUWQRmo0GhWFChT8A' in vhost 'dwtkuyzt', class-id=50, method-id=10)
	at com.rabbitmq.client.impl.ChannelN.asyncShutdown(ChannelN.java:528) ~[amqp-client-5.25.0.jar:5.25.0]
	at com.rabbitmq.client.impl.ChannelN.processAsync(ChannelN.java:349) ~[amqp-client-5.25.0.jar:5.25.0]
	at com.rabbitmq.client.impl.AMQChannel.handleCompleteInboundCommand(AMQChannel.java:193) ~[amqp-client-5.25.0.jar:5.25.0]
	at com.rabbitmq.client.impl.AMQChannel.handleFrame(AMQChannel.java:125) ~[amqp-client-5.25.0.jar:5.25.0]
	at com.rabbitmq.client.impl.AMQConnection.readFrame(AMQConnection.java:761) ~[amqp-client-5.25.0.jar:5.25.0]
	at com.rabbitmq.client.impl.AMQConnection.access$400(AMQConnection.java:48) ~[amqp-client-5.25.0.jar:5.25.0]
	at com.rabbitmq.client.impl.AMQConnection$MainLoop.run(AMQConnection.java:688) ~[amqp-client-5.25.0.jar:5.25.0]
	... 1 common frames omitted

2025-11-24T22:40:03.560+05:30  WARN 27655 --- [user-service] [springCloudBus.anonymous.T1NSOnUWQRmo0GhWFChT8A-114] [                                                 ] o.s.a.r.listener.BlockingQueueConsumer   : Failed to declare queue: springCloudBus.anonymous.T1NSOnUWQRmo0GhWFChT8A
2025-11-24T22:40:03.561+05:30  WARN 27655 --- [user-service] [springCloudBus.anonymous.T1NSOnUWQRmo0GhWFChT8A-114] [                                                 ] o.s.a.r.listener.BlockingQueueConsumer   : Queue declaration failed; retries left=2

org.springframework.amqp.rabbit.listener.BlockingQueueConsumer$DeclarationException: Failed to declare queue(s):[springCloudBus.anonymous.T1NSOnUWQRmo0GhWFChT8A]
	at org.springframework.amqp.rabbit.listener.BlockingQueueConsumer.attemptPassiveDeclarations(BlockingQueueConsumer.java:772) ~[spring-rabbit-3.2.8.jar:3.2.8]
	at org.springframework.amqp.rabbit.listener.BlockingQueueConsumer.passiveDeclarations(BlockingQueueConsumer.java:649) ~[spring-rabbit-3.2.8.jar:3.2.8]
	at org.springframework.amqp.rabbit.listener.BlockingQueueConsumer.start(BlockingQueueConsumer.java:636) ~[spring-rabbit-3.2.8.jar:3.2.8]
	at org.springframework.amqp.rabbit.listener.SimpleMessageListenerContainer$AsyncMessageProcessingConsumer.initialize(SimpleMessageListenerContainer.java:1490) ~[spring-rabbit-3.2.8.jar:3.2.8]
	at org.springframework.amqp.rabbit.listener.SimpleMessageListenerContainer$AsyncMessageProcessingConsumer.run(SimpleMessageListenerContainer.java:1328) ~[spring-rabbit-3.2.8.jar:3.2.8]
	at java.base/java.lang.Thread.run(Thread.java:1570) ~[na:na]
Caused by: java.io.IOException: null
	at com.rabbitmq.client.impl.AMQChannel.wrap(AMQChannel.java:140) ~[amqp-client-5.25.0.jar:5.25.0]
	at com.rabbitmq.client.impl.AMQChannel.wrap(AMQChannel.java:136) ~[amqp-client-5.25.0.jar:5.25.0]
	at com.rabbitmq.client.impl.AMQChannel.exnWrappingRpc(AMQChannel.java:158) ~[amqp-client-5.25.0.jar:5.25.0]
	at com.rabbitmq.client.impl.ChannelN.queueDeclarePassive(ChannelN.java:1033) ~[amqp-client-5.25.0.jar:5.25.0]
	at com.rabbitmq.client.impl.ChannelN.queueDeclarePassive(ChannelN.java:47) ~[amqp-client-5.25.0.jar:5.25.0]
	at java.base/jdk.internal.reflect.DirectMethodHandleAccessor.invoke(DirectMethodHandleAccessor.java:103) ~[na:na]
	at java.base/java.lang.reflect.Method.invoke(Method.java:580) ~[na:na]
	at org.springframework.amqp.rabbit.connection.CachingConnectionFactory$CachedChannelInvocationHandler.invoke(CachingConnectionFactory.java:1201) ~[spring-rabbit-3.2.8.jar:3.2.8]
	at jdk.proxy2/jdk.proxy2.$Proxy173.queueDeclarePassive(Unknown Source) ~[na:na]
	at org.springframework.amqp.rabbit.listener.BlockingQueueConsumer.attemptPassiveDeclarations(BlockingQueueConsumer.java:750) ~[spring-rabbit-3.2.8.jar:3.2.8]
	... 5 common frames omitted
Caused by: com.rabbitmq.client.ShutdownSignalException: channel error; protocol method: #method<channel.close>(reply-code=404, reply-text=NOT_FOUND - no queue 'springCloudBus.anonymous.T1NSOnUWQRmo0GhWFChT8A' in vhost 'dwtkuyzt', class-id=50, method-id=10)
	at com.rabbitmq.utility.ValueOrException.getValue(ValueOrException.java:66) ~[amqp-client-5.25.0.jar:5.25.0]
	at com.rabbitmq.utility.BlockingValueOrException.uninterruptibleGetValue(BlockingValueOrException.java:36) ~[amqp-client-5.25.0.jar:5.25.0]
	at com.rabbitmq.client.impl.AMQChannel$BlockingRpcContinuation.getReply(AMQChannel.java:552) ~[amqp-client-5.25.0.jar:5.25.0]
	at com.rabbitmq.client.impl.AMQChannel.privateRpc(AMQChannel.java:316) ~[amqp-client-5.25.0.jar:5.25.0]
	at com.rabbitmq.client.impl.AMQChannel.exnWrappingRpc(AMQChannel.java:152) ~[amqp-client-5.25.0.jar:5.25.0]
	... 12 common frames omitted
Caused by: com.rabbitmq.client.ShutdownSignalException: channel error; protocol method: #method<channel.close>(reply-code=404, reply-text=NOT_FOUND - no queue 'springCloudBus.anonymous.T1NSOnUWQRmo0GhWFChT8A' in vhost 'dwtkuyzt', class-id=50, method-id=10)
	at com.rabbitmq.client.impl.ChannelN.asyncShutdown(ChannelN.java:528) ~[amqp-client-5.25.0.jar:5.25.0]
	at com.rabbitmq.client.impl.ChannelN.processAsync(ChannelN.java:349) ~[amqp-client-5.25.0.jar:5.25.0]
	at com.rabbitmq.client.impl.AMQChannel.handleCompleteInboundCommand(AMQChannel.java:193) ~[amqp-client-5.25.0.jar:5.25.0]
	at com.rabbitmq.client.impl.AMQChannel.handleFrame(AMQChannel.java:125) ~[amqp-client-5.25.0.jar:5.25.0]
	at com.rabbitmq.client.impl.AMQConnection.readFrame(AMQConnection.java:761) ~[amqp-client-5.25.0.jar:5.25.0]
	at com.rabbitmq.client.impl.AMQConnection.access$400(AMQConnection.java:48) ~[amqp-client-5.25.0.jar:5.25.0]
	at com.rabbitmq.client.impl.AMQConnection$MainLoop.run(AMQConnection.java:688) ~[amqp-client-5.25.0.jar:5.25.0]
	... 1 common frames omitted

2025-11-24T22:40:09.102+05:30  WARN 27655 --- [user-service] [springCloudBus.anonymous.T1NSOnUWQRmo0GhWFChT8A-114] [                                                 ] o.s.a.r.listener.BlockingQueueConsumer   : Failed to declare queue: springCloudBus.anonymous.T1NSOnUWQRmo0GhWFChT8A
2025-11-24T22:40:09.103+05:30  WARN 27655 --- [user-service] [springCloudBus.anonymous.T1NSOnUWQRmo0GhWFChT8A-114] [                                                 ] o.s.a.r.listener.BlockingQueueConsumer   : Queue declaration failed; retries left=1

org.springframework.amqp.rabbit.listener.BlockingQueueConsumer$DeclarationException: Failed to declare queue(s):[springCloudBus.anonymous.T1NSOnUWQRmo0GhWFChT8A]
	at org.springframework.amqp.rabbit.listener.BlockingQueueConsumer.attemptPassiveDeclarations(BlockingQueueConsumer.java:772) ~[spring-rabbit-3.2.8.jar:3.2.8]
	at org.springframework.amqp.rabbit.listener.BlockingQueueConsumer.passiveDeclarations(BlockingQueueConsumer.java:649) ~[spring-rabbit-3.2.8.jar:3.2.8]
	at org.springframework.amqp.rabbit.listener.BlockingQueueConsumer.start(BlockingQueueConsumer.java:636) ~[spring-rabbit-3.2.8.jar:3.2.8]
	at org.springframework.amqp.rabbit.listener.SimpleMessageListenerContainer$AsyncMessageProcessingConsumer.initialize(SimpleMessageListenerContainer.java:1490) ~[spring-rabbit-3.2.8.jar:3.2.8]
	at org.springframework.amqp.rabbit.listener.SimpleMessageListenerContainer$AsyncMessageProcessingConsumer.run(SimpleMessageListenerContainer.java:1328) ~[spring-rabbit-3.2.8.jar:3.2.8]
	at java.base/java.lang.Thread.run(Thread.java:1570) ~[na:na]
Caused by: java.io.IOException: null
	at com.rabbitmq.client.impl.AMQChannel.wrap(AMQChannel.java:140) ~[amqp-client-5.25.0.jar:5.25.0]
	at com.rabbitmq.client.impl.AMQChannel.wrap(AMQChannel.java:136) ~[amqp-client-5.25.0.jar:5.25.0]
	at com.rabbitmq.client.impl.AMQChannel.exnWrappingRpc(AMQChannel.java:158) ~[amqp-client-5.25.0.jar:5.25.0]
	at com.rabbitmq.client.impl.ChannelN.queueDeclarePassive(ChannelN.java:1033) ~[amqp-client-5.25.0.jar:5.25.0]
	at com.rabbitmq.client.impl.ChannelN.queueDeclarePassive(ChannelN.java:47) ~[amqp-client-5.25.0.jar:5.25.0]
	at java.base/jdk.internal.reflect.DirectMethodHandleAccessor.invoke(DirectMethodHandleAccessor.java:103) ~[na:na]
	at java.base/java.lang.reflect.Method.invoke(Method.java:580) ~[na:na]
	at org.springframework.amqp.rabbit.connection.CachingConnectionFactory$CachedChannelInvocationHandler.invoke(CachingConnectionFactory.java:1201) ~[spring-rabbit-3.2.8.jar:3.2.8]
	at jdk.proxy2/jdk.proxy2.$Proxy173.queueDeclarePassive(Unknown Source) ~[na:na]
	at org.springframework.amqp.rabbit.listener.BlockingQueueConsumer.attemptPassiveDeclarations(BlockingQueueConsumer.java:750) ~[spring-rabbit-3.2.8.jar:3.2.8]
	... 5 common frames omitted
Caused by: com.rabbitmq.client.ShutdownSignalException: channel error; protocol method: #method<channel.close>(reply-code=404, reply-text=NOT_FOUND - no queue 'springCloudBus.anonymous.T1NSOnUWQRmo0GhWFChT8A' in vhost 'dwtkuyzt', class-id=50, method-id=10)
	at com.rabbitmq.utility.ValueOrException.getValue(ValueOrException.java:66) ~[amqp-client-5.25.0.jar:5.25.0]
	at com.rabbitmq.utility.BlockingValueOrException.uninterruptibleGetValue(BlockingValueOrException.java:36) ~[amqp-client-5.25.0.jar:5.25.0]
	at com.rabbitmq.client.impl.AMQChannel$BlockingRpcContinuation.getReply(AMQChannel.java:552) ~[amqp-client-5.25.0.jar:5.25.0]
	at com.rabbitmq.client.impl.AMQChannel.privateRpc(AMQChannel.java:316) ~[amqp-client-5.25.0.jar:5.25.0]
	at com.rabbitmq.client.impl.AMQChannel.exnWrappingRpc(AMQChannel.java:152) ~[amqp-client-5.25.0.jar:5.25.0]
	... 12 common frames omitted
Caused by: com.rabbitmq.client.ShutdownSignalException: channel error; protocol method: #method<channel.close>(reply-code=404, reply-text=NOT_FOUND - no queue 'springCloudBus.anonymous.T1NSOnUWQRmo0GhWFChT8A' in vhost 'dwtkuyzt', class-id=50, method-id=10)
	at com.rabbitmq.client.impl.ChannelN.asyncShutdown(ChannelN.java:528) ~[amqp-client-5.25.0.jar:5.25.0]
	at com.rabbitmq.client.impl.ChannelN.processAsync(ChannelN.java:349) ~[amqp-client-5.25.0.jar:5.25.0]
	at com.rabbitmq.client.impl.AMQChannel.handleCompleteInboundCommand(AMQChannel.java:193) ~[amqp-client-5.25.0.jar:5.25.0]
	at com.rabbitmq.client.impl.AMQChannel.handleFrame(AMQChannel.java:125) ~[amqp-client-5.25.0.jar:5.25.0]
	at com.rabbitmq.client.impl.AMQConnection.readFrame(AMQConnection.java:761) ~[amqp-client-5.25.0.jar:5.25.0]
	at com.rabbitmq.client.impl.AMQConnection.access$400(AMQConnection.java:48) ~[amqp-client-5.25.0.jar:5.25.0]
	at com.rabbitmq.client.impl.AMQConnection$MainLoop.run(AMQConnection.java:688) ~[amqp-client-5.25.0.jar:5.25.0]
	... 1 common frames omitted

2025-11-24T22:40:14.642+05:30  WARN 27655 --- [user-service] [springCloudBus.anonymous.T1NSOnUWQRmo0GhWFChT8A-114] [                                                 ] o.s.a.r.listener.BlockingQueueConsumer   : Failed to declare queue: springCloudBus.anonymous.T1NSOnUWQRmo0GhWFChT8A
2025-11-24T22:40:19.714+05:30 ERROR 27655 --- [user-service] [springCloudBus.anonymous.T1NSOnUWQRmo0GhWFChT8A-114] [                                                 ] o.s.a.r.l.SimpleMessageListenerContainer : Consumer threw missing queues exception, fatal=false

org.springframework.amqp.rabbit.listener.QueuesNotAvailableException: Cannot prepare queue for listener. Either the queue doesn't exist or the broker will not allow us to use it.
	at org.springframework.amqp.rabbit.listener.BlockingQueueConsumer.handleDeclarationException(BlockingQueueConsumer.java:722) ~[spring-rabbit-3.2.8.jar:3.2.8]
	at org.springframework.amqp.rabbit.listener.BlockingQueueConsumer.passiveDeclarations(BlockingQueueConsumer.java:656) ~[spring-rabbit-3.2.8.jar:3.2.8]
	at org.springframework.amqp.rabbit.listener.BlockingQueueConsumer.start(BlockingQueueConsumer.java:636) ~[spring-rabbit-3.2.8.jar:3.2.8]
	at org.springframework.amqp.rabbit.listener.SimpleMessageListenerContainer$AsyncMessageProcessingConsumer.initialize(SimpleMessageListenerContainer.java:1490) ~[spring-rabbit-3.2.8.jar:3.2.8]
	at org.springframework.amqp.rabbit.listener.SimpleMessageListenerContainer$AsyncMessageProcessingConsumer.run(SimpleMessageListenerContainer.java:1328) ~[spring-rabbit-3.2.8.jar:3.2.8]
	at java.base/java.lang.Thread.run(Thread.java:1570) ~[na:na]
Caused by: org.springframework.amqp.rabbit.listener.BlockingQueueConsumer$DeclarationException: Failed to declare queue(s):[springCloudBus.anonymous.T1NSOnUWQRmo0GhWFChT8A]
	at org.springframework.amqp.rabbit.listener.BlockingQueueConsumer.attemptPassiveDeclarations(BlockingQueueConsumer.java:772) ~[spring-rabbit-3.2.8.jar:3.2.8]
	at org.springframework.amqp.rabbit.listener.BlockingQueueConsumer.passiveDeclarations(BlockingQueueConsumer.java:649) ~[spring-rabbit-3.2.8.jar:3.2.8]
	... 4 common frames omitted
Caused by: java.io.IOException: null
	at com.rabbitmq.client.impl.AMQChannel.wrap(AMQChannel.java:140) ~[amqp-client-5.25.0.jar:5.25.0]
	at com.rabbitmq.client.impl.AMQChannel.wrap(AMQChannel.java:136) ~[amqp-client-5.25.0.jar:5.25.0]
	at com.rabbitmq.client.impl.AMQChannel.exnWrappingRpc(AMQChannel.java:158) ~[amqp-client-5.25.0.jar:5.25.0]
	at com.rabbitmq.client.impl.ChannelN.queueDeclarePassive(ChannelN.java:1033) ~[amqp-client-5.25.0.jar:5.25.0]
	at com.rabbitmq.client.impl.ChannelN.queueDeclarePassive(ChannelN.java:47) ~[amqp-client-5.25.0.jar:5.25.0]
	at java.base/jdk.internal.reflect.DirectMethodHandleAccessor.invoke(DirectMethodHandleAccessor.java:103) ~[na:na]
	at java.base/java.lang.reflect.Method.invoke(Method.java:580) ~[na:na]
	at org.springframework.amqp.rabbit.connection.CachingConnectionFactory$CachedChannelInvocationHandler.invoke(CachingConnectionFactory.java:1201) ~[spring-rabbit-3.2.8.jar:3.2.8]
	at jdk.proxy2/jdk.proxy2.$Proxy173.queueDeclarePassive(Unknown Source) ~[na:na]
	at org.springframework.amqp.rabbit.listener.BlockingQueueConsumer.attemptPassiveDeclarations(BlockingQueueConsumer.java:750) ~[spring-rabbit-3.2.8.jar:3.2.8]
	... 5 common frames omitted
Caused by: com.rabbitmq.client.ShutdownSignalException: channel error; protocol method: #method<channel.close>(reply-code=404, reply-text=NOT_FOUND - no queue 'springCloudBus.anonymous.T1NSOnUWQRmo0GhWFChT8A' in vhost 'dwtkuyzt', class-id=50, method-id=10)
	at com.rabbitmq.utility.ValueOrException.getValue(ValueOrException.java:66) ~[amqp-client-5.25.0.jar:5.25.0]
	at com.rabbitmq.utility.BlockingValueOrException.uninterruptibleGetValue(BlockingValueOrException.java:36) ~[amqp-client-5.25.0.jar:5.25.0]
	at com.rabbitmq.client.impl.AMQChannel$BlockingRpcContinuation.getReply(AMQChannel.java:552) ~[amqp-client-5.25.0.jar:5.25.0]
	at com.rabbitmq.client.impl.AMQChannel.privateRpc(AMQChannel.java:316) ~[amqp-client-5.25.0.jar:5.25.0]
	at com.rabbitmq.client.impl.AMQChannel.exnWrappingRpc(AMQChannel.java:152) ~[amqp-client-5.25.0.jar:5.25.0]
	... 12 common frames omitted
Caused by: com.rabbitmq.client.ShutdownSignalException: channel error; protocol method: #method<channel.close>(reply-code=404, reply-text=NOT_FOUND - no queue 'springCloudBus.anonymous.T1NSOnUWQRmo0GhWFChT8A' in vhost 'dwtkuyzt', class-id=50, method-id=10)
	at com.rabbitmq.client.impl.ChannelN.asyncShutdown(ChannelN.java:528) ~[amqp-client-5.25.0.jar:5.25.0]
	at com.rabbitmq.client.impl.ChannelN.processAsync(ChannelN.java:349) ~[amqp-client-5.25.0.jar:5.25.0]
	at com.rabbitmq.client.impl.AMQChannel.handleCompleteInboundCommand(AMQChannel.java:193) ~[amqp-client-5.25.0.jar:5.25.0]
	at com.rabbitmq.client.impl.AMQChannel.handleFrame(AMQChannel.java:125) ~[amqp-client-5.25.0.jar:5.25.0]
	at com.rabbitmq.client.impl.AMQConnection.readFrame(AMQConnection.java:761) ~[amqp-client-5.25.0.jar:5.25.0]
	at com.rabbitmq.client.impl.AMQConnection.access$400(AMQConnection.java:48) ~[amqp-client-5.25.0.jar:5.25.0]
	at com.rabbitmq.client.impl.AMQConnection$MainLoop.run(AMQConnection.java:688) ~[amqp-client-5.25.0.jar:5.25.0]
	... 1 common frames omitted

2025-11-24T22:40:19.721+05:30  INFO 27655 --- [user-service] [springCloudBus.anonymous.T1NSOnUWQRmo0GhWFChT8A-114] [                                                 ] o.s.a.r.l.SimpleMessageListenerContainer : Restarting Consumer@2a5eac3d: tags=[[]], channel=Cached Rabbit Channel: AMQChannel(amqp://dwtkuyzt@35.153.225.39:5672/dwtkuyzt,1), conn: Proxy@b2633ea Shared Rabbit Connection: SimpleConnection@4e077605 [delegate=amqp://dwtkuyzt@35.153.225.39:5672/dwtkuyzt, localPort=61546], acknowledgeMode=AUTO local queue size=0
2025-11-24T22:40:20.801+05:30  WARN 27655 --- [user-service] [springCloudBus.anonymous.T1NSOnUWQRmo0GhWFChT8A-115] [                                                 ] o.s.a.r.listener.BlockingQueueConsumer   : Failed to declare queue: springCloudBus.anonymous.T1NSOnUWQRmo0GhWFChT8A
2025-11-24T22:40:20.801+05:30  WARN 27655 --- [user-service] [springCloudBus.anonymous.T1NSOnUWQRmo0GhWFChT8A-115] [                                                 ] o.s.a.r.listener.BlockingQueueConsumer   : Queue declaration failed; retries left=3

org.springframework.amqp.rabbit.listener.BlockingQueueConsumer$DeclarationException: Failed to declare queue(s):[springCloudBus.anonymous.T1NSOnUWQRmo0GhWFChT8A]
	at org.springframework.amqp.rabbit.listener.BlockingQueueConsumer.attemptPassiveDeclarations(BlockingQueueConsumer.java:772) ~[spring-rabbit-3.2.8.jar:3.2.8]
	at org.springframework.amqp.rabbit.listener.BlockingQueueConsumer.passiveDeclarations(BlockingQueueConsumer.java:649) ~[spring-rabbit-3.2.8.jar:3.2.8]
	at org.springframework.amqp.rabbit.listener.BlockingQueueConsumer.start(BlockingQueueConsumer.java:636) ~[spring-rabbit-3.2.8.jar:3.2.8]
	at org.springframework.amqp.rabbit.listener.SimpleMessageListenerContainer$AsyncMessageProcessingConsumer.initialize(SimpleMessageListenerContainer.java:1490) ~[spring-rabbit-3.2.8.jar:3.2.8]
	at org.springframework.amqp.rabbit.listener.SimpleMessageListenerContainer$AsyncMessageProcessingConsumer.run(SimpleMessageListenerContainer.java:1328) ~[spring-rabbit-3.2.8.jar:3.2.8]
	at java.base/java.lang.Thread.run(Thread.java:1570) ~[na:na]
Caused by: java.io.IOException: null
	at com.rabbitmq.client.impl.AMQChannel.wrap(AMQChannel.java:140) ~[amqp-client-5.25.0.jar:5.25.0]
	at com.rabbitmq.client.impl.AMQChannel.wrap(AMQChannel.java:136) ~[amqp-client-5.25.0.jar:5.25.0]
	at com.rabbitmq.client.impl.AMQChannel.exnWrappingRpc(AMQChannel.java:158) ~[amqp-client-5.25.0.jar:5.25.0]
	at com.rabbitmq.client.impl.ChannelN.queueDeclarePassive(ChannelN.java:1033) ~[amqp-client-5.25.0.jar:5.25.0]
	at com.rabbitmq.client.impl.ChannelN.queueDeclarePassive(ChannelN.java:47) ~[amqp-client-5.25.0.jar:5.25.0]
	at java.base/jdk.internal.reflect.DirectMethodHandleAccessor.invoke(DirectMethodHandleAccessor.java:103) ~[na:na]
	at java.base/java.lang.reflect.Method.invoke(Method.java:580) ~[na:na]
	at org.springframework.amqp.rabbit.connection.CachingConnectionFactory$CachedChannelInvocationHandler.invoke(CachingConnectionFactory.java:1201) ~[spring-rabbit-3.2.8.jar:3.2.8]
	at jdk.proxy2/jdk.proxy2.$Proxy173.queueDeclarePassive(Unknown Source) ~[na:na]
	at org.springframework.amqp.rabbit.listener.BlockingQueueConsumer.attemptPassiveDeclarations(BlockingQueueConsumer.java:750) ~[spring-rabbit-3.2.8.jar:3.2.8]
	... 5 common frames omitted
Caused by: com.rabbitmq.client.ShutdownSignalException: channel error; protocol method: #method<channel.close>(reply-code=404, reply-text=NOT_FOUND - no queue 'springCloudBus.anonymous.T1NSOnUWQRmo0GhWFChT8A' in vhost 'dwtkuyzt', class-id=50, method-id=10)
	at com.rabbitmq.utility.ValueOrException.getValue(ValueOrException.java:66) ~[amqp-client-5.25.0.jar:5.25.0]
	at com.rabbitmq.utility.BlockingValueOrException.uninterruptibleGetValue(BlockingValueOrException.java:36) ~[amqp-client-5.25.0.jar:5.25.0]
	at com.rabbitmq.client.impl.AMQChannel$BlockingRpcContinuation.getReply(AMQChannel.java:552) ~[amqp-client-5.25.0.jar:5.25.0]
	at com.rabbitmq.client.impl.AMQChannel.privateRpc(AMQChannel.java:316) ~[amqp-client-5.25.0.jar:5.25.0]
	at com.rabbitmq.client.impl.AMQChannel.exnWrappingRpc(AMQChannel.java:152) ~[amqp-client-5.25.0.jar:5.25.0]
	... 12 common frames omitted
Caused by: com.rabbitmq.client.ShutdownSignalException: channel error; protocol method: #method<channel.close>(reply-code=404, reply-text=NOT_FOUND - no queue 'springCloudBus.anonymous.T1NSOnUWQRmo0GhWFChT8A' in vhost 'dwtkuyzt', class-id=50, method-id=10)
	at com.rabbitmq.client.impl.ChannelN.asyncShutdown(ChannelN.java:528) ~[amqp-client-5.25.0.jar:5.25.0]
	at com.rabbitmq.client.impl.ChannelN.processAsync(ChannelN.java:349) ~[amqp-client-5.25.0.jar:5.25.0]
	at com.rabbitmq.client.impl.AMQChannel.handleCompleteInboundCommand(AMQChannel.java:193) ~[amqp-client-5.25.0.jar:5.25.0]
	at com.rabbitmq.client.impl.AMQChannel.handleFrame(AMQChannel.java:125) ~[amqp-client-5.25.0.jar:5.25.0]
	at com.rabbitmq.client.impl.AMQConnection.readFrame(AMQConnection.java:761) ~[amqp-client-5.25.0.jar:5.25.0]
	at com.rabbitmq.client.impl.AMQConnection.access$400(AMQConnection.java:48) ~[amqp-client-5.25.0.jar:5.25.0]
	at com.rabbitmq.client.impl.AMQConnection$MainLoop.run(AMQConnection.java:688) ~[amqp-client-5.25.0.jar:5.25.0]
	... 1 common frames omitted

2025-11-24T22:40:26.339+05:30  WARN 27655 --- [user-service] [springCloudBus.anonymous.T1NSOnUWQRmo0GhWFChT8A-115] [                                                 ] o.s.a.r.listener.BlockingQueueConsumer   : Failed to declare queue: springCloudBus.anonymous.T1NSOnUWQRmo0GhWFChT8A
2025-11-24T22:40:26.339+05:30  WARN 27655 --- [user-service] [springCloudBus.anonymous.T1NSOnUWQRmo0GhWFChT8A-115] [                                                 ] o.s.a.r.listener.BlockingQueueConsumer   : Queue declaration failed; retries left=2

org.springframework.amqp.rabbit.listener.BlockingQueueConsumer$DeclarationException: Failed to declare queue(s):[springCloudBus.anonymous.T1NSOnUWQRmo0GhWFChT8A]
	at org.springframework.amqp.rabbit.listener.BlockingQueueConsumer.attemptPassiveDeclarations(BlockingQueueConsumer.java:772) ~[spring-rabbit-3.2.8.jar:3.2.8]
	at org.springframework.amqp.rabbit.listener.BlockingQueueConsumer.passiveDeclarations(BlockingQueueConsumer.java:649) ~[spring-rabbit-3.2.8.jar:3.2.8]
	at org.springframework.amqp.rabbit.listener.BlockingQueueConsumer.start(BlockingQueueConsumer.java:636) ~[spring-rabbit-3.2.8.jar:3.2.8]
	at org.springframework.amqp.rabbit.listener.SimpleMessageListenerContainer$AsyncMessageProcessingConsumer.initialize(SimpleMessageListenerContainer.java:1490) ~[spring-rabbit-3.2.8.jar:3.2.8]
	at org.springframework.amqp.rabbit.listener.SimpleMessageListenerContainer$AsyncMessageProcessingConsumer.run(SimpleMessageListenerContainer.java:1328) ~[spring-rabbit-3.2.8.jar:3.2.8]
	at java.base/java.lang.Thread.run(Thread.java:1570) ~[na:na]
Caused by: java.io.IOException: null
	at com.rabbitmq.client.impl.AMQChannel.wrap(AMQChannel.java:140) ~[amqp-client-5.25.0.jar:5.25.0]
	at com.rabbitmq.client.impl.AMQChannel.wrap(AMQChannel.java:136) ~[amqp-client-5.25.0.jar:5.25.0]
	at com.rabbitmq.client.impl.AMQChannel.exnWrappingRpc(AMQChannel.java:158) ~[amqp-client-5.25.0.jar:5.25.0]
	at com.rabbitmq.client.impl.ChannelN.queueDeclarePassive(ChannelN.java:1033) ~[amqp-client-5.25.0.jar:5.25.0]
	at com.rabbitmq.client.impl.ChannelN.queueDeclarePassive(ChannelN.java:47) ~[amqp-client-5.25.0.jar:5.25.0]
	at java.base/jdk.internal.reflect.DirectMethodHandleAccessor.invoke(DirectMethodHandleAccessor.java:103) ~[na:na]
	at java.base/java.lang.reflect.Method.invoke(Method.java:580) ~[na:na]
	at org.springframework.amqp.rabbit.connection.CachingConnectionFactory$CachedChannelInvocationHandler.invoke(CachingConnectionFactory.java:1201) ~[spring-rabbit-3.2.8.jar:3.2.8]
	at jdk.proxy2/jdk.proxy2.$Proxy173.queueDeclarePassive(Unknown Source) ~[na:na]
	at org.springframework.amqp.rabbit.listener.BlockingQueueConsumer.attemptPassiveDeclarations(BlockingQueueConsumer.java:750) ~[spring-rabbit-3.2.8.jar:3.2.8]
	... 5 common frames omitted
Caused by: com.rabbitmq.client.ShutdownSignalException: channel error; protocol method: #method<channel.close>(reply-code=404, reply-text=NOT_FOUND - no queue 'springCloudBus.anonymous.T1NSOnUWQRmo0GhWFChT8A' in vhost 'dwtkuyzt', class-id=50, method-id=10)
	at com.rabbitmq.utility.ValueOrException.getValue(ValueOrException.java:66) ~[amqp-client-5.25.0.jar:5.25.0]
	at com.rabbitmq.utility.BlockingValueOrException.uninterruptibleGetValue(BlockingValueOrException.java:36) ~[amqp-client-5.25.0.jar:5.25.0]
	at com.rabbitmq.client.impl.AMQChannel$BlockingRpcContinuation.getReply(AMQChannel.java:552) ~[amqp-client-5.25.0.jar:5.25.0]
	at com.rabbitmq.client.impl.AMQChannel.privateRpc(AMQChannel.java:316) ~[amqp-client-5.25.0.jar:5.25.0]
	at com.rabbitmq.client.impl.AMQChannel.exnWrappingRpc(AMQChannel.java:152) ~[amqp-client-5.25.0.jar:5.25.0]
	... 12 common frames omitted
Caused by: com.rabbitmq.client.ShutdownSignalException: channel error; protocol method: #method<channel.close>(reply-code=404, reply-text=NOT_FOUND - no queue 'springCloudBus.anonymous.T1NSOnUWQRmo0GhWFChT8A' in vhost 'dwtkuyzt', class-id=50, method-id=10)
	at com.rabbitmq.client.impl.ChannelN.asyncShutdown(ChannelN.java:528) ~[amqp-client-5.25.0.jar:5.25.0]
	at com.rabbitmq.client.impl.ChannelN.processAsync(ChannelN.java:349) ~[amqp-client-5.25.0.jar:5.25.0]
	at com.rabbitmq.client.impl.AMQChannel.handleCompleteInboundCommand(AMQChannel.java:193) ~[amqp-client-5.25.0.jar:5.25.0]
	at com.rabbitmq.client.impl.AMQChannel.handleFrame(AMQChannel.java:125) ~[amqp-client-5.25.0.jar:5.25.0]
	at com.rabbitmq.client.impl.AMQConnection.readFrame(AMQConnection.java:761) ~[amqp-client-5.25.0.jar:5.25.0]
	at com.rabbitmq.client.impl.AMQConnection.access$400(AMQConnection.java:48) ~[amqp-client-5.25.0.jar:5.25.0]
	at com.rabbitmq.client.impl.AMQConnection$MainLoop.run(AMQConnection.java:688) ~[amqp-client-5.25.0.jar:5.25.0]
	... 1 common frames omitted

2025-11-24T22:40:31.893+05:30  WARN 27655 --- [user-service] [springCloudBus.anonymous.T1NSOnUWQRmo0GhWFChT8A-115] [                                                 ] o.s.a.r.listener.BlockingQueueConsumer   : Failed to declare queue: springCloudBus.anonymous.T1NSOnUWQRmo0GhWFChT8A
2025-11-24T22:40:31.894+05:30  WARN 27655 --- [user-service] [springCloudBus.anonymous.T1NSOnUWQRmo0GhWFChT8A-115] [                                                 ] o.s.a.r.listener.BlockingQueueConsumer   : Queue declaration failed; retries left=1

org.springframework.amqp.rabbit.listener.BlockingQueueConsumer$DeclarationException: Failed to declare queue(s):[springCloudBus.anonymous.T1NSOnUWQRmo0GhWFChT8A]
	at org.springframework.amqp.rabbit.listener.BlockingQueueConsumer.attemptPassiveDeclarations(BlockingQueueConsumer.java:772) ~[spring-rabbit-3.2.8.jar:3.2.8]
	at org.springframework.amqp.rabbit.listener.BlockingQueueConsumer.passiveDeclarations(BlockingQueueConsumer.java:649) ~[spring-rabbit-3.2.8.jar:3.2.8]
	at org.springframework.amqp.rabbit.listener.BlockingQueueConsumer.start(BlockingQueueConsumer.java:636) ~[spring-rabbit-3.2.8.jar:3.2.8]
	at org.springframework.amqp.rabbit.listener.SimpleMessageListenerContainer$AsyncMessageProcessingConsumer.initialize(SimpleMessageListenerContainer.java:1490) ~[spring-rabbit-3.2.8.jar:3.2.8]
	at org.springframework.amqp.rabbit.listener.SimpleMessageListenerContainer$AsyncMessageProcessingConsumer.run(SimpleMessageListenerContainer.java:1328) ~[spring-rabbit-3.2.8.jar:3.2.8]
	at java.base/java.lang.Thread.run(Thread.java:1570) ~[na:na]
Caused by: java.io.IOException: null
	at com.rabbitmq.client.impl.AMQChannel.wrap(AMQChannel.java:140) ~[amqp-client-5.25.0.jar:5.25.0]
	at com.rabbitmq.client.impl.AMQChannel.wrap(AMQChannel.java:136) ~[amqp-client-5.25.0.jar:5.25.0]
	at com.rabbitmq.client.impl.AMQChannel.exnWrappingRpc(AMQChannel.java:158) ~[amqp-client-5.25.0.jar:5.25.0]
	at com.rabbitmq.client.impl.ChannelN.queueDeclarePassive(ChannelN.java:1033) ~[amqp-client-5.25.0.jar:5.25.0]
	at com.rabbitmq.client.impl.ChannelN.queueDeclarePassive(ChannelN.java:47) ~[amqp-client-5.25.0.jar:5.25.0]
	at java.base/jdk.internal.reflect.DirectMethodHandleAccessor.invoke(DirectMethodHandleAccessor.java:103) ~[na:na]
	at java.base/java.lang.reflect.Method.invoke(Method.java:580) ~[na:na]
	at org.springframework.amqp.rabbit.connection.CachingConnectionFactory$CachedChannelInvocationHandler.invoke(CachingConnectionFactory.java:1201) ~[spring-rabbit-3.2.8.jar:3.2.8]
	at jdk.proxy2/jdk.proxy2.$Proxy173.queueDeclarePassive(Unknown Source) ~[na:na]
	at org.springframework.amqp.rabbit.listener.BlockingQueueConsumer.attemptPassiveDeclarations(BlockingQueueConsumer.java:750) ~[spring-rabbit-3.2.8.jar:3.2.8]
	... 5 common frames omitted
Caused by: com.rabbitmq.client.ShutdownSignalException: channel error; protocol method: #method<channel.close>(reply-code=404, reply-text=NOT_FOUND - no queue 'springCloudBus.anonymous.T1NSOnUWQRmo0GhWFChT8A' in vhost 'dwtkuyzt', class-id=50, method-id=10)
	at com.rabbitmq.utility.ValueOrException.getValue(ValueOrException.java:66) ~[amqp-client-5.25.0.jar:5.25.0]
	at com.rabbitmq.utility.BlockingValueOrException.uninterruptibleGetValue(BlockingValueOrException.java:36) ~[amqp-client-5.25.0.jar:5.25.0]
	at com.rabbitmq.client.impl.AMQChannel$BlockingRpcContinuation.getReply(AMQChannel.java:552) ~[amqp-client-5.25.0.jar:5.25.0]
	at com.rabbitmq.client.impl.AMQChannel.privateRpc(AMQChannel.java:316) ~[amqp-client-5.25.0.jar:5.25.0]
	at com.rabbitmq.client.impl.AMQChannel.exnWrappingRpc(AMQChannel.java:152) ~[amqp-client-5.25.0.jar:5.25.0]
	... 12 common frames omitted
Caused by: com.rabbitmq.client.ShutdownSignalException: channel error; protocol method: #method<channel.close>(reply-code=404, reply-text=NOT_FOUND - no queue 'springCloudBus.anonymous.T1NSOnUWQRmo0GhWFChT8A' in vhost 'dwtkuyzt', class-id=50, method-id=10)
	at com.rabbitmq.client.impl.ChannelN.asyncShutdown(ChannelN.java:528) ~[amqp-client-5.25.0.jar:5.25.0]
	at com.rabbitmq.client.impl.ChannelN.processAsync(ChannelN.java:349) ~[amqp-client-5.25.0.jar:5.25.0]
	at com.rabbitmq.client.impl.AMQChannel.handleCompleteInboundCommand(AMQChannel.java:193) ~[amqp-client-5.25.0.jar:5.25.0]
	at com.rabbitmq.client.impl.AMQChannel.handleFrame(AMQChannel.java:125) ~[amqp-client-5.25.0.jar:5.25.0]
	at com.rabbitmq.client.impl.AMQConnection.readFrame(AMQConnection.java:761) ~[amqp-client-5.25.0.jar:5.25.0]
	at com.rabbitmq.client.impl.AMQConnection.access$400(AMQConnection.java:48) ~[amqp-client-5.25.0.jar:5.25.0]
	at com.rabbitmq.client.impl.AMQConnection$MainLoop.run(AMQConnection.java:688) ~[amqp-client-5.25.0.jar:5.25.0]
	... 1 common frames omitted

2025-11-24T22:40:37.437+05:30  WARN 27655 --- [user-service] [springCloudBus.anonymous.T1NSOnUWQRmo0GhWFChT8A-115] [                                                 ] o.s.a.r.listener.BlockingQueueConsumer   : Failed to declare queue: springCloudBus.anonymous.T1NSOnUWQRmo0GhWFChT8A
2025-11-24T22:40:42.526+05:30 ERROR 27655 --- [user-service] [springCloudBus.anonymous.T1NSOnUWQRmo0GhWFChT8A-115] [                                                 ] o.s.a.r.l.SimpleMessageListenerContainer : Consumer threw missing queues exception, fatal=false

org.springframework.amqp.rabbit.listener.QueuesNotAvailableException: Cannot prepare queue for listener. Either the queue doesn't exist or the broker will not allow us to use it.
	at org.springframework.amqp.rabbit.listener.BlockingQueueConsumer.handleDeclarationException(BlockingQueueConsumer.java:722) ~[spring-rabbit-3.2.8.jar:3.2.8]
	at org.springframework.amqp.rabbit.listener.BlockingQueueConsumer.passiveDeclarations(BlockingQueueConsumer.java:656) ~[spring-rabbit-3.2.8.jar:3.2.8]
	at org.springframework.amqp.rabbit.listener.BlockingQueueConsumer.start(BlockingQueueConsumer.java:636) ~[spring-rabbit-3.2.8.jar:3.2.8]
	at org.springframework.amqp.rabbit.listener.SimpleMessageListenerContainer$AsyncMessageProcessingConsumer.initialize(SimpleMessageListenerContainer.java:1490) ~[spring-rabbit-3.2.8.jar:3.2.8]
	at org.springframework.amqp.rabbit.listener.SimpleMessageListenerContainer$AsyncMessageProcessingConsumer.run(SimpleMessageListenerContainer.java:1328) ~[spring-rabbit-3.2.8.jar:3.2.8]
	at java.base/java.lang.Thread.run(Thread.java:1570) ~[na:na]
Caused by: org.springframework.amqp.rabbit.listener.BlockingQueueConsumer$DeclarationException: Failed to declare queue(s):[springCloudBus.anonymous.T1NSOnUWQRmo0GhWFChT8A]
	at org.springframework.amqp.rabbit.listener.BlockingQueueConsumer.attemptPassiveDeclarations(BlockingQueueConsumer.java:772) ~[spring-rabbit-3.2.8.jar:3.2.8]
	at org.springframework.amqp.rabbit.listener.BlockingQueueConsumer.passiveDeclarations(BlockingQueueConsumer.java:649) ~[spring-rabbit-3.2.8.jar:3.2.8]
	... 4 common frames omitted
Caused by: java.io.IOException: null
	at com.rabbitmq.client.impl.AMQChannel.wrap(AMQChannel.java:140) ~[amqp-client-5.25.0.jar:5.25.0]
	at com.rabbitmq.client.impl.AMQChannel.wrap(AMQChannel.java:136) ~[amqp-client-5.25.0.jar:5.25.0]
	at com.rabbitmq.client.impl.AMQChannel.exnWrappingRpc(AMQChannel.java:158) ~[amqp-client-5.25.0.jar:5.25.0]
	at com.rabbitmq.client.impl.ChannelN.queueDeclarePassive(ChannelN.java:1033) ~[amqp-client-5.25.0.jar:5.25.0]
	at com.rabbitmq.client.impl.ChannelN.queueDeclarePassive(ChannelN.java:47) ~[amqp-client-5.25.0.jar:5.25.0]
	at java.base/jdk.internal.reflect.DirectMethodHandleAccessor.invoke(DirectMethodHandleAccessor.java:103) ~[na:na]
	at java.base/java.lang.reflect.Method.invoke(Method.java:580) ~[na:na]
	at org.springframework.amqp.rabbit.connection.CachingConnectionFactory$CachedChannelInvocationHandler.invoke(CachingConnectionFactory.java:1201) ~[spring-rabbit-3.2.8.jar:3.2.8]
	at jdk.proxy2/jdk.proxy2.$Proxy173.queueDeclarePassive(Unknown Source) ~[na:na]
	at org.springframework.amqp.rabbit.listener.BlockingQueueConsumer.attemptPassiveDeclarations(BlockingQueueConsumer.java:750) ~[spring-rabbit-3.2.8.jar:3.2.8]
	... 5 common frames omitted
Caused by: com.rabbitmq.client.ShutdownSignalException: channel error; protocol method: #method<channel.close>(reply-code=404, reply-text=NOT_FOUND - no queue 'springCloudBus.anonymous.T1NSOnUWQRmo0GhWFChT8A' in vhost 'dwtkuyzt', class-id=50, method-id=10)
	at com.rabbitmq.utility.ValueOrException.getValue(ValueOrException.java:66) ~[amqp-client-5.25.0.jar:5.25.0]
	at com.rabbitmq.utility.BlockingValueOrException.uninterruptibleGetValue(BlockingValueOrException.java:36) ~[amqp-client-5.25.0.jar:5.25.0]
	at com.rabbitmq.client.impl.AMQChannel$BlockingRpcContinuation.getReply(AMQChannel.java:552) ~[amqp-client-5.25.0.jar:5.25.0]
	at com.rabbitmq.client.impl.AMQChannel.privateRpc(AMQChannel.java:316) ~[amqp-client-5.25.0.jar:5.25.0]
	at com.rabbitmq.client.impl.AMQChannel.exnWrappingRpc(AMQChannel.java:152) ~[amqp-client-5.25.0.jar:5.25.0]
	... 12 common frames omitted
Caused by: com.rabbitmq.client.ShutdownSignalException: channel error; protocol method: #method<channel.close>(reply-code=404, reply-text=NOT_FOUND - no queue 'springCloudBus.anonymous.T1NSOnUWQRmo0GhWFChT8A' in vhost 'dwtkuyzt', class-id=50, method-id=10)
	at com.rabbitmq.client.impl.ChannelN.asyncShutdown(ChannelN.java:528) ~[amqp-client-5.25.0.jar:5.25.0]
	at com.rabbitmq.client.impl.ChannelN.processAsync(ChannelN.java:349) ~[amqp-client-5.25.0.jar:5.25.0]
	at com.rabbitmq.client.impl.AMQChannel.handleCompleteInboundCommand(AMQChannel.java:193) ~[amqp-client-5.25.0.jar:5.25.0]
	at com.rabbitmq.client.impl.AMQChannel.handleFrame(AMQChannel.java:125) ~[amqp-client-5.25.0.jar:5.25.0]
	at com.rabbitmq.client.impl.AMQConnection.readFrame(AMQConnection.java:761) ~[amqp-client-5.25.0.jar:5.25.0]
	at com.rabbitmq.client.impl.AMQConnection.access$400(AMQConnection.java:48) ~[amqp-client-5.25.0.jar:5.25.0]
	at com.rabbitmq.client.impl.AMQConnection$MainLoop.run(AMQConnection.java:688) ~[amqp-client-5.25.0.jar:5.25.0]
	... 1 common frames omitted

2025-11-24T22:40:42.530+05:30  INFO 27655 --- [user-service] [springCloudBus.anonymous.T1NSOnUWQRmo0GhWFChT8A-115] [                                                 ] o.s.a.r.l.SimpleMessageListenerContainer : Restarting Consumer@24bc1cbd: tags=[[]], channel=Cached Rabbit Channel: AMQChannel(amqp://dwtkuyzt@35.153.225.39:5672/dwtkuyzt,1), conn: Proxy@b2633ea Shared Rabbit Connection: SimpleConnection@4e077605 [delegate=amqp://dwtkuyzt@35.153.225.39:5672/dwtkuyzt, localPort=61546], acknowledgeMode=AUTO local queue size=0
2025-11-24T22:40:43.605+05:30  WARN 27655 --- [user-service] [springCloudBus.anonymous.T1NSOnUWQRmo0GhWFChT8A-116] [                                                 ] o.s.a.r.listener.BlockingQueueConsumer   : Failed to declare queue: springCloudBus.anonymous.T1NSOnUWQRmo0GhWFChT8A
2025-11-24T22:40:43.605+05:30  WARN 27655 --- [user-service] [springCloudBus.anonymous.T1NSOnUWQRmo0GhWFChT8A-116] [                                                 ] o.s.a.r.listener.BlockingQueueConsumer   : Queue declaration failed; retries left=3

org.springframework.amqp.rabbit.listener.BlockingQueueConsumer$DeclarationException: Failed to declare queue(s):[springCloudBus.anonymous.T1NSOnUWQRmo0GhWFChT8A]
	at org.springframework.amqp.rabbit.listener.BlockingQueueConsumer.attemptPassiveDeclarations(BlockingQueueConsumer.java:772) ~[spring-rabbit-3.2.8.jar:3.2.8]
	at org.springframework.amqp.rabbit.listener.BlockingQueueConsumer.passiveDeclarations(BlockingQueueConsumer.java:649) ~[spring-rabbit-3.2.8.jar:3.2.8]
	at org.springframework.amqp.rabbit.listener.BlockingQueueConsumer.start(BlockingQueueConsumer.java:636) ~[spring-rabbit-3.2.8.jar:3.2.8]
	at org.springframework.amqp.rabbit.listener.SimpleMessageListenerContainer$AsyncMessageProcessingConsumer.initialize(SimpleMessageListenerContainer.java:1490) ~[spring-rabbit-3.2.8.jar:3.2.8]
	at org.springframework.amqp.rabbit.listener.SimpleMessageListenerContainer$AsyncMessageProcessingConsumer.run(SimpleMessageListenerContainer.java:1328) ~[spring-rabbit-3.2.8.jar:3.2.8]
	at java.base/java.lang.Thread.run(Thread.java:1570) ~[na:na]
Caused by: java.io.IOException: null
	at com.rabbitmq.client.impl.AMQChannel.wrap(AMQChannel.java:140) ~[amqp-client-5.25.0.jar:5.25.0]
	at com.rabbitmq.client.impl.AMQChannel.wrap(AMQChannel.java:136) ~[amqp-client-5.25.0.jar:5.25.0]
	at com.rabbitmq.client.impl.AMQChannel.exnWrappingRpc(AMQChannel.java:158) ~[amqp-client-5.25.0.jar:5.25.0]
	at com.rabbitmq.client.impl.ChannelN.queueDeclarePassive(ChannelN.java:1033) ~[amqp-client-5.25.0.jar:5.25.0]
	at com.rabbitmq.client.impl.ChannelN.queueDeclarePassive(ChannelN.java:47) ~[amqp-client-5.25.0.jar:5.25.0]
	at java.base/jdk.internal.reflect.DirectMethodHandleAccessor.invoke(DirectMethodHandleAccessor.java:103) ~[na:na]
	at java.base/java.lang.reflect.Method.invoke(Method.java:580) ~[na:na]
	at org.springframework.amqp.rabbit.connection.CachingConnectionFactory$CachedChannelInvocationHandler.invoke(CachingConnectionFactory.java:1201) ~[spring-rabbit-3.2.8.jar:3.2.8]
	at jdk.proxy2/jdk.proxy2.$Proxy173.queueDeclarePassive(Unknown Source) ~[na:na]
	at org.springframework.amqp.rabbit.listener.BlockingQueueConsumer.attemptPassiveDeclarations(BlockingQueueConsumer.java:750) ~[spring-rabbit-3.2.8.jar:3.2.8]
	... 5 common frames omitted
Caused by: com.rabbitmq.client.ShutdownSignalException: channel error; protocol method: #method<channel.close>(reply-code=404, reply-text=NOT_FOUND - no queue 'springCloudBus.anonymous.T1NSOnUWQRmo0GhWFChT8A' in vhost 'dwtkuyzt', class-id=50, method-id=10)
	at com.rabbitmq.utility.ValueOrException.getValue(ValueOrException.java:66) ~[amqp-client-5.25.0.jar:5.25.0]
	at com.rabbitmq.utility.BlockingValueOrException.uninterruptibleGetValue(BlockingValueOrException.java:36) ~[amqp-client-5.25.0.jar:5.25.0]
	at com.rabbitmq.client.impl.AMQChannel$BlockingRpcContinuation.getReply(AMQChannel.java:552) ~[amqp-client-5.25.0.jar:5.25.0]
	at com.rabbitmq.client.impl.AMQChannel.privateRpc(AMQChannel.java:316) ~[amqp-client-5.25.0.jar:5.25.0]
	at com.rabbitmq.client.impl.AMQChannel.exnWrappingRpc(AMQChannel.java:152) ~[amqp-client-5.25.0.jar:5.25.0]
	... 12 common frames omitted
Caused by: com.rabbitmq.client.ShutdownSignalException: channel error; protocol method: #method<channel.close>(reply-code=404, reply-text=NOT_FOUND - no queue 'springCloudBus.anonymous.T1NSOnUWQRmo0GhWFChT8A' in vhost 'dwtkuyzt', class-id=50, method-id=10)
	at com.rabbitmq.client.impl.ChannelN.asyncShutdown(ChannelN.java:528) ~[amqp-client-5.25.0.jar:5.25.0]
	at com.rabbitmq.client.impl.ChannelN.processAsync(ChannelN.java:349) ~[amqp-client-5.25.0.jar:5.25.0]
	at com.rabbitmq.client.impl.AMQChannel.handleCompleteInboundCommand(AMQChannel.java:193) ~[amqp-client-5.25.0.jar:5.25.0]
	at com.rabbitmq.client.impl.AMQChannel.handleFrame(AMQChannel.java:125) ~[amqp-client-5.25.0.jar:5.25.0]
	at com.rabbitmq.client.impl.AMQConnection.readFrame(AMQConnection.java:761) ~[amqp-client-5.25.0.jar:5.25.0]
	at com.rabbitmq.client.impl.AMQConnection.access$400(AMQConnection.java:48) ~[amqp-client-5.25.0.jar:5.25.0]
	at com.rabbitmq.client.impl.AMQConnection$MainLoop.run(AMQConnection.java:688) ~[amqp-client-5.25.0.jar:5.25.0]
	... 1 common frames omitted

2025-11-24T22:40:49.145+05:30  WARN 27655 --- [user-service] [springCloudBus.anonymous.T1NSOnUWQRmo0GhWFChT8A-116] [                                                 ] o.s.a.r.listener.BlockingQueueConsumer   : Failed to declare queue: springCloudBus.anonymous.T1NSOnUWQRmo0GhWFChT8A
2025-11-24T22:40:49.145+05:30  WARN 27655 --- [user-service] [springCloudBus.anonymous.T1NSOnUWQRmo0GhWFChT8A-116] [                                                 ] o.s.a.r.listener.BlockingQueueConsumer   : Queue declaration failed; retries left=2

org.springframework.amqp.rabbit.listener.BlockingQueueConsumer$DeclarationException: Failed to declare queue(s):[springCloudBus.anonymous.T1NSOnUWQRmo0GhWFChT8A]
	at org.springframework.amqp.rabbit.listener.BlockingQueueConsumer.attemptPassiveDeclarations(BlockingQueueConsumer.java:772) ~[spring-rabbit-3.2.8.jar:3.2.8]
	at org.springframework.amqp.rabbit.listener.BlockingQueueConsumer.passiveDeclarations(BlockingQueueConsumer.java:649) ~[spring-rabbit-3.2.8.jar:3.2.8]
	at org.springframework.amqp.rabbit.listener.BlockingQueueConsumer.start(BlockingQueueConsumer.java:636) ~[spring-rabbit-3.2.8.jar:3.2.8]
	at org.springframework.amqp.rabbit.listener.SimpleMessageListenerContainer$AsyncMessageProcessingConsumer.initialize(SimpleMessageListenerContainer.java:1490) ~[spring-rabbit-3.2.8.jar:3.2.8]
	at org.springframework.amqp.rabbit.listener.SimpleMessageListenerContainer$AsyncMessageProcessingConsumer.run(SimpleMessageListenerContainer.java:1328) ~[spring-rabbit-3.2.8.jar:3.2.8]
	at java.base/java.lang.Thread.run(Thread.java:1570) ~[na:na]
Caused by: java.io.IOException: null
	at com.rabbitmq.client.impl.AMQChannel.wrap(AMQChannel.java:140) ~[amqp-client-5.25.0.jar:5.25.0]
	at com.rabbitmq.client.impl.AMQChannel.wrap(AMQChannel.java:136) ~[amqp-client-5.25.0.jar:5.25.0]
	at com.rabbitmq.client.impl.AMQChannel.exnWrappingRpc(AMQChannel.java:158) ~[amqp-client-5.25.0.jar:5.25.0]
	at com.rabbitmq.client.impl.ChannelN.queueDeclarePassive(ChannelN.java:1033) ~[amqp-client-5.25.0.jar:5.25.0]
	at com.rabbitmq.client.impl.ChannelN.queueDeclarePassive(ChannelN.java:47) ~[amqp-client-5.25.0.jar:5.25.0]
	at java.base/jdk.internal.reflect.DirectMethodHandleAccessor.invoke(DirectMethodHandleAccessor.java:103) ~[na:na]
	at java.base/java.lang.reflect.Method.invoke(Method.java:580) ~[na:na]
	at org.springframework.amqp.rabbit.connection.CachingConnectionFactory$CachedChannelInvocationHandler.invoke(CachingConnectionFactory.java:1201) ~[spring-rabbit-3.2.8.jar:3.2.8]
	at jdk.proxy2/jdk.proxy2.$Proxy173.queueDeclarePassive(Unknown Source) ~[na:na]
	at org.springframework.amqp.rabbit.listener.BlockingQueueConsumer.attemptPassiveDeclarations(BlockingQueueConsumer.java:750) ~[spring-rabbit-3.2.8.jar:3.2.8]
	... 5 common frames omitted
Caused by: com.rabbitmq.client.ShutdownSignalException: channel error; protocol method: #method<channel.close>(reply-code=404, reply-text=NOT_FOUND - no queue 'springCloudBus.anonymous.T1NSOnUWQRmo0GhWFChT8A' in vhost 'dwtkuyzt', class-id=50, method-id=10)
	at com.rabbitmq.utility.ValueOrException.getValue(ValueOrException.java:66) ~[amqp-client-5.25.0.jar:5.25.0]
	at com.rabbitmq.utility.BlockingValueOrException.uninterruptibleGetValue(BlockingValueOrException.java:36) ~[amqp-client-5.25.0.jar:5.25.0]
	at com.rabbitmq.client.impl.AMQChannel$BlockingRpcContinuation.getReply(AMQChannel.java:552) ~[amqp-client-5.25.0.jar:5.25.0]
	at com.rabbitmq.client.impl.AMQChannel.privateRpc(AMQChannel.java:316) ~[amqp-client-5.25.0.jar:5.25.0]
	at com.rabbitmq.client.impl.AMQChannel.exnWrappingRpc(AMQChannel.java:152) ~[amqp-client-5.25.0.jar:5.25.0]
	... 12 common frames omitted
Caused by: com.rabbitmq.client.ShutdownSignalException: channel error; protocol method: #method<channel.close>(reply-code=404, reply-text=NOT_FOUND - no queue 'springCloudBus.anonymous.T1NSOnUWQRmo0GhWFChT8A' in vhost 'dwtkuyzt', class-id=50, method-id=10)
	at com.rabbitmq.client.impl.ChannelN.asyncShutdown(ChannelN.java:528) ~[amqp-client-5.25.0.jar:5.25.0]
	at com.rabbitmq.client.impl.ChannelN.processAsync(ChannelN.java:349) ~[amqp-client-5.25.0.jar:5.25.0]
	at com.rabbitmq.client.impl.AMQChannel.handleCompleteInboundCommand(AMQChannel.java:193) ~[amqp-client-5.25.0.jar:5.25.0]
	at com.rabbitmq.client.impl.AMQChannel.handleFrame(AMQChannel.java:125) ~[amqp-client-5.25.0.jar:5.25.0]
	at com.rabbitmq.client.impl.AMQConnection.readFrame(AMQConnection.java:761) ~[amqp-client-5.25.0.jar:5.25.0]
	at com.rabbitmq.client.impl.AMQConnection.access$400(AMQConnection.java:48) ~[amqp-client-5.25.0.jar:5.25.0]
	at com.rabbitmq.client.impl.AMQConnection$MainLoop.run(AMQConnection.java:688) ~[amqp-client-5.25.0.jar:5.25.0]
	... 1 common frames omitted

2025-11-24T22:40:54.685+05:30  WARN 27655 --- [user-service] [springCloudBus.anonymous.T1NSOnUWQRmo0GhWFChT8A-116] [                                                 ] o.s.a.r.listener.BlockingQueueConsumer   : Failed to declare queue: springCloudBus.anonymous.T1NSOnUWQRmo0GhWFChT8A
2025-11-24T22:40:54.685+05:30  WARN 27655 --- [user-service] [springCloudBus.anonymous.T1NSOnUWQRmo0GhWFChT8A-116] [                                                 ] o.s.a.r.listener.BlockingQueueConsumer   : Queue declaration failed; retries left=1

org.springframework.amqp.rabbit.listener.BlockingQueueConsumer$DeclarationException: Failed to declare queue(s):[springCloudBus.anonymous.T1NSOnUWQRmo0GhWFChT8A]
	at org.springframework.amqp.rabbit.listener.BlockingQueueConsumer.attemptPassiveDeclarations(BlockingQueueConsumer.java:772) ~[spring-rabbit-3.2.8.jar:3.2.8]
	at org.springframework.amqp.rabbit.listener.BlockingQueueConsumer.passiveDeclarations(BlockingQueueConsumer.java:649) ~[spring-rabbit-3.2.8.jar:3.2.8]
	at org.springframework.amqp.rabbit.listener.BlockingQueueConsumer.start(BlockingQueueConsumer.java:636) ~[spring-rabbit-3.2.8.jar:3.2.8]
	at org.springframework.amqp.rabbit.listener.SimpleMessageListenerContainer$AsyncMessageProcessingConsumer.initialize(SimpleMessageListenerContainer.java:1490) ~[spring-rabbit-3.2.8.jar:3.2.8]
	at org.springframework.amqp.rabbit.listener.SimpleMessageListenerContainer$AsyncMessageProcessingConsumer.run(SimpleMessageListenerContainer.java:1328) ~[spring-rabbit-3.2.8.jar:3.2.8]
	at java.base/java.lang.Thread.run(Thread.java:1570) ~[na:na]
Caused by: java.io.IOException: null
	at com.rabbitmq.client.impl.AMQChannel.wrap(AMQChannel.java:140) ~[amqp-client-5.25.0.jar:5.25.0]
	at com.rabbitmq.client.impl.AMQChannel.wrap(AMQChannel.java:136) ~[amqp-client-5.25.0.jar:5.25.0]
	at com.rabbitmq.client.impl.AMQChannel.exnWrappingRpc(AMQChannel.java:158) ~[amqp-client-5.25.0.jar:5.25.0]
	at com.rabbitmq.client.impl.ChannelN.queueDeclarePassive(ChannelN.java:1033) ~[amqp-client-5.25.0.jar:5.25.0]
	at com.rabbitmq.client.impl.ChannelN.queueDeclarePassive(ChannelN.java:47) ~[amqp-client-5.25.0.jar:5.25.0]
	at java.base/jdk.internal.reflect.DirectMethodHandleAccessor.invoke(DirectMethodHandleAccessor.java:103) ~[na:na]
	at java.base/java.lang.reflect.Method.invoke(Method.java:580) ~[na:na]
	at org.springframework.amqp.rabbit.connection.CachingConnectionFactory$CachedChannelInvocationHandler.invoke(CachingConnectionFactory.java:1201) ~[spring-rabbit-3.2.8.jar:3.2.8]
	at jdk.proxy2/jdk.proxy2.$Proxy173.queueDeclarePassive(Unknown Source) ~[na:na]
	at org.springframework.amqp.rabbit.listener.BlockingQueueConsumer.attemptPassiveDeclarations(BlockingQueueConsumer.java:750) ~[spring-rabbit-3.2.8.jar:3.2.8]
	... 5 common frames omitted
Caused by: com.rabbitmq.client.ShutdownSignalException: channel error; protocol method: #method<channel.close>(reply-code=404, reply-text=NOT_FOUND - no queue 'springCloudBus.anonymous.T1NSOnUWQRmo0GhWFChT8A' in vhost 'dwtkuyzt', class-id=50, method-id=10)
	at com.rabbitmq.utility.ValueOrException.getValue(ValueOrException.java:66) ~[amqp-client-5.25.0.jar:5.25.0]
	at com.rabbitmq.utility.BlockingValueOrException.uninterruptibleGetValue(BlockingValueOrException.java:36) ~[amqp-client-5.25.0.jar:5.25.0]
	at com.rabbitmq.client.impl.AMQChannel$BlockingRpcContinuation.getReply(AMQChannel.java:552) ~[amqp-client-5.25.0.jar:5.25.0]
	at com.rabbitmq.client.impl.AMQChannel.privateRpc(AMQChannel.java:316) ~[amqp-client-5.25.0.jar:5.25.0]
	at com.rabbitmq.client.impl.AMQChannel.exnWrappingRpc(AMQChannel.java:152) ~[amqp-client-5.25.0.jar:5.25.0]
	... 12 common frames omitted
Caused by: com.rabbitmq.client.ShutdownSignalException: channel error; protocol method: #method<channel.close>(reply-code=404, reply-text=NOT_FOUND - no queue 'springCloudBus.anonymous.T1NSOnUWQRmo0GhWFChT8A' in vhost 'dwtkuyzt', class-id=50, method-id=10)
	at com.rabbitmq.client.impl.ChannelN.asyncShutdown(ChannelN.java:528) ~[amqp-client-5.25.0.jar:5.25.0]
	at com.rabbitmq.client.impl.ChannelN.processAsync(ChannelN.java:349) ~[amqp-client-5.25.0.jar:5.25.0]
	at com.rabbitmq.client.impl.AMQChannel.handleCompleteInboundCommand(AMQChannel.java:193) ~[amqp-client-5.25.0.jar:5.25.0]
	at com.rabbitmq.client.impl.AMQChannel.handleFrame(AMQChannel.java:125) ~[amqp-client-5.25.0.jar:5.25.0]
	at com.rabbitmq.client.impl.AMQConnection.readFrame(AMQConnection.java:761) ~[amqp-client-5.25.0.jar:5.25.0]
	at com.rabbitmq.client.impl.AMQConnection.access$400(AMQConnection.java:48) ~[amqp-client-5.25.0.jar:5.25.0]
	at com.rabbitmq.client.impl.AMQConnection$MainLoop.run(AMQConnection.java:688) ~[amqp-client-5.25.0.jar:5.25.0]
	... 1 common frames omitted

2025-11-24T22:41:00.242+05:30  WARN 27655 --- [user-service] [springCloudBus.anonymous.T1NSOnUWQRmo0GhWFChT8A-116] [                                                 ] o.s.a.r.listener.BlockingQueueConsumer   : Failed to declare queue: springCloudBus.anonymous.T1NSOnUWQRmo0GhWFChT8A
2025-11-24T22:41:05.324+05:30 ERROR 27655 --- [user-service] [springCloudBus.anonymous.T1NSOnUWQRmo0GhWFChT8A-116] [                                                 ] o.s.a.r.l.SimpleMessageListenerContainer : Consumer threw missing queues exception, fatal=false

org.springframework.amqp.rabbit.listener.QueuesNotAvailableException: Cannot prepare queue for listener. Either the queue doesn't exist or the broker will not allow us to use it.
	at org.springframework.amqp.rabbit.listener.BlockingQueueConsumer.handleDeclarationException(BlockingQueueConsumer.java:722) ~[spring-rabbit-3.2.8.jar:3.2.8]
	at org.springframework.amqp.rabbit.listener.BlockingQueueConsumer.passiveDeclarations(BlockingQueueConsumer.java:656) ~[spring-rabbit-3.2.8.jar:3.2.8]
	at org.springframework.amqp.rabbit.listener.BlockingQueueConsumer.start(BlockingQueueConsumer.java:636) ~[spring-rabbit-3.2.8.jar:3.2.8]
	at org.springframework.amqp.rabbit.listener.SimpleMessageListenerContainer$AsyncMessageProcessingConsumer.initialize(SimpleMessageListenerContainer.java:1490) ~[spring-rabbit-3.2.8.jar:3.2.8]
	at org.springframework.amqp.rabbit.listener.SimpleMessageListenerContainer$AsyncMessageProcessingConsumer.run(SimpleMessageListenerContainer.java:1328) ~[spring-rabbit-3.2.8.jar:3.2.8]
	at java.base/java.lang.Thread.run(Thread.java:1570) ~[na:na]
Caused by: org.springframework.amqp.rabbit.listener.BlockingQueueConsumer$DeclarationException: Failed to declare queue(s):[springCloudBus.anonymous.T1NSOnUWQRmo0GhWFChT8A]
	at org.springframework.amqp.rabbit.listener.BlockingQueueConsumer.attemptPassiveDeclarations(BlockingQueueConsumer.java:772) ~[spring-rabbit-3.2.8.jar:3.2.8]
	at org.springframework.amqp.rabbit.listener.BlockingQueueConsumer.passiveDeclarations(BlockingQueueConsumer.java:649) ~[spring-rabbit-3.2.8.jar:3.2.8]
	... 4 common frames omitted
Caused by: java.io.IOException: null
	at com.rabbitmq.client.impl.AMQChannel.wrap(AMQChannel.java:140) ~[amqp-client-5.25.0.jar:5.25.0]
	at com.rabbitmq.client.impl.AMQChannel.wrap(AMQChannel.java:136) ~[amqp-client-5.25.0.jar:5.25.0]
	at com.rabbitmq.client.impl.AMQChannel.exnWrappingRpc(AMQChannel.java:158) ~[amqp-client-5.25.0.jar:5.25.0]
	at com.rabbitmq.client.impl.ChannelN.queueDeclarePassive(ChannelN.java:1033) ~[amqp-client-5.25.0.jar:5.25.0]
	at com.rabbitmq.client.impl.ChannelN.queueDeclarePassive(ChannelN.java:47) ~[amqp-client-5.25.0.jar:5.25.0]
	at java.base/jdk.internal.reflect.DirectMethodHandleAccessor.invoke(DirectMethodHandleAccessor.java:103) ~[na:na]
	at java.base/java.lang.reflect.Method.invoke(Method.java:580) ~[na:na]
	at org.springframework.amqp.rabbit.connection.CachingConnectionFactory$CachedChannelInvocationHandler.invoke(CachingConnectionFactory.java:1201) ~[spring-rabbit-3.2.8.jar:3.2.8]
	at jdk.proxy2/jdk.proxy2.$Proxy173.queueDeclarePassive(Unknown Source) ~[na:na]
	at org.springframework.amqp.rabbit.listener.BlockingQueueConsumer.attemptPassiveDeclarations(BlockingQueueConsumer.java:750) ~[spring-rabbit-3.2.8.jar:3.2.8]
	... 5 common frames omitted
Caused by: com.rabbitmq.client.ShutdownSignalException: channel error; protocol method: #method<channel.close>(reply-code=404, reply-text=NOT_FOUND - no queue 'springCloudBus.anonymous.T1NSOnUWQRmo0GhWFChT8A' in vhost 'dwtkuyzt', class-id=50, method-id=10)
	at com.rabbitmq.utility.ValueOrException.getValue(ValueOrException.java:66) ~[amqp-client-5.25.0.jar:5.25.0]
	at com.rabbitmq.utility.BlockingValueOrException.uninterruptibleGetValue(BlockingValueOrException.java:36) ~[amqp-client-5.25.0.jar:5.25.0]
	at com.rabbitmq.client.impl.AMQChannel$BlockingRpcContinuation.getReply(AMQChannel.java:552) ~[amqp-client-5.25.0.jar:5.25.0]
	at com.rabbitmq.client.impl.AMQChannel.privateRpc(AMQChannel.java:316) ~[amqp-client-5.25.0.jar:5.25.0]
	at com.rabbitmq.client.impl.AMQChannel.exnWrappingRpc(AMQChannel.java:152) ~[amqp-client-5.25.0.jar:5.25.0]
	... 12 common frames omitted
Caused by: com.rabbitmq.client.ShutdownSignalException: channel error; protocol method: #method<channel.close>(reply-code=404, reply-text=NOT_FOUND - no queue 'springCloudBus.anonymous.T1NSOnUWQRmo0GhWFChT8A' in vhost 'dwtkuyzt', class-id=50, method-id=10)
	at com.rabbitmq.client.impl.ChannelN.asyncShutdown(ChannelN.java:528) ~[amqp-client-5.25.0.jar:5.25.0]
	at com.rabbitmq.client.impl.ChannelN.processAsync(ChannelN.java:349) ~[amqp-client-5.25.0.jar:5.25.0]
	at com.rabbitmq.client.impl.AMQChannel.handleCompleteInboundCommand(AMQChannel.java:193) ~[amqp-client-5.25.0.jar:5.25.0]
	at com.rabbitmq.client.impl.AMQChannel.handleFrame(AMQChannel.java:125) ~[amqp-client-5.25.0.jar:5.25.0]
	at com.rabbitmq.client.impl.AMQConnection.readFrame(AMQConnection.java:761) ~[amqp-client-5.25.0.jar:5.25.0]
	at com.rabbitmq.client.impl.AMQConnection.access$400(AMQConnection.java:48) ~[amqp-client-5.25.0.jar:5.25.0]
	at com.rabbitmq.client.impl.AMQConnection$MainLoop.run(AMQConnection.java:688) ~[amqp-client-5.25.0.jar:5.25.0]
	... 1 common frames omitted

2025-11-24T22:41:05.326+05:30  INFO 27655 --- [user-service] [springCloudBus.anonymous.T1NSOnUWQRmo0GhWFChT8A-116] [                                                 ] o.s.a.r.l.SimpleMessageListenerContainer : Restarting Consumer@25ab232c: tags=[[]], channel=Cached Rabbit Channel: AMQChannel(amqp://dwtkuyzt@35.153.225.39:5672/dwtkuyzt,1), conn: Proxy@b2633ea Shared Rabbit Connection: SimpleConnection@4e077605 [delegate=amqp://dwtkuyzt@35.153.225.39:5672/dwtkuyzt, localPort=61546], acknowledgeMode=AUTO local queue size=0
2025-11-24T22:41:06.415+05:30  WARN 27655 --- [user-service] [springCloudBus.anonymous.T1NSOnUWQRmo0GhWFChT8A-117] [                                                 ] o.s.a.r.listener.BlockingQueueConsumer   : Failed to declare queue: springCloudBus.anonymous.T1NSOnUWQRmo0GhWFChT8A
2025-11-24T22:41:06.415+05:30  WARN 27655 --- [user-service] [springCloudBus.anonymous.T1NSOnUWQRmo0GhWFChT8A-117] [                                                 ] o.s.a.r.listener.BlockingQueueConsumer   : Queue declaration failed; retries left=3

org.springframework.amqp.rabbit.listener.BlockingQueueConsumer$DeclarationException: Failed to declare queue(s):[springCloudBus.anonymous.T1NSOnUWQRmo0GhWFChT8A]
	at org.springframework.amqp.rabbit.listener.BlockingQueueConsumer.attemptPassiveDeclarations(BlockingQueueConsumer.java:772) ~[spring-rabbit-3.2.8.jar:3.2.8]
	at org.springframework.amqp.rabbit.listener.BlockingQueueConsumer.passiveDeclarations(BlockingQueueConsumer.java:649) ~[spring-rabbit-3.2.8.jar:3.2.8]
	at org.springframework.amqp.rabbit.listener.BlockingQueueConsumer.start(BlockingQueueConsumer.java:636) ~[spring-rabbit-3.2.8.jar:3.2.8]
	at org.springframework.amqp.rabbit.listener.SimpleMessageListenerContainer$AsyncMessageProcessingConsumer.initialize(SimpleMessageListenerContainer.java:1490) ~[spring-rabbit-3.2.8.jar:3.2.8]
	at org.springframework.amqp.rabbit.listener.SimpleMessageListenerContainer$AsyncMessageProcessingConsumer.run(SimpleMessageListenerContainer.java:1328) ~[spring-rabbit-3.2.8.jar:3.2.8]
	at java.base/java.lang.Thread.run(Thread.java:1570) ~[na:na]
Caused by: java.io.IOException: null
	at com.rabbitmq.client.impl.AMQChannel.wrap(AMQChannel.java:140) ~[amqp-client-5.25.0.jar:5.25.0]
	at com.rabbitmq.client.impl.AMQChannel.wrap(AMQChannel.java:136) ~[amqp-client-5.25.0.jar:5.25.0]
	at com.rabbitmq.client.impl.AMQChannel.exnWrappingRpc(AMQChannel.java:158) ~[amqp-client-5.25.0.jar:5.25.0]
	at com.rabbitmq.client.impl.ChannelN.queueDeclarePassive(ChannelN.java:1033) ~[amqp-client-5.25.0.jar:5.25.0]
	at com.rabbitmq.client.impl.ChannelN.queueDeclarePassive(ChannelN.java:47) ~[amqp-client-5.25.0.jar:5.25.0]
	at java.base/jdk.internal.reflect.DirectMethodHandleAccessor.invoke(DirectMethodHandleAccessor.java:103) ~[na:na]
	at java.base/java.lang.reflect.Method.invoke(Method.java:580) ~[na:na]
	at org.springframework.amqp.rabbit.connection.CachingConnectionFactory$CachedChannelInvocationHandler.invoke(CachingConnectionFactory.java:1201) ~[spring-rabbit-3.2.8.jar:3.2.8]
	at jdk.proxy2/jdk.proxy2.$Proxy173.queueDeclarePassive(Unknown Source) ~[na:na]
	at org.springframework.amqp.rabbit.listener.BlockingQueueConsumer.attemptPassiveDeclarations(BlockingQueueConsumer.java:750) ~[spring-rabbit-3.2.8.jar:3.2.8]
	... 5 common frames omitted
Caused by: com.rabbitmq.client.ShutdownSignalException: channel error; protocol method: #method<channel.close>(reply-code=404, reply-text=NOT_FOUND - no queue 'springCloudBus.anonymous.T1NSOnUWQRmo0GhWFChT8A' in vhost 'dwtkuyzt', class-id=50, method-id=10)
	at com.rabbitmq.utility.ValueOrException.getValue(ValueOrException.java:66) ~[amqp-client-5.25.0.jar:5.25.0]
	at com.rabbitmq.utility.BlockingValueOrException.uninterruptibleGetValue(BlockingValueOrException.java:36) ~[amqp-client-5.25.0.jar:5.25.0]
	at com.rabbitmq.client.impl.AMQChannel$BlockingRpcContinuation.getReply(AMQChannel.java:552) ~[amqp-client-5.25.0.jar:5.25.0]
	at com.rabbitmq.client.impl.AMQChannel.privateRpc(AMQChannel.java:316) ~[amqp-client-5.25.0.jar:5.25.0]
	at com.rabbitmq.client.impl.AMQChannel.exnWrappingRpc(AMQChannel.java:152) ~[amqp-client-5.25.0.jar:5.25.0]
	... 12 common frames omitted
Caused by: com.rabbitmq.client.ShutdownSignalException: channel error; protocol method: #method<channel.close>(reply-code=404, reply-text=NOT_FOUND - no queue 'springCloudBus.anonymous.T1NSOnUWQRmo0GhWFChT8A' in vhost 'dwtkuyzt', class-id=50, method-id=10)
	at com.rabbitmq.client.impl.ChannelN.asyncShutdown(ChannelN.java:528) ~[amqp-client-5.25.0.jar:5.25.0]
	at com.rabbitmq.client.impl.ChannelN.processAsync(ChannelN.java:349) ~[amqp-client-5.25.0.jar:5.25.0]
	at com.rabbitmq.client.impl.AMQChannel.handleCompleteInboundCommand(AMQChannel.java:193) ~[amqp-client-5.25.0.jar:5.25.0]
	at com.rabbitmq.client.impl.AMQChannel.handleFrame(AMQChannel.java:125) ~[amqp-client-5.25.0.jar:5.25.0]
	at com.rabbitmq.client.impl.AMQConnection.readFrame(AMQConnection.java:761) ~[amqp-client-5.25.0.jar:5.25.0]
	at com.rabbitmq.client.impl.AMQConnection.access$400(AMQConnection.java:48) ~[amqp-client-5.25.0.jar:5.25.0]
	at com.rabbitmq.client.impl.AMQConnection$MainLoop.run(AMQConnection.java:688) ~[amqp-client-5.25.0.jar:5.25.0]
	... 1 common frames omitted

2025-11-24T22:41:11.972+05:30  WARN 27655 --- [user-service] [springCloudBus.anonymous.T1NSOnUWQRmo0GhWFChT8A-117] [                                                 ] o.s.a.r.listener.BlockingQueueConsumer   : Failed to declare queue: springCloudBus.anonymous.T1NSOnUWQRmo0GhWFChT8A
2025-11-24T22:41:11.973+05:30  WARN 27655 --- [user-service] [springCloudBus.anonymous.T1NSOnUWQRmo0GhWFChT8A-117] [                                                 ] o.s.a.r.listener.BlockingQueueConsumer   : Queue declaration failed; retries left=2

org.springframework.amqp.rabbit.listener.BlockingQueueConsumer$DeclarationException: Failed to declare queue(s):[springCloudBus.anonymous.T1NSOnUWQRmo0GhWFChT8A]
	at org.springframework.amqp.rabbit.listener.BlockingQueueConsumer.attemptPassiveDeclarations(BlockingQueueConsumer.java:772) ~[spring-rabbit-3.2.8.jar:3.2.8]
	at org.springframework.amqp.rabbit.listener.BlockingQueueConsumer.passiveDeclarations(BlockingQueueConsumer.java:649) ~[spring-rabbit-3.2.8.jar:3.2.8]
	at org.springframework.amqp.rabbit.listener.BlockingQueueConsumer.start(BlockingQueueConsumer.java:636) ~[spring-rabbit-3.2.8.jar:3.2.8]
	at org.springframework.amqp.rabbit.listener.SimpleMessageListenerContainer$AsyncMessageProcessingConsumer.initialize(SimpleMessageListenerContainer.java:1490) ~[spring-rabbit-3.2.8.jar:3.2.8]
	at org.springframework.amqp.rabbit.listener.SimpleMessageListenerContainer$AsyncMessageProcessingConsumer.run(SimpleMessageListenerContainer.java:1328) ~[spring-rabbit-3.2.8.jar:3.2.8]
	at java.base/java.lang.Thread.run(Thread.java:1570) ~[na:na]
Caused by: java.io.IOException: null
	at com.rabbitmq.client.impl.AMQChannel.wrap(AMQChannel.java:140) ~[amqp-client-5.25.0.jar:5.25.0]
	at com.rabbitmq.client.impl.AMQChannel.wrap(AMQChannel.java:136) ~[amqp-client-5.25.0.jar:5.25.0]
	at com.rabbitmq.client.impl.AMQChannel.exnWrappingRpc(AMQChannel.java:158) ~[amqp-client-5.25.0.jar:5.25.0]
	at com.rabbitmq.client.impl.ChannelN.queueDeclarePassive(ChannelN.java:1033) ~[amqp-client-5.25.0.jar:5.25.0]
	at com.rabbitmq.client.impl.ChannelN.queueDeclarePassive(ChannelN.java:47) ~[amqp-client-5.25.0.jar:5.25.0]
	at java.base/jdk.internal.reflect.DirectMethodHandleAccessor.invoke(DirectMethodHandleAccessor.java:103) ~[na:na]
	at java.base/java.lang.reflect.Method.invoke(Method.java:580) ~[na:na]
	at org.springframework.amqp.rabbit.connection.CachingConnectionFactory$CachedChannelInvocationHandler.invoke(CachingConnectionFactory.java:1201) ~[spring-rabbit-3.2.8.jar:3.2.8]
	at jdk.proxy2/jdk.proxy2.$Proxy173.queueDeclarePassive(Unknown Source) ~[na:na]
	at org.springframework.amqp.rabbit.listener.BlockingQueueConsumer.attemptPassiveDeclarations(BlockingQueueConsumer.java:750) ~[spring-rabbit-3.2.8.jar:3.2.8]
	... 5 common frames omitted
Caused by: com.rabbitmq.client.ShutdownSignalException: channel error; protocol method: #method<channel.close>(reply-code=404, reply-text=NOT_FOUND - no queue 'springCloudBus.anonymous.T1NSOnUWQRmo0GhWFChT8A' in vhost 'dwtkuyzt', class-id=50, method-id=10)
	at com.rabbitmq.utility.ValueOrException.getValue(ValueOrException.java:66) ~[amqp-client-5.25.0.jar:5.25.0]
	at com.rabbitmq.utility.BlockingValueOrException.uninterruptibleGetValue(BlockingValueOrException.java:36) ~[amqp-client-5.25.0.jar:5.25.0]
	at com.rabbitmq.client.impl.AMQChannel$BlockingRpcContinuation.getReply(AMQChannel.java:552) ~[amqp-client-5.25.0.jar:5.25.0]
	at com.rabbitmq.client.impl.AMQChannel.privateRpc(AMQChannel.java:316) ~[amqp-client-5.25.0.jar:5.25.0]
	at com.rabbitmq.client.impl.AMQChannel.exnWrappingRpc(AMQChannel.java:152) ~[amqp-client-5.25.0.jar:5.25.0]
	... 12 common frames omitted
Caused by: com.rabbitmq.client.ShutdownSignalException: channel error; protocol method: #method<channel.close>(reply-code=404, reply-text=NOT_FOUND - no queue 'springCloudBus.anonymous.T1NSOnUWQRmo0GhWFChT8A' in vhost 'dwtkuyzt', class-id=50, method-id=10)
	at com.rabbitmq.client.impl.ChannelN.asyncShutdown(ChannelN.java:528) ~[amqp-client-5.25.0.jar:5.25.0]
	at com.rabbitmq.client.impl.ChannelN.processAsync(ChannelN.java:349) ~[amqp-client-5.25.0.jar:5.25.0]
	at com.rabbitmq.client.impl.AMQChannel.handleCompleteInboundCommand(AMQChannel.java:193) ~[amqp-client-5.25.0.jar:5.25.0]
	at com.rabbitmq.client.impl.AMQChannel.handleFrame(AMQChannel.java:125) ~[amqp-client-5.25.0.jar:5.25.0]
	at com.rabbitmq.client.impl.AMQConnection.readFrame(AMQConnection.java:761) ~[amqp-client-5.25.0.jar:5.25.0]
	at com.rabbitmq.client.impl.AMQConnection.access$400(AMQConnection.java:48) ~[amqp-client-5.25.0.jar:5.25.0]
	at com.rabbitmq.client.impl.AMQConnection$MainLoop.run(AMQConnection.java:688) ~[amqp-client-5.25.0.jar:5.25.0]
	... 1 common frames omitted

2025-11-24T22:41:17.514+05:30  WARN 27655 --- [user-service] [springCloudBus.anonymous.T1NSOnUWQRmo0GhWFChT8A-117] [                                                 ] o.s.a.r.listener.BlockingQueueConsumer   : Failed to declare queue: springCloudBus.anonymous.T1NSOnUWQRmo0GhWFChT8A
2025-11-24T22:41:17.514+05:30  WARN 27655 --- [user-service] [springCloudBus.anonymous.T1NSOnUWQRmo0GhWFChT8A-117] [                                                 ] o.s.a.r.listener.BlockingQueueConsumer   : Queue declaration failed; retries left=1

org.springframework.amqp.rabbit.listener.BlockingQueueConsumer$DeclarationException: Failed to declare queue(s):[springCloudBus.anonymous.T1NSOnUWQRmo0GhWFChT8A]
	at org.springframework.amqp.rabbit.listener.BlockingQueueConsumer.attemptPassiveDeclarations(BlockingQueueConsumer.java:772) ~[spring-rabbit-3.2.8.jar:3.2.8]
	at org.springframework.amqp.rabbit.listener.BlockingQueueConsumer.passiveDeclarations(BlockingQueueConsumer.java:649) ~[spring-rabbit-3.2.8.jar:3.2.8]
	at org.springframework.amqp.rabbit.listener.BlockingQueueConsumer.start(BlockingQueueConsumer.java:636) ~[spring-rabbit-3.2.8.jar:3.2.8]
	at org.springframework.amqp.rabbit.listener.SimpleMessageListenerContainer$AsyncMessageProcessingConsumer.initialize(SimpleMessageListenerContainer.java:1490) ~[spring-rabbit-3.2.8.jar:3.2.8]
	at org.springframework.amqp.rabbit.listener.SimpleMessageListenerContainer$AsyncMessageProcessingConsumer.run(SimpleMessageListenerContainer.java:1328) ~[spring-rabbit-3.2.8.jar:3.2.8]
	at java.base/java.lang.Thread.run(Thread.java:1570) ~[na:na]
Caused by: java.io.IOException: null
	at com.rabbitmq.client.impl.AMQChannel.wrap(AMQChannel.java:140) ~[amqp-client-5.25.0.jar:5.25.0]
	at com.rabbitmq.client.impl.AMQChannel.wrap(AMQChannel.java:136) ~[amqp-client-5.25.0.jar:5.25.0]
	at com.rabbitmq.client.impl.AMQChannel.exnWrappingRpc(AMQChannel.java:158) ~[amqp-client-5.25.0.jar:5.25.0]
	at com.rabbitmq.client.impl.ChannelN.queueDeclarePassive(ChannelN.java:1033) ~[amqp-client-5.25.0.jar:5.25.0]
	at com.rabbitmq.client.impl.ChannelN.queueDeclarePassive(ChannelN.java:47) ~[amqp-client-5.25.0.jar:5.25.0]
	at java.base/jdk.internal.reflect.DirectMethodHandleAccessor.invoke(DirectMethodHandleAccessor.java:103) ~[na:na]
	at java.base/java.lang.reflect.Method.invoke(Method.java:580) ~[na:na]
	at org.springframework.amqp.rabbit.connection.CachingConnectionFactory$CachedChannelInvocationHandler.invoke(CachingConnectionFactory.java:1201) ~[spring-rabbit-3.2.8.jar:3.2.8]
	at jdk.proxy2/jdk.proxy2.$Proxy173.queueDeclarePassive(Unknown Source) ~[na:na]
	at org.springframework.amqp.rabbit.listener.BlockingQueueConsumer.attemptPassiveDeclarations(BlockingQueueConsumer.java:750) ~[spring-rabbit-3.2.8.jar:3.2.8]
	... 5 common frames omitted
Caused by: com.rabbitmq.client.ShutdownSignalException: channel error; protocol method: #method<channel.close>(reply-code=404, reply-text=NOT_FOUND - no queue 'springCloudBus.anonymous.T1NSOnUWQRmo0GhWFChT8A' in vhost 'dwtkuyzt', class-id=50, method-id=10)
	at com.rabbitmq.utility.ValueOrException.getValue(ValueOrException.java:66) ~[amqp-client-5.25.0.jar:5.25.0]
	at com.rabbitmq.utility.BlockingValueOrException.uninterruptibleGetValue(BlockingValueOrException.java:36) ~[amqp-client-5.25.0.jar:5.25.0]
	at com.rabbitmq.client.impl.AMQChannel$BlockingRpcContinuation.getReply(AMQChannel.java:552) ~[amqp-client-5.25.0.jar:5.25.0]
	at com.rabbitmq.client.impl.AMQChannel.privateRpc(AMQChannel.java:316) ~[amqp-client-5.25.0.jar:5.25.0]
	at com.rabbitmq.client.impl.AMQChannel.exnWrappingRpc(AMQChannel.java:152) ~[amqp-client-5.25.0.jar:5.25.0]
	... 12 common frames omitted
Caused by: com.rabbitmq.client.ShutdownSignalException: channel error; protocol method: #method<channel.close>(reply-code=404, reply-text=NOT_FOUND - no queue 'springCloudBus.anonymous.T1NSOnUWQRmo0GhWFChT8A' in vhost 'dwtkuyzt', class-id=50, method-id=10)
	at com.rabbitmq.client.impl.ChannelN.asyncShutdown(ChannelN.java:528) ~[amqp-client-5.25.0.jar:5.25.0]
	at com.rabbitmq.client.impl.ChannelN.processAsync(ChannelN.java:349) ~[amqp-client-5.25.0.jar:5.25.0]
	at com.rabbitmq.client.impl.AMQChannel.handleCompleteInboundCommand(AMQChannel.java:193) ~[amqp-client-5.25.0.jar:5.25.0]
	at com.rabbitmq.client.impl.AMQChannel.handleFrame(AMQChannel.java:125) ~[amqp-client-5.25.0.jar:5.25.0]
	at com.rabbitmq.client.impl.AMQConnection.readFrame(AMQConnection.java:761) ~[amqp-client-5.25.0.jar:5.25.0]
	at com.rabbitmq.client.impl.AMQConnection.access$400(AMQConnection.java:48) ~[amqp-client-5.25.0.jar:5.25.0]
	at com.rabbitmq.client.impl.AMQConnection$MainLoop.run(AMQConnection.java:688) ~[amqp-client-5.25.0.jar:5.25.0]
	... 1 common frames omitted

2025-11-24T22:41:23.070+05:30  WARN 27655 --- [user-service] [springCloudBus.anonymous.T1NSOnUWQRmo0GhWFChT8A-117] [                                                 ] o.s.a.r.listener.BlockingQueueConsumer   : Failed to declare queue: springCloudBus.anonymous.T1NSOnUWQRmo0GhWFChT8A
2025-11-24T22:41:28.165+05:30 ERROR 27655 --- [user-service] [springCloudBus.anonymous.T1NSOnUWQRmo0GhWFChT8A-117] [                                                 ] o.s.a.r.l.SimpleMessageListenerContainer : Consumer threw missing queues exception, fatal=false

org.springframework.amqp.rabbit.listener.QueuesNotAvailableException: Cannot prepare queue for listener. Either the queue doesn't exist or the broker will not allow us to use it.
	at org.springframework.amqp.rabbit.listener.BlockingQueueConsumer.handleDeclarationException(BlockingQueueConsumer.java:722) ~[spring-rabbit-3.2.8.jar:3.2.8]
	at org.springframework.amqp.rabbit.listener.BlockingQueueConsumer.passiveDeclarations(BlockingQueueConsumer.java:656) ~[spring-rabbit-3.2.8.jar:3.2.8]
	at org.springframework.amqp.rabbit.listener.BlockingQueueConsumer.start(BlockingQueueConsumer.java:636) ~[spring-rabbit-3.2.8.jar:3.2.8]
	at org.springframework.amqp.rabbit.listener.SimpleMessageListenerContainer$AsyncMessageProcessingConsumer.initialize(SimpleMessageListenerContainer.java:1490) ~[spring-rabbit-3.2.8.jar:3.2.8]
	at org.springframework.amqp.rabbit.listener.SimpleMessageListenerContainer$AsyncMessageProcessingConsumer.run(SimpleMessageListenerContainer.java:1328) ~[spring-rabbit-3.2.8.jar:3.2.8]
	at java.base/java.lang.Thread.run(Thread.java:1570) ~[na:na]
Caused by: org.springframework.amqp.rabbit.listener.BlockingQueueConsumer$DeclarationException: Failed to declare queue(s):[springCloudBus.anonymous.T1NSOnUWQRmo0GhWFChT8A]
	at org.springframework.amqp.rabbit.listener.BlockingQueueConsumer.attemptPassiveDeclarations(BlockingQueueConsumer.java:772) ~[spring-rabbit-3.2.8.jar:3.2.8]
	at org.springframework.amqp.rabbit.listener.BlockingQueueConsumer.passiveDeclarations(BlockingQueueConsumer.java:649) ~[spring-rabbit-3.2.8.jar:3.2.8]
	... 4 common frames omitted
Caused by: java.io.IOException: null
	at com.rabbitmq.client.impl.AMQChannel.wrap(AMQChannel.java:140) ~[amqp-client-5.25.0.jar:5.25.0]
	at com.rabbitmq.client.impl.AMQChannel.wrap(AMQChannel.java:136) ~[amqp-client-5.25.0.jar:5.25.0]
	at com.rabbitmq.client.impl.AMQChannel.exnWrappingRpc(AMQChannel.java:158) ~[amqp-client-5.25.0.jar:5.25.0]
	at com.rabbitmq.client.impl.ChannelN.queueDeclarePassive(ChannelN.java:1033) ~[amqp-client-5.25.0.jar:5.25.0]
	at com.rabbitmq.client.impl.ChannelN.queueDeclarePassive(ChannelN.java:47) ~[amqp-client-5.25.0.jar:5.25.0]
	at java.base/jdk.internal.reflect.DirectMethodHandleAccessor.invoke(DirectMethodHandleAccessor.java:103) ~[na:na]
	at java.base/java.lang.reflect.Method.invoke(Method.java:580) ~[na:na]
	at org.springframework.amqp.rabbit.connection.CachingConnectionFactory$CachedChannelInvocationHandler.invoke(CachingConnectionFactory.java:1201) ~[spring-rabbit-3.2.8.jar:3.2.8]
	at jdk.proxy2/jdk.proxy2.$Proxy173.queueDeclarePassive(Unknown Source) ~[na:na]
	at org.springframework.amqp.rabbit.listener.BlockingQueueConsumer.attemptPassiveDeclarations(BlockingQueueConsumer.java:750) ~[spring-rabbit-3.2.8.jar:3.2.8]
	... 5 common frames omitted
Caused by: com.rabbitmq.client.ShutdownSignalException: channel error; protocol method: #method<channel.close>(reply-code=404, reply-text=NOT_FOUND - no queue 'springCloudBus.anonymous.T1NSOnUWQRmo0GhWFChT8A' in vhost 'dwtkuyzt', class-id=50, method-id=10)
	at com.rabbitmq.utility.ValueOrException.getValue(ValueOrException.java:66) ~[amqp-client-5.25.0.jar:5.25.0]
	at com.rabbitmq.utility.BlockingValueOrException.uninterruptibleGetValue(BlockingValueOrException.java:36) ~[amqp-client-5.25.0.jar:5.25.0]
	at com.rabbitmq.client.impl.AMQChannel$BlockingRpcContinuation.getReply(AMQChannel.java:552) ~[amqp-client-5.25.0.jar:5.25.0]
	at com.rabbitmq.client.impl.AMQChannel.privateRpc(AMQChannel.java:316) ~[amqp-client-5.25.0.jar:5.25.0]
	at com.rabbitmq.client.impl.AMQChannel.exnWrappingRpc(AMQChannel.java:152) ~[amqp-client-5.25.0.jar:5.25.0]
	... 12 common frames omitted
Caused by: com.rabbitmq.client.ShutdownSignalException: channel error; protocol method: #method<channel.close>(reply-code=404, reply-text=NOT_FOUND - no queue 'springCloudBus.anonymous.T1NSOnUWQRmo0GhWFChT8A' in vhost 'dwtkuyzt', class-id=50, method-id=10)
	at com.rabbitmq.client.impl.ChannelN.asyncShutdown(ChannelN.java:528) ~[amqp-client-5.25.0.jar:5.25.0]
	at com.rabbitmq.client.impl.ChannelN.processAsync(ChannelN.java:349) ~[amqp-client-5.25.0.jar:5.25.0]
	at com.rabbitmq.client.impl.AMQChannel.handleCompleteInboundCommand(AMQChannel.java:193) ~[amqp-client-5.25.0.jar:5.25.0]
	at com.rabbitmq.client.impl.AMQChannel.handleFrame(AMQChannel.java:125) ~[amqp-client-5.25.0.jar:5.25.0]
	at com.rabbitmq.client.impl.AMQConnection.readFrame(AMQConnection.java:761) ~[amqp-client-5.25.0.jar:5.25.0]
	at com.rabbitmq.client.impl.AMQConnection.access$400(AMQConnection.java:48) ~[amqp-client-5.25.0.jar:5.25.0]
	at com.rabbitmq.client.impl.AMQConnection$MainLoop.run(AMQConnection.java:688) ~[amqp-client-5.25.0.jar:5.25.0]
	... 1 common frames omitted

2025-11-24T22:41:28.170+05:30  INFO 27655 --- [user-service] [springCloudBus.anonymous.T1NSOnUWQRmo0GhWFChT8A-117] [                                                 ] o.s.a.r.l.SimpleMessageListenerContainer : Restarting Consumer@609b3c64: tags=[[]], channel=Cached Rabbit Channel: AMQChannel(amqp://dwtkuyzt@35.153.225.39:5672/dwtkuyzt,1), conn: Proxy@b2633ea Shared Rabbit Connection: SimpleConnection@4e077605 [delegate=amqp://dwtkuyzt@35.153.225.39:5672/dwtkuyzt, localPort=61546], acknowledgeMode=AUTO local queue size=0
2025-11-24T22:41:29.249+05:30  WARN 27655 --- [user-service] [springCloudBus.anonymous.T1NSOnUWQRmo0GhWFChT8A-118] [                                                 ] o.s.a.r.listener.BlockingQueueConsumer   : Failed to declare queue: springCloudBus.anonymous.T1NSOnUWQRmo0GhWFChT8A
2025-11-24T22:41:29.249+05:30  WARN 27655 --- [user-service] [springCloudBus.anonymous.T1NSOnUWQRmo0GhWFChT8A-118] [                                                 ] o.s.a.r.listener.BlockingQueueConsumer   : Queue declaration failed; retries left=3

org.springframework.amqp.rabbit.listener.BlockingQueueConsumer$DeclarationException: Failed to declare queue(s):[springCloudBus.anonymous.T1NSOnUWQRmo0GhWFChT8A]
	at org.springframework.amqp.rabbit.listener.BlockingQueueConsumer.attemptPassiveDeclarations(BlockingQueueConsumer.java:772) ~[spring-rabbit-3.2.8.jar:3.2.8]
	at org.springframework.amqp.rabbit.listener.BlockingQueueConsumer.passiveDeclarations(BlockingQueueConsumer.java:649) ~[spring-rabbit-3.2.8.jar:3.2.8]
	at org.springframework.amqp.rabbit.listener.BlockingQueueConsumer.start(BlockingQueueConsumer.java:636) ~[spring-rabbit-3.2.8.jar:3.2.8]
	at org.springframework.amqp.rabbit.listener.SimpleMessageListenerContainer$AsyncMessageProcessingConsumer.initialize(SimpleMessageListenerContainer.java:1490) ~[spring-rabbit-3.2.8.jar:3.2.8]
	at org.springframework.amqp.rabbit.listener.SimpleMessageListenerContainer$AsyncMessageProcessingConsumer.run(SimpleMessageListenerContainer.java:1328) ~[spring-rabbit-3.2.8.jar:3.2.8]
	at java.base/java.lang.Thread.run(Thread.java:1570) ~[na:na]
Caused by: java.io.IOException: null
	at com.rabbitmq.client.impl.AMQChannel.wrap(AMQChannel.java:140) ~[amqp-client-5.25.0.jar:5.25.0]
	at com.rabbitmq.client.impl.AMQChannel.wrap(AMQChannel.java:136) ~[amqp-client-5.25.0.jar:5.25.0]
	at com.rabbitmq.client.impl.AMQChannel.exnWrappingRpc(AMQChannel.java:158) ~[amqp-client-5.25.0.jar:5.25.0]
	at com.rabbitmq.client.impl.ChannelN.queueDeclarePassive(ChannelN.java:1033) ~[amqp-client-5.25.0.jar:5.25.0]
	at com.rabbitmq.client.impl.ChannelN.queueDeclarePassive(ChannelN.java:47) ~[amqp-client-5.25.0.jar:5.25.0]
	at java.base/jdk.internal.reflect.DirectMethodHandleAccessor.invoke(DirectMethodHandleAccessor.java:103) ~[na:na]
	at java.base/java.lang.reflect.Method.invoke(Method.java:580) ~[na:na]
	at org.springframework.amqp.rabbit.connection.CachingConnectionFactory$CachedChannelInvocationHandler.invoke(CachingConnectionFactory.java:1201) ~[spring-rabbit-3.2.8.jar:3.2.8]
	at jdk.proxy2/jdk.proxy2.$Proxy173.queueDeclarePassive(Unknown Source) ~[na:na]
	at org.springframework.amqp.rabbit.listener.BlockingQueueConsumer.attemptPassiveDeclarations(BlockingQueueConsumer.java:750) ~[spring-rabbit-3.2.8.jar:3.2.8]
	... 5 common frames omitted
Caused by: com.rabbitmq.client.ShutdownSignalException: channel error; protocol method: #method<channel.close>(reply-code=404, reply-text=NOT_FOUND - no queue 'springCloudBus.anonymous.T1NSOnUWQRmo0GhWFChT8A' in vhost 'dwtkuyzt', class-id=50, method-id=10)
	at com.rabbitmq.utility.ValueOrException.getValue(ValueOrException.java:66) ~[amqp-client-5.25.0.jar:5.25.0]
	at com.rabbitmq.utility.BlockingValueOrException.uninterruptibleGetValue(BlockingValueOrException.java:36) ~[amqp-client-5.25.0.jar:5.25.0]
	at com.rabbitmq.client.impl.AMQChannel$BlockingRpcContinuation.getReply(AMQChannel.java:552) ~[amqp-client-5.25.0.jar:5.25.0]
	at com.rabbitmq.client.impl.AMQChannel.privateRpc(AMQChannel.java:316) ~[amqp-client-5.25.0.jar:5.25.0]
	at com.rabbitmq.client.impl.AMQChannel.exnWrappingRpc(AMQChannel.java:152) ~[amqp-client-5.25.0.jar:5.25.0]
	... 12 common frames omitted
Caused by: com.rabbitmq.client.ShutdownSignalException: channel error; protocol method: #method<channel.close>(reply-code=404, reply-text=NOT_FOUND - no queue 'springCloudBus.anonymous.T1NSOnUWQRmo0GhWFChT8A' in vhost 'dwtkuyzt', class-id=50, method-id=10)
	at com.rabbitmq.client.impl.ChannelN.asyncShutdown(ChannelN.java:528) ~[amqp-client-5.25.0.jar:5.25.0]
	at com.rabbitmq.client.impl.ChannelN.processAsync(ChannelN.java:349) ~[amqp-client-5.25.0.jar:5.25.0]
	at com.rabbitmq.client.impl.AMQChannel.handleCompleteInboundCommand(AMQChannel.java:193) ~[amqp-client-5.25.0.jar:5.25.0]
	at com.rabbitmq.client.impl.AMQChannel.handleFrame(AMQChannel.java:125) ~[amqp-client-5.25.0.jar:5.25.0]
	at com.rabbitmq.client.impl.AMQConnection.readFrame(AMQConnection.java:761) ~[amqp-client-5.25.0.jar:5.25.0]
	at com.rabbitmq.client.impl.AMQConnection.access$400(AMQConnection.java:48) ~[amqp-client-5.25.0.jar:5.25.0]
	at com.rabbitmq.client.impl.AMQConnection$MainLoop.run(AMQConnection.java:688) ~[amqp-client-5.25.0.jar:5.25.0]
	... 1 common frames omitted

2025-11-24T22:41:30.912+05:30  INFO 27655 --- [user-service] [AsyncResolver-bootstrap-executor-%d] [                                                 ] c.n.d.s.r.aws.ConfigClusterResolver      : Resolving eureka endpoints via configuration
2025-11-24T22:41:34.791+05:30  WARN 27655 --- [user-service] [springCloudBus.anonymous.T1NSOnUWQRmo0GhWFChT8A-118] [                                                 ] o.s.a.r.listener.BlockingQueueConsumer   : Failed to declare queue: springCloudBus.anonymous.T1NSOnUWQRmo0GhWFChT8A
2025-11-24T22:41:34.792+05:30  WARN 27655 --- [user-service] [springCloudBus.anonymous.T1NSOnUWQRmo0GhWFChT8A-118] [                                                 ] o.s.a.r.listener.BlockingQueueConsumer   : Queue declaration failed; retries left=2

org.springframework.amqp.rabbit.listener.BlockingQueueConsumer$DeclarationException: Failed to declare queue(s):[springCloudBus.anonymous.T1NSOnUWQRmo0GhWFChT8A]
	at org.springframework.amqp.rabbit.listener.BlockingQueueConsumer.attemptPassiveDeclarations(BlockingQueueConsumer.java:772) ~[spring-rabbit-3.2.8.jar:3.2.8]
	at org.springframework.amqp.rabbit.listener.BlockingQueueConsumer.passiveDeclarations(BlockingQueueConsumer.java:649) ~[spring-rabbit-3.2.8.jar:3.2.8]
	at org.springframework.amqp.rabbit.listener.BlockingQueueConsumer.start(BlockingQueueConsumer.java:636) ~[spring-rabbit-3.2.8.jar:3.2.8]
	at org.springframework.amqp.rabbit.listener.SimpleMessageListenerContainer$AsyncMessageProcessingConsumer.initialize(SimpleMessageListenerContainer.java:1490) ~[spring-rabbit-3.2.8.jar:3.2.8]
	at org.springframework.amqp.rabbit.listener.SimpleMessageListenerContainer$AsyncMessageProcessingConsumer.run(SimpleMessageListenerContainer.java:1328) ~[spring-rabbit-3.2.8.jar:3.2.8]
	at java.base/java.lang.Thread.run(Thread.java:1570) ~[na:na]
Caused by: java.io.IOException: null
	at com.rabbitmq.client.impl.AMQChannel.wrap(AMQChannel.java:140) ~[amqp-client-5.25.0.jar:5.25.0]
	at com.rabbitmq.client.impl.AMQChannel.wrap(AMQChannel.java:136) ~[amqp-client-5.25.0.jar:5.25.0]
	at com.rabbitmq.client.impl.AMQChannel.exnWrappingRpc(AMQChannel.java:158) ~[amqp-client-5.25.0.jar:5.25.0]
	at com.rabbitmq.client.impl.ChannelN.queueDeclarePassive(ChannelN.java:1033) ~[amqp-client-5.25.0.jar:5.25.0]
	at com.rabbitmq.client.impl.ChannelN.queueDeclarePassive(ChannelN.java:47) ~[amqp-client-5.25.0.jar:5.25.0]
	at java.base/jdk.internal.reflect.DirectMethodHandleAccessor.invoke(DirectMethodHandleAccessor.java:103) ~[na:na]
	at java.base/java.lang.reflect.Method.invoke(Method.java:580) ~[na:na]
	at org.springframework.amqp.rabbit.connection.CachingConnectionFactory$CachedChannelInvocationHandler.invoke(CachingConnectionFactory.java:1201) ~[spring-rabbit-3.2.8.jar:3.2.8]
	at jdk.proxy2/jdk.proxy2.$Proxy173.queueDeclarePassive(Unknown Source) ~[na:na]
	at org.springframework.amqp.rabbit.listener.BlockingQueueConsumer.attemptPassiveDeclarations(BlockingQueueConsumer.java:750) ~[spring-rabbit-3.2.8.jar:3.2.8]
	... 5 common frames omitted
Caused by: com.rabbitmq.client.ShutdownSignalException: channel error; protocol method: #method<channel.close>(reply-code=404, reply-text=NOT_FOUND - no queue 'springCloudBus.anonymous.T1NSOnUWQRmo0GhWFChT8A' in vhost 'dwtkuyzt', class-id=50, method-id=10)
	at com.rabbitmq.utility.ValueOrException.getValue(ValueOrException.java:66) ~[amqp-client-5.25.0.jar:5.25.0]
	at com.rabbitmq.utility.BlockingValueOrException.uninterruptibleGetValue(BlockingValueOrException.java:36) ~[amqp-client-5.25.0.jar:5.25.0]
	at com.rabbitmq.client.impl.AMQChannel$BlockingRpcContinuation.getReply(AMQChannel.java:552) ~[amqp-client-5.25.0.jar:5.25.0]
	at com.rabbitmq.client.impl.AMQChannel.privateRpc(AMQChannel.java:316) ~[amqp-client-5.25.0.jar:5.25.0]
	at com.rabbitmq.client.impl.AMQChannel.exnWrappingRpc(AMQChannel.java:152) ~[amqp-client-5.25.0.jar:5.25.0]
	... 12 common frames omitted
Caused by: com.rabbitmq.client.ShutdownSignalException: channel error; protocol method: #method<channel.close>(reply-code=404, reply-text=NOT_FOUND - no queue 'springCloudBus.anonymous.T1NSOnUWQRmo0GhWFChT8A' in vhost 'dwtkuyzt', class-id=50, method-id=10)
	at com.rabbitmq.client.impl.ChannelN.asyncShutdown(ChannelN.java:528) ~[amqp-client-5.25.0.jar:5.25.0]
	at com.rabbitmq.client.impl.ChannelN.processAsync(ChannelN.java:349) ~[amqp-client-5.25.0.jar:5.25.0]
	at com.rabbitmq.client.impl.AMQChannel.handleCompleteInboundCommand(AMQChannel.java:193) ~[amqp-client-5.25.0.jar:5.25.0]
	at com.rabbitmq.client.impl.AMQChannel.handleFrame(AMQChannel.java:125) ~[amqp-client-5.25.0.jar:5.25.0]
	at com.rabbitmq.client.impl.AMQConnection.readFrame(AMQConnection.java:761) ~[amqp-client-5.25.0.jar:5.25.0]
	at com.rabbitmq.client.impl.AMQConnection.access$400(AMQConnection.java:48) ~[amqp-client-5.25.0.jar:5.25.0]
	at com.rabbitmq.client.impl.AMQConnection$MainLoop.run(AMQConnection.java:688) ~[amqp-client-5.25.0.jar:5.25.0]
	... 1 common frames omitted

2025-11-24T22:41:40.336+05:30  WARN 27655 --- [user-service] [springCloudBus.anonymous.T1NSOnUWQRmo0GhWFChT8A-118] [                                                 ] o.s.a.r.listener.BlockingQueueConsumer   : Failed to declare queue: springCloudBus.anonymous.T1NSOnUWQRmo0GhWFChT8A
2025-11-24T22:41:40.336+05:30  WARN 27655 --- [user-service] [springCloudBus.anonymous.T1NSOnUWQRmo0GhWFChT8A-118] [                                                 ] o.s.a.r.listener.BlockingQueueConsumer   : Queue declaration failed; retries left=1

org.springframework.amqp.rabbit.listener.BlockingQueueConsumer$DeclarationException: Failed to declare queue(s):[springCloudBus.anonymous.T1NSOnUWQRmo0GhWFChT8A]
	at org.springframework.amqp.rabbit.listener.BlockingQueueConsumer.attemptPassiveDeclarations(BlockingQueueConsumer.java:772) ~[spring-rabbit-3.2.8.jar:3.2.8]
	at org.springframework.amqp.rabbit.listener.BlockingQueueConsumer.passiveDeclarations(BlockingQueueConsumer.java:649) ~[spring-rabbit-3.2.8.jar:3.2.8]
	at org.springframework.amqp.rabbit.listener.BlockingQueueConsumer.start(BlockingQueueConsumer.java:636) ~[spring-rabbit-3.2.8.jar:3.2.8]
	at org.springframework.amqp.rabbit.listener.SimpleMessageListenerContainer$AsyncMessageProcessingConsumer.initialize(SimpleMessageListenerContainer.java:1490) ~[spring-rabbit-3.2.8.jar:3.2.8]
	at org.springframework.amqp.rabbit.listener.SimpleMessageListenerContainer$AsyncMessageProcessingConsumer.run(SimpleMessageListenerContainer.java:1328) ~[spring-rabbit-3.2.8.jar:3.2.8]
	at java.base/java.lang.Thread.run(Thread.java:1570) ~[na:na]
Caused by: java.io.IOException: null
	at com.rabbitmq.client.impl.AMQChannel.wrap(AMQChannel.java:140) ~[amqp-client-5.25.0.jar:5.25.0]
	at com.rabbitmq.client.impl.AMQChannel.wrap(AMQChannel.java:136) ~[amqp-client-5.25.0.jar:5.25.0]
	at com.rabbitmq.client.impl.AMQChannel.exnWrappingRpc(AMQChannel.java:158) ~[amqp-client-5.25.0.jar:5.25.0]
	at com.rabbitmq.client.impl.ChannelN.queueDeclarePassive(ChannelN.java:1033) ~[amqp-client-5.25.0.jar:5.25.0]
	at com.rabbitmq.client.impl.ChannelN.queueDeclarePassive(ChannelN.java:47) ~[amqp-client-5.25.0.jar:5.25.0]
	at java.base/jdk.internal.reflect.DirectMethodHandleAccessor.invoke(DirectMethodHandleAccessor.java:103) ~[na:na]
	at java.base/java.lang.reflect.Method.invoke(Method.java:580) ~[na:na]
	at org.springframework.amqp.rabbit.connection.CachingConnectionFactory$CachedChannelInvocationHandler.invoke(CachingConnectionFactory.java:1201) ~[spring-rabbit-3.2.8.jar:3.2.8]
	at jdk.proxy2/jdk.proxy2.$Proxy173.queueDeclarePassive(Unknown Source) ~[na:na]
	at org.springframework.amqp.rabbit.listener.BlockingQueueConsumer.attemptPassiveDeclarations(BlockingQueueConsumer.java:750) ~[spring-rabbit-3.2.8.jar:3.2.8]
	... 5 common frames omitted
Caused by: com.rabbitmq.client.ShutdownSignalException: channel error; protocol method: #method<channel.close>(reply-code=404, reply-text=NOT_FOUND - no queue 'springCloudBus.anonymous.T1NSOnUWQRmo0GhWFChT8A' in vhost 'dwtkuyzt', class-id=50, method-id=10)
	at com.rabbitmq.utility.ValueOrException.getValue(ValueOrException.java:66) ~[amqp-client-5.25.0.jar:5.25.0]
	at com.rabbitmq.utility.BlockingValueOrException.uninterruptibleGetValue(BlockingValueOrException.java:36) ~[amqp-client-5.25.0.jar:5.25.0]
	at com.rabbitmq.client.impl.AMQChannel$BlockingRpcContinuation.getReply(AMQChannel.java:552) ~[amqp-client-5.25.0.jar:5.25.0]
	at com.rabbitmq.client.impl.AMQChannel.privateRpc(AMQChannel.java:316) ~[amqp-client-5.25.0.jar:5.25.0]
	at com.rabbitmq.client.impl.AMQChannel.exnWrappingRpc(AMQChannel.java:152) ~[amqp-client-5.25.0.jar:5.25.0]
	... 12 common frames omitted
Caused by: com.rabbitmq.client.ShutdownSignalException: channel error; protocol method: #method<channel.close>(reply-code=404, reply-text=NOT_FOUND - no queue 'springCloudBus.anonymous.T1NSOnUWQRmo0GhWFChT8A' in vhost 'dwtkuyzt', class-id=50, method-id=10)
	at com.rabbitmq.client.impl.ChannelN.asyncShutdown(ChannelN.java:528) ~[amqp-client-5.25.0.jar:5.25.0]
	at com.rabbitmq.client.impl.ChannelN.processAsync(ChannelN.java:349) ~[amqp-client-5.25.0.jar:5.25.0]
	at com.rabbitmq.client.impl.AMQChannel.handleCompleteInboundCommand(AMQChannel.java:193) ~[amqp-client-5.25.0.jar:5.25.0]
	at com.rabbitmq.client.impl.AMQChannel.handleFrame(AMQChannel.java:125) ~[amqp-client-5.25.0.jar:5.25.0]
	at com.rabbitmq.client.impl.AMQConnection.readFrame(AMQConnection.java:761) ~[amqp-client-5.25.0.jar:5.25.0]
	at com.rabbitmq.client.impl.AMQConnection.access$400(AMQConnection.java:48) ~[amqp-client-5.25.0.jar:5.25.0]
	at com.rabbitmq.client.impl.AMQConnection$MainLoop.run(AMQConnection.java:688) ~[amqp-client-5.25.0.jar:5.25.0]
	... 1 common frames omitted

2025-11-24T22:41:45.914+05:30  WARN 27655 --- [user-service] [springCloudBus.anonymous.T1NSOnUWQRmo0GhWFChT8A-118] [                                                 ] o.s.a.r.listener.BlockingQueueConsumer   : Failed to declare queue: springCloudBus.anonymous.T1NSOnUWQRmo0GhWFChT8A
2025-11-24T22:41:50.997+05:30 ERROR 27655 --- [user-service] [springCloudBus.anonymous.T1NSOnUWQRmo0GhWFChT8A-118] [                                                 ] o.s.a.r.l.SimpleMessageListenerContainer : Consumer threw missing queues exception, fatal=false

org.springframework.amqp.rabbit.listener.QueuesNotAvailableException: Cannot prepare queue for listener. Either the queue doesn't exist or the broker will not allow us to use it.
	at org.springframework.amqp.rabbit.listener.BlockingQueueConsumer.handleDeclarationException(BlockingQueueConsumer.java:722) ~[spring-rabbit-3.2.8.jar:3.2.8]
	at org.springframework.amqp.rabbit.listener.BlockingQueueConsumer.passiveDeclarations(BlockingQueueConsumer.java:656) ~[spring-rabbit-3.2.8.jar:3.2.8]
	at org.springframework.amqp.rabbit.listener.BlockingQueueConsumer.start(BlockingQueueConsumer.java:636) ~[spring-rabbit-3.2.8.jar:3.2.8]
	at org.springframework.amqp.rabbit.listener.SimpleMessageListenerContainer$AsyncMessageProcessingConsumer.initialize(SimpleMessageListenerContainer.java:1490) ~[spring-rabbit-3.2.8.jar:3.2.8]
	at org.springframework.amqp.rabbit.listener.SimpleMessageListenerContainer$AsyncMessageProcessingConsumer.run(SimpleMessageListenerContainer.java:1328) ~[spring-rabbit-3.2.8.jar:3.2.8]
	at java.base/java.lang.Thread.run(Thread.java:1570) ~[na:na]
Caused by: org.springframework.amqp.rabbit.listener.BlockingQueueConsumer$DeclarationException: Failed to declare queue(s):[springCloudBus.anonymous.T1NSOnUWQRmo0GhWFChT8A]
	at org.springframework.amqp.rabbit.listener.BlockingQueueConsumer.attemptPassiveDeclarations(BlockingQueueConsumer.java:772) ~[spring-rabbit-3.2.8.jar:3.2.8]
	at org.springframework.amqp.rabbit.listener.BlockingQueueConsumer.passiveDeclarations(BlockingQueueConsumer.java:649) ~[spring-rabbit-3.2.8.jar:3.2.8]
	... 4 common frames omitted
Caused by: java.io.IOException: null
	at com.rabbitmq.client.impl.AMQChannel.wrap(AMQChannel.java:140) ~[amqp-client-5.25.0.jar:5.25.0]
	at com.rabbitmq.client.impl.AMQChannel.wrap(AMQChannel.java:136) ~[amqp-client-5.25.0.jar:5.25.0]
	at com.rabbitmq.client.impl.AMQChannel.exnWrappingRpc(AMQChannel.java:158) ~[amqp-client-5.25.0.jar:5.25.0]
	at com.rabbitmq.client.impl.ChannelN.queueDeclarePassive(ChannelN.java:1033) ~[amqp-client-5.25.0.jar:5.25.0]
	at com.rabbitmq.client.impl.ChannelN.queueDeclarePassive(ChannelN.java:47) ~[amqp-client-5.25.0.jar:5.25.0]
	at java.base/jdk.internal.reflect.DirectMethodHandleAccessor.invoke(DirectMethodHandleAccessor.java:103) ~[na:na]
	at java.base/java.lang.reflect.Method.invoke(Method.java:580) ~[na:na]
	at org.springframework.amqp.rabbit.connection.CachingConnectionFactory$CachedChannelInvocationHandler.invoke(CachingConnectionFactory.java:1201) ~[spring-rabbit-3.2.8.jar:3.2.8]
	at jdk.proxy2/jdk.proxy2.$Proxy173.queueDeclarePassive(Unknown Source) ~[na:na]
	at org.springframework.amqp.rabbit.listener.BlockingQueueConsumer.attemptPassiveDeclarations(BlockingQueueConsumer.java:750) ~[spring-rabbit-3.2.8.jar:3.2.8]
	... 5 common frames omitted
Caused by: com.rabbitmq.client.ShutdownSignalException: channel error; protocol method: #method<channel.close>(reply-code=404, reply-text=NOT_FOUND - no queue 'springCloudBus.anonymous.T1NSOnUWQRmo0GhWFChT8A' in vhost 'dwtkuyzt', class-id=50, method-id=10)
	at com.rabbitmq.utility.ValueOrException.getValue(ValueOrException.java:66) ~[amqp-client-5.25.0.jar:5.25.0]
	at com.rabbitmq.utility.BlockingValueOrException.uninterruptibleGetValue(BlockingValueOrException.java:36) ~[amqp-client-5.25.0.jar:5.25.0]
	at com.rabbitmq.client.impl.AMQChannel$BlockingRpcContinuation.getReply(AMQChannel.java:552) ~[amqp-client-5.25.0.jar:5.25.0]
	at com.rabbitmq.client.impl.AMQChannel.privateRpc(AMQChannel.java:316) ~[amqp-client-5.25.0.jar:5.25.0]
	at com.rabbitmq.client.impl.AMQChannel.exnWrappingRpc(AMQChannel.java:152) ~[amqp-client-5.25.0.jar:5.25.0]
	... 12 common frames omitted
Caused by: com.rabbitmq.client.ShutdownSignalException: channel error; protocol method: #method<channel.close>(reply-code=404, reply-text=NOT_FOUND - no queue 'springCloudBus.anonymous.T1NSOnUWQRmo0GhWFChT8A' in vhost 'dwtkuyzt', class-id=50, method-id=10)
	at com.rabbitmq.client.impl.ChannelN.asyncShutdown(ChannelN.java:528) ~[amqp-client-5.25.0.jar:5.25.0]
	at com.rabbitmq.client.impl.ChannelN.processAsync(ChannelN.java:349) ~[amqp-client-5.25.0.jar:5.25.0]
	at com.rabbitmq.client.impl.AMQChannel.handleCompleteInboundCommand(AMQChannel.java:193) ~[amqp-client-5.25.0.jar:5.25.0]
	at com.rabbitmq.client.impl.AMQChannel.handleFrame(AMQChannel.java:125) ~[amqp-client-5.25.0.jar:5.25.0]
	at com.rabbitmq.client.impl.AMQConnection.readFrame(AMQConnection.java:761) ~[amqp-client-5.25.0.jar:5.25.0]
	at com.rabbitmq.client.impl.AMQConnection.access$400(AMQConnection.java:48) ~[amqp-client-5.25.0.jar:5.25.0]
	at com.rabbitmq.client.impl.AMQConnection$MainLoop.run(AMQConnection.java:688) ~[amqp-client-5.25.0.jar:5.25.0]
	... 1 common frames omitted

2025-11-24T22:41:51.007+05:30  INFO 27655 --- [user-service] [springCloudBus.anonymous.T1NSOnUWQRmo0GhWFChT8A-118] [                                                 ] o.s.a.r.l.SimpleMessageListenerContainer : Restarting Consumer@481b71a7: tags=[[]], channel=Cached Rabbit Channel: AMQChannel(amqp://dwtkuyzt@35.153.225.39:5672/dwtkuyzt,1), conn: Proxy@b2633ea Shared Rabbit Connection: SimpleConnection@4e077605 [delegate=amqp://dwtkuyzt@35.153.225.39:5672/dwtkuyzt, localPort=61546], acknowledgeMode=AUTO local queue size=0
2025-11-24T22:41:52.101+05:30  WARN 27655 --- [user-service] [springCloudBus.anonymous.T1NSOnUWQRmo0GhWFChT8A-119] [                                                 ] o.s.a.r.listener.BlockingQueueConsumer   : Failed to declare queue: springCloudBus.anonymous.T1NSOnUWQRmo0GhWFChT8A
2025-11-24T22:41:52.102+05:30  WARN 27655 --- [user-service] [springCloudBus.anonymous.T1NSOnUWQRmo0GhWFChT8A-119] [                                                 ] o.s.a.r.listener.BlockingQueueConsumer   : Queue declaration failed; retries left=3

org.springframework.amqp.rabbit.listener.BlockingQueueConsumer$DeclarationException: Failed to declare queue(s):[springCloudBus.anonymous.T1NSOnUWQRmo0GhWFChT8A]
	at org.springframework.amqp.rabbit.listener.BlockingQueueConsumer.attemptPassiveDeclarations(BlockingQueueConsumer.java:772) ~[spring-rabbit-3.2.8.jar:3.2.8]
	at org.springframework.amqp.rabbit.listener.BlockingQueueConsumer.passiveDeclarations(BlockingQueueConsumer.java:649) ~[spring-rabbit-3.2.8.jar:3.2.8]
	at org.springframework.amqp.rabbit.listener.BlockingQueueConsumer.start(BlockingQueueConsumer.java:636) ~[spring-rabbit-3.2.8.jar:3.2.8]
	at org.springframework.amqp.rabbit.listener.SimpleMessageListenerContainer$AsyncMessageProcessingConsumer.initialize(SimpleMessageListenerContainer.java:1490) ~[spring-rabbit-3.2.8.jar:3.2.8]
	at org.springframework.amqp.rabbit.listener.SimpleMessageListenerContainer$AsyncMessageProcessingConsumer.run(SimpleMessageListenerContainer.java:1328) ~[spring-rabbit-3.2.8.jar:3.2.8]
	at java.base/java.lang.Thread.run(Thread.java:1570) ~[na:na]
Caused by: java.io.IOException: null
	at com.rabbitmq.client.impl.AMQChannel.wrap(AMQChannel.java:140) ~[amqp-client-5.25.0.jar:5.25.0]
	at com.rabbitmq.client.impl.AMQChannel.wrap(AMQChannel.java:136) ~[amqp-client-5.25.0.jar:5.25.0]
	at com.rabbitmq.client.impl.AMQChannel.exnWrappingRpc(AMQChannel.java:158) ~[amqp-client-5.25.0.jar:5.25.0]
	at com.rabbitmq.client.impl.ChannelN.queueDeclarePassive(ChannelN.java:1033) ~[amqp-client-5.25.0.jar:5.25.0]
	at com.rabbitmq.client.impl.ChannelN.queueDeclarePassive(ChannelN.java:47) ~[amqp-client-5.25.0.jar:5.25.0]
	at java.base/jdk.internal.reflect.DirectMethodHandleAccessor.invoke(DirectMethodHandleAccessor.java:103) ~[na:na]
	at java.base/java.lang.reflect.Method.invoke(Method.java:580) ~[na:na]
	at org.springframework.amqp.rabbit.connection.CachingConnectionFactory$CachedChannelInvocationHandler.invoke(CachingConnectionFactory.java:1201) ~[spring-rabbit-3.2.8.jar:3.2.8]
	at jdk.proxy2/jdk.proxy2.$Proxy173.queueDeclarePassive(Unknown Source) ~[na:na]
	at org.springframework.amqp.rabbit.listener.BlockingQueueConsumer.attemptPassiveDeclarations(BlockingQueueConsumer.java:750) ~[spring-rabbit-3.2.8.jar:3.2.8]
	... 5 common frames omitted
Caused by: com.rabbitmq.client.ShutdownSignalException: channel error; protocol method: #method<channel.close>(reply-code=404, reply-text=NOT_FOUND - no queue 'springCloudBus.anonymous.T1NSOnUWQRmo0GhWFChT8A' in vhost 'dwtkuyzt', class-id=50, method-id=10)
	at com.rabbitmq.utility.ValueOrException.getValue(ValueOrException.java:66) ~[amqp-client-5.25.0.jar:5.25.0]
	at com.rabbitmq.utility.BlockingValueOrException.uninterruptibleGetValue(BlockingValueOrException.java:36) ~[amqp-client-5.25.0.jar:5.25.0]
	at com.rabbitmq.client.impl.AMQChannel$BlockingRpcContinuation.getReply(AMQChannel.java:552) ~[amqp-client-5.25.0.jar:5.25.0]
	at com.rabbitmq.client.impl.AMQChannel.privateRpc(AMQChannel.java:316) ~[amqp-client-5.25.0.jar:5.25.0]
	at com.rabbitmq.client.impl.AMQChannel.exnWrappingRpc(AMQChannel.java:152) ~[amqp-client-5.25.0.jar:5.25.0]
	... 12 common frames omitted
Caused by: com.rabbitmq.client.ShutdownSignalException: channel error; protocol method: #method<channel.close>(reply-code=404, reply-text=NOT_FOUND - no queue 'springCloudBus.anonymous.T1NSOnUWQRmo0GhWFChT8A' in vhost 'dwtkuyzt', class-id=50, method-id=10)
	at com.rabbitmq.client.impl.ChannelN.asyncShutdown(ChannelN.java:528) ~[amqp-client-5.25.0.jar:5.25.0]
	at com.rabbitmq.client.impl.ChannelN.processAsync(ChannelN.java:349) ~[amqp-client-5.25.0.jar:5.25.0]
	at com.rabbitmq.client.impl.AMQChannel.handleCompleteInboundCommand(AMQChannel.java:193) ~[amqp-client-5.25.0.jar:5.25.0]
	at com.rabbitmq.client.impl.AMQChannel.handleFrame(AMQChannel.java:125) ~[amqp-client-5.25.0.jar:5.25.0]
	at com.rabbitmq.client.impl.AMQConnection.readFrame(AMQConnection.java:761) ~[amqp-client-5.25.0.jar:5.25.0]
	at com.rabbitmq.client.impl.AMQConnection.access$400(AMQConnection.java:48) ~[amqp-client-5.25.0.jar:5.25.0]
	at com.rabbitmq.client.impl.AMQConnection$MainLoop.run(AMQConnection.java:688) ~[amqp-client-5.25.0.jar:5.25.0]
	... 1 common frames omitted

2025-11-24T22:41:57.659+05:30  WARN 27655 --- [user-service] [springCloudBus.anonymous.T1NSOnUWQRmo0GhWFChT8A-119] [                                                 ] o.s.a.r.listener.BlockingQueueConsumer   : Failed to declare queue: springCloudBus.anonymous.T1NSOnUWQRmo0GhWFChT8A
2025-11-24T22:41:57.662+05:30  WARN 27655 --- [user-service] [springCloudBus.anonymous.T1NSOnUWQRmo0GhWFChT8A-119] [                                                 ] o.s.a.r.listener.BlockingQueueConsumer   : Queue declaration failed; retries left=2

org.springframework.amqp.rabbit.listener.BlockingQueueConsumer$DeclarationException: Failed to declare queue(s):[springCloudBus.anonymous.T1NSOnUWQRmo0GhWFChT8A]
	at org.springframework.amqp.rabbit.listener.BlockingQueueConsumer.attemptPassiveDeclarations(BlockingQueueConsumer.java:772) ~[spring-rabbit-3.2.8.jar:3.2.8]
	at org.springframework.amqp.rabbit.listener.BlockingQueueConsumer.passiveDeclarations(BlockingQueueConsumer.java:649) ~[spring-rabbit-3.2.8.jar:3.2.8]
	at org.springframework.amqp.rabbit.listener.BlockingQueueConsumer.start(BlockingQueueConsumer.java:636) ~[spring-rabbit-3.2.8.jar:3.2.8]
	at org.springframework.amqp.rabbit.listener.SimpleMessageListenerContainer$AsyncMessageProcessingConsumer.initialize(SimpleMessageListenerContainer.java:1490) ~[spring-rabbit-3.2.8.jar:3.2.8]
	at org.springframework.amqp.rabbit.listener.SimpleMessageListenerContainer$AsyncMessageProcessingConsumer.run(SimpleMessageListenerContainer.java:1328) ~[spring-rabbit-3.2.8.jar:3.2.8]
	at java.base/java.lang.Thread.run(Thread.java:1570) ~[na:na]
Caused by: java.io.IOException: null
	at com.rabbitmq.client.impl.AMQChannel.wrap(AMQChannel.java:140) ~[amqp-client-5.25.0.jar:5.25.0]
	at com.rabbitmq.client.impl.AMQChannel.wrap(AMQChannel.java:136) ~[amqp-client-5.25.0.jar:5.25.0]
	at com.rabbitmq.client.impl.AMQChannel.exnWrappingRpc(AMQChannel.java:158) ~[amqp-client-5.25.0.jar:5.25.0]
	at com.rabbitmq.client.impl.ChannelN.queueDeclarePassive(ChannelN.java:1033) ~[amqp-client-5.25.0.jar:5.25.0]
	at com.rabbitmq.client.impl.ChannelN.queueDeclarePassive(ChannelN.java:47) ~[amqp-client-5.25.0.jar:5.25.0]
	at java.base/jdk.internal.reflect.DirectMethodHandleAccessor.invoke(DirectMethodHandleAccessor.java:103) ~[na:na]
	at java.base/java.lang.reflect.Method.invoke(Method.java:580) ~[na:na]
	at org.springframework.amqp.rabbit.connection.CachingConnectionFactory$CachedChannelInvocationHandler.invoke(CachingConnectionFactory.java:1201) ~[spring-rabbit-3.2.8.jar:3.2.8]
	at jdk.proxy2/jdk.proxy2.$Proxy173.queueDeclarePassive(Unknown Source) ~[na:na]
	at org.springframework.amqp.rabbit.listener.BlockingQueueConsumer.attemptPassiveDeclarations(BlockingQueueConsumer.java:750) ~[spring-rabbit-3.2.8.jar:3.2.8]
	... 5 common frames omitted
Caused by: com.rabbitmq.client.ShutdownSignalException: channel error; protocol method: #method<channel.close>(reply-code=404, reply-text=NOT_FOUND - no queue 'springCloudBus.anonymous.T1NSOnUWQRmo0GhWFChT8A' in vhost 'dwtkuyzt', class-id=50, method-id=10)
	at com.rabbitmq.utility.ValueOrException.getValue(ValueOrException.java:66) ~[amqp-client-5.25.0.jar:5.25.0]
	at com.rabbitmq.utility.BlockingValueOrException.uninterruptibleGetValue(BlockingValueOrException.java:36) ~[amqp-client-5.25.0.jar:5.25.0]
	at com.rabbitmq.client.impl.AMQChannel$BlockingRpcContinuation.getReply(AMQChannel.java:552) ~[amqp-client-5.25.0.jar:5.25.0]
	at com.rabbitmq.client.impl.AMQChannel.privateRpc(AMQChannel.java:316) ~[amqp-client-5.25.0.jar:5.25.0]
	at com.rabbitmq.client.impl.AMQChannel.exnWrappingRpc(AMQChannel.java:152) ~[amqp-client-5.25.0.jar:5.25.0]
	... 12 common frames omitted
Caused by: com.rabbitmq.client.ShutdownSignalException: channel error; protocol method: #method<channel.close>(reply-code=404, reply-text=NOT_FOUND - no queue 'springCloudBus.anonymous.T1NSOnUWQRmo0GhWFChT8A' in vhost 'dwtkuyzt', class-id=50, method-id=10)
	at com.rabbitmq.client.impl.ChannelN.asyncShutdown(ChannelN.java:528) ~[amqp-client-5.25.0.jar:5.25.0]
	at com.rabbitmq.client.impl.ChannelN.processAsync(ChannelN.java:349) ~[amqp-client-5.25.0.jar:5.25.0]
	at com.rabbitmq.client.impl.AMQChannel.handleCompleteInboundCommand(AMQChannel.java:193) ~[amqp-client-5.25.0.jar:5.25.0]
	at com.rabbitmq.client.impl.AMQChannel.handleFrame(AMQChannel.java:125) ~[amqp-client-5.25.0.jar:5.25.0]
	at com.rabbitmq.client.impl.AMQConnection.readFrame(AMQConnection.java:761) ~[amqp-client-5.25.0.jar:5.25.0]
	at com.rabbitmq.client.impl.AMQConnection.access$400(AMQConnection.java:48) ~[amqp-client-5.25.0.jar:5.25.0]
	at com.rabbitmq.client.impl.AMQConnection$MainLoop.run(AMQConnection.java:688) ~[amqp-client-5.25.0.jar:5.25.0]
	... 1 common frames omitted

2025-11-24T22:42:03.321+05:30  WARN 27655 --- [user-service] [springCloudBus.anonymous.T1NSOnUWQRmo0GhWFChT8A-119] [                                                 ] o.s.a.r.listener.BlockingQueueConsumer   : Failed to declare queue: springCloudBus.anonymous.T1NSOnUWQRmo0GhWFChT8A
2025-11-24T22:42:03.321+05:30  WARN 27655 --- [user-service] [springCloudBus.anonymous.T1NSOnUWQRmo0GhWFChT8A-119] [                                                 ] o.s.a.r.listener.BlockingQueueConsumer   : Queue declaration failed; retries left=1

org.springframework.amqp.rabbit.listener.BlockingQueueConsumer$DeclarationException: Failed to declare queue(s):[springCloudBus.anonymous.T1NSOnUWQRmo0GhWFChT8A]
	at org.springframework.amqp.rabbit.listener.BlockingQueueConsumer.attemptPassiveDeclarations(BlockingQueueConsumer.java:772) ~[spring-rabbit-3.2.8.jar:3.2.8]
	at org.springframework.amqp.rabbit.listener.BlockingQueueConsumer.passiveDeclarations(BlockingQueueConsumer.java:649) ~[spring-rabbit-3.2.8.jar:3.2.8]
	at org.springframework.amqp.rabbit.listener.BlockingQueueConsumer.start(BlockingQueueConsumer.java:636) ~[spring-rabbit-3.2.8.jar:3.2.8]
	at org.springframework.amqp.rabbit.listener.SimpleMessageListenerContainer$AsyncMessageProcessingConsumer.initialize(SimpleMessageListenerContainer.java:1490) ~[spring-rabbit-3.2.8.jar:3.2.8]
	at org.springframework.amqp.rabbit.listener.SimpleMessageListenerContainer$AsyncMessageProcessingConsumer.run(SimpleMessageListenerContainer.java:1328) ~[spring-rabbit-3.2.8.jar:3.2.8]
	at java.base/java.lang.Thread.run(Thread.java:1570) ~[na:na]
Caused by: java.io.IOException: null
	at com.rabbitmq.client.impl.AMQChannel.wrap(AMQChannel.java:140) ~[amqp-client-5.25.0.jar:5.25.0]
	at com.rabbitmq.client.impl.AMQChannel.wrap(AMQChannel.java:136) ~[amqp-client-5.25.0.jar:5.25.0]
	at com.rabbitmq.client.impl.AMQChannel.exnWrappingRpc(AMQChannel.java:158) ~[amqp-client-5.25.0.jar:5.25.0]
	at com.rabbitmq.client.impl.ChannelN.queueDeclarePassive(ChannelN.java:1033) ~[amqp-client-5.25.0.jar:5.25.0]
	at com.rabbitmq.client.impl.ChannelN.queueDeclarePassive(ChannelN.java:47) ~[amqp-client-5.25.0.jar:5.25.0]
	at java.base/jdk.internal.reflect.DirectMethodHandleAccessor.invoke(DirectMethodHandleAccessor.java:103) ~[na:na]
	at java.base/java.lang.reflect.Method.invoke(Method.java:580) ~[na:na]
	at org.springframework.amqp.rabbit.connection.CachingConnectionFactory$CachedChannelInvocationHandler.invoke(CachingConnectionFactory.java:1201) ~[spring-rabbit-3.2.8.jar:3.2.8]
	at jdk.proxy2/jdk.proxy2.$Proxy173.queueDeclarePassive(Unknown Source) ~[na:na]
	at org.springframework.amqp.rabbit.listener.BlockingQueueConsumer.attemptPassiveDeclarations(BlockingQueueConsumer.java:750) ~[spring-rabbit-3.2.8.jar:3.2.8]
	... 5 common frames omitted
Caused by: com.rabbitmq.client.ShutdownSignalException: channel error; protocol method: #method<channel.close>(reply-code=404, reply-text=NOT_FOUND - no queue 'springCloudBus.anonymous.T1NSOnUWQRmo0GhWFChT8A' in vhost 'dwtkuyzt', class-id=50, method-id=10)
	at com.rabbitmq.utility.ValueOrException.getValue(ValueOrException.java:66) ~[amqp-client-5.25.0.jar:5.25.0]
	at com.rabbitmq.utility.BlockingValueOrException.uninterruptibleGetValue(BlockingValueOrException.java:36) ~[amqp-client-5.25.0.jar:5.25.0]
	at com.rabbitmq.client.impl.AMQChannel$BlockingRpcContinuation.getReply(AMQChannel.java:552) ~[amqp-client-5.25.0.jar:5.25.0]
	at com.rabbitmq.client.impl.AMQChannel.privateRpc(AMQChannel.java:316) ~[amqp-client-5.25.0.jar:5.25.0]
	at com.rabbitmq.client.impl.AMQChannel.exnWrappingRpc(AMQChannel.java:152) ~[amqp-client-5.25.0.jar:5.25.0]
	... 12 common frames omitted
Caused by: com.rabbitmq.client.ShutdownSignalException: channel error; protocol method: #method<channel.close>(reply-code=404, reply-text=NOT_FOUND - no queue 'springCloudBus.anonymous.T1NSOnUWQRmo0GhWFChT8A' in vhost 'dwtkuyzt', class-id=50, method-id=10)
	at com.rabbitmq.client.impl.ChannelN.asyncShutdown(ChannelN.java:528) ~[amqp-client-5.25.0.jar:5.25.0]
	at com.rabbitmq.client.impl.ChannelN.processAsync(ChannelN.java:349) ~[amqp-client-5.25.0.jar:5.25.0]
	at com.rabbitmq.client.impl.AMQChannel.handleCompleteInboundCommand(AMQChannel.java:193) ~[amqp-client-5.25.0.jar:5.25.0]
	at com.rabbitmq.client.impl.AMQChannel.handleFrame(AMQChannel.java:125) ~[amqp-client-5.25.0.jar:5.25.0]
	at com.rabbitmq.client.impl.AMQConnection.readFrame(AMQConnection.java:761) ~[amqp-client-5.25.0.jar:5.25.0]
	at com.rabbitmq.client.impl.AMQConnection.access$400(AMQConnection.java:48) ~[amqp-client-5.25.0.jar:5.25.0]
	at com.rabbitmq.client.impl.AMQConnection$MainLoop.run(AMQConnection.java:688) ~[amqp-client-5.25.0.jar:5.25.0]
	... 1 common frames omitted

2025-11-24T22:42:08.867+05:30  WARN 27655 --- [user-service] [springCloudBus.anonymous.T1NSOnUWQRmo0GhWFChT8A-119] [                                                 ] o.s.a.r.listener.BlockingQueueConsumer   : Failed to declare queue: springCloudBus.anonymous.T1NSOnUWQRmo0GhWFChT8A
2025-11-24T22:42:13.933+05:30 ERROR 27655 --- [user-service] [springCloudBus.anonymous.T1NSOnUWQRmo0GhWFChT8A-119] [                                                 ] o.s.a.r.l.SimpleMessageListenerContainer : Consumer threw missing queues exception, fatal=false

org.springframework.amqp.rabbit.listener.QueuesNotAvailableException: Cannot prepare queue for listener. Either the queue doesn't exist or the broker will not allow us to use it.
	at org.springframework.amqp.rabbit.listener.BlockingQueueConsumer.handleDeclarationException(BlockingQueueConsumer.java:722) ~[spring-rabbit-3.2.8.jar:3.2.8]
	at org.springframework.amqp.rabbit.listener.BlockingQueueConsumer.passiveDeclarations(BlockingQueueConsumer.java:656) ~[spring-rabbit-3.2.8.jar:3.2.8]
	at org.springframework.amqp.rabbit.listener.BlockingQueueConsumer.start(BlockingQueueConsumer.java:636) ~[spring-rabbit-3.2.8.jar:3.2.8]
	at org.springframework.amqp.rabbit.listener.SimpleMessageListenerContainer$AsyncMessageProcessingConsumer.initialize(SimpleMessageListenerContainer.java:1490) ~[spring-rabbit-3.2.8.jar:3.2.8]
	at org.springframework.amqp.rabbit.listener.SimpleMessageListenerContainer$AsyncMessageProcessingConsumer.run(SimpleMessageListenerContainer.java:1328) ~[spring-rabbit-3.2.8.jar:3.2.8]
	at java.base/java.lang.Thread.run(Thread.java:1570) ~[na:na]
Caused by: org.springframework.amqp.rabbit.listener.BlockingQueueConsumer$DeclarationException: Failed to declare queue(s):[springCloudBus.anonymous.T1NSOnUWQRmo0GhWFChT8A]
	at org.springframework.amqp.rabbit.listener.BlockingQueueConsumer.attemptPassiveDeclarations(BlockingQueueConsumer.java:772) ~[spring-rabbit-3.2.8.jar:3.2.8]
	at org.springframework.amqp.rabbit.listener.BlockingQueueConsumer.passiveDeclarations(BlockingQueueConsumer.java:649) ~[spring-rabbit-3.2.8.jar:3.2.8]
	... 4 common frames omitted
Caused by: java.io.IOException: null
	at com.rabbitmq.client.impl.AMQChannel.wrap(AMQChannel.java:140) ~[amqp-client-5.25.0.jar:5.25.0]
	at com.rabbitmq.client.impl.AMQChannel.wrap(AMQChannel.java:136) ~[amqp-client-5.25.0.jar:5.25.0]
	at com.rabbitmq.client.impl.AMQChannel.exnWrappingRpc(AMQChannel.java:158) ~[amqp-client-5.25.0.jar:5.25.0]
	at com.rabbitmq.client.impl.ChannelN.queueDeclarePassive(ChannelN.java:1033) ~[amqp-client-5.25.0.jar:5.25.0]
	at com.rabbitmq.client.impl.ChannelN.queueDeclarePassive(ChannelN.java:47) ~[amqp-client-5.25.0.jar:5.25.0]
	at java.base/jdk.internal.reflect.DirectMethodHandleAccessor.invoke(DirectMethodHandleAccessor.java:103) ~[na:na]
	at java.base/java.lang.reflect.Method.invoke(Method.java:580) ~[na:na]
	at org.springframework.amqp.rabbit.connection.CachingConnectionFactory$CachedChannelInvocationHandler.invoke(CachingConnectionFactory.java:1201) ~[spring-rabbit-3.2.8.jar:3.2.8]
	at jdk.proxy2/jdk.proxy2.$Proxy173.queueDeclarePassive(Unknown Source) ~[na:na]
	at org.springframework.amqp.rabbit.listener.BlockingQueueConsumer.attemptPassiveDeclarations(BlockingQueueConsumer.java:750) ~[spring-rabbit-3.2.8.jar:3.2.8]
	... 5 common frames omitted
Caused by: com.rabbitmq.client.ShutdownSignalException: channel error; protocol method: #method<channel.close>(reply-code=404, reply-text=NOT_FOUND - no queue 'springCloudBus.anonymous.T1NSOnUWQRmo0GhWFChT8A' in vhost 'dwtkuyzt', class-id=50, method-id=10)
	at com.rabbitmq.utility.ValueOrException.getValue(ValueOrException.java:66) ~[amqp-client-5.25.0.jar:5.25.0]
	at com.rabbitmq.utility.BlockingValueOrException.uninterruptibleGetValue(BlockingValueOrException.java:36) ~[amqp-client-5.25.0.jar:5.25.0]
	at com.rabbitmq.client.impl.AMQChannel$BlockingRpcContinuation.getReply(AMQChannel.java:552) ~[amqp-client-5.25.0.jar:5.25.0]
	at com.rabbitmq.client.impl.AMQChannel.privateRpc(AMQChannel.java:316) ~[amqp-client-5.25.0.jar:5.25.0]
	at com.rabbitmq.client.impl.AMQChannel.exnWrappingRpc(AMQChannel.java:152) ~[amqp-client-5.25.0.jar:5.25.0]
	... 12 common frames omitted
Caused by: com.rabbitmq.client.ShutdownSignalException: channel error; protocol method: #method<channel.close>(reply-code=404, reply-text=NOT_FOUND - no queue 'springCloudBus.anonymous.T1NSOnUWQRmo0GhWFChT8A' in vhost 'dwtkuyzt', class-id=50, method-id=10)
	at com.rabbitmq.client.impl.ChannelN.asyncShutdown(ChannelN.java:528) ~[amqp-client-5.25.0.jar:5.25.0]
	at com.rabbitmq.client.impl.ChannelN.processAsync(ChannelN.java:349) ~[amqp-client-5.25.0.jar:5.25.0]
	at com.rabbitmq.client.impl.AMQChannel.handleCompleteInboundCommand(AMQChannel.java:193) ~[amqp-client-5.25.0.jar:5.25.0]
	at com.rabbitmq.client.impl.AMQChannel.handleFrame(AMQChannel.java:125) ~[amqp-client-5.25.0.jar:5.25.0]
	at com.rabbitmq.client.impl.AMQConnection.readFrame(AMQConnection.java:761) ~[amqp-client-5.25.0.jar:5.25.0]
	at com.rabbitmq.client.impl.AMQConnection.access$400(AMQConnection.java:48) ~[amqp-client-5.25.0.jar:5.25.0]
	at com.rabbitmq.client.impl.AMQConnection$MainLoop.run(AMQConnection.java:688) ~[amqp-client-5.25.0.jar:5.25.0]
	... 1 common frames omitted

2025-11-24T22:42:13.937+05:30  INFO 27655 --- [user-service] [springCloudBus.anonymous.T1NSOnUWQRmo0GhWFChT8A-119] [                                                 ] o.s.a.r.l.SimpleMessageListenerContainer : Restarting Consumer@5284c8d4: tags=[[]], channel=Cached Rabbit Channel: AMQChannel(amqp://dwtkuyzt@35.153.225.39:5672/dwtkuyzt,1), conn: Proxy@b2633ea Shared Rabbit Connection: SimpleConnection@4e077605 [delegate=amqp://dwtkuyzt@35.153.225.39:5672/dwtkuyzt, localPort=61546], acknowledgeMode=AUTO local queue size=0
2025-11-24T22:42:15.027+05:30  WARN 27655 --- [user-service] [springCloudBus.anonymous.T1NSOnUWQRmo0GhWFChT8A-120] [                                                 ] o.s.a.r.listener.BlockingQueueConsumer   : Failed to declare queue: springCloudBus.anonymous.T1NSOnUWQRmo0GhWFChT8A
2025-11-24T22:42:15.028+05:30  WARN 27655 --- [user-service] [springCloudBus.anonymous.T1NSOnUWQRmo0GhWFChT8A-120] [                                                 ] o.s.a.r.listener.BlockingQueueConsumer   : Queue declaration failed; retries left=3

org.springframework.amqp.rabbit.listener.BlockingQueueConsumer$DeclarationException: Failed to declare queue(s):[springCloudBus.anonymous.T1NSOnUWQRmo0GhWFChT8A]
	at org.springframework.amqp.rabbit.listener.BlockingQueueConsumer.attemptPassiveDeclarations(BlockingQueueConsumer.java:772) ~[spring-rabbit-3.2.8.jar:3.2.8]
	at org.springframework.amqp.rabbit.listener.BlockingQueueConsumer.passiveDeclarations(BlockingQueueConsumer.java:649) ~[spring-rabbit-3.2.8.jar:3.2.8]
	at org.springframework.amqp.rabbit.listener.BlockingQueueConsumer.start(BlockingQueueConsumer.java:636) ~[spring-rabbit-3.2.8.jar:3.2.8]
	at org.springframework.amqp.rabbit.listener.SimpleMessageListenerContainer$AsyncMessageProcessingConsumer.initialize(SimpleMessageListenerContainer.java:1490) ~[spring-rabbit-3.2.8.jar:3.2.8]
	at org.springframework.amqp.rabbit.listener.SimpleMessageListenerContainer$AsyncMessageProcessingConsumer.run(SimpleMessageListenerContainer.java:1328) ~[spring-rabbit-3.2.8.jar:3.2.8]
	at java.base/java.lang.Thread.run(Thread.java:1570) ~[na:na]
Caused by: java.io.IOException: null
	at com.rabbitmq.client.impl.AMQChannel.wrap(AMQChannel.java:140) ~[amqp-client-5.25.0.jar:5.25.0]
	at com.rabbitmq.client.impl.AMQChannel.wrap(AMQChannel.java:136) ~[amqp-client-5.25.0.jar:5.25.0]
	at com.rabbitmq.client.impl.AMQChannel.exnWrappingRpc(AMQChannel.java:158) ~[amqp-client-5.25.0.jar:5.25.0]
	at com.rabbitmq.client.impl.ChannelN.queueDeclarePassive(ChannelN.java:1033) ~[amqp-client-5.25.0.jar:5.25.0]
	at com.rabbitmq.client.impl.ChannelN.queueDeclarePassive(ChannelN.java:47) ~[amqp-client-5.25.0.jar:5.25.0]
	at java.base/jdk.internal.reflect.DirectMethodHandleAccessor.invoke(DirectMethodHandleAccessor.java:103) ~[na:na]
	at java.base/java.lang.reflect.Method.invoke(Method.java:580) ~[na:na]
	at org.springframework.amqp.rabbit.connection.CachingConnectionFactory$CachedChannelInvocationHandler.invoke(CachingConnectionFactory.java:1201) ~[spring-rabbit-3.2.8.jar:3.2.8]
	at jdk.proxy2/jdk.proxy2.$Proxy173.queueDeclarePassive(Unknown Source) ~[na:na]
	at org.springframework.amqp.rabbit.listener.BlockingQueueConsumer.attemptPassiveDeclarations(BlockingQueueConsumer.java:750) ~[spring-rabbit-3.2.8.jar:3.2.8]
	... 5 common frames omitted
Caused by: com.rabbitmq.client.ShutdownSignalException: channel error; protocol method: #method<channel.close>(reply-code=404, reply-text=NOT_FOUND - no queue 'springCloudBus.anonymous.T1NSOnUWQRmo0GhWFChT8A' in vhost 'dwtkuyzt', class-id=50, method-id=10)
	at com.rabbitmq.utility.ValueOrException.getValue(ValueOrException.java:66) ~[amqp-client-5.25.0.jar:5.25.0]
	at com.rabbitmq.utility.BlockingValueOrException.uninterruptibleGetValue(BlockingValueOrException.java:36) ~[amqp-client-5.25.0.jar:5.25.0]
	at com.rabbitmq.client.impl.AMQChannel$BlockingRpcContinuation.getReply(AMQChannel.java:552) ~[amqp-client-5.25.0.jar:5.25.0]
	at com.rabbitmq.client.impl.AMQChannel.privateRpc(AMQChannel.java:316) ~[amqp-client-5.25.0.jar:5.25.0]
	at com.rabbitmq.client.impl.AMQChannel.exnWrappingRpc(AMQChannel.java:152) ~[amqp-client-5.25.0.jar:5.25.0]
	... 12 common frames omitted
Caused by: com.rabbitmq.client.ShutdownSignalException: channel error; protocol method: #method<channel.close>(reply-code=404, reply-text=NOT_FOUND - no queue 'springCloudBus.anonymous.T1NSOnUWQRmo0GhWFChT8A' in vhost 'dwtkuyzt', class-id=50, method-id=10)
	at com.rabbitmq.client.impl.ChannelN.asyncShutdown(ChannelN.java:528) ~[amqp-client-5.25.0.jar:5.25.0]
	at com.rabbitmq.client.impl.ChannelN.processAsync(ChannelN.java:349) ~[amqp-client-5.25.0.jar:5.25.0]
	at com.rabbitmq.client.impl.AMQChannel.handleCompleteInboundCommand(AMQChannel.java:193) ~[amqp-client-5.25.0.jar:5.25.0]
	at com.rabbitmq.client.impl.AMQChannel.handleFrame(AMQChannel.java:125) ~[amqp-client-5.25.0.jar:5.25.0]
	at com.rabbitmq.client.impl.AMQConnection.readFrame(AMQConnection.java:761) ~[amqp-client-5.25.0.jar:5.25.0]
	at com.rabbitmq.client.impl.AMQConnection.access$400(AMQConnection.java:48) ~[amqp-client-5.25.0.jar:5.25.0]
	at com.rabbitmq.client.impl.AMQConnection$MainLoop.run(AMQConnection.java:688) ~[amqp-client-5.25.0.jar:5.25.0]
	... 1 common frames omitted

2025-11-24T22:42:20.283+05:30  WARN 27655 --- [user-service] [AMQP Connection 35.153.225.39:5672] [                                                 ] c.r.c.impl.ForgivingExceptionHandler     : An unexpected connection driver error occurred (Exception message: Connection reset)
2025-11-24T22:42:20.290+05:30  INFO 27655 --- [user-service] [springCloudBus.anonymous.T1NSOnUWQRmo0GhWFChT8A-120] [                                                 ] o.s.a.r.c.CachingConnectionFactory       : Attempting to connect to: [chimpanzee-01.rmq.cloudamqp.com:5672]
2025-11-24T22:42:21.320+05:30  INFO 27655 --- [user-service] [springCloudBus.anonymous.T1NSOnUWQRmo0GhWFChT8A-120] [                                                 ] o.s.a.r.c.CachingConnectionFactory       : Created new connection: rabbitConnectionFactory#203e4428:4/SimpleConnection@1736afd7 [delegate=amqp://dwtkuyzt@35.153.225.39:5672/dwtkuyzt, localPort=63377]
2025-11-24T22:42:21.329+05:30  INFO 27655 --- [user-service] [springCloudBus.anonymous.T1NSOnUWQRmo0GhWFChT8A-120] [                                                 ] o.s.amqp.rabbit.core.RabbitAdmin         : Auto-declaring a non-durable, auto-delete, or exclusive Queue (springCloudBus.anonymous.T1NSOnUWQRmo0GhWFChT8A) durable:false, auto-delete:true, exclusive:true. It will be redeclared if the broker stops and is restarted while the connection factory is alive, but all messages will be lost.
2025-11-24T22:42:22.517+05:30  WARN 27655 --- [user-service] [springCloudBus.anonymous.T1NSOnUWQRmo0GhWFChT8A-120] [                                                 ] o.s.a.r.listener.BlockingQueueConsumer   : Failed to declare queue: springCloudBus.anonymous.T1NSOnUWQRmo0GhWFChT8A
2025-11-24T22:42:22.517+05:30  WARN 27655 --- [user-service] [springCloudBus.anonymous.T1NSOnUWQRmo0GhWFChT8A-120] [                                                 ] o.s.a.r.listener.BlockingQueueConsumer   : Queue declaration failed; retries left=2

org.springframework.amqp.rabbit.listener.BlockingQueueConsumer$DeclarationException: Failed to declare queue(s):[springCloudBus.anonymous.T1NSOnUWQRmo0GhWFChT8A]
	at org.springframework.amqp.rabbit.listener.BlockingQueueConsumer.attemptPassiveDeclarations(BlockingQueueConsumer.java:772) ~[spring-rabbit-3.2.8.jar:3.2.8]
	at org.springframework.amqp.rabbit.listener.BlockingQueueConsumer.passiveDeclarations(BlockingQueueConsumer.java:649) ~[spring-rabbit-3.2.8.jar:3.2.8]
	at org.springframework.amqp.rabbit.listener.BlockingQueueConsumer.start(BlockingQueueConsumer.java:636) ~[spring-rabbit-3.2.8.jar:3.2.8]
	at org.springframework.amqp.rabbit.listener.SimpleMessageListenerContainer$AsyncMessageProcessingConsumer.initialize(SimpleMessageListenerContainer.java:1490) ~[spring-rabbit-3.2.8.jar:3.2.8]
	at org.springframework.amqp.rabbit.listener.SimpleMessageListenerContainer$AsyncMessageProcessingConsumer.run(SimpleMessageListenerContainer.java:1328) ~[spring-rabbit-3.2.8.jar:3.2.8]
	at java.base/java.lang.Thread.run(Thread.java:1570) ~[na:na]
Caused by: java.io.IOException: null
	at com.rabbitmq.client.impl.AMQChannel.wrap(AMQChannel.java:140) ~[amqp-client-5.25.0.jar:5.25.0]
	at com.rabbitmq.client.impl.AMQChannel.wrap(AMQChannel.java:136) ~[amqp-client-5.25.0.jar:5.25.0]
	at com.rabbitmq.client.impl.AMQChannel.exnWrappingRpc(AMQChannel.java:158) ~[amqp-client-5.25.0.jar:5.25.0]
	at com.rabbitmq.client.impl.ChannelN.queueDeclarePassive(ChannelN.java:1033) ~[amqp-client-5.25.0.jar:5.25.0]
	at com.rabbitmq.client.impl.ChannelN.queueDeclarePassive(ChannelN.java:47) ~[amqp-client-5.25.0.jar:5.25.0]
	at java.base/jdk.internal.reflect.DirectMethodHandleAccessor.invoke(DirectMethodHandleAccessor.java:103) ~[na:na]
	at java.base/java.lang.reflect.Method.invoke(Method.java:580) ~[na:na]
	at org.springframework.amqp.rabbit.connection.CachingConnectionFactory$CachedChannelInvocationHandler.invoke(CachingConnectionFactory.java:1201) ~[spring-rabbit-3.2.8.jar:3.2.8]
	at jdk.proxy2/jdk.proxy2.$Proxy173.queueDeclarePassive(Unknown Source) ~[na:na]
	at org.springframework.amqp.rabbit.listener.BlockingQueueConsumer.attemptPassiveDeclarations(BlockingQueueConsumer.java:750) ~[spring-rabbit-3.2.8.jar:3.2.8]
	... 5 common frames omitted
Caused by: com.rabbitmq.client.ShutdownSignalException: connection error
	at com.rabbitmq.utility.ValueOrException.getValue(ValueOrException.java:66) ~[amqp-client-5.25.0.jar:5.25.0]
	at com.rabbitmq.utility.BlockingValueOrException.uninterruptibleGetValue(BlockingValueOrException.java:36) ~[amqp-client-5.25.0.jar:5.25.0]
	at com.rabbitmq.client.impl.AMQChannel$BlockingRpcContinuation.getReply(AMQChannel.java:552) ~[amqp-client-5.25.0.jar:5.25.0]
	at com.rabbitmq.client.impl.AMQChannel.privateRpc(AMQChannel.java:316) ~[amqp-client-5.25.0.jar:5.25.0]
	at com.rabbitmq.client.impl.AMQChannel.exnWrappingRpc(AMQChannel.java:152) ~[amqp-client-5.25.0.jar:5.25.0]
	... 12 common frames omitted
Caused by: java.net.SocketException: Connection reset
	at java.base/sun.nio.ch.NioSocketImpl.implRead(NioSocketImpl.java:318) ~[na:na]
	at java.base/sun.nio.ch.NioSocketImpl.read(NioSocketImpl.java:346) ~[na:na]
	at java.base/sun.nio.ch.NioSocketImpl$1.read(NioSocketImpl.java:796) ~[na:na]
	at java.base/java.net.Socket$SocketInputStream.implRead(Socket.java:1108) ~[na:na]
	at java.base/java.net.Socket$SocketInputStream.read(Socket.java:1095) ~[na:na]
	at java.base/java.io.BufferedInputStream.fill(BufferedInputStream.java:291) ~[na:na]
	at java.base/java.io.BufferedInputStream.implRead(BufferedInputStream.java:325) ~[na:na]
	at java.base/java.io.BufferedInputStream.read(BufferedInputStream.java:312) ~[na:na]
	at java.base/java.io.DataInputStream.readUnsignedByte(DataInputStream.java:295) ~[na:na]
	at com.rabbitmq.client.impl.Frame.readFrom(Frame.java:91) ~[amqp-client-5.25.0.jar:5.25.0]
	at com.rabbitmq.client.impl.SocketFrameHandler.readFrame(SocketFrameHandler.java:199) ~[amqp-client-5.25.0.jar:5.25.0]
	at com.rabbitmq.client.impl.AMQConnection$MainLoop.run(AMQConnection.java:687) ~[amqp-client-5.25.0.jar:5.25.0]
	... 1 common frames omitted

2025-11-24T22:42:27.760+05:30  INFO 27655 --- [user-service] [springCloudBus.anonymous.T1NSOnUWQRmo0GhWFChT8A-120] [                                                 ] o.s.a.r.listener.BlockingQueueConsumer   : Queue declaration succeeded after retrying
2025-11-24T22:46:30.918+05:30  INFO 27655 --- [user-service] [AsyncResolver-bootstrap-executor-%d] [                                                 ] c.n.d.s.r.aws.ConfigClusterResolver      : Resolving eureka endpoints via configuration
2025-11-24T22:46:58.138+05:30  INFO 27655 --- [user-service] [http-nio-8082-exec-5] [69249309712135a915ccaa4c3d8ecbe8-f22181d4aa4ca93a] c.e.user.controllers.UserController      : Request received for user: 691358fad8a27e65c9ce6e79
2025-11-24T22:48:47.903+05:30  INFO 27655 --- [user-service] [http-nio-8082-exec-4] [6924937767b71ef110025b04c49e6c8d-e4a6fec77bb2061c] c.e.user.controllers.UserController      : Request received for user: 691358fad8a27e65c9ce6e79
2025-11-24T22:50:52.597+05:30  INFO 27655 --- [user-service] [http-nio-8082-exec-7] [692493f45454930a787a5e023705b8c2-dc7017b9454e0c00] c.e.user.controllers.UserController      : Request received for user: 691358fad8a27e65c9ce6e79
2025-11-24T22:51:30.925+05:30  INFO 27655 --- [user-service] [AsyncResolver-bootstrap-executor-%d] [                                                 ] c.n.d.s.r.aws.ConfigClusterResolver      : Resolving eureka endpoints via configuration
